업종,소재지(도로명),축종-품종,사육두수,위도,경도,담당부서,전화번호,기준일
가축사육업,강원도 횡성군 갑천면 구방리 860-3(태기로구방2길 30),소-한우,14,37.52963,128.05553,축산과,033-340-2397,2021-10-12
가축사육업,강원도 횡성군 공근면 학담리 483-2(영서로학담1길 1-16),소-한우,35,37.525369,127.955533,축산과,033-340-2397,2021-10-12
가축사육업,강원도 횡성군 갑천면 구방리 891-1(태기로구방2길 64),소-한우,13,37.5266,128.056122,축산과,033-340-2397,2021-10-12
가축사육업,강원도 횡성군 갑천면 구방리 362(태기로 1073),소-한우,32,37.543116,128.073016,축산과,033-340-2397,2021-10-12
가축사육업,강원도 횡성군 갑천면 구방리 710(태기로구방6길 178-62),소-한우,7,37.524216,128.0671,축산과,033-340-2397,2021-10-12
가축사육업,강원도 횡성군 갑천면 대관대리 496-7,소-한우,8,37.552377,128.027855,축산과,033-340-2397,2021-10-12
가축사육업,강원도 횡성군 갑천면 대관대리 409(외갑천로107번길 8-19),소-한우,6,37.555216,128.02663,축산과,033-340-2397,2021-10-12
가축사육업,강원도 횡성군 갑천면 대관대리 146-1(외갑천로107번길 8),소-한우,2,37.554413,128.027716,축산과,033-340-2397,2021-10-12
가축사육업,강원도 횡성군 갑천면 대관대리 193-1(외갑천로107번길 21-34),소-한우,15,37.551386,128.026197,축산과,033-340-2397,2021-10-12
가축사육업,강원도 횡성군 갑천면 대관대리 219-3(외갑천로107번길 24),소-한우,13,37.554697,128.026347,축산과,033-340-2397,2021-10-12
가축사육업,강원도 횡성군 갑천면 대관대리 200-1(외갑천로107번길 21-20),소-한우,17,37.552544,128.02573,축산과,033-340-2397,2021-10-12
가축사육업,강원도 횡성군 갑천면 대관대리 82(섬강로 897-33),소-한우,166,37.538527,128.035216,축산과,033-340-2397,2021-10-12
가축사육업,강원도 횡성군 갑천면 매일리 255-2(갑천로10번길 189),소-한우,4,37.54728,128.117138,축산과,033-340-2397,2021-10-12
가축사육업,강원도 횡성군 갑천면 매일리 265,소-한우,6,37.548625,128.115647,축산과,033-340-2397,2021-10-12
가축사육업,강원도 횡성군 갑천면 매일리 298-1(갑천로10번길 90),소-한우,5,37.554344,128.113758,축산과,033-340-2397,2021-10-12
가축사육업,강원도 횡성군 갑천면 매일리 519(갑천로 73),소-한우,31,37.559322,128.119447,축산과,033-340-2397,2021-10-12
가축사육업,강원도 횡성군 갑천면 매일리 113(갑천로 282),소-한우,4,37.545722,128.133594,축산과,033-340-2397,2021-10-12
가축사육업,강원도 횡성군 갑천면 매일리 29-2(갑천로 199-6),소-한우,17,37.551388,128.12858,축산과,033-340-2397,2021-10-12
가축사육업,강원도 횡성군 갑천면 매일리 629-5(청정로매일7길 24),소-한우,74,37.561505,128.108891,축산과,033-340-2397,2021-10-12
가축사육업,강원도 횡성군 갑천면 매일리 244(갑천로10번길 160-12),소-한우,3,37.54963,128.115594,축산과,033-340-2397,2021-10-12
가축사육업,강원도 횡성군 갑천면 매일리 715(갑천로10번길 46-5),소-한우,3,37.556236,128.109694,축산과,033-340-2397,2021-10-12
부화업,강원도 횡성군 갑천면 매일리 211(갑천로10번길 129),소-한우,242,37.552533,128.118713,축산과,033-340-2397,2021-10-12
가축사육업,강원도 횡성군 갑천면 매일리 57-3(갑천로 224-9),소-한우,158,37.547325,128.129175,축산과,033-340-2397,2021-10-12
부화업,강원도 횡성군 갑천면 매일리 185-2(갑천로10번길 200),소-한우,8,37.547088,128.116961,축산과,033-340-2397,2021-10-12
가축사육업,강원도 횡성군 갑천면 병지방리 369-9(병지방길 29),소-한우,5,37.603761,128.086147,축산과,033-340-2397,2021-10-12
가축사육업,강원도 횡성군 갑천면 삼거리 125-1(외갑천로529번길 66-9),소-한우,108,37.569341,128.065313,축산과,033-340-2397,2021-10-12
가축사육업,강원도 횡성군 갑천면 삼거리 167-1(외갑천로529번길 69),소-한우,61,37.570183,128.063861,축산과,033-340-2397,2021-10-12
부화업,강원도 횡성군 갑천면 삼거리 206(외갑천로529번길 51),소-한우,34,37.568658,128.064055,축산과,033-340-2397,2021-10-12
가축사육업,강원도 횡성군 갑천면 삼거리 171(외갑천로479번길 110-1),소-한우,32,37.570672,128.062247,축산과,033-340-2397,2021-10-12
부화업,강원도 횡성군 갑천면 삼거리 120-1(외갑천로 561),소-한우,14,37.566708,128.066116,축산과,033-340-2397,2021-10-12
부화업,강원도 횡성군 갑천면 상대리 142(갑천로 892),소-한우,148,37.522477,128.181219,축산과,033-340-2397,2021-10-12
부화업,강원도 횡성군 갑천면 상대리 326(갑천로 804-7),소-한우,42,37.526222,128.172963,축산과,033-340-2397,2021-10-12
가축사육업,강원도 횡성군 갑천면 상대리 395(갑천로 780),소-한우,17,37.52673,128.170319,축산과,033-340-2397,2021-10-12
가축사육업,강원도 횡성군 갑천면 상대리 306(갑천로872번길 12),소-한우,22,37.52258,128.177169,축산과,033-340-2397,2021-10-12
부화업,강원도 횡성군 갑천면 상대리 600-2(갑천로760번길 133-5),소-한우,11,37.517108,128.163672,축산과,033-340-2397,2021-10-12
부화업,강원도 횡성군 갑천면 상대리 537,소-한우,50,37.522088,128.164297,축산과,033-340-2397,2021-10-12
가축사육업,강원도 횡성군 갑천면 율동리 308-1(외갑천로 953),소-한우,110,37.567816,128.108902,축산과,033-340-2397,2021-10-12
가축사육업,강원도 횡성군 갑천면 율동리 203-3(율동로 90-19),소-한우,5,37.571241,128.112105,축산과,033-340-2397,2021-10-12
가축사육업,강원도 횡성군 갑천면 율동리 389-1(율동로 24),소-한우,75,37.566611,128.113163,축산과,033-340-2397,2021-10-12
가축사육업,강원도 횡성군 갑천면 율동리 219(율동로 107),소-한우,2,37.57305,128.107705,축산과,033-340-2397,2021-10-12
가축사육업,강원도 횡성군 갑천면 율동리 217-12(율동로 122),소-한우,3,37.574591,128.107941,축산과,033-340-2397,2021-10-12
가축사육업,강원도 횡성군 갑천면 전촌리 57-1(외갑천로 429),소-한우,11,37.565133,128.053333,축산과,033-340-2397,2021-10-12
가축사육업,강원도 횡성군 갑천면 중금리 508-4(태기로중금3길 97),소-한우,129,37.53528,128.045891,축산과,033-340-2397,2021-10-12
가축사육업,강원도 횡성군 갑천면 추동리 199-39(외갑천로223번길 22),소-한우,44,37.564475,128.03198,축산과,033-340-2397,2021-10-12
가축사육업,강원도 횡성군 갑천면 추동리 367-2(외갑천로257번길 42),소-한우,17,37.56675,128.036347,축산과,033-340-2397,2021-10-12
가축사육업,강원도 횡성군 갑천면 추동리 93(어답산로 73-11),소-한우,10,37.570852,128.0388,축산과,033-340-2397,2021-10-12
가축사육업,강원도 횡성군 갑천면 포동리 614-1(정포로373번길 29-9),소-한우,19,37.533602,128.099225,축산과,033-340-2397,2021-10-12
가축사육업,강원도 횡성군 갑천면 하대리 1000,소-한우,10,37.543769,128.148213,축산과,033-340-2397,2021-10-12
가축사육업,강원도 횡성군 갑천면 하대리 866(갑천로566번길 142-19),소-한우,24,37.536619,128.147969,축산과,033-340-2397,2021-10-12
가축사육업,강원도 횡성군 갑천면 하대리 106-1,소-한우,18,37.53095,128.161555,축산과,033-340-2397,2021-10-12
가축사육업,강원도 횡성군 갑천면 하대리 1132-9(갑천로 24),소-한우,29,37.542005,128.142269,축산과,033-340-2397,2021-10-12
가축사육업,강원도 횡성군 강림면 강림리 2511-15(태종로 49),소-한우,12,37.358997,128.125211,축산과,033-340-2397,2021-10-12
가축사육업,강원도 횡성군 강림면 강림리 843-14(강림시장2길 12),소-한우,2,37.359341,128.128275,축산과,033-340-2397,2021-10-12
가축사육업,강원도 횡성군 강림면 강림리 1645(태종로강림4길 38),소-한우,1,37.359361,128.118636,축산과,033-340-2397,2021-10-12
가축사육업,강원도 횡성군 강림면 강림리 1369-1(강림길 71),소-한우,248,37.367694,128.121088,축산과,033-340-2397,2021-10-12
가축사육업,강원도 횡성군 강림면 강림리 2558-7(태종로강림7길 ),소-한우,23,37.348377,128.119122,축산과,033-340-2397,2021-10-12
가축사육업,강원도 횡성군 강림면 강림리 243-1(주천강로 1362-6),소-한우,5,37.37608,128.136866,축산과,033-340-2397,2021-10-12
가축사육업,강원도 횡성군 강림면 강림리 231-8(강림북길 30-12),소-한우,124,37.377611,128.140461,축산과,033-340-2397,2021-10-12
가축사육업,강원도 횡성군 강림면 강림리 227-5(강림북길 30-6),소-한우,200,37.377916,128.140983,축산과,033-340-2397,2021-10-12
가축사육업,강원도 횡성군 강림면 강림리 1682(태종로강림6길 84),소-한우,75,37.358405,128.117825,축산과,033-340-2397,2021-10-12
가축사육업,강원도 횡성군 강림면 강림리 2283(강림서길 158-8),소-한우,6,37.379513,128.121186,축산과,033-340-2397,2021-10-12
가축사육업,강원도 횡성군 강림면 부곡리 1295-6(태종로 677),소-젖소,94,37.329683,128.087322,축산과,033-340-2397,2021-10-12
가축사육업,강원도 횡성군 강림면 부곡리 344-6(태종로부곡5길 27),소-젖소,69,37.33095,128.094672,축산과,033-340-2397,2021-10-12
가축사육업,강원도 횡성군 강림면 부곡리 287(태종로부곡4길 22),소-한우,2,37.33473,128.092677,축산과,033-340-2397,2021-10-12
가축사육업,강원도 횡성군 강림면 부곡리 961-5,소-젖소,181,37.32673,128.07225,축산과,033-340-2397,2021-10-12
가축사육업,강원도 횡성군 강림면 월현리 1203-1(주천강로 635),소-한우,22,37.359969,128.151969,축산과,033-340-2397,2021-10-12
가축사육업,강원도 횡성군 강림면 월현리 433-1(월현속담길 49),소-한우,41,37.350816,128.170925,축산과,033-340-2397,2021-10-12
부화업,강원도 횡성군 공근면 가곡리 413(가곡로76번길 77),소-한우,16,37.571883,127.975816,축산과,033-340-2397,2021-10-12
가축사육업,강원도 횡성군 공근면 가곡리 419(가곡로76번길 86),소-한우,129,37.570977,127.976652,축산과,033-340-2397,2021-10-12
가축사육업,강원도 횡성군 공근면 가곡리 280-6(금계로 458),소-한우,32,37.567675,127.984861,축산과,033-340-2397,2021-10-12
가축사육업,강원도 횡성군 공근면 가곡리 530-9(가곡로76번길 1),소-한우,34,37.566319,127.977352,축산과,033-340-2397,2021-10-12
가축사육업,강원도 횡성군 공근면 공근리 323-3(봉화마을2길 49),소-한우,15,37.5679,127.965033,축산과,033-340-2397,2021-10-12
가축사육업,강원도 횡성군 공근면 공근리 153(봉화마을길 55-26),소-한우,40,37.562119,127.971958,축산과,033-340-2397,2021-10-12
가축사육업,강원도 횡성군 공근면 공근리 203-1(가곡로 116),소-한우,27,37.565188,127.974141,축산과,033-340-2397,2021-10-12
가축사육업,강원도 횡성군 공근면 공근리 254-1(봉화마을길 22-17),소-한우,47,37.564863,127.967805,축산과,033-340-2397,2021-10-12
부화업,강원도 횡성군 공근면 공근리 74(가곡로 103),소-한우,52,37.564466,127.975538,축산과,033-340-2397,2021-10-12
가축사육업,강원도 횡성군 공근면 공근리 256-1(봉화마을길 22-11),소-한우,13,37.565016,127.968563,축산과,033-340-2397,2021-10-12
가축사육업,강원도 횡성군 공근면 공근리 147-2(봉화마을길 제1동),소-한우,22,37.561727,127.970222,축산과,033-340-2397,2021-10-12
가축사육업,강원도 횡성군 공근면 공근리 239(봉화마을길 46),소-한우,23,37.562913,127.96965,축산과,033-340-2397,2021-10-12
가축사육업,강원도 횡성군 공근면 공근리 340-7(항재로공근2길 176),소-한우,30,37.569094,127.966577,축산과,033-340-2397,2021-10-12
가축사육업,강원도 횡성군 공근면 공근리 334(항재로 178),소-한우,19,37.569991,127.96685,축산과,033-340-2397,2021-10-12
가축사육업,강원도 횡성군 공근면 공근리 132(봉화마을길 70-30),소-한우,152,37.56063,127.968613,축산과,033-340-2397,2021-10-12
가축사육업,강원도 횡성군 공근면 덕촌리 330(공근남로300번길 29-12),소-한우,22,37.524416,127.995147,축산과,033-340-2397,2021-10-12
가축사육업,강원도 횡성군 공근면 도곡리 47-15(도곡로14번길 17),소-한우,16,37.559252,127.957377,축산과,033-340-2397,2021-10-12
가축사육업,강원도 횡성군 공근면 도곡리 288-2(도곡로96번길 62),소-한우,186,37.557866,127.947405,축산과,033-340-2397,2021-10-12
가축사육업,강원도 횡성군 공근면 도곡리 274(도곡로42번길 32),소-한우,10,37.556644,127.952016,축산과,033-340-2397,2021-10-12
가축사육업,강원도 횡성군 공근면 도곡리 328-7(도곡로 164),소-한우,81,37.550933,127.944919,축산과,033-340-2397,2021-10-12
가축사육업,강원도 횡성군 공근면 도곡리 128(도곡로42번길 12),소-한우,64,37.557047,127.954138,축산과,033-340-2397,2021-10-12
가축사육업,강원도 횡성군 공근면 매곡리 228-2(공근남로162번길 10-4),소-한우,10,37.527527,127.979027,축산과,033-340-2397,2021-10-12
가축사육업,강원도 횡성군 공근면 매곡리 284(공근남로169번길 89-17),소-한우,13,37.536833,127.978372,축산과,033-340-2397,2021-10-12
가축사육업,강원도 횡성군 공근면 매곡리 205-1(공근남로 135),소-한우,2,37.529611,127.976488,축산과,033-340-2397,2021-10-12
가축사육업,강원도 횡성군 공근면 매곡리 119(공근남로169번길 22),소-한우,11,37.530016,127.979772,축산과,033-340-2397,2021-10-12
가축사육업,강원도 횡성군 공근면 매곡리 405(공근남로 78-17),소-한우,24,37.529894,127.970852,축산과,033-340-2397,2021-10-12
가축사육업,강원도 횡성군 공근면 매곡리 146(공근남로162번길 10-23),소-한우,84,37.525983,127.979122,축산과,033-340-2397,2021-10-12
가축사육업,강원도 횡성군 공근면 부창리 508(금계로 685),소-한우,13,37.58358,127.993113,축산과,033-340-2397,2021-10-12
가축사육업,강원도 횡성군 공근면 부창리 64(금계동로 495-25),소-한우,4,37.589505,128.019469,축산과,033-340-2397,2021-10-12
가축사육업,강원도 횡성군 공근면 부창리 6(금계동로 495-39),소-한우,21,37.59003,128.021055,축산과,033-340-2397,2021-10-12
가축사육업,강원도 횡성군 공근면 삼배리 336-4(금계로 413),소-한우,41,37.56528,127.982505,축산과,033-340-2397,2021-10-12
가축사육업,강원도 횡성군 공근면 삼배리 434-11(금계동로 41),소-한우,23,37.565686,127.987044,축산과,033-340-2397,2021-10-12
가축사육업,강원도 횡성군 공근면 삼배리 260(금계동로 25),소-한우,23,37.565286,127.985608,축산과,033-340-2397,2021-10-12
가축사육업,강원도 횡성군 공근면 삼배리 404-5(금계동로 157),소-한우,16,37.56593,128.000916,축산과,033-340-2397,2021-10-12
가축사육업,강원도 횡성군 공근면 삼배리 179(금계동로 193-16),소-한우,8,37.567338,128.002247,축산과,033-340-2397,2021-10-12
가축사육업,강원도 횡성군 공근면 삼배리 271-2(금계동로 23),소-한우,14,37.565,127.985866,축산과,033-340-2397,2021-10-12
가축사육업,강원도 횡성군 공근면 삼배리 217-2(공근북로 346),소-한우,32,37.559402,127.996933,축산과,033-340-2397,2021-10-12
가축사육업,강원도 횡성군 공근면 상동리 431(금계로상동2길 85),소-한우,18,37.605311,128.006736,축산과,033-340-2397,2021-10-12
가축사육업,강원도 횡성군 공근면 상동리 645-1(금계로상동9길 64),소-한우,7,37.614963,127.989013,축산과,033-340-2397,2021-10-12
가축사육업,강원도 횡성군 공근면 상동리 465(금계로상동2길 ),소-한우,7,37.599666,128.006194,축산과,033-340-2397,2021-10-12
가축사육업,강원도 횡성군 공근면 상동리 422-1(금계로상동2길 45),소-한우,3,37.602972,128.004869,축산과,033-340-2397,2021-10-12
가축사육업,강원도 횡성군 공근면 상동리 351(금계로상동4길 41),소-한우,4,37.604019,127.998244,축산과,033-340-2397,2021-10-12
가축사육업,강원도 횡성군 공근면 상동리 472-1(금계로상동2길 34),소-한우,9,37.601725,128.005736,축산과,033-340-2397,2021-10-12
가축사육업,강원도 횡성군 공근면 상창봉리 158-1(영서로상창5길 139),소-한우,22,37.573205,127.889588,축산과,033-340-2397,2021-10-12
가축사육업,강원도 횡성군 공근면 상창봉리 291(영서로 1132),소-한우,17,37.580291,127.900688,축산과,033-340-2397,2021-10-12
가축사육업,강원도 횡성군 공근면 수백리 136-1(공근북로 55),소-한우,11,37.539169,128.011533,축산과,033-340-2397,2021-10-12
가축사육업,강원도 횡성군 공근면 수백리 242-2(공근북로 7),소-한우,6,37.535827,128.009022,축산과,033-340-2397,2021-10-12
가축사육업,강원도 횡성군 공근면 수백리 352(공근북로3번길 14-5),소-한우,13,37.536377,128.007494,축산과,033-340-2397,2021-10-12
가축사육업,강원도 횡성군 공근면 수백리 113(공근북로3번길 97),소-한우,11,37.542055,128.008758,축산과,033-340-2397,2021-10-12
가축사육업,강원도 횡성군 공근면 수백리 204-9(공근북로 50-25),소-한우,25,37.537144,128.013591,축산과,033-340-2397,2021-10-12
가축사육업,강원도 횡성군 공근면 수백리 363-4(공근남로419번길 39),소-한우,71,37.536402,128.003608,축산과,033-340-2397,2021-10-12
가축사육업,강원도 횡성군 공근면 수백리 169-1(공근북로45번길 12),소-한우,17,37.539061,128.010333,축산과,033-340-2397,2021-10-12
가축사육업,강원도 횡성군 공근면 수백리 16(공근북로 190-15),소-한우,4,37.551102,128.008683,축산과,033-340-2397,2021-10-12
가축사육업,강원도 횡성군 공근면 수백리 159-1(공근북로 35),소-한우,9,37.537572,128.010036,축산과,033-340-2397,2021-10-12
가축사육업,강원도 횡성군 공근면 수백리 252-1(공근북로 27-3),소-한우,7,37.537202,128.00898,축산과,033-340-2397,2021-10-12
가축사육업,강원도 횡성군 공근면 수백리 518-2(공근북로 232-6),소-한우,66,37.552975,128.003913,축산과,033-340-2397,2021-10-12
가축사육업,강원도 횡성군 공근면 어둔리 338-3(금계서로 435),소-한우,79,37.600266,127.967286,축산과,033-340-2397,2021-10-12
가축사육업,강원도 횡성군 공근면 어둔리 9-4(부창어둔길 98-36),소-한우,28,37.587672,127.983297,축산과,033-340-2397,2021-10-12
가축사육업,강원도 횡성군 공근면 어둔리 158-1(금계서로 306),소-한우,13,37.591577,127.973558,축산과,033-340-2397,2021-10-12
가축사육업,강원도 횡성군 공근면 어둔리 188-2(금계서로 361-27),소-한우,13,37.593869,127.9673,축산과,033-340-2397,2021-10-12
가축사육업,강원도 횡성군 공근면 어둔리 197(금계서로 361-46),소-한우,17,37.595205,127.966869,축산과,033-340-2397,2021-10-12
가축사육업,강원도 횡성군 공근면 어둔리 324,소-한우,61,37.60228,127.966455,축산과,033-340-2397,2021-10-12
가축사육업,강원도 횡성군 공근면 어둔리 50-1(금계서로 255),소-한우,12,37.58693,127.974777,축산과,033-340-2397,2021-10-12
부화업,강원도 횡성군 공근면 오산리 145(공근남로 231-15),소-한우,7,37.527394,127.986663,축산과,033-340-2397,2021-10-12
가축사육업,강원도 횡성군 공근면 오산리 228-1(공근남로 198),소-한우,6,37.526875,127.982241,축산과,033-340-2397,2021-10-12
가축사육업,강원도 횡성군 공근면 오산리 201-5(공근남로 191),소-한우,28,37.528116,127.98218,축산과,033-340-2397,2021-10-12
가축사육업,강원도 횡성군 공근면 오산리 216-6(공근남로 210),소-한우,2,37.52698,127.98415,축산과,033-340-2397,2021-10-12
가축사육업,강원도 횡성군 공근면 창봉리 80(창봉1길 68-49),소-한우,18,37.565716,127.941452,축산과,033-340-2397,2021-10-12
가축사육업,강원도 횡성군 공근면 창봉리 536(창봉2길 13),소-한우,11,37.572869,127.940583,축산과,033-340-2397,2021-10-12
가축사육업,강원도 횡성군 공근면 창봉리 275-1(항재로창봉2길 56),소-한우,21,37.579005,127.946916,축산과,033-340-2397,2021-10-12
가축사육업,강원도 횡성군 공근면 창봉리 270-3(항재로창봉2길 52),소-젖소,30,37.578594,127.946736,축산과,033-340-2397,2021-10-12
가축사육업,강원도 횡성군 공근면 창봉리 231-16(항재로 358-11),소-한우,12,37.576666,127.95133,축산과,033-340-2397,2021-10-12
가축사육업,강원도 횡성군 공근면 창봉리 206-56(항재로 443),소-한우,4,37.572525,127.946683,축산과,033-340-2397,2021-10-12
가축사육업,강원도 횡성군 공근면 창봉리 655-18(창봉2길 76),소-한우,62,37.574622,127.934355,축산과,033-340-2397,2021-10-12
가축사육업,강원도 횡성군 공근면 창봉리 806(창봉길 17-8),소-한우,6,37.572891,127.944797,축산과,033-340-2397,2021-10-12
가축사육업,강원도 횡성군 공근면 창봉리 267(항재로창봉2길 37),소-한우,29,37.577777,127.946375,축산과,033-340-2397,2021-10-12
가축사육업,강원도 횡성군 공근면 창봉리 213-5(항재로 423),소-한우,40,37.573697,127.946327,축산과,033-340-2397,2021-10-12
가축사육업,강원도 횡성군 공근면 청곡리 42-1(금계로청곡2길 29-15),소-한우,46,37.556552,127.981669,축산과,033-340-2397,2021-10-12
가축사육업,강원도 횡성군 공근면 청곡리 71-2(금계로청곡4길 35-9),소-한우,14,37.557066,127.98133,축산과,033-340-2397,2021-10-12
가축사육업,강원도 횡성군 공근면 청곡리 273-2(금계로 174),소-한우,77,37.548766,127.970377,축산과,033-340-2397,2021-10-12
가축사육업,강원도 횡성군 공근면 청곡리 261(금계로 204),소-한우,63,37.550075,127.972888,축산과,033-340-2397,2021-10-12
가축사육업,강원도 횡성군 공근면 청곡리 324-3(금계로 161),소-한우,24,37.548605,127.968319,축산과,033-340-2397,2021-10-12
가축사육업,강원도 횡성군 공근면 청곡리 113(금계로청곡4길 13),소-한우,8,37.558886,127.981725,축산과,033-340-2397,2021-10-12
가축사육업,강원도 횡성군 공근면 초원리 406( 1089-17),소-한우,6,37.527997,127.916338,축산과,033-340-2397,2021-10-12
가축사육업,강원도 횡성군 공근면 초원리 407-1( 1085-10),소-한우,5,37.528219,127.915161,축산과,033-340-2397,2021-10-12
가축사육업,강원도 횡성군 공근면 초원리 407-2(경강로 1089-21),소-한우,26,37.528216,127.915427,축산과,033-340-2397,2021-10-12
가축사육업,강원도 횡성군 공근면 초원리 152-2(초원길 14),소-한우,7,37.529491,127.925002,축산과,033-340-2397,2021-10-12
가축사육업,강원도 횡성군 공근면 초원리 130-25( 1174-15),소-한우,25,37.527394,127.92415,축산과,033-340-2397,2021-10-12
가축사육업,강원도 횡성군 공근면 초원리 373( 1092-1),소-한우,37,37.525341,127.916405,축산과,033-340-2397,2021-10-12
가축사육업,강원도 횡성군 공근면 초원리 155-4(초원길 16-15),소-한우,4,37.529441,127.926044,축산과,033-340-2397,2021-10-12
가축사육업,강원도 횡성군 공근면 학담리 332-1(학담서로 46),소-한우,41,37.531133,127.956505,축산과,033-340-2397,2021-10-12
가축사육업,강원도 횡성군 공근면 학담리 633-2,소-한우,27,37.536488,127.938422,축산과,033-340-2397,2021-10-12
부화업,강원도 횡성군 공근면 학담리 487(영서로학담1길 20),소-한우,47,37.526177,127.956038,축산과,033-340-2397,2021-10-12
가축사육업,강원도 횡성군 공근면 학담리 573-1,소-한우,13,37.537244,127.9394,축산과,033-340-2397,2021-10-12
가축사육업,강원도 횡성군 공근면 학담리 493(영서로학담1길 25),소-한우,30,37.52613,127.954233,축산과,033-340-2397,2021-10-12
가축사육업,강원도 횡성군 공근면 학담리 394-4(학담서로 69),소-한우,21,37.529994,127.955294,축산과,033-340-2397,2021-10-12
가축사육업,강원도 횡성군 공근면 학담리 486(영서로학담1길 1-8),소-한우,27,37.525747,127.956458,축산과,033-340-2397,2021-10-12
가축사육업,강원도 횡성군 공근면 학담리 676-2,소-한우,25,37.538297,127.936694,축산과,033-340-2397,2021-10-12
가축사육업,강원도 횡성군 공근면 학담리 405(영서로 175),소-한우,27,37.530527,127.961105,축산과,033-340-2397,2021-10-12
가축사육업,강원도 횡성군 공근면 학담리 290-2(학담초당길 69),소-한우,45,37.541122,127.958102,축산과,033-340-2397,2021-10-12
부화업,강원도 횡성군 공근면 학담리 419(영서로학담3길 8-7),소-한우,135,37.528433,127.957483,축산과,033-340-2397,2021-10-12
가축사육업,강원도 횡성군 공근면 학담리 221-2(학담길 61),소-한우,98,37.537805,127.959027,축산과,033-340-2397,2021-10-12
가축사육업,강원도 횡성군 공근면 행정리 139(항재로 274-47),소-한우,49,37.579366,127.962769,축산과,033-340-2397,2021-10-12
가축사육업,강원도 횡성군 공근면 행정리 168(항재로행정4길 27-6),소-한우,6,37.578205,127.953455,축산과,033-340-2397,2021-10-12
가축사육업,강원도 횡성군 공근면 행정리 206(항재로 322),소-한우,6,37.576316,127.956788,축산과,033-340-2397,2021-10-12
가축사육업,강원도 횡성군 공근면 행정리 210-1(항재로 320),소-한우,6,37.5762,127.95715,축산과,033-340-2397,2021-10-12
가축사육업,강원도 횡성군 공근면 행정리 90-3(항재로 281-9),소-한우,5,37.57585,127.961025,축산과,033-340-2397,2021-10-12
가축사육업,강원도 횡성군 둔내면 궁종리 2-2,소-한우,28,37.509516,128.157444,축산과,033-340-2397,2021-10-12
가축사육업,강원도 횡성군 둔내면 궁종리 51(현궁로 359-9),소-한우,35,37.509663,128.153011,축산과,033-340-2397,2021-10-12
가축사육업,강원도 횡성군 둔내면 두원리 711(고원로341번길 33-34),소-한우,121,37.507141,128.235766,축산과,033-340-2397,2021-10-12
가축사육업,강원도 횡성군 둔내면 둔방내리 287-1,소-한우,17,37.503619,128.202775,축산과,033-340-2397,2021-10-12
가축사육업,강원도 횡성군 둔내면 둔방내리 229-19(검두재길 94),소-젖소,74,37.521075,128.201033,축산과,033-340-2397,2021-10-12
가축사육업,강원도 횡성군 둔내면 둔방내리 185-2(검두재길 6-12),소-한우,40,37.515836,128.205875,축산과,033-340-2397,2021-10-12
가축사육업,강원도 횡성군 둔내면 마암리 377,소-한우,194,37.505286,128.198663,축산과,033-340-2397,2021-10-12
가축사육업,강원도 횡성군 둔내면 마암리 200-4(경강로마암4길 27-11),소-한우,14,37.552336,128.218241,축산과,033-340-2397,2021-10-12
가축사육업,강원도 횡성군 둔내면 마암리 585,소-한우,21,37.535088,128.204022,축산과,033-340-2397,2021-10-12
가축사육업,강원도 횡성군 둔내면 마암리 574(갑천로마암2길 8),소-젖소,58,37.534011,128.20858,축산과,033-340-2397,2021-10-12
가축사육업,강원도 횡성군 둔내면 삽교리 1701-1,소-한우,23,37.530341,128.241825,축산과,033-340-2397,2021-10-12
"부화업,가축사육업",강원도 횡성군 둔내면 삽교리 1619(용현로329번길 102),소-한우,66,37.542302,128.246383,축산과,033-340-2397,2021-10-12
가축사육업,강원도 횡성군 둔내면 삽교리 1482-2(청태산로 343),소-한우,189,37.521041,128.259527,축산과,033-340-2397,2021-10-12
가축사육업,강원도 횡성군 둔내면 삽교리 1087(삽교로 91-19),소-한우,304,37.529913,128.2781,축산과,033-340-2397,2021-10-12
가축사육업,강원도 횡성군 둔내면 삽교리 1730-2(용현로329번길 71),소-한우,9,37.539644,128.244633,축산과,033-340-2397,2021-10-12
가축사육업,강원도 횡성군 둔내면 석문리 592-6(용현로 61),소-한우,11,37.528644,128.221447,축산과,033-340-2397,2021-10-12
가축사육업,강원도 횡성군 둔내면 석문리 19(석문길 230),소-한우,6,37.551002,128.235069,축산과,033-340-2397,2021-10-12
가축사육업,강원도 횡성군 둔내면 석문리 217-8,소-한우,27,37.530147,128.222872,축산과,033-340-2397,2021-10-12
가축사육업,강원도 횡성군 둔내면 석문리 424(석문길 8-10),소-한우,1,37.533633,128.227894,축산과,033-340-2397,2021-10-12
가축사육업,강원도 횡성군 둔내면 석문리 593-2(용현로 69-6),소-한우,10,37.529427,128.221608,축산과,033-340-2397,2021-10-12
가축사육업,강원도 횡성군 둔내면 석문리 254-1(석문길 72-10),소-한우,27,37.538047,128.229611,축산과,033-340-2397,2021-10-12
가축사육업,강원도 횡성군 둔내면 석문리 528-2( 4800),소-한우,245,37.521547,128.218486,축산과,033-340-2397,2021-10-12
가축사육업,강원도 횡성군 둔내면 석문리 34(석문길 258),소-한우,1,37.52758,128.214086,축산과,033-340-2397,2021-10-12
가축사육업,강원도 횡성군 둔내면 석문리 598-5(용현로 69-13),소-한우,109,37.529447,128.220836,축산과,033-340-2397,2021-10-12
가축사육업,강원도 횡성군 둔내면 석문리 182(청태산로147번길 201-25),소-한우,119,37.525691,128.228458,축산과,033-340-2397,2021-10-12
가축사육업,강원도 횡성군 둔내면 우용리 261-1(우용로 130),소-한우,84,37.494602,128.230747,축산과,033-340-2397,2021-10-12
가축사육업,강원도 횡성군 둔내면 자포곡리 235,소-한우,19,37.519983,128.237086,축산과,033-340-2397,2021-10-12
가축사육업,강원도 횡성군 둔내면 자포곡리 93-2(청태산로154번길 27),소-한우,117,37.513494,128.242969,축산과,033-340-2397,2021-10-12
부화업,강원도 횡성군 둔내면 현천리 441,소-한우,1,37.506594,128.179416,축산과,033-340-2397,2021-10-12
부화업,강원도 횡성군 둔내면 화동리 301,소-한우,11,37.578102,128.236977,축산과,033-340-2397,2021-10-12
가축사육업,강원도 횡성군 서원면 금대리 233-6(금대1길 6),소-한우,47,37.507116,127.907966,축산과,033-340-2397,2021-10-12
가축사육업,강원도 횡성군 서원면 금대리 196-7(금대2길 53-6),소-한우,52,37.500791,127.907886,축산과,033-340-2397,2021-10-12
부화업,강원도 횡성군 서원면 금대리 192-3(금대2길 75),소-한우,94,37.499233,127.90945,축산과,033-340-2397,2021-10-12
가축사육업,강원도 횡성군 서원면 금대리 184-5(금대2길 83),소-한우,103,37.498952,127.908861,축산과,033-340-2397,2021-10-12
가축사육업,강원도 횡성군 서원면 금대리 437-2(금대1길 73),소-한우,70,37.510444,127.90168,축산과,033-340-2397,2021-10-12
가축사육업,강원도 횡성군 서원면 금대리 197,소-한우,81,37.501441,127.908713,축산과,033-340-2397,2021-10-12
가축사육업,강원도 횡성군 서원면 금대리 291-2(금대1길 23),소-한우,29,37.508333,127.905336,축산과,033-340-2397,2021-10-12
가축사육업,강원도 횡성군 서원면 석화리 234-1(월송석화로 94),소-한우,110,37.449347,127.809238,축산과,033-340-2397,2021-10-12
가축사육업,강원도 횡성군 서원면 석화리 505-1,소-한우,34,37.479891,127.828322,축산과,033-340-2397,2021-10-12
가축사육업,강원도 횡성군 서원면 석화리 916-52,소-한우,10,37.478736,127.834541,축산과,033-340-2397,2021-10-12
가축사육업,강원도 횡성군 서원면 석화리 247-2,소-한우,15,37.443897,127.808475,축산과,033-340-2397,2021-10-12
가축사육업,강원도 횡성군 서원면 석화리 615-2(서원서로339번길 19-37),소-한우,13,37.482616,127.80768,축산과,033-340-2397,2021-10-12
가축사육업,강원도 횡성군 서원면 석화리 473-1(신평석화로 939-19),소-한우,52,37.478138,127.835405,축산과,033-340-2397,2021-10-12
가축사육업,강원도 횡성군 서원면 압곡리 71,소-육우,35,37.488991,127.888772,축산과,033-340-2397,2021-10-12
부화업,강원도 횡성군 서원면 유현리 329,소-한우,46,37.525127,127.878447,축산과,033-340-2397,2021-10-12
가축사육업,강원도 횡성군 서원면 유현리 448-4,소-한우,22,37.526152,127.866152,축산과,033-340-2397,2021-10-12
가축사육업,강원도 횡성군 서원면 유현리 1279( 123),소-젖소,90,37.526905,127.821911,축산과,033-340-2397,2021-10-12
가축사육업,강원도 횡성군 서원면 유현리 444-4( 677),소-한우,18,37.525566,127.871027,축산과,033-340-2397,2021-10-12
가축사육업,강원도 횡성군 서원면 유현리 1154,소-한우,32,37.52928,127.815013,축산과,033-340-2397,2021-10-12
가축사육업,강원도 횡성군 서원면 유현리 1218-2(서원서로723번길 80),소-한우,78,37.512705,127.791722,축산과,033-340-2397,2021-10-12
가축사육업,강원도 횡성군 서원면 유현리 1054(경강로유현1길 13-10),소-한우,36,37.528783,127.815688,축산과,033-340-2397,2021-10-12
가축사육업,강원도 횡성군 서원면 유현리 24( 870),소-한우,20,37.527736,127.891319,축산과,033-340-2397,2021-10-12
가축사육업,강원도 횡성군 서원면 유현리 358-1( 733-25),소-한우,24,37.527705,127.87513,축산과,033-340-2397,2021-10-12
가축사육업,강원도 횡성군 서원면 유현리 436-2( 660),소-한우,7,37.524408,127.869538,축산과,033-340-2397,2021-10-12
가축사육업,강원도 횡성군 서원면 유현리 307-2(서원로1091번길 51),소-한우,25,37.522577,127.882241,축산과,033-340-2397,2021-10-12
가축사육업,강원도 횡성군 서원면 유현리 971-4( 316),소-젖소,67,37.526108,127.832255,축산과,033-340-2397,2021-10-12
가축사육업,강원도 횡성군 서원면 유현리 311-6(서원로1091번길 46),소-한우,18,37.523541,127.88268,축산과,033-340-2397,2021-10-12
가축사육업,강원도 횡성군 서원면 유현리 산 273-1(서원로 1100),소-한우,3,37.523041,127.88693,축산과,033-340-2397,2021-10-12
가축사육업,강원도 횡성군 서원면 유현리 627(경강로유현8길 86),소-젖소,141,37.521677,127.853222,축산과,033-340-2397,2021-10-12
가축사육업,강원도 횡성군 서원면 유현리 522-3( 541),소-젖소,134,37.52713,127.856211,축산과,033-340-2397,2021-10-12
가축사육업,강원도 횡성군 서원면 유현리 420(경강로유현10길 16),소-한우,15,37.523716,127.872216,축산과,033-340-2397,2021-10-12
가축사육업,강원도 횡성군 서원면 창촌리 449,소-젖소,71,37.477791,127.862077,축산과,033-340-2397,2021-10-12
가축사육업,강원도 횡성군 서원면 창촌리 288-1(창촌로35번길 56-16),소-한우,16,37.49583,127.863775,축산과,033-340-2397,2021-10-12
부화업,강원도 횡성군 서원면 창촌리 226(서원로247번길 26),소-한우,33,37.4896,127.861552,축산과,033-340-2397,2021-10-12
가축사육업,강원도 횡성군 서원면 창촌리 691-5(서원로41번길 87),소-한우,31,37.489905,127.840722,축산과,033-340-2397,2021-10-12
가축사육업,강원도 횡성군 서원면 창촌리 819-1(서원로 208),소-한우,28,37.486158,127.856922,축산과,033-340-2397,2021-10-12
가축사육업,강원도 횡성군 서원면 창촌리 73-4(창촌로 101-9),소-한우,22,37.494666,127.869633,축산과,033-340-2397,2021-10-12
가축사육업,강원도 횡성군 서원면 창촌리 400,소-젖소,49,37.481947,127.858275,축산과,033-340-2397,2021-10-12
가축사육업,강원도 횡성군 서원면 창촌리 275(창촌로35번길 21),소-한우,218,37.492327,127.86223,축산과,033-340-2397,2021-10-12
부화업,강원도 횡성군 서원면 창촌리 435-1,소-젖소,76,37.478969,127.86298,축산과,033-340-2397,2021-10-12
가축사육업,강원도 횡성군 서원면 창촌리 115(창촌로 74-14),소-한우,27,37.491358,127.866425,축산과,033-340-2397,2021-10-12
가축사육업,강원도 횡성군 서원면 창촌리 551-1,소-한우,28,37.485305,127.850441,축산과,033-340-2397,2021-10-12
가축사육업,강원도 횡성군 서원면 창촌리 740-2(서원로 134-28),소-한우,63,37.484302,127.845947,축산과,033-340-2397,2021-10-12
가축사육업,강원도 횡성군 서원면 창촌리 622-6(서원로111번길 144),소-젖소,1,37.496286,127.843105,축산과,033-340-2397,2021-10-12
가축사육업,강원도 횡성군 서원면 창촌리 309-5,소-한우,6,37.497552,127.864069,축산과,033-340-2397,2021-10-12
가축사육업,강원도 횡성군 안흥면 가천리 110-6(주천강로 1452),소-한우,106,37.383072,128.142402,축산과,033-340-2397,2021-10-12
가축사육업,강원도 횡성군 안흥면 상안리 788(서동로상안2길 26-33),소-한우,5,37.41198,128.18343,축산과,033-340-2397,2021-10-12
가축사육업,강원도 횡성군 안흥면 상안리 820-2(서동로 ),소-한우,30,37.417594,128.176897,축산과,033-340-2397,2021-10-12
가축사육업,강원도 횡성군 안흥면 상안리 178-9(서동로상안10길 111),소-젖소,77,37.421511,128.237988,축산과,033-340-2397,2021-10-12
가축사육업,강원도 횡성군 안흥면 성산리 908-1(강변로 385-30),소-한우,60,37.444905,128.178727,축산과,033-340-2397,2021-10-12
가축사육업,강원도 횡성군 안흥면 소사리 662(덧재로 420),소-한우,82,37.452983,128.154366,축산과,033-340-2397,2021-10-12
가축사육업,강원도 횡성군 안흥면 소사리 674-1(덧재로492번길 70),소-한우,3,37.454475,128.1577,축산과,033-340-2397,2021-10-12
가축사육업,강원도 횡성군 안흥면 소사리 248(노동로227번길 165),소-한우,4,37.472188,128.170905,축산과,033-340-2397,2021-10-12
가축사육업,강원도 횡성군 안흥면 소사리 857(덧재로 ),소-젖소,146,37.448736,128.151602,축산과,033-340-2397,2021-10-12
부화업,강원도 횡성군 안흥면 소사리 362(덧재로492번길 94),소-한우,8,37.456722,128.16103,축산과,033-340-2397,2021-10-12
가축사육업,강원도 횡성군 안흥면 소사리 954-2,소-한우,34,37.450591,128.140805,축산과,033-340-2397,2021-10-12
부화업,강원도 횡성군 안흥면 소사리 1659-8,소-한우,128,37.463441,128.129138,축산과,033-340-2397,2021-10-12
가축사육업,강원도 횡성군 안흥면 소사리 550(덕송로소사2길 37),소-한우,17,37.468141,128.158144,축산과,033-340-2397,2021-10-12
가축사육업,강원도 횡성군 안흥면 소사리 963-1(덧재로 681),소-한우,47,37.450355,128.143936,축산과,033-340-2397,2021-10-12
가축사육업,강원도 횡성군 안흥면 송한리 26-2(실미송한길 394-36),소-한우,5,37.43595,128.150255,축산과,033-340-2397,2021-10-12
가축사육업,강원도 횡성군 안흥면 안흥리 225-1,소-한우,11,37.417011,128.154744,축산과,033-340-2397,2021-10-12
가축사육업,강원도 횡성군 안흥면 안흥리 473-1(주천강로안흥2길 69),소-한우,18,37.398222,128.150663,축산과,033-340-2397,2021-10-12
가축사육업,강원도 횡성군 안흥면 안흥리 155(실미송한길 46-57),소-한우,8,37.420844,128.155197,축산과,033-340-2397,2021-10-12
가축사육업,강원도 횡성군 안흥면 안흥리 260-5,소-한우,36,37.4162,128.155441,축산과,033-340-2397,2021-10-12
가축사육업,강원도 횡성군 안흥면 지구리 125(상터로 ),소-젖소,119,37.443325,128.215116,축산과,033-340-2397,2021-10-12
가축사육업,강원도 횡성군 안흥면 지구리 323-2(강변로 221-1),소-한우,10,37.433013,128.177641,축산과,033-340-2397,2021-10-12
가축사육업,강원도 횡성군 안흥면 지구리 626(덧재로 38),소-한우,6,37.431458,128.168241,축산과,033-340-2397,2021-10-12
가축사육업,강원도 횡성군 안흥면 지구리 410-2(강변로지구7길 13-5),소-한우,39,37.430758,128.17358,축산과,033-340-2397,2021-10-12
가축사육업,강원도 횡성군 우천면 두곡리 117(한우로 1047-14),소-한우,4,37.474052,128.049108,축산과,033-340-2397,2021-10-12
가축사육업,강원도 횡성군 우천면 두곡리 513(한우로두곡10길 43),소-한우,29,37.473494,128.042272,축산과,033-340-2397,2021-10-12
가축사육업,강원도 횡성군 우천면 두곡리 588-14,소-한우,42,37.476138,128.050566,축산과,033-340-2397,2021-10-12
가축사육업,강원도 횡성군 우천면 문암리 392-3,소-한우,37,37.469355,128.04788,축산과,033-340-2397,2021-10-12
가축사육업,강원도 횡성군 우천면 문암리 178-15,소-한우,380,37.462966,128.042255,축산과,033-340-2397,2021-10-12
가축사육업,강원도 횡성군 우천면 문암리 209-1(정문로 ),소-한우,47,37.467269,128.042044,축산과,033-340-2397,2021-10-12
가축사육업,강원도 횡성군 우천면 문암리 412-14,소-한우,199,37.459369,128.050727,축산과,033-340-2397,2021-10-12
가축사육업,강원도 횡성군 우천면 문암리 174(수남로136번길 27),소-한우,10,37.463183,128.044119,축산과,033-340-2397,2021-10-12
가축사육업,강원도 횡성군 우천면 문암리 394-10(수남로 77),소-한우,75,37.468258,128.045144,축산과,033-340-2397,2021-10-12
가축사육업,강원도 횡성군 우천면 문암리 176(수남로136번길 ),소-한우,56,37.463063,128.043066,축산과,033-340-2397,2021-10-12
가축사육업,강원도 횡성군 우천면 백달리 166(서동로백달2길 ),소-젖소,61,37.436083,128.06295,축산과,033-340-2397,2021-10-12
가축사육업,강원도 횡성군 우천면 백달리 353-7(서동로 ),소-한우,12,37.444802,128.06523,축산과,033-340-2397,2021-10-12
가축사육업,강원도 횡성군 우천면 백달리 363-2(서동로 ),소-한우,42,37.4456,128.064136,축산과,033-340-2397,2021-10-12
가축사육업,강원도 횡성군 우천면 백달리 270-2(서동로백달4길 17),소-한우,13,37.440725,128.066594,축산과,033-340-2397,2021-10-12
가축사육업,강원도 횡성군 우천면 백달리 50,소-한우,9,37.441163,128.072272,축산과,033-340-2397,2021-10-12
가축사육업,강원도 횡성군 우천면 백달리 47(서동로백달8길 30-5),소-한우,21,37.441408,128.071988,축산과,033-340-2397,2021-10-12
가축사육업,강원도 횡성군 우천면 백달리 243-3(서동로백달2길 65-16),소-한우,18,37.436925,128.067905,축산과,033-340-2397,2021-10-12
가축사육업,강원도 횡성군 우천면 법주리 455(법주로 142-4),소-한우,64,37.450902,128.052161,축산과,033-340-2397,2021-10-12
가축사육업,강원도 횡성군 우천면 법주리 226-1(법주서로 91),소-한우,48,37.452472,128.045447,축산과,033-340-2397,2021-10-12
부화업,강원도 횡성군 우천면 법주리 225-1(법주서로 99),소-한우,75,37.451725,128.046108,축산과,033-340-2397,2021-10-12
가축사육업,강원도 횡성군 우천면 법주리 90-1(법주로 91),소-한우,89,37.446486,128.052069,축산과,033-340-2397,2021-10-12
가축사육업,강원도 횡성군 우천면 산전리 471-2( 2958-8),소-한우,55,37.48578,128.07858,축산과,033-340-2397,2021-10-12
가축사육업,강원도 횡성군 우천면 산전리 136-4(경강로산전7길 11-11),소-한우,34,37.496205,128.091991,축산과,033-340-2397,2021-10-12
가축사육업,강원도 횡성군 우천면 산전리 461-3( 2920),소-한우,122,37.485433,128.074652,축산과,033-340-2397,2021-10-12
가축사육업,강원도 횡성군 우천면 산전리 147( 3083-36),소-한우,16,37.494947,128.088902,축산과,033-340-2397,2021-10-12
가축사육업,강원도 횡성군 우천면 산전리 산 95(경강로산전1길 29),소-한우,52,37.489083,128.076591,축산과,033-340-2397,2021-10-12
가축사육업,강원도 횡성군 우천면 산전리 9-4(경강로산전6길 82),소-한우,151,37.489563,128.096819,축산과,033-340-2397,2021-10-12
가축사육업,강원도 횡성군 우천면 상대리 430-2(대미원로65번길 30-1),소-한우,3,37.455044,128.081441,축산과,033-340-2397,2021-10-12
부화업,강원도 횡성군 우천면 상대리 293-1,소-한우,27,37.45443,128.08715,축산과,033-340-2397,2021-10-12
부화업,강원도 횡성군 우천면 상대리 506-5,소-한우,32,37.453955,128.078255,축산과,033-340-2397,2021-10-12
가축사육업,강원도 횡성군 우천면 상대리 391-1,소-한우,31,37.451886,128.087036,축산과,033-340-2397,2021-10-12
가축사육업,강원도 횡성군 우천면 상대리 389(대미원로155번길 ),소-한우,43,37.453116,128.08858,축산과,033-340-2397,2021-10-12
가축사육업,강원도 횡성군 우천면 상대리 426-3,소-한우,22,37.455622,128.08088,축산과,033-340-2397,2021-10-12
가축사육업,강원도 횡성군 우천면 상대리 337-1,소-한우,14,37.45298,128.084397,축산과,033-340-2397,2021-10-12
가축사육업,강원도 횡성군 우천면 양적리 376(한우로양적1길 52),소-한우,34,37.471744,128.054155,축산과,033-340-2397,2021-10-12
가축사육업,강원도 횡성군 우천면 양적리 380(한우로양적1길 42),소-한우,69,37.471105,128.053763,축산과,033-340-2397,2021-10-12
가축사육업,강원도 횡성군 우천면 양적리 383-2(한우로양적1길 32),소-한우,48,37.47115,128.054438,축산과,033-340-2397,2021-10-12
가축사육업,강원도 횡성군 우천면 양적리 96-1(한우로 1197),소-한우,74,37.464652,128.061427,축산과,033-340-2397,2021-10-12
가축사육업,강원도 횡성군 우천면 오원리 337-1,소-한우,5,37.42928,128.110216,축산과,033-340-2397,2021-10-12
가축사육업,강원도 횡성군 우천면 오원리 462-1,소-한우,21,37.443094,128.09793,축산과,033-340-2397,2021-10-12
가축사육업,강원도 횡성군 우천면 오원리 645,소-한우,54,37.442144,128.09633,축산과,033-340-2397,2021-10-12
가축사육업,강원도 횡성군 우천면 오원리 464(오원소사길 ),소-한우,3,37.44125,128.097366,축산과,033-340-2397,2021-10-12
가축사육업,강원도 횡성군 우천면 용둔리 531-1(내용둔길 21),소-한우,4,37.497477,128.05933,축산과,033-340-2397,2021-10-12
가축사육업,강원도 횡성군 우천면 용둔리 542-5,소-한우,27,37.498227,128.060938,축산과,033-340-2397,2021-10-12
가축사육업,강원도 횡성군 우천면 용둔리 590-1(추용로 129-9),소-한우,3,37.494302,128.052463,축산과,033-340-2397,2021-10-12
가축사육업,강원도 횡성군 우천면 용둔리 156-1( 2779-9),소-한우,8,37.494508,128.065369,축산과,033-340-2397,2021-10-12
가축사육업,강원도 횡성군 우천면 용둔리 313,소-한우,27,37.508716,128.065791,축산과,033-340-2397,2021-10-12
가축사육업,강원도 횡성군 우천면 우항리 643-26(우항새말2길 34-4),소-한우,14,37.450855,128.081972,축산과,033-340-2397,2021-10-12
가축사육업,강원도 횡성군 우천면 우항리 51(전재로 111-24),소-젖소,51,37.445636,128.086463,축산과,033-340-2397,2021-10-12
가축사육업,강원도 횡성군 우천면 우항리 123-3(우항새말2길 ),소-한우,3,37.450533,128.082444,축산과,033-340-2397,2021-10-12
부화업,강원도 횡성군 우천면 정금리 1238(정금서1길 67-45),소-한우,80,37.508105,128.075061,축산과,033-340-2397,2021-10-12
가축사육업,강원도 횡성군 우천면 정금리 796-4(경강로정금2길 25),소-한우,102,37.498691,128.10048,축산과,033-340-2397,2021-10-12
가축사육업,강원도 횡성군 우천면 정금리 134-1(경강로정금3길 133-9),소-한우,19,37.51543,128.116958,축산과,033-340-2397,2021-10-12
가축사육업,강원도 횡성군 우천면 정금리 129-1,소-한우,5,37.517358,128.118202,축산과,033-340-2397,2021-10-12
가축사육업,강원도 횡성군 우천면 하궁리 186-6(하궁로 375),소-한우,28,37.486044,128.133891,축산과,033-340-2397,2021-10-12
가축사육업,강원도 횡성군 우천면 하궁리 459-1(하궁로 142-15),소-한우,6,37.498236,128.11598,축산과,033-340-2397,2021-10-12
가축사육업,강원도 횡성군 우천면 하궁리 657-3(하궁로165번길 58),소-한우,26,37.503344,128.121961,축산과,033-340-2397,2021-10-12
가축사육업,강원도 횡성군 우천면 하궁리 394(하궁로263번길 15),소-한우,16,37.493452,128.127502,축산과,033-340-2397,2021-10-12
가축사육업,강원도 횡성군 우천면 하궁리 615(하궁로165번길 34-4),소-젖소,214,37.501313,128.122461,축산과,033-340-2397,2021-10-12
가축사육업,강원도 횡성군 우천면 하궁리 401-1,소-한우,30,37.494427,128.127227,축산과,033-340-2397,2021-10-12
가축사육업,강원도 횡성군 우천면 하궁리 811-1( 3417),소-한우,3,37.50883,128.118138,축산과,033-340-2397,2021-10-12
가축사육업,강원도 횡성군 우천면 하궁리 789-1,소-한우,56,37.504541,128.115541,축산과,033-340-2397,2021-10-12
가축사육업,강원도 횡성군 우천면 하궁리 426-2(하궁로 258),소-한우,13,37.493333,128.125394,축산과,033-340-2397,2021-10-12
가축사육업,강원도 횡성군 공근면 신촌리 647-7(경강로신촌1길 48-12),소-한우,126,37.51623,127.955286,축산과,033-340-2397,2021-10-12
가축사육업,강원도 횡성군 우천면 하대리 551-6,소-육우,71,37.458027,128.072986,축산과,033-340-2397,2021-10-12
가축사육업,강원도 횡성군 우천면 하대리 561-13(하대길 96-13),소-한우,49,37.456947,128.075691,축산과,033-340-2397,2021-10-12
가축사육업,강원도 횡성군 둔내면 둔방내리 511-1(둔방남길 209),소-한우,68,37.502119,128.192563,축산과,033-340-2397,2021-10-12
가축사육업,강원도 횡성군 우천면 하대리 106(하대길 257-25),소-한우,9,37.467208,128.088866,축산과,033-340-2397,2021-10-12
가축사육업,강원도 횡성군 우천면 하대리 99-4(하대길 243),소-한우,8,37.464852,128.08993,축산과,033-340-2397,2021-10-12
가축사육업,강원도 횡성군 우천면 하대리 261,소-한우,50,37.465583,128.07858,축산과,033-340-2397,2021-10-12
가축사육업,강원도 횡성군 우천면 하대리 553(하대길 61-10),소-한우,12,37.458702,128.07333,축산과,033-340-2397,2021-10-12
가축사육업,강원도 횡성군 청일면 갑천리 382(봉덕로 300-35),소-한우,14,37.568175,128.180636,축산과,033-340-2397,2021-10-12
가축사육업,강원도 횡성군 청일면 갑천리 940(봉덕로248번길 238-12),소-한우,5,37.556355,128.170227,축산과,033-340-2397,2021-10-12
가축사육업,강원도 횡성군 청일면 갑천리 1168(봉덕로438번길 52-69),소-한우,7,37.553286,128.18888,축산과,033-340-2397,2021-10-12
가축사육업,강원도 횡성군 청일면 갑천리 473-2(봉덕로 246-17),소-한우,86,37.571413,128.174538,축산과,033-340-2397,2021-10-12
가축사육업,강원도 횡성군 청일면 갑천리 719(청일로192번길 63-8),소-한우,13,37.566108,128.157302,축산과,033-340-2397,2021-10-12
가축사육업,강원도 횡성군 청일면 갑천리 37-2(봉덕로 564),소-한우,87,37.562466,128.2038,축산과,033-340-2397,2021-10-12
가축사육업,강원도 횡성군 청일면 갑천리 1071(봉덕로248번길 312),소-한우,101,37.550616,128.173925,축산과,033-340-2397,2021-10-12
가축사육업,강원도 횡성군 청일면 갑천리 1129,소-한우,27,37.555202,128.174166,축산과,033-340-2397,2021-10-12
가축사육업,강원도 횡성군 청일면 갑천리 1219(봉덕로438번길 52-2),소-한우,56,37.558405,128.191905,축산과,033-340-2397,2021-10-12
가축사육업,강원도 횡성군 청일면 갑천리 113(봉덕로 475-27),소-한우,13,37.56498,128.195694,축산과,033-340-2397,2021-10-12
가축사육업,강원도 횡성군 청일면 갑천리 717-1(청일로192번길 63-4),소-한우,12,37.565525,128.156455,축산과,033-340-2397,2021-10-12
가축사육업,강원도 횡성군 청일면 갑천리 977(봉덕로248번길 240),소-한우,409,37.554922,128.170352,축산과,033-340-2397,2021-10-12
가축사육업,강원도 횡성군 청일면 봉명리 363-2(봉명로 443-21),소-한우,54,37.653583,128.136522,축산과,033-340-2397,2021-10-12
가축사육업,강원도 횡성군 청일면 봉명리 303(봉명로 528-11),소-한우,6,37.661552,128.13653,축산과,033-340-2397,2021-10-12
부화업,강원도 횡성군 청일면 속실리 383(속실길 71),소-한우,2,37.642108,128.163702,축산과,033-340-2397,2021-10-12
가축사육업,강원도 횡성군 청일면 신대리 480(청일로683번길 33-6),소-한우,5,37.589452,128.197808,축산과,033-340-2397,2021-10-12
가축사육업,강원도 횡성군 청일면 유동리 1335-19(봉덕로 69),소-한우,12,37.583172,128.16088,축산과,033-340-2397,2021-10-12
가축사육업,강원도 횡성군 청일면 유동리 1097(유동로11번길 20),소-한우,54,37.584927,128.149113,축산과,033-340-2397,2021-10-12
가축사육업,강원도 횡성군 청일면 유동리 1011-2(청정로 808),소-한우,39,37.581272,128.147972,축산과,033-340-2397,2021-10-12
가축사육업,강원도 횡성군 청일면 유동리 721(유동북길 55),소-한우,50,37.587152,128.161211,축산과,033-340-2397,2021-10-12
가축사육업,강원도 횡성군 청일면 유동리 283(봉덕로87번길 ),소-한우,28,37.586769,128.167094,축산과,033-340-2397,2021-10-12
가축사육업,강원도 횡성군 청일면 유동리 625(봉덕로80번길 14-28),소-한우,44,37.580494,128.158247,축산과,033-340-2397,2021-10-12
부화업,강원도 횡성군 청일면 유동리 777(청정로유동6길 75-7),소-한우,45,37.589988,128.159577,축산과,033-340-2397,2021-10-12
가축사육업,강원도 횡성군 청일면 춘당리 959(청정로 1269),소-한우,30,37.613425,128.139563,축산과,033-340-2397,2021-10-12
가축사육업,강원도 횡성군 청일면 유평리 458(청일로 51-14),소-한우,1,37.568036,128.136875,축산과,033-340-2397,2021-10-12
부화업,강원도 횡성군 청일면 유평리 218-1(청일로271번길 25),소-한우,9,37.572575,128.160955,축산과,033-340-2397,2021-10-12
가축사육업,강원도 횡성군 청일면 초현리 259-2(청정로초현3길 57),소-한우,43,37.565877,128.128519,축산과,033-340-2397,2021-10-12
가축사육업,강원도 횡성군 청일면 춘당리 408(청정로 1045),소-한우,9,37.597516,128.150311,축산과,033-340-2397,2021-10-12
가축사육업,강원도 횡성군 청일면 춘당리 1084(청정로춘당3길 136),소-한우,50,37.609855,128.1308,축산과,033-340-2397,2021-10-12
부화업,강원도 횡성군 청일면 춘당리 485(청정로춘당2길 32),소-한우,72,37.595477,128.155208,축산과,033-340-2397,2021-10-12
가축사육업,강원도 횡성군 청일면 춘당리 588-3(춘당로 65-2),소-한우,84,37.605408,128.149694,축산과,033-340-2397,2021-10-12
가축사육업,강원도 횡성군 청일면 춘당리 390-1,소-한우,34,37.607172,128.152333,축산과,033-340-2397,2021-10-12
가축사육업,강원도 횡성군 청일면 춘당리 989(청정로춘당3길 ),소-한우,105,37.609216,128.140441,축산과,033-340-2397,2021-10-12
가축사육업,강원도 횡성군 청일면 춘당리 1091,소-한우,39,37.609869,128.130741,축산과,033-340-2397,2021-10-12
가축사육업,강원도 횡성군 청일면 춘당리 944(청정로 1274),소-한우,22,37.613202,128.141902,축산과,033-340-2397,2021-10-12
부화업,강원도 횡성군 청일면 춘당리 525(청정로 1129-4),소-한우,13,37.600936,128.143641,축산과,033-340-2397,2021-10-12
가축사육업,강원도 횡성군 청일면 춘당리 880-1(청정로 1302),소-한우,49,37.616316,128.14173,축산과,033-340-2397,2021-10-12
가축사육업,강원도 횡성군 횡성읍 가담리 488-3(수류암로 176-11),소-한우,5,37.474247,127.965161,축산과,033-340-2397,2021-10-12
가축사육업,강원도 횡성군 횡성읍 갈풍리 239(갈풍길 159),소-한우,96,37.485636,127.944177,축산과,033-340-2397,2021-10-12
가축사육업,강원도 횡성군 횡성읍 가담리 401-5(수류암로 220),소-한우,33,37.477497,127.96518,축산과,033-340-2397,2021-10-12
가축사육업,강원도 횡성군 횡성읍 가담리 405-7(수류암로196번길 30),소-한우,212,37.475947,127.968044,축산과,033-340-2397,2021-10-12
가축사육업,강원도 횡성군 횡성읍 가담리 363-1(수류암로193번길 96),소-한우,139,37.479802,127.964991,축산과,033-340-2397,2021-10-12
"부화업,가축사육업",강원도 횡성군 횡성읍 가담리 343-3(수류암로 258),소-한우,7,37.48045,127.966925,축산과,033-340-2397,2021-10-12
가축사육업,강원도 횡성군 횡성읍 갈풍리 134(갈풍서길 40-8),소-한우,41,37.47968,127.949016,축산과,033-340-2397,2021-10-12
가축사육업,강원도 횡성군 횡성읍 갈풍리 298(갈풍길 95-5),소-한우,7,37.482313,127.94958,축산과,033-340-2397,2021-10-12
가축사육업,강원도 횡성군 횡성읍 갈풍리 315-2(갈풍길 86),소-한우,21,37.481772,127.950991,축산과,033-340-2397,2021-10-12
가축사육업,강원도 횡성군 횡성읍 개전리 474-5(태기로개전7길 ),소-한우,15,37.507505,128.015308,축산과,033-340-2397,2021-10-12
가축사육업,강원도 횡성군 횡성읍 개전리 436-7(태기로개전7길 54),소-한우,18,37.509538,128.014011,축산과,033-340-2397,2021-10-12
가축사육업,강원도 횡성군 횡성읍 개전리 455(태기로개전5길 16),소-한우,22,37.50518,128.013586,축산과,033-340-2397,2021-10-12
가축사육업,강원도 횡성군 횡성읍 개전리 569-1(태기로 411),소-한우,51,37.509047,128.020133,축산과,033-340-2397,2021-10-12
가축사육업,강원도 횡성군 횡성읍 개전리 143-1(태기로개전4길 34),소-한우,31,37.501394,128.015447,축산과,033-340-2397,2021-10-12
가축사육업,강원도 횡성군 횡성읍 개전리 146-1(태기로개전4길 32),소-한우,19,37.501436,128.015105,축산과,033-340-2397,2021-10-12
가축사육업,강원도 횡성군 횡성읍 궁천리 29-1(섬강로 711),소-한우,2,37.543802,128.016738,축산과,033-340-2397,2021-10-12
가축사육업,강원도 횡성군 횡성읍 궁천리 67(섬강로708번길 32),소-한우,6,37.543713,128.020205,축산과,033-340-2397,2021-10-12
가축사육업,강원도 횡성군 횡성읍 남산리 131(남산로 149),소-한우,32,37.478102,127.997344,축산과,033-340-2397,2021-10-12
부화업,강원도 횡성군 횡성읍 남산리 39(남산동로 31),소-한우,92,37.479266,128.001608,축산과,033-340-2397,2021-10-12
가축사육업,강원도 횡성군 횡성읍 남산리 117(남산로 150),소-한우,82,37.477919,127.996333,축산과,033-340-2397,2021-10-12
가축사육업,강원도 횡성군 횡성읍 남산리 127(남산로 169-1),소-한우,19,37.476775,127.996802,축산과,033-340-2397,2021-10-12
가축사육업,강원도 횡성군 횡성읍 내지리 198-3(섬강로 313),소-한우,26,37.510994,128.000908,축산과,033-340-2397,2021-10-12
가축사육업,강원도 횡성군 횡성읍 내지리 218-2(섬강로325번길 47),소-한우,13,37.510427,127.998061,축산과,033-340-2397,2021-10-12
부화업,강원도 횡성군 횡성읍 마산리 393(마산로 76-1),소-한우,44,37.493958,128.00408,축산과,033-340-2397,2021-10-12
가축사육업,강원도 횡성군 횡성읍 마산리 419(마산로 86-17),소-한우,44,37.495994,128.004363,축산과,033-340-2397,2021-10-12
가축사육업,강원도 횡성군 횡성읍 마산리 501(마산로71번길 43),소-한우,9,37.495152,128.000408,축산과,033-340-2397,2021-10-12
부화업,강원도 횡성군 횡성읍 마산리 214(한우로마산3길 17),소-한우,15,37.486788,127.998122,축산과,033-340-2397,2021-10-12
가축사육업,강원도 횡성군 횡성읍 마산리 393(마산로 76-1),소-한우,35,37.494155,128.004261,축산과,033-340-2397,2021-10-12
가축사육업,강원도 횡성군 횡성읍 마산리 497(마산로71번길 50),소-한우,2,37.495602,127.999988,축산과,033-340-2397,2021-10-12
가축사육업,강원도 횡성군 횡성읍 마산리 345-2(마산로 45-7),소-한우,17,37.491361,128.003086,축산과,033-340-2397,2021-10-12
가축사육업,강원도 횡성군 횡성읍 마산리 259(한우로마산3길 26),소-한우,30,37.487641,127.999238,축산과,033-340-2397,2021-10-12
가축사육업,강원도 횡성군 횡성읍 마산리 264-1(한우로마산3길 40),소-한우,53,37.488322,127.999833,축산과,033-340-2397,2021-10-12
가축사육업,강원도 횡성군 횡성읍 마산리 산 9(태기로 221),소-한우,93,37.498825,128.004619,축산과,033-340-2397,2021-10-12
가축사육업,강원도 횡성군 횡성읍 마산리 265(한우로마산3길 42),소-한우,10,37.488686,127.999483,축산과,033-340-2397,2021-10-12
가축사육업,강원도 횡성군 횡성읍 마옥리 171-3(섬강로553번길 63),소-한우,115,37.527313,128.006566,축산과,033-340-2397,2021-10-12
가축사육업,강원도 횡성군 횡성읍 마옥리 65-1(섬강로553번길 6-1),소-한우,18,37.5309,128.011591,축산과,033-340-2397,2021-10-12
가축사육업,강원도 횡성군 횡성읍 마옥리 30-8(섬강로580번길 1-14),소-한우,21,37.53215,128.014516,축산과,033-340-2397,2021-10-12
가축사육업,강원도 횡성군 횡성읍 마옥리 96-2(섬강로 554-15),소-한우,13,37.529091,128.012533,축산과,033-340-2397,2021-10-12
가축사육업,강원도 횡성군 횡성읍 마옥리 23-1(섬강로580번길 2),소-한우,41,37.531697,128.0136,축산과,033-340-2397,2021-10-12
가축사육업,강원도 횡성군 횡성읍 마옥리 164-12(섬강로553번길 90-4),소-한우,20,37.526608,128.00458,축산과,033-340-2397,2021-10-12
가축사육업,강원도 횡성군 횡성읍 모평리 160-1(모평길 138),소-한우,11,37.456894,127.965388,축산과,033-340-2397,2021-10-12
가축사육업,강원도 횡성군 횡성읍 곡교리 248-1(묵계로13번길 14),소-한우,6,37.464808,127.972008,축산과,033-340-2397,2021-10-12
가축사육업,강원도 횡성군 횡성읍 반곡리 334-5(반곡1길 125-20),소-한우,13,37.461372,127.955097,축산과,033-340-2397,2021-10-12
가축사육업,강원도 횡성군 횡성읍 반곡리 544(광학로 250-33),소-한우,68,37.463791,127.945883,축산과,033-340-2397,2021-10-12
가축사육업,강원도 횡성군 횡성읍 반곡리 365-2(반곡5길 61-4),소-한우,105,37.470725,127.955236,축산과,033-340-2397,2021-10-12
가축사육업,강원도 횡성군 횡성읍 반곡리 364-3(반곡5길 68),소-한우,49,37.47138,127.955927,축산과,033-340-2397,2021-10-12
가축사육업,강원도 횡성군 횡성읍 반곡리 66-1(반곡3길 56-7),소-한우,131,37.462783,127.963697,축산과,033-340-2397,2021-10-12
가축사육업,강원도 횡성군 횡성읍 반곡리 89-2(반곡3길 30-14),소-한우,23,37.4645,127.964886,축산과,033-340-2397,2021-10-12
가축사육업,강원도 횡성군 횡성읍 생운리 260-3(덕고로 546-13),소-한우,16,37.480358,128.01425,축산과,033-340-2397,2021-10-12
가축사육업,강원도 횡성군 횡성읍 생운리 203-2(남산동로 ),소-한우,18,37.478608,128.009905,축산과,033-340-2397,2021-10-12
가축사육업,강원도 횡성군 횡성읍 생운리 147-7(생운안길 23),소-한우,13,37.482183,128.015436,축산과,033-340-2397,2021-10-12
가축사육업,강원도 횡성군 횡성읍 생운리 202(덕고로535번길 28),소-한우,28,37.477963,128.010816,축산과,033-340-2397,2021-10-12
가축사육업,강원도 횡성군 횡성읍 옥동리 57(태기로 ),소-한우,21,37.522233,128.036475,축산과,033-340-2397,2021-10-12
가축사육업,강원도 횡성군 횡성읍 영영포리 556-5(영영포남길 47),소-한우,23,37.487477,128.043663,축산과,033-340-2397,2021-10-12
가축사육업,강원도 횡성군 횡성읍 영영포리 417-1(성동로 96),소-한우,9,37.497983,128.038638,축산과,033-340-2397,2021-10-12
가축사육업,강원도 횡성군 횡성읍 영영포리 137-1(영영포길 77),소-한우,21,37.507202,128.036005,축산과,033-340-2397,2021-10-12
가축사육업,강원도 횡성군 횡성읍 영영포리 492(성동로 78-12),소-한우,3,37.49685,128.0402,축산과,033-340-2397,2021-10-12
가축사육업,강원도 횡성군 횡성읍 영영포리 599-1(영영포남길 66),소-한우,61,37.485911,128.0439,축산과,033-340-2397,2021-10-12
부화업,강원도 횡성군 횡성읍 영영포리 597(영영포남길 62),소-한우,80,37.4856,128.043136,축산과,033-340-2397,2021-10-12
가축사육업,강원도 횡성군 횡성읍 영영포리 599-4(영영포남길 ),소-한우,37,37.48565,128.044919,축산과,033-340-2397,2021-10-12
부화업,강원도 횡성군 횡성읍 영영포리 361(성동로 130-26),소-한우,11,37.502105,128.035422,축산과,033-340-2397,2021-10-12
가축사육업,강원도 횡성군 횡성읍 영영포리 404-1(성동로 ),소-한우,33,37.4999,128.037197,축산과,033-340-2397,2021-10-12
가축사육업,강원도 횡성군 횡성읍 영영포리 405(성동로 110),소-한우,12,37.499761,128.037091,축산과,033-340-2397,2021-10-12
가축사육업,강원도 횡성군 횡성읍 영영포리 559-1(영영포남길 61),소-한우,91,37.486402,128.044008,축산과,033-340-2397,2021-10-12
가축사육업,강원도 횡성군 횡성읍 옥동리 603(옥동안길 43),소-한우,22,37.525286,128.027255,축산과,033-340-2397,2021-10-12
가축사육업,강원도 횡성군 횡성읍 옥동리 501(태기로옥동3길 22),소-한우,13,37.526791,128.036486,축산과,033-340-2397,2021-10-12
가축사육업,강원도 횡성군 횡성읍 옥동리 58-1,소-젖소,51,37.521438,128.035875,축산과,033-340-2397,2021-10-12
가축사육업,강원도 횡성군 횡성읍 옥동리 433(옥동길 142),소-한우,72,37.523247,128.033588,축산과,033-340-2397,2021-10-12
가축사육업,강원도 횡성군 횡성읍 옥동리 172-2(성동로284번길 ),소-한우,54,37.511102,128.033513,축산과,033-340-2397,2021-10-12
가축사육업,강원도 횡성군 횡성읍 옥동리 295-2(성동로284번길 ),소-한우,48,37.513138,128.031305,축산과,033-340-2397,2021-10-12
가축사육업,강원도 횡성군 횡성읍 옥동리 645-5(옥동길 91),소-한우,90,37.522519,128.027961,축산과,033-340-2397,2021-10-12
가축사육업,강원도 횡성군 횡성읍 옥동리 50(태기로 642-30),소-한우,4,37.522997,128.038397,축산과,033-340-2397,2021-10-12
가축사육업,강원도 횡성군 횡성읍 옥동리 31(태기로옥동4길 15),소-한우,28,37.524111,128.040675,축산과,033-340-2397,2021-10-12
가축사육업,강원도 횡성군 횡성읍 읍하리 360(한우로242번길 11),소-한우,4,37.492469,127.981044,축산과,033-340-2397,2021-10-12
가축사육업,강원도 횡성군 횡성읍 갈풍리 244,소-한우,48,37.485902,127.942869,축산과,033-340-2397,2021-10-12
부화업,강원도 횡성군 횡성읍 입석리 31(입석로 92-4),소-한우,36,37.481366,127.988161,축산과,033-340-2397,2021-10-12
가축사육업,강원도 횡성군 횡성읍 입석리 36-4(입석로72번길 28),소-한우,2,37.480691,127.988358,축산과,033-340-2397,2021-10-12
가축사육업,강원도 횡성군 횡성읍 입석리 34(입석로72번길 24),소-한우,8,37.48085,127.988444,축산과,033-340-2397,2021-10-12
가축사육업,강원도 횡성군 횡성읍 정암리 109(덕고로 171-41),소-한우,43,37.451605,128.033397,축산과,033-340-2397,2021-10-12
가축사육업,강원도 횡성군 횡성읍 정암리 313(덕고로360번길 54-11),소-한우,11,37.472127,128.025625,축산과,033-340-2397,2021-10-12
가축사육업,강원도 횡성군 횡성읍 정암리 216-2(덕고로 292),소-한우,77,37.464119,128.029602,축산과,033-340-2397,2021-10-12
가축사육업,강원도 횡성군 횡성읍 정암리 62-1(덕고로 127-14),소-한우,42,37.452219,128.034908,축산과,033-340-2397,2021-10-12
가축사육업,강원도 횡성군 횡성읍 정암리 23-6(덕고로222번길 28-5),소-한우,47,37.457644,128.036036,축산과,033-340-2397,2021-10-12
가축사육업,강원도 횡성군 횡성읍 정암리 148(덕고로222번길 ),소-한우,14,37.458216,128.034391,축산과,033-340-2397,2021-10-12
가축사육업,강원도 횡성군 횡성읍 정암리 62-2(덕고로 127-7),소-한우,19,37.451511,128.03513,축산과,033-340-2397,2021-10-12
가축사육업,강원도 횡성군 횡성읍 정암리 220-5(덕고로302번길 5),소-한우,21,37.465119,128.029991,축산과,033-340-2397,2021-10-12
가축사육업,강원도 횡성군 횡성읍 정암리 498-2(덕고마을1길 3),소-한우,13,37.468983,128.022794,축산과,033-340-2397,2021-10-12
"부화업,가축사육업",강원도 횡성군 횡성읍 조곡리 359(한우로조곡2길 39-7),소-한우,67,37.490927,128.018283,축산과,033-340-2397,2021-10-12
가축사육업,강원도 횡성군 횡성읍 조곡리 26(한우로조곡5길 32),소-한우,35,37.496355,128.026675,축산과,033-340-2397,2021-10-12
가축사육업,강원도 횡성군 횡성읍 조곡리 355(한우로조곡2길 17),소-한우,6,37.491027,128.016575,축산과,033-340-2397,2021-10-12
가축사육업,강원도 횡성군 횡성읍 조곡리 344(한우로조곡2길 8),소-한우,33,37.491075,128.015116,축산과,033-340-2397,2021-10-12
가축사육업,강원도 횡성군 횡성읍 조곡리 416(한우로조곡3길 43),소-한우,76,37.496975,128.017633,축산과,033-340-2397,2021-10-12
가축사육업,강원도 횡성군 횡성읍 조곡리 293(한우로조곡2길 14),소-한우,17,37.490052,128.015838,축산과,033-340-2397,2021-10-12
가축사육업,강원도 횡성군 횡성읍 조곡리 424(우시장1길 82),소-한우,29,37.496027,128.011925,축산과,033-340-2397,2021-10-12
가축사육업,강원도 횡성군 횡성읍 조곡리 233(한우로조곡2길 63-21),소-한우,6,37.486875,128.020491,축산과,033-340-2397,2021-10-12
가축사육업,강원도 횡성군 횡성읍 조곡리 241(한우로조곡2길 ),소-한우,112,37.488741,128.020122,축산과,033-340-2397,2021-10-12
가축사육업,강원도 횡성군 횡성읍 청용리 90(청용남길 136),소-한우,16,37.461852,127.986955,축산과,033-340-2397,2021-10-12
가축사육업,강원도 횡성군 횡성읍 청용리 461(청용4길 42),소-한우,105,37.466875,127.982172,축산과,033-340-2397,2021-10-12
가축사육업,강원도 횡성군 횡성읍 청용리 203-2(청용5길 11),소-한우,40,37.467594,127.988616,축산과,033-340-2397,2021-10-12
가축사육업,강원도 횡성군 횡성읍 청용리 331,소-한우,78,37.471227,127.984341,축산과,033-340-2397,2021-10-12
가축사육업,강원도 횡성군 횡성읍 청용리 144(청용4길 3),소-한우,26,37.466522,127.987027,축산과,033-340-2397,2021-10-12
가축사육업,강원도 횡성군 횡성읍 추동리 125(추동로 ),소-한우,37,37.482813,128.03098,축산과,033-340-2397,2021-10-12
가축사육업,강원도 횡성군 횡성읍 추동리 281(추동로 108-25),소-한우,68,37.483961,128.029375,축산과,033-340-2397,2021-10-12
부화업,강원도 횡성군 횡성읍 추동리 287-1(추동로 108-4),소-한우,56,37.484244,128.031166,축산과,033-340-2397,2021-10-12
가축사육업,강원도 횡성군 횡성읍 추동리 3-30(한우로 789-2),소-한우,9,37.494925,128.037066,축산과,033-340-2397,2021-10-12
가축사육업,강원도 횡성군 횡성읍 추동리 3-8(한우로추동1길 19-9),소-한우,20,37.49365,128.039055,축산과,033-340-2397,2021-10-12
가축사육업,강원도 횡성군 횡성읍 추동리 334-1(한우로조곡4길 43-90),소-한우,77,37.486055,128.029747,축산과,033-340-2397,2021-10-12
가축사육업,강원도 횡성군 횡성읍 학곡리 201-1(학오로90번길 65-1),소-한우,32,37.506283,127.979038,축산과,033-340-2397,2021-10-12
가축사육업,강원도 횡성군 공근면 청곡리 298(금계로 171),소-한우,42,37.549344,127.969447,축산과,033-340-2397,2021-10-12
가축사육업,강원도 횡성군 횡성읍 학곡리 907-3(한우로26번길 104),소-한우,45,37.493147,127.955561,축산과,033-340-2397,2021-10-12
가축사육업,강원도 횡성군 횡성읍 학곡리 825,소-한우,2,37.508444,127.946819,축산과,033-340-2397,2021-10-12
가축사육업,강원도 횡성군 횡성읍 학곡리 201-1(학오로90번길 65-1),소-한우,4,37.50643,127.978861,축산과,033-340-2397,2021-10-12
가축사육업,강원도 횡성군 횡성읍 학곡리 19(학오로 58-34),소-한우,93,37.503558,127.975516,축산과,033-340-2397,2021-10-12
가축사육업,강원도 횡성군 횡성읍 학곡리 770(경강로학곡2길 96-26),소-한우,61,37.509616,127.942952,축산과,033-340-2397,2021-10-12
가축사육업,강원도 횡성군 횡성읍 학곡리 814(경강로학곡2길 58-2),소-한우,8,37.510791,127.948883,축산과,033-340-2397,2021-10-12
가축사육업,강원도 횡성군 횡성읍 학곡리 951(한우로26번길 155),소-한우,60,37.492305,127.9504,축산과,033-340-2397,2021-10-12
가축사육업,강원도 횡성군 강림면 월현리 1023-3(주천강로 ),소-한우,5,37.35275,128.158422,축산과,033-340-2397,2021-10-12
가축사육업,강원도 횡성군 횡성읍 갈풍리 294-5(갈풍서길 26-1),소-한우,68,37.480072,127.950369,축산과,033-340-2397,2021-10-12
가축사육업,강원도 횡성군 서원면 석화리 374-8,소-한우,27,37.469033,127.836638,축산과,033-340-2397,2021-10-12
가축사육업,강원도 횡성군 우천면 산전리 378-2,소-한우,27,37.491738,128.086091,축산과,033-340-2397,2021-10-12
가축사육업,강원도 횡성군 서원면 금대리 217(금대길 20),소-한우,15,37.505569,127.906177,축산과,033-340-2397,2021-10-12
가축사육업,강원도 횡성군 갑천면 구방리 321-2(태기로구방6길 99),소-한우,17,37.534063,128.070722,축산과,033-340-2397,2021-10-12
가축사육업,강원도 횡성군 강림면 강림리 1613-2,소-한우,23,37.359666,128.118811,축산과,033-340-2397,2021-10-12
가축사육업,강원도 횡성군 공근면 오산리 102-1(학오로 373),소-한우,66,37.523825,127.990019,축산과,033-340-2397,2021-10-12
가축사육업,강원도 횡성군 공근면 덕촌리 273-12,소-한우,105,37.525544,127.996675,축산과,033-340-2397,2021-10-12
가축사육업,강원도 횡성군 공근면 덕촌리 112(공근남로399번길 74-17),소-한우,240,37.537063,127.997661,축산과,033-340-2397,2021-10-12
가축사육업,강원도 횡성군 횡성읍 곡교리 376(청용남길 34),소-한우,117,37.464763,127.977333,축산과,033-340-2397,2021-10-12
가축사육업,강원도 횡성군 횡성읍 정암리 827-2(정암길 216),소-한우,9,37.461647,128.014725,축산과,033-340-2397,2021-10-12
가축사육업,강원도 횡성군 공근면 가곡리 318(금계로가곡1길 12),소-한우,3,37.571541,127.984102,축산과,033-340-2397,2021-10-12
가축사육업,강원도 횡성군 우천면 법주리 290-4(법주서로108번길 5),소-한우,65,37.448402,128.048991,축산과,033-340-2397,2021-10-12
가축사육업,강원도 횡성군 공근면 매곡리 254-2(공근남로 129),소-한우,2,37.529775,127.975938,축산과,033-340-2397,2021-10-12
가축사육업,강원도 횡성군 서원면 옥계리 743,소-한우,52,37.459086,127.846322,축산과,033-340-2397,2021-10-12
가축사육업,강원도 횡성군 청일면 신대리 351(청일로737번길 37),소-한우,15,37.588558,128.207338,축산과,033-340-2397,2021-10-12
가축사육업,강원도 횡성군 공근면 창봉리 677-1,소-한우,6,37.57395,127.930552,축산과,033-340-2397,2021-10-12
가축사육업,강원도 횡성군 둔내면 마암리 592(검두재길 304-13),소-한우,118,37.52925,128.202361,축산과,033-340-2397,2021-10-12
가축사육업,강원도 횡성군 횡성읍 추동리 314(추동로 ),소-한우,21,37.484694,128.034625,축산과,033-340-2397,2021-10-12
가축사육업,강원도 횡성군 횡성읍 갈풍리 128(갈풍서길 48),소-한우,4,37.478919,127.94848,축산과,033-340-2397,2021-10-12
가축사육업,강원도 횡성군 안흥면 소사리 174,소-한우,24,37.466669,128.175055,축산과,033-340-2397,2021-10-12
가축사육업,강원도 횡성군 횡성읍 생운리 188-2(덕고로 523-16),소-한우,3,37.478105,128.013125,축산과,033-340-2397,2021-10-12
가축사육업,강원도 횡성군 둔내면 궁종리 152-1,소-한우,21,37.512141,128.141911,축산과,033-340-2397,2021-10-12
가축사육업,강원도 횡성군 갑천면 매일리 621-16,소-한우,36,37.558152,128.112477,축산과,033-340-2397,2021-10-12
가축사육업,강원도 횡성군 횡성읍 마옥리 227(성동로 448),소-한우,31,37.52505,128.021125,축산과,033-340-2397,2021-10-12
가축사육업,강원도 횡성군 우천면 오원리 770(전재로92번길 2),소-한우,8,37.44368,128.081933,축산과,033-340-2397,2021-10-12
가축사육업,강원도 횡성군 우천면 두곡리 590-23,소-한우,19,37.474627,128.048561,축산과,033-340-2397,2021-10-12
가축사육업,강원도 횡성군 횡성읍 생운리 5-2(생운안길 17-15),소-한우,4,37.483166,128.016255,축산과,033-340-2397,2021-10-12
가축사육업,강원도 횡성군 횡성읍 청용리 159-2(청용4길 17),소-한우,4,37.466502,127.985866,축산과,033-340-2397,2021-10-12
가축사육업,강원도 횡성군 우천면 용둔리 514-5,소-한우,25,37.500272,128.060733,축산과,033-340-2397,2021-10-12
가축사육업,강원도 횡성군 우천면 문암리 309-21(수남로59번길 5),소-한우,25,37.469372,128.045719,축산과,033-340-2397,2021-10-12
"가축사육업,동물병원",강원도 횡성군 청일면 춘당리 320-1(춘당로 142),소-한우,9,37.610983,128.15278,축산과,033-340-2397,2021-10-12
가축사육업,강원도 횡성군 횡성읍 생운리 189-15(덕고로 523-18),소-한우,128,37.478369,128.012513,축산과,033-340-2397,2021-10-12
가축사육업,강원도 횡성군 서원면 창촌리 410(창촌남길 99-1),소-한우,74,37.48078,127.860402,축산과,033-340-2397,2021-10-12
가축사육업,강원도 횡성군 우천면 하궁리 451(하궁로 142-26),소-한우,98,37.498475,128.115058,축산과,033-340-2397,2021-10-12
가축사육업,강원도 횡성군 횡성읍 정암리 124(덕고로 175),소-한우,35,37.455205,128.03368,축산과,033-340-2397,2021-10-12
가축사육업,강원도 횡성군 공근면 공근리 782-2(항재로공근2길 20),소-한우,12,37.569169,127.969188,축산과,033-340-2397,2021-10-12
가축사육업,강원도 횡성군 횡성읍 모평리 143-1(모평길 147),소-한우,6,37.455569,127.965044,축산과,033-340-2397,2021-10-12
가축사육업,강원도 횡성군 공근면 창봉리 815-5(창봉1길 35-8),소-한우,68,37.570302,127.946205,축산과,033-340-2397,2021-10-12
가축사육업,강원도 횡성군 공근면 상동리 537(금계로상동6길 43),소-한우,7,37.604388,127.997177,축산과,033-340-2397,2021-10-12
가축사육업,강원도 횡성군 서원면 금대리 507-6(취석로 230),소-한우,83,37.489175,127.905294,축산과,033-340-2397,2021-10-12
가축사육업,강원도 횡성군 횡성읍 모평리 143-1(모평길 147),소-한우,15,37.455569,127.965044,축산과,033-340-2397,2021-10-12
가축사육업,강원도 횡성군 횡성읍 가담리 68-2(가담1길 36),소-한우,16,37.478827,127.974594,축산과,033-340-2397,2021-10-12
가축사육업,강원도 횡성군 횡성읍 학곡리 924(한우로26번길 143),소-한우,21,37.49173,127.951725,축산과,033-340-2397,2021-10-12
가축사육업,강원도 횡성군 안흥면 소사리 1103-7,소-한우,40,37.464519,128.152741,축산과,033-340-2397,2021-10-12
가축사육업,강원도 횡성군 우천면 문암리 178-1,소-한우,60,37.463263,128.043177,축산과,033-340-2397,2021-10-12
가축사육업,강원도 횡성군 횡성읍 마산리 252(한우로마산3길 23),소-한우,4,37.487327,127.998263,축산과,033-340-2397,2021-10-12
가축사육업,강원도 횡성군 강림면 강림리 2521-16(태종로 115-31),소-한우,57,37.354944,128.124819,축산과,033-340-2397,2021-10-12
가축사육업,강원도 횡성군 공근면 덕촌리 313(공근남로300번길 14),소-한우,192,37.526,127.993691,축산과,033-340-2397,2021-10-12
가축사육업,강원도 횡성군 공근면 초원리 307-1,소-한우,49,37.528372,127.922966,축산과,033-340-2397,2021-10-12
가축사육업,강원도 횡성군 공근면 학담리 566(학담서로 120),소-한우,86,37.5309,127.949702,축산과,033-340-2397,2021-10-12
가축사육업,강원도 횡성군 갑천면 대관대리 496-8(외갑천로 101),소-한우,32,37.552936,128.028336,축산과,033-340-2397,2021-10-12
가축사육업,강원도 횡성군 서원면 유현리 21(경강로 866),소-한우,61,37.527391,127.890508,축산과,033-340-2397,2021-10-12
가축사육업,강원도 횡성군 우천면 두곡리 334-2(한우로두곡4길 20-16),소-한우,27,37.479491,128.040455,축산과,033-340-2397,2021-10-12
가축사육업,강원도 횡성군 둔내면 삽교리 148-1(경강로구두미1길 41),소-한우,33,37.575555,128.254477,축산과,033-340-2397,2021-10-12
가축사육업,강원도 횡성군 강림면 강림리 1302,소-한우,51,37.373341,128.131477,축산과,033-340-2397,2021-10-12
가축사육업,강원도 횡성군 청일면 유동리 800-1(청정로유동6길 11-10),소-한우,168,37.587611,128.155444,축산과,033-340-2397,2021-10-12
가축사육업,강원도 횡성군 우천면 상대리 392-11,소-한우,31,37.450683,128.087655,축산과,033-340-2397,2021-10-12
가축사육업,강원도 횡성군 청일면 춘당리 715-3(청정로 1459-13),소-한우,26,37.629283,128.145438,축산과,033-340-2397,2021-10-12
가축사육업,강원도 횡성군 서원면 금대리 196-8,소-한우,89,37.501513,127.907477,축산과,033-340-2397,2021-10-12
가축사육업,강원도 횡성군 둔내면 두원리 690,소-한우,180,37.505072,128.242858,축산과,033-340-2397,2021-10-12
가축사육업,강원도 횡성군 안흥면 안흥리 457(주천강로안흥2길 ),소-한우,19,37.397252,128.150655,축산과,033-340-2397,2021-10-12
가축사육업,강원도 횡성군 청일면 춘당리 1011-2,소-한우,40,37.60605,128.142669,축산과,033-340-2397,2021-10-12
가축사육업,강원도 횡성군 공근면 창봉리 544(창봉1길 9),소-한우,17,37.572041,127.94308,축산과,033-340-2397,2021-10-12
가축사육업,강원도 횡성군 둔내면 영랑리 636-8,소-한우,1,37.465019,128.189302,축산과,033-340-2397,2021-10-12
가축사육업,강원도 횡성군 횡성읍 남산리 113-1(남산로 169-2),소-한우,7,37.47638,127.997008,축산과,033-340-2397,2021-10-12
가축사육업,강원도 횡성군 서원면 유현리 454-4( 642-11),소-한우,8,37.524627,127.865833,축산과,033-340-2397,2021-10-12
가축사육업,강원도 횡성군 우천면 하궁리 169-2(하궁로 381),소-한우,38,37.485108,128.133655,축산과,033-340-2397,2021-10-12
가축사육업,강원도 횡성군 강림면 부곡리 1283-2,소-젖소,79,37.330913,128.083202,축산과,033-340-2397,2021-10-12
가축사육업,강원도 횡성군 우천면 오원리 28-1(오원소사길 ),소-한우,19,37.4489,128.132805,축산과,033-340-2397,2021-10-12
가축사육업,강원도 횡성군 둔내면 자포곡리 150-1,소-한우,20,37.51303,128.242733,축산과,033-340-2397,2021-10-12
가축사육업,강원도 횡성군 횡성읍 청용리 245-2(청용5길 20-12),소-한우,42,37.467186,127.990016,축산과,033-340-2397,2021-10-12
가축사육업,강원도 횡성군 안흥면 지구리 753-1(강변로지구1길 132),소-젖소,3,37.433413,128.158791,축산과,033-340-2397,2021-10-12
가축사육업,강원도 횡성군 횡성읍 송전리 산 17(옥동안길 51),소-한우,17,37.526363,128.027041,축산과,033-340-2397,2021-10-12
가축사육업,강원도 횡성군 횡성읍 조곡리 420-1(한우로조곡3길 59),소-한우,20,37.497622,128.018369,축산과,033-340-2397,2021-10-12
가축사육업,강원도 횡성군 서원면 유현리 481-1(경강로 626-35),소-한우,29,37.52363,127.864519,축산과,033-340-2397,2021-10-12
가축사육업,강원도 횡성군 공근면 수백리 421-3(공근북로3번길 57),소-한우,12,37.538755,128.006772,축산과,033-340-2397,2021-10-12
가축사육업,강원도 횡성군 횡성읍 생운리 185(덕고로 519),소-한우,14,37.478797,128.01433,축산과,033-340-2397,2021-10-12
가축사육업,강원도 횡성군 공근면 청곡리 278(금계로 190),소-한우,34,37.549386,127.972069,축산과,033-340-2397,2021-10-12
가축사육업,강원도 횡성군 우천면 상하가리 661-5,소-한우,77,37.481297,128.068355,축산과,033-340-2397,2021-10-12
가축사육업,강원도 횡성군 공근면 어둔리 420-2(금계서로 537),소-한우,27,37.608108,127.961305,축산과,033-340-2397,2021-10-12
가축사육업,강원도 횡성군 강림면 강림리 1240-23(강림서길 215),소-한우,62,37.37798,128.115819,축산과,033-340-2397,2021-10-12
가축사육업,강원도 횡성군 공근면 도곡리 132-6(도곡로42번길 16-1),소-한우,113,37.557327,127.953302,축산과,033-340-2397,2021-10-12
가축사육업,강원도 횡성군 횡성읍 청용리 203-1(청용5길 5-10),소-한우,64,37.468291,127.988552,축산과,033-340-2397,2021-10-12
가축사육업,강원도 횡성군 공근면 학담리 549-1(학담서로 127),소-한우,55,37.528472,127.94853,축산과,033-340-2397,2021-10-12
가축사육업,강원도 횡성군 공근면 가곡리 265(금계로 471),소-한우,42,37.569452,127.984655,축산과,033-340-2397,2021-10-12
가축사육업,강원도 횡성군 공근면 상동리 648-4(금계로상동9길 54-10),소-한우,28,37.617305,127.991513,축산과,033-340-2397,2021-10-12
가축사육업,강원도 횡성군 횡성읍 마산리 245(마산로23번길 43),소-한우,12,37.489461,127.998472,축산과,033-340-2397,2021-10-12
가축사육업,강원도 횡성군 횡성읍 곡교리 261(횡성로 140-58),소-한우,84,37.466847,127.979091,축산과,033-340-2397,2021-10-12
가축사육업,강원도 횡성군 강림면 월현리 796-1(주천강로월현2길 16),소-한우,1,37.345133,128.164808,축산과,033-340-2397,2021-10-12
가축사육업,강원도 횡성군 갑천면 하대리 944(갑천로 417-13),소-한우,1,37.545166,128.144694,축산과,033-340-2397,2021-10-12
가축사육업,강원도 횡성군 횡성읍 추동리 3-36(한우로추동1길 19-20),소-한우,5,37.494136,128.03908,축산과,033-340-2397,2021-10-12
가축사육업,강원도 횡성군 공근면 창봉리 10-2(영서로 622),소-한우,11,37.568427,127.953794,축산과,033-340-2397,2021-10-12
가축사육업,강원도 횡성군 갑천면 매일리 331(갑천로10번길 73-12),소-한우,31,37.555791,128.112922,축산과,033-340-2397,2021-10-12
가축사육업,강원도 횡성군 둔내면 석문리 425(석문길 8-10),소-한우,2,37.533252,128.2276,축산과,033-340-2397,2021-10-12
가축사육업,강원도 횡성군 공근면 공근리 57-14(항재로 111),소-한우,61,37.5661,127.972547,축산과,033-340-2397,2021-10-12
가축사육업,강원도 횡성군 공근면 창봉리 584(창봉길 52),소-한우,15,37.571955,127.940927,축산과,033-340-2397,2021-10-12
가축사육업,강원도 횡성군 서원면 유현리 436-2( 660),소-한우,24,37.524408,127.869538,축산과,033-340-2397,2021-10-12
가축사육업,강원도 횡성군 우천면 하궁리 429(하궁로 236),소-한우,28,37.495055,128.123816,축산과,033-340-2397,2021-10-12
가축사육업,강원도 횡성군 우천면 상대리 297-3(대미원로155번길 16-49),소-한우,48,37.454025,128.09123,축산과,033-340-2397,2021-10-12
가축사육업,강원도 횡성군 안흥면 소사리 867-1(오원소사길 734-1),소-한우,21,37.448977,128.146636,축산과,033-340-2397,2021-10-12
가축사육업,강원도 횡성군 횡성읍 반곡리 347(광학로 294-50),소-한우,178,37.466013,127.95003,축산과,033-340-2397,2021-10-12
가축사육업,강원도 횡성군 안흥면 안흥리 668-4(주천강로안흥2길 가동),소-한우,51,37.401627,128.146313,축산과,033-340-2397,2021-10-12
가축사육업,강원도 횡성군 횡성읍 갈풍리 217(갈풍서길 128-22),소-한우,246,37.477897,127.941,축산과,033-340-2397,2021-10-12
가축사육업,강원도 횡성군 청일면 갑천리 1234(봉덕로438번길 55),소-한우,19,37.557783,128.192663,축산과,033-340-2397,2021-10-12
가축사육업,강원도 횡성군 우천면 용둔리 503-1(내용둔길 ),소-한우,110,37.502891,128.060483,축산과,033-340-2397,2021-10-12
가축사육업,강원도 횡성군 횡성읍 청용리 150-1(청용4길 ),소-한우,38,37.46588,127.986861,축산과,033-340-2397,2021-10-12
가축사육업,강원도 횡성군 공근면 덕촌리 241-7,소-한우,67,37.535552,127.997158,축산과,033-340-2397,2021-10-12
가축사육업,강원도 횡성군 갑천면 매일리 632(청정로매일7길 41),소-한우,66,37.56233,128.107608,축산과,033-340-2397,2021-10-12
가축사육업,강원도 횡성군 횡성읍 남산리 9(남산동로 51),소-한우,33,37.479672,128.003591,축산과,033-340-2397,2021-10-12
가축사육업,강원도 횡성군 안흥면 안흥리 407-4,소-한우,82,37.391669,128.158155,축산과,033-340-2397,2021-10-12
가축사육업,강원도 횡성군 우천면 우항리 99-1,소-한우,20,37.449466,128.082244,축산과,033-340-2397,2021-10-12
가축사육업,강원도 횡성군 우천면 정금리 933-2,소-한우,4,37.508888,128.102227,축산과,033-340-2397,2021-10-12
가축사육업,강원도 횡성군 우천면 정금리 896-4,소-한우,22,37.504961,128.101497,축산과,033-340-2397,2021-10-12
가축사육업,강원도 횡성군 안흥면 지구리 652(덧재로59번길 26),소-한우,3,37.431569,128.165572,축산과,033-340-2397,2021-10-12
가축사육업,강원도 횡성군 공근면 부창리 297-2(금계로부창5길 16-27),소-한우,5,37.590161,127.995533,축산과,033-340-2397,2021-10-12
가축사육업,강원도 횡성군 둔내면 석문리 149(용현로 217-13),소-한우,42,37.53385,128.236469,축산과,033-340-2397,2021-10-12
가축사육업,강원도 횡성군 횡성읍 청용리 278-1(청용5길 80),소-한우,3,37.473297,127.990008,축산과,033-340-2397,2021-10-12
가축사육업,강원도 횡성군 서원면 옥계리 482,소-한우,5,37.444388,127.849308,축산과,033-340-2397,2021-10-12
가축사육업,강원도 횡성군 공근면 상동리 427-2(금계로상동2길 54),소-한우,4,37.603888,128.004855,축산과,033-340-2397,2021-10-12
가축사육업,강원도 횡성군 우천면 하대리 409-1(하대2길 20),소-한우,42,37.457719,128.076227,축산과,033-340-2397,2021-10-12
가축사육업,강원도 횡성군 안흥면 안흥리 809(전재로 682-60),소-한우,327,37.416166,128.116275,축산과,033-340-2397,2021-10-12
가축사육업,강원도 횡성군 우천면 하대리 343-2(하대길 158-20),소-한우,432,37.458708,128.084883,축산과,033-340-2397,2021-10-12
가축사육업,강원도 횡성군 둔내면 석문리 661(경강로석문1길 59-20),소-한우,59,37.523113,128.209641,축산과,033-340-2397,2021-10-12
가축사육업,강원도 횡성군 서원면 유현리 20-6(경강로유현13길 ),소-한우,20,37.530116,127.889944,축산과,033-340-2397,2021-10-12
가축사육업,강원도 횡성군 공근면 청곡리 144-1(금계로청곡2길 16),소-한우,18,37.556325,127.980102,축산과,033-340-2397,2021-10-12
가축사육업,강원도 횡성군 횡성읍 입석리 202-10(입석로72번길 42),소-한우,15,37.480355,127.989097,축산과,033-340-2397,2021-10-12
가축사육업,강원도 횡성군 서원면 석화리 100-4(신평석화로 832),소-한우,2,37.468272,127.839138,축산과,033-340-2397,2021-10-12
가축사육업,강원도 횡성군 공근면 수백리 186-5(공근남로 470),소-한우,10,37.53438,128.008975,축산과,033-340-2397,2021-10-12
가축사육업,강원도 횡성군 횡성읍 청용리 278(청용5길 80),소-한우,6,37.4733,127.990025,축산과,033-340-2397,2021-10-12
가축사육업,강원도 횡성군 우천면 문암리 310-4,소-한우,8,37.469219,128.046497,축산과,033-340-2397,2021-10-12
가축사육업,강원도 횡성군 횡성읍 영영포리 567-7(영영포남길 78),소-한우,35,37.485858,128.045408,축산과,033-340-2397,2021-10-12
가축사육업,강원도 횡성군 청일면 갑천리 302-2(봉덕로299번길 18),소-한우,19,37.572169,128.18295,축산과,033-340-2397,2021-10-12
"가축사육업,기타",강원도 횡성군 우천면 두곡리 480-2(한우로두곡10길 5),소-한우,4,37.475438,128.045305,축산과,033-340-2397,2021-10-12
"가축사육업,기타",강원도 횡성군 공근면 초원리 373( 1092),소-한우,54,37.525475,127.916619,축산과,033-340-2397,2021-10-12
"가축사육업,기타",강원도 횡성군 횡성읍 가담리 283-2(수류암로 313-19),소-한우,106,37.483383,127.970527,축산과,033-340-2397,2021-10-12
가축사육업,강원도 횡성군 우천면 법주리 670(수남로232번길 42-23),소-한우,30,37.448938,128.057347,축산과,033-340-2397,2021-10-12
가축사육업,강원도 횡성군 횡성읍 학곡리 909-1(한우로26번길 80),소-한우,56,37.493897,127.956447,축산과,033-340-2397,2021-10-12
가축사육업,강원도 횡성군 횡성읍 옥동리 580(옥동안길 50),소-한우,14,37.526116,128.028611,축산과,033-340-2397,2021-10-12
가축사육업,강원도 횡성군 공근면 학담리 20-4(학담초당길 22),소-한우,16,37.541483,127.96293,축산과,033-340-2397,2021-10-12
가축사육업,강원도 횡성군 횡성읍 생운리 3(생운길 38),소-한우,18,37.484344,128.016,축산과,033-340-2397,2021-10-12
가축사육업,강원도 횡성군 우천면 산전리 534-1(경강로산전7길 19),소-한우,44,37.497294,128.091794,축산과,033-340-2397,2021-10-12
가축사육업,강원도 횡성군 서원면 금대리 446-3,소-한우,37,37.506002,127.903422,축산과,033-340-2397,2021-10-12
가축사육업,강원도 횡성군 우천면 정금리 796-6(경강로정금2길 25),소-한우,10,37.498383,128.1002,축산과,033-340-2397,2021-10-12
가축사육업,강원도 횡성군 횡성읍 개전리 655-9(태기로개전8길 38),소-한우,41,37.505138,128.020819,축산과,033-340-2397,2021-10-12
가축사육업,강원도 횡성군 강림면 강림리 2468-1,소-한우,25,37.379316,128.136094,축산과,033-340-2397,2021-10-12
가축사육업,강원도 횡성군 횡성읍 조곡리 469(덕고로652번길 17),소-한우,14,37.489291,128.012625,축산과,033-340-2397,2021-10-12
가축사육업,강원도 횡성군 공근면 신촌리 610-3(신촌3길 16),소-한우,34,37.517027,127.950791,축산과,033-340-2397,2021-10-12
가축사육업,강원도 횡성군 우천면 상하가리 90-7(상하가로221번길 25-34),소-한우,47,37.476902,128.069188,축산과,033-340-2397,2021-10-12
가축사육업,강원도 횡성군 우천면 정금리 653-1,소-한우,9,37.499133,128.10798,축산과,033-340-2397,2021-10-12
가축사육업,강원도 횡성군 공근면 상동리 220-3(금계로 ),소-한우,18,37.615069,127.993438,축산과,033-340-2397,2021-10-12
"가축사육업,기타",강원도 횡성군 횡성읍 가담리 363-1(수류암로193번길 96),소-한우,32,37.479802,127.964991,축산과,033-340-2397,2021-10-12
가축사육업,강원도 횡성군 횡성읍 입석리 34(입석로72번길 25),소-한우,7,37.480552,127.988808,축산과,033-340-2397,2021-10-12
"가축사육업,기타",강원도 횡성군 안흥면 안흥리 202-17(실미송한길 37),소-한우,10,37.415402,128.154658,축산과,033-340-2397,2021-10-12
가축사육업,강원도 횡성군 공근면 초원리 77-3( 1319-7),소-한우,69,37.526666,127.938733,축산과,033-340-2397,2021-10-12
가축사육업,강원도 횡성군 공근면 오산리 143(공근남로 231-7),소-한우,4,37.526908,127.986563,축산과,033-340-2397,2021-10-12
가축사육업,강원도 횡성군 공근면 창봉리 380(항재로창봉2길 137),소-한우,6,37.585252,127.943152,축산과,033-340-2397,2021-10-12
가축사육업,강원도 횡성군 둔내면 석문리 661-20(경강로석문1길 59-20),소-한우,394,37.522777,128.209875,축산과,033-340-2397,2021-10-12
가축사육업,강원도 횡성군 서원면 창촌리 779(서원로111번길 33),소-한우,19,37.486613,127.841708,축산과,033-340-2397,2021-10-12
가축사육업,강원도 횡성군 횡성읍 추동리 231(추동로 147),소-한우,23,37.481022,128.028019,축산과,033-340-2397,2021-10-12
가축사육업,강원도 횡성군 갑천면 추동리 394-1(외갑천로257번길 5-16),소-한우,44,37.565325,128.033394,축산과,033-340-2397,2021-10-12
가축사육업,강원도 횡성군 서원면 유현리 1160(경강로유현1길 7-30),소-한우,86,37.529161,127.813883,축산과,033-340-2397,2021-10-12
가축사육업,강원도 횡성군 둔내면 석문리 528-2( 4800),소-한우,22,37.521547,128.218486,축산과,033-340-2397,2021-10-12
가축사육업,강원도 횡성군 강림면 강림리 2172-31(강림길 150-24),소-한우,71,37.36803,128.114238,축산과,033-340-2397,2021-10-12
가축사육업,강원도 횡성군 서원면 유현리 947-3,소-한우,239,37.528102,127.822166,축산과,033-340-2397,2021-10-12
가축사육업,강원도 횡성군 서원면 금대리 489-4,소-한우,138,37.492763,127.907355,축산과,033-340-2397,2021-10-12
가축사육업,강원도 횡성군 우천면 법주리 688,소-한우,28,37.447313,128.056522,축산과,033-340-2397,2021-10-12
가축사육업,강원도 횡성군 청일면 유동리 754(청정로유동6길 30),소-한우,13,37.587461,128.157394,축산과,033-340-2397,2021-10-12
가축사육업,강원도 횡성군 청일면 갑천리 940(봉덕로248번길 238-12),소-한우,99,37.556355,128.170227,축산과,033-340-2397,2021-10-12
가축사육업,강원도 횡성군 횡성읍 개전리 586-1(태기로개전9길 59),소-한우,53,37.512419,128.021636,축산과,033-340-2397,2021-10-12
가축사육업,강원도 횡성군 공근면 학담리 531(영서로 130-81),소-한우,201,37.521336,127.953869,축산과,033-340-2397,2021-10-12
가축사육업,강원도 횡성군 공근면 가곡리 186(금계로가곡2길 22),소-한우,3,37.572166,127.987622,축산과,033-340-2397,2021-10-12
가축사육업,강원도 횡성군 서원면 창촌리 691-5(서원로41번길 87),소-한우,28,37.489919,127.84073,축산과,033-340-2397,2021-10-12
가축사육업,강원도 횡성군 공근면 덕촌리 209(공근남로399번길 115),소-한우,8,37.535355,127.991811,축산과,033-340-2397,2021-10-12
가축사육업,강원도 횡성군 공근면 삼배리 420-7(금계동로 104-14),소-한우,54,37.564513,127.99223,축산과,033-340-2397,2021-10-12
가축사육업,강원도 횡성군 공근면 공근리 476(금계서로 113-36),소-한우,51,37.580255,127.969527,축산과,033-340-2397,2021-10-12
가축사육업,강원도 횡성군 공근면 덕촌리 330(공근남로300번길 29-12),소-한우,5,37.524416,127.995147,축산과,033-340-2397,2021-10-12
가축사육업,강원도 횡성군 서원면 창촌리 558-2(창촌남길 12),소-한우,85,37.485752,127.853883,축산과,033-340-2397,2021-10-12
가축사육업,강원도 횡성군 공근면 도곡리 243-10(도곡로 106),소-한우,8,37.552475,127.95078,축산과,033-340-2397,2021-10-12
가축사육업,강원도 횡성군 우천면 하궁리 658(하궁로165번길 57),소-한우,51,37.503427,128.121433,축산과,033-340-2397,2021-10-12
가축사육업,강원도 횡성군 공근면 도곡리 260(도곡로96번길 33),소-한우,30,37.55463,127.948838,축산과,033-340-2397,2021-10-12
가축사육업,강원도 횡성군 횡성읍 반곡리 381-3(반곡길 151-23),소-젖소,45,37.472263,127.956197,축산과,033-340-2397,2021-10-12
가축사육업,강원도 횡성군 공근면 어둔리 202-2(금계서로 393),소-한우,170,37.596936,127.968758,축산과,033-340-2397,2021-10-12
가축사육업,강원도 횡성군 갑천면 추동리 363(외갑천로257번길 39),소-한우,48,37.567994,128.035727,축산과,033-340-2397,2021-10-12
가축사육업,강원도 횡성군 횡성읍 조곡리 529-14(한우로 734),소-한우,26,37.491466,128.030977,축산과,033-340-2397,2021-10-12
가축사육업,강원도 횡성군 횡성읍 궁천리 64(섬강로708번길 24),소-한우,77,37.542919,128.019386,축산과,033-340-2397,2021-10-12
가축사육업,강원도 횡성군 횡성읍 옥동리 570-1(옥동안길 61),소-한우,120,37.527105,128.029152,축산과,033-340-2397,2021-10-12
가축사육업,강원도 횡성군 둔내면 두원리 718-2(고원로341번길 33-25),소-한우,98,37.506477,128.235302,축산과,033-340-2397,2021-10-12
가축사육업,강원도 횡성군 우천면 용둔리 355-1(내용둔길 170-5),소-한우,34,37.5093,128.064066,축산과,033-340-2397,2021-10-12
가축사육업,강원도 횡성군 갑천면 삼거리 243-7(외갑천로 461),소-한우,11,37.563444,128.057119,축산과,033-340-2397,2021-10-12
가축사육업,강원도 횡성군 공근면 오산리 214-1(공근남로 219),소-한우,17,37.527186,127.984925,축산과,033-340-2397,2021-10-12
가축사육업,강원도 횡성군 횡성읍 추동리 317(추동로 71),소-한우,39,37.484488,128.034202,축산과,033-340-2397,2021-10-12
가축사육업,강원도 횡성군 횡성읍 정암리 304(덕고로360번길 28),소-한우,41,37.470905,128.025869,축산과,033-340-2397,2021-10-12
가축사육업,강원도 횡성군 둔내면 궁종리 14-7,소-한우,51,37.507508,128.156927,축산과,033-340-2397,2021-10-12
가축사육업,강원도 횡성군 갑천면 매일리 396(갑천로 146),소-한우,9,37.555083,128.124538,축산과,033-340-2397,2021-10-12
가축사육업,강원도 횡성군 갑천면 추동리 298-1(외갑천로 313-16),소-한우,6,37.566711,128.042066,축산과,033-340-2397,2021-10-12
가축사육업,강원도 횡성군 갑천면 매일리 549-1(갑천로 51-17),소-한우,19,37.561136,128.116266,축산과,033-340-2397,2021-10-12
가축사육업,강원도 횡성군 강림면 월현리 449,소-한우,11,37.348458,128.17408,축산과,033-340-2397,2021-10-12
가축사육업,강원도 횡성군 안흥면 소사리 651-3(덧재로492번길 26),소-한우,41,37.455502,128.154005,축산과,033-340-2397,2021-10-12
가축사육업,강원도 횡성군 우천면 두곡리 613-2,소-한우,38,37.483477,128.04668,축산과,033-340-2397,2021-10-12
가축사육업,강원도 횡성군 공근면 수백리 503-1(공근북로 232-4),소-한우,18,37.552638,128.00433,축산과,033-340-2397,2021-10-12
가축사육업,강원도 횡성군 공근면 부창리 587-3(금계로 632),소-한우,59,37.580597,127.989558,축산과,033-340-2397,2021-10-12
가축사육업,강원도 횡성군 횡성읍 청용리 26-2(청용길 179),소-한우,17,37.464125,127.992169,축산과,033-340-2397,2021-10-12
가축사육업,강원도 횡성군 갑천면 삼거리 20-2(외갑천로736번길 26),소-한우,101,37.563733,128.083891,축산과,033-340-2397,2021-10-12
가축사육업,강원도 횡성군 서원면 창촌리 769-2(서원로41번길 49),소-한우,100,37.487736,127.839205,축산과,033-340-2397,2021-10-12
가축사육업,강원도 횡성군 횡성읍 조곡리 469(덕고로652번길 17),소-한우,44,37.489291,128.012625,축산과,033-340-2397,2021-10-12
가축사육업,강원도 횡성군 우천면 상하가리 388,소-한우,7,37.485669,128.065055,축산과,033-340-2397,2021-10-12
가축사육업,강원도 횡성군 공근면 공근리 522-3(봉화마을2길 111-16),소-한우,92,37.570805,127.960377,축산과,033-340-2397,2021-10-12
가축사육업,강원도 횡성군 둔내면 현천리 713(현천남길 76-55),소-한우,8,37.480583,128.178891,축산과,033-340-2397,2021-10-12
가축사육업,강원도 횡성군 우천면 용둔리 798(추용로 60-10),소-한우,13,37.491008,128.047125,축산과,033-340-2397,2021-10-12
가축사육업,강원도 횡성군 강림면 부곡리 1285-6,소-한우,39,37.3306,128.083561,축산과,033-340-2397,2021-10-12
가축사육업,강원도 횡성군 갑천면 삼거리 125-1(외갑천로529번길 66-9),소-한우,124,37.569341,128.06533,축산과,033-340-2397,2021-10-12
가축사육업,강원도 횡성군 횡성읍 개전리 720-7(태기로 260-36),소-한우,232,37.498027,128.011127,축산과,033-340-2397,2021-10-12
가축사육업,강원도 횡성군 우천면 정금리 833(하궁로정금2길 12-25),소-한우,59,37.500491,128.102513,축산과,033-340-2397,2021-10-12
가축사육업,강원도 횡성군 공근면 공근리 361-1(항재로 206),소-한우,35,37.571355,127.964716,축산과,033-340-2397,2021-10-12
가축사육업,강원도 횡성군 안흥면 안흥리 204-1(실미송한길 ),소-한우,10,37.419483,128.153138,축산과,033-340-2397,2021-10-12
가축사육업,강원도 횡성군 갑천면 하대리 672(갑천로690번길 303),소-한우,10,37.513577,128.154883,축산과,033-340-2397,2021-10-12
가축사육업,강원도 횡성군 횡성읍 마옥리 163-3(섬강로553번길 96),소-한우,18,37.526086,128.003711,축산과,033-340-2397,2021-10-12
가축사육업,강원도 횡성군 갑천면 매일리 405-2(갑천로 165-9),소-한우,22,37.554472,128.126408,축산과,033-340-2397,2021-10-12
가축사육업,강원도 횡성군 둔내면 자포곡리 288-3,소-한우,57,37.525541,128.234791,축산과,033-340-2397,2021-10-12
가축사육업,강원도 횡성군 횡성읍 정암리 119(덕고로 171-19),소-한우,36,37.452972,128.034441,축산과,033-340-2397,2021-10-12
가축사육업,강원도 횡성군 둔내면 자포곡리 160-1(청태산로154번길 24-12),소-한우,34,37.512313,128.241938,축산과,033-340-2397,2021-10-12
가축사육업,강원도 횡성군 우천면 우항리 714-7(우항새말길 30-7),소-한우,97,37.450138,128.079605,축산과,033-340-2397,2021-10-12
가축사육업,강원도 횡성군 강림면 강림리 1610,소-한우,25,37.360391,128.118919,축산과,033-340-2397,2021-10-12
가축사육업,강원도 횡성군 서원면 창촌리 437(창촌남길 125),소-한우,4,37.479619,127.862991,축산과,033-340-2397,2021-10-12
가축사육업,강원도 횡성군 우천면 정금리 568-2,소-한우,5,37.502319,128.109352,축산과,033-340-2397,2021-10-12
가축사육업,강원도 횡성군 청일면 갑천리 1214(봉덕로438번길 52-12),소-한우,13,37.557452,128.191022,축산과,033-340-2397,2021-10-12
가축사육업,강원도 횡성군 갑천면 율동리 309(외갑천로 953),소-한우,22,37.567844,128.108902,축산과,033-340-2397,2021-10-12
가축사육업,강원도 횡성군 둔내면 석문리 543-1(용현로40번길 39),소-한우,18,37.524258,128.221233,축산과,033-340-2397,2021-10-12
가축사육업,강원도 횡성군 우천면 법주리 25(수남로232번길 81),소-한우,54,37.451927,128.057522,축산과,033-340-2397,2021-10-12
가축사육업,강원도 횡성군 갑천면 추동리 408(외갑천로257번길 5-10),소-한우,101,37.564669,128.03445,축산과,033-340-2397,2021-10-12
가축사육업,강원도 횡성군 둔내면 석문리 580-2(용현로 5),소-한우,57,37.525008,128.218044,축산과,033-340-2397,2021-10-12
가축사육업,강원도 횡성군 강림면 강림리 1550-2(태종로 74),소-한우,48,37.358722,128.122466,축산과,033-340-2397,2021-10-12
가축사육업,강원도 횡성군 청일면 유동리 264(봉덕로87번길 97),소-한우,20,37.587508,128.170544,축산과,033-340-2397,2021-10-12
가축사육업,강원도 횡성군 갑천면 매일리 352(갑천로10번길 27-51),소-한우,16,37.556627,128.115277,축산과,033-340-2397,2021-10-12
가축사육업,강원도 횡성군 둔내면 석문리 312-4(석문길 83),소-한우,9,37.539783,128.22913,축산과,033-340-2397,2021-10-12
가축사육업,강원도 횡성군 횡성읍 조곡리 290(한우로조곡2길 40),소-한우,17,37.48998,128.018094,축산과,033-340-2397,2021-10-12
가축사육업,강원도 횡성군 안흥면 안흥리 664,소-한우,9,37.399319,128.136883,축산과,033-340-2397,2021-10-12
가축사육업,강원도 횡성군 서원면 창촌리 산 67-1(서원로 332-26),소-한우,364,37.48828,127.872141,축산과,033-340-2397,2021-10-12
가축사육업,강원도 횡성군 공근면 오산리 129-1(공근남로 228-10),소-한우,12,37.5255,127.985455,축산과,033-340-2397,2021-10-12
가축사육업,강원도 횡성군 갑천면 삼거리 189-2(외갑천로479번길 84-5),소-한우,42,37.569216,128.060933,축산과,033-340-2397,2021-10-12
가축사육업,강원도 횡성군 안흥면 안흥리 산 59(주천강로안흥2길 91-36),소-한우,316,37.397825,128.153308,축산과,033-340-2397,2021-10-12
가축사육업,강원도 횡성군 우천면 용둔리 832-3,소-한우,5,37.487508,128.069813,축산과,033-340-2397,2021-10-12
가축사육업,강원도 횡성군 횡성읍 옥동리 194(성동로 248),소-한우,44,37.509686,128.031752,축산과,033-340-2397,2021-10-12
가축사육업,강원도 횡성군 횡성읍 옥동리 582(옥동안길 33),소-한우,132,37.525516,128.029419,축산과,033-340-2397,2021-10-12
가축사육업,강원도 횡성군 횡성읍 조곡리 424(우시장1길 82),소-한우,3,37.495966,128.011944,축산과,033-340-2397,2021-10-12
가축사육업,강원도 횡성군 서원면 창촌리 709,소-한우,3,37.489172,127.848169,축산과,033-340-2397,2021-10-12
가축사육업,강원도 횡성군 갑천면 대관대리 82-2(섬강로 897-19),소-한우,6,37.538436,128.034086,축산과,033-340-2397,2021-10-12
가축사육업,강원도 횡성군 횡성읍 조곡리 101(한우로조곡2길 39-8),소-한우,20,37.49095,128.019072,축산과,033-340-2397,2021-10-12
가축사육업,강원도 횡성군 우천면 용둔리 663,소-한우,39,37.504916,128.053783,축산과,033-340-2397,2021-10-12
가축사육업,강원도 횡성군 횡성읍 반곡리 75-1(반곡3길 68),소-한우,42,37.462788,127.965761,축산과,033-340-2397,2021-10-12
가축사육업,강원도 횡성군 우천면 산전리 432-10( 2899),소-한우,52,37.487511,128.073827,축산과,033-340-2397,2021-10-12
가축사육업,강원도 횡성군 횡성읍 마산리 244(한우로마산3길 47),소-한우,25,37.489516,127.998766,축산과,033-340-2397,2021-10-12
가축사육업,강원도 횡성군 공근면 수백리 74(공근북로 185),소-한우,30,37.549672,128.008033,축산과,033-340-2397,2021-10-12
가축사육업,강원도 횡성군 횡성읍 학곡리 10(학오로90번길 65-1),소-한우,45,37.505627,127.979466,축산과,033-340-2397,2021-10-12
가축사육업,강원도 횡성군 공근면 창봉리 49(창봉1길 91),소-한우,52,37.56623,127.947041,축산과,033-340-2397,2021-10-12
가축사육업,강원도 횡성군 갑천면 하대리 590(갑천로690번길 156),소-한우,2,37.527355,128.150055,축산과,033-340-2397,2021-10-12
가축사육업,강원도 횡성군 갑천면 추동리 98(어답산로 73-12),소-한우,9,37.571286,128.039297,축산과,033-340-2397,2021-10-12
가축사육업,강원도 횡성군 횡성읍 송전리 117(송전로80번길 22-8),소-한우,4,37.530925,128.023475,축산과,033-340-2397,2021-10-12
가축사육업,강원도 횡성군 횡성읍 생운리 175-1(생운안길 53),소-한우,1,37.480222,128.017577,축산과,033-340-2397,2021-10-12
가축사육업,강원도 횡성군 공근면 초원리 566-2(경강로초원3길 42),소-한우,18,37.530344,127.905888,축산과,033-340-2397,2021-10-12
가축사육업,강원도 횡성군 안흥면 소사리 215-4,소-한우,17,37.470041,128.173327,축산과,033-340-2397,2021-10-12
가축사육업,강원도 횡성군 서원면 유현리 792( 374-5),소-한우,23,37.527455,127.838588,축산과,033-340-2397,2021-10-12
가축사육업,강원도 횡성군 공근면 신촌리 670-18(영서로 130-29),소-한우,90,37.523941,127.959061,축산과,033-340-2397,2021-10-12
가축사육업,강원도 횡성군 서원면 옥계리 1003-7(신평석화로 442),소-한우,57,37.439433,127.852247,축산과,033-340-2397,2021-10-12
가축사육업,강원도 횡성군 둔내면 둔방내리 511-1(둔방남길 209),소-한우,6,37.502119,128.192563,축산과,033-340-2397,2021-10-12
가축사육업,강원도 횡성군 공근면 오산리 338-1(학오로307번길 15),소-한우,5,37.519263,127.98913,축산과,033-340-2397,2021-10-12
가축사육업,강원도 횡성군 우천면 상대리 292(대미원로123번길 55),소-한우,45,37.454944,128.086752,축산과,033-340-2397,2021-10-12
가축사육업,강원도 횡성군 공근면 도곡리 328-7(도곡로 164),소-한우,94,37.550933,127.944919,축산과,033-340-2397,2021-10-12
가축사육업,강원도 횡성군 횡성읍 옥동리 437(옥동길 129),소-한우,46,37.523536,128.032005,축산과,033-340-2397,2021-10-12
가축사육업,강원도 횡성군 횡성읍 마산리 487-1(태기로 ),소-한우,23,37.49645,128.001116,축산과,033-340-2397,2021-10-12
가축사육업,강원도 횡성군 우천면 하대리 337-2(하대길 166),소-한우,70,37.460555,128.084069,축산과,033-340-2397,2021-10-12
가축사육업,강원도 횡성군 갑천면 전촌리 80(외갑천로 413-7),소-한우,21,37.565502,128.051797,축산과,033-340-2397,2021-10-12
가축사육업,강원도 횡성군 공근면 학담리 419(영서로학담3길 8-7),소-한우,3,37.528433,127.957483,축산과,033-340-2397,2021-10-12
가축사육업,강원도 횡성군 우천면 법주리 351,소-한우,3,37.446419,128.043516,축산과,033-340-2397,2021-10-12
가축사육업,강원도 횡성군 횡성읍 개전리 576(태기로 15),소-한우,25,37.509177,128.019391,축산과,033-340-2397,2021-10-12
가축사육업,강원도 횡성군 공근면 공근리 754-7(봉화마을2길 100-20),소-한우,141,37.570266,127.963097,축산과,033-340-2397,2021-10-12
가축사육업,강원도 횡성군 우천면 정금리 산 113(정금서1길 67-57),소-한우,197,37.508705,128.074588,축산과,033-340-2397,2021-10-12
가축사육업,강원도 횡성군 공근면 도곡리 260(도곡로96번길 33),소-한우,85,37.554622,127.948847,축산과,033-340-2397,2021-10-12
가축사육업,강원도 횡성군 횡성읍 생운리 155-1(생운안길 35),소-한우,5,37.481533,128.015747,축산과,033-340-2397,2021-10-12
가축사육업,강원도 횡성군 공근면 도곡리 199(도곡로 131-26),소-한우,29,37.550402,127.951333,축산과,033-340-2397,2021-10-12
가축사육업,강원도 횡성군 횡성읍 옥동리 283(태기로옥동2길 46),소-한우,15,37.513913,128.03403,축산과,033-340-2397,2021-10-12
가축사육업,강원도 횡성군 서원면 압곡리 248,소-한우,24,37.488894,127.885372,축산과,033-340-2397,2021-10-12
가축사육업,강원도 횡성군 공근면 부창리 299(금계로부창5길 16-35),소-한우,36,37.591205,127.994638,축산과,033-340-2397,2021-10-12
가축사육업,강원도 횡성군 공근면 학담리 483-5,소-한우,76,37.525372,127.955563,축산과,033-340-2397,2021-10-12
가축사육업,강원도 횡성군 서원면 유현리 1298-3,소-젖소,69,37.523305,127.87238,축산과,033-340-2397,2021-10-12
가축사육업,강원도 횡성군 우천면 정금리 796-1(경강로정금2길 25),소-한우,7,37.498791,128.100027,축산과,033-340-2397,2021-10-12
가축사육업,강원도 횡성군 청일면 갑천리 946(봉덕로248번길 238-39),소-한우,131,37.557491,128.166883,축산과,033-340-2397,2021-10-12
가축사육업,강원도 횡성군 우천면 하궁리 657-1(하궁로165번길 58),소-젖소,2,37.503172,128.1219,축산과,033-340-2397,2021-10-12
가축사육업,강원도 횡성군 둔내면 현천리 496-2(현천북길 134-2),소-젖소,65,37.499836,128.181155,축산과,033-340-2397,2021-10-12
가축사육업,강원도 횡성군 청일면 춘당리 1300-1(춘당로141번길 20),소-한우,32,37.611683,128.150755,축산과,033-340-2397,2021-10-12
가축사육업,강원도 횡성군 공근면 가곡리 275(가곡로 10),소-한우,89,37.568666,127.984261,축산과,033-340-2397,2021-10-12
가축사육업,강원도 횡성군 강림면 강림리 1716-1,소-한우,256,37.35763,128.116713,축산과,033-340-2397,2021-10-12
가축사육업,강원도 횡성군 안흥면 안흥리 260-3(실미송한길 46),소-한우,12,37.41648,128.155033,축산과,033-340-2397,2021-10-12
가축사육업,강원도 횡성군 공근면 학담리 104-1(학담서로2번길 16-26),소-한우,31,37.532277,127.961461,축산과,033-340-2397,2021-10-12
가축사육업,강원도 횡성군 횡성읍 추동리 412-3(한우로 756-6),소-한우,25,37.491816,128.033288,축산과,033-340-2397,2021-10-12
가축사육업,강원도 횡성군 안흥면 안흥리 49-7,소-한우,29,37.410583,128.162469,축산과,033-340-2397,2021-10-12
가축사육업,강원도 횡성군 공근면 창봉리 634-3(창봉2길 26),소-한우,32,37.573505,127.939272,축산과,033-340-2397,2021-10-12
가축사육업,강원도 횡성군 강림면 강림리 822-5,소-한우,47,37.358316,128.127594,축산과,033-340-2397,2021-10-12
가축사육업,강원도 횡성군 공근면 공근리 788(봉화마을2길 6),소-한우,51,37.56653,127.9689,축산과,033-340-2397,2021-10-12
가축사육업,강원도 횡성군 공근면 창봉리 688(창봉남길 20),소-한우,39,37.573441,127.929447,축산과,033-340-2397,2021-10-12
가축사육업,강원도 횡성군 공근면 가곡리 173(금계로가곡2길 8),소-한우,9,37.571788,127.986422,축산과,033-340-2397,2021-10-12
가축사육업,강원도 횡성군 갑천면 율동리 308-1(외갑천로 953),소-한우,3,37.567816,128.108902,축산과,033-340-2397,2021-10-12
가축사육업,강원도 횡성군 횡성읍 갈풍리 239(갈풍길 159),소-한우,12,37.486136,127.943991,축산과,033-340-2397,2021-10-12
가축사육업,강원도 횡성군 우천면 용둔리 576-10,소-한우,50,37.496105,128.058363,축산과,033-340-2397,2021-10-12
가축사육업,강원도 횡성군 강림면 강림리 1498,소-젖소,16,37.364644,128.119791,축산과,033-340-2397,2021-10-12
가축사육업,강원도 횡성군 횡성읍 옥동리 186-2(성동로 258),소-한우,90,37.509986,128.030927,축산과,033-340-2397,2021-10-12
가축사육업,강원도 횡성군 횡성읍 정암리 827(정암길 216),소-한우,34,37.46165,128.01473,축산과,033-340-2397,2021-10-12
가축사육업,강원도 횡성군 강림면 월현리 447-5(주천강로 270),소-한우,59,37.347605,128.174272,축산과,033-340-2397,2021-10-12
가축사육업,강원도 횡성군 횡성읍 마옥리 164-10(섬강로553번길 72),소-한우,12,37.527194,128.005727,축산과,033-340-2397,2021-10-12
가축사육업,강원도 횡성군 공근면 수백리 409-2(공근북로3번길 53-10),소-한우,7,37.538905,128.005541,축산과,033-340-2397,2021-10-12
가축사육업,강원도 횡성군 공근면 수백리 506-1(공근북로 225),소-한우,84,37.551766,128.005419,축산과,033-340-2397,2021-10-12
가축사육업,강원도 횡성군 둔내면 삽교리 1581(삽교로 343-77),소-한우,474,37.547186,128.254955,축산과,033-340-2397,2021-10-12
가축사육업,강원도 횡성군 공근면 수백리 339-2(공근남로419번길 6),소-한우,19,37.534055,128.004741,축산과,033-340-2397,2021-10-12
가축사육업,강원도 횡성군 횡성읍 옥동리 559-1(옥동안길 97),소-한우,726,37.529111,128.030602,축산과,033-340-2397,2021-10-12
가축사육업,강원도 횡성군 청일면 신대리 89,소-한우,4,37.592655,128.239963,축산과,033-340-2397,2021-10-12
가축사육업,강원도 횡성군 우천면 법주리 472,소-한우,71,37.449688,128.053497,축산과,033-340-2397,2021-10-12
가축사육업,강원도 횡성군 우천면 산전리 431,소-한우,158,37.487388,128.074469,축산과,033-340-2397,2021-10-12
가축사육업,강원도 횡성군 갑천면 포동리 168(청정로포동2길 25-32),소-육우,19,37.553086,128.102413,축산과,033-340-2397,2021-10-12
가축사육업,강원도 횡성군 공근면 창봉리 275-1(항재로창봉2길 56),소-한우,13,37.578877,127.946575,축산과,033-340-2397,2021-10-12
가축사육업,강원도 횡성군 갑천면 율동리 331-3(외갑천로 942),소-한우,7,37.567477,128.106755,축산과,033-340-2397,2021-10-12
가축사육업,강원도 횡성군 공근면 부창리 584-2(부창어둔길 7),소-한우,11,37.581811,127.988708,축산과,033-340-2397,2021-10-12
가축사육업,강원도 횡성군 우천면 하대리 94-1,소-한우,54,37.464466,128.088369,축산과,033-340-2397,2021-10-12
가축사육업,강원도 횡성군 둔내면 삽교리 1701-1,소-한우,68,37.530341,128.241825,축산과,033-340-2397,2021-10-12
가축사육업,강원도 횡성군 둔내면 우용리 139(우용로 69-10),소-한우,18,37.489891,128.230408,축산과,033-340-2397,2021-10-12
가축사육업,강원도 횡성군 둔내면 두원리 715-2(고원로341번길 33-35),소-한우,37,37.507197,128.234633,축산과,033-340-2397,2021-10-12
가축사육업,강원도 횡성군 둔내면 석문리 625-4(경강로석문1길 59-20),소-한우,6,37.522938,128.210444,축산과,033-340-2397,2021-10-12
가축사육업,강원도 횡성군 안흥면 소사리 1457(봉화로소사5길 33-28),소-한우,95,37.466925,128.132775,축산과,033-340-2397,2021-10-12
가축사육업,강원도 횡성군 횡성읍 마산리 399-1(마산로71번길 32),소-한우,6,37.494688,128.001805,축산과,033-340-2397,2021-10-12
가축사육업,강원도 횡성군 안흥면 송한리 103(실미송한길 ),소-한우,40,37.437927,128.142191,축산과,033-340-2397,2021-10-12
가축사육업,강원도 횡성군 횡성읍 옥동리 691-1(옥동길 2),소-한우,27,37.515966,128.029102,축산과,033-340-2397,2021-10-12
가축사육업,강원도 횡성군 공근면 삼배리 408-3(금계동로 139),소-한우,109,37.565836,127.998369,축산과,033-340-2397,2021-10-12
가축사육업,강원도 횡성군 우천면 정금리 1381-2,소-한우,22,37.499061,128.100805,축산과,033-340-2397,2021-10-12
가축사육업,강원도 횡성군 안흥면 지구리 753-1(강변로지구1길 132),소-젖소,62,37.433194,128.158938,축산과,033-340-2397,2021-10-12
가축사육업,강원도 횡성군 갑천면 구방리 148(태기로구방6길 274),소-한우,8,37.524391,128.07665,축산과,033-340-2397,2021-10-12
가축사육업,강원도 횡성군 갑천면 병지방리 310-6,소-한우,14,37.609847,128.081997,축산과,033-340-2397,2021-10-12
가축사육업,강원도 횡성군 강림면 월현리 433-1(월현속담길 49),소-한우,51,37.350816,128.170925,축산과,033-340-2397,2021-10-12
가축사육업,강원도 횡성군 횡성읍 조곡리 424(우시장1길 82),소-한우,9,37.496027,128.011925,축산과,033-340-2397,2021-10-12
가축사육업,강원도 횡성군 강림면 월현리 449-2(주천강로 ),소-한우,4,37.348591,128.173752,축산과,033-340-2397,2021-10-12
가축사육업,강원도 횡성군 공근면 공근리 772,소-한우,143,37.568536,127.967455,축산과,033-340-2397,2021-10-12
가축사육업,강원도 횡성군 횡성읍 갈풍리 344-1(갈풍길 92),소-한우,95,37.483855,127.951805,축산과,033-340-2397,2021-10-12
가축사육업,강원도 횡성군 갑천면 추동리 44,소-한우,10,37.56833,128.0372,축산과,033-340-2397,2021-10-12
가축사육업,강원도 횡성군 안흥면 지구리 59-3(상터로 72-21),소-한우,1,37.431333,128.185902,축산과,033-340-2397,2021-10-12
가축사육업,강원도 횡성군 갑천면 하대리 1147,소-한우,43,37.540241,128.143252,축산과,033-340-2397,2021-10-12
가축사육업,강원도 횡성군 청일면 갑천리 41-2(봉덕로 ),소-한우,30,37.562677,128.200463,축산과,033-340-2397,2021-10-12
가축사육업,강원도 횡성군 횡성읍 조곡리 203-1(한우로조곡8길 32),소-한우,53,37.489377,128.026505,축산과,033-340-2397,2021-10-12
가축사육업,강원도 횡성군 우천면 하대리 52-4,소-육우,5,37.457866,128.093005,축산과,033-340-2397,2021-10-12
가축사육업,강원도 횡성군 우천면 용둔리 154-1,소-한우,55,37.494958,128.065205,축산과,033-340-2397,2021-10-12
가축사육업,강원도 횡성군 서원면 금대리 199-8(금대2길 53-14),소-한우,39,37.501877,127.908855,축산과,033-340-2397,2021-10-12
가축사육업,강원도 횡성군 우천면 양적리 401,소-한우,53,37.468869,128.05508,축산과,033-340-2397,2021-10-12
가축사육업,강원도 횡성군 횡성읍 송전리 62-1(송전로80번길 52-5),소-한우,11,37.533452,128.026036,축산과,033-340-2397,2021-10-12
가축사육업,강원도 횡성군 공근면 어둔리 110-1(금계서로 263),소-한우,16,37.588441,127.974916,축산과,033-340-2397,2021-10-12
가축사육업,강원도 횡성군 횡성읍 갈풍리 190-8(갈풍서길 92),소-한우,100,37.476591,127.94435,축산과,033-340-2397,2021-10-12
가축사육업,강원도 횡성군 서원면 창촌리 654(서원로111번길 145),소-젖소,29,37.496566,127.841847,축산과,033-340-2397,2021-10-12
가축사육업,강원도 횡성군 공근면 오산리 261-3(공근남로162번길 56-11),소-한우,72,37.523497,127.981166,축산과,033-340-2397,2021-10-12
가축사육업,강원도 횡성군 청일면 유평리 384-1(유평1길 64),소-한우,99,37.564672,128.139719,축산과,033-340-2397,2021-10-12
가축사육업,강원도 횡성군 우천면 정금리 774-1(경강로정금2길 33),소-한우,16,37.497463,128.100708,축산과,033-340-2397,2021-10-12
가축사육업,강원도 횡성군 갑천면 상대리 316-2(갑천로 804-19),소-한우,93,37.525075,128.17298,축산과,033-340-2397,2021-10-12
가축사육업,강원도 횡성군 횡성읍 마산리 64-3(한우로마산4길 17),소-한우,2,37.486266,128.006844,축산과,033-340-2397,2021-10-12
가축사육업,강원도 횡성군 서원면 창촌리 622-2(서원로111번길 132),소-한우,72,37.495333,127.843061,축산과,033-340-2397,2021-10-12
가축사육업,강원도 횡성군 횡성읍 옥동리 445-2(옥동안길 11),소-한우,447,37.523727,128.0309,축산과,033-340-2397,2021-10-12
가축사육업,강원도 횡성군 갑천면 삼거리 80-1(외갑천로 561),소-한우,19,37.567388,128.06455,축산과,033-340-2397,2021-10-12
가축사육업,강원도 횡성군 갑천면 중금리 560-1(태기로중금1길 16),소-한우,14,37.528647,128.044913,축산과,033-340-2397,2021-10-12
가축사육업,강원도 횡성군 갑천면 전촌리 439-3(외갑천로341번길 66-27),소-한우,122,37.569863,128.044216,축산과,033-340-2397,2021-10-12
가축사육업,강원도 횡성군 공근면 초원리 404-3( 1089-14),소-한우,25,37.528294,127.91618,축산과,033-340-2397,2021-10-12
가축사육업,강원도 횡성군 서원면 옥계리 818(옥계11길 25-16),소-한우,35,37.457402,127.842002,축산과,033-340-2397,2021-10-12
가축사육업,강원도 횡성군 횡성읍 반곡리 117-1(반곡3길 9),소-한우,29,37.46648,127.961891,축산과,033-340-2397,2021-10-12
가축사육업,강원도 횡성군 우천면 백달리 212-2,소-한우,45,37.43758,128.066905,축산과,033-340-2397,2021-10-12
가축사육업,강원도 횡성군 청일면 춘당리 354-1(춘당로 118),소-한우,47,37.60918,128.152788,축산과,033-340-2397,2021-10-12
가축사육업,강원도 횡성군 우천면 문암리 412-14,소-한우,48,37.459369,128.050727,축산과,033-340-2397,2021-10-12
가축사육업,강원도 횡성군 갑천면 대관대리 215-7(외갑천로107번길 21-6),소-한우,11,37.554213,128.025497,축산과,033-340-2397,2021-10-12
가축사육업,강원도 횡성군 우천면 용둔리 132( 2809-17),소-한우,43,37.493291,128.066863,축산과,033-340-2397,2021-10-12
가축사육업,강원도 횡성군 횡성읍 마산리 64-3(한우로마산4길 17),소-한우,13,37.486266,128.006844,축산과,033-340-2397,2021-10-12
가축사육업,강원도 횡성군 공근면 가곡리 22-3(금계로가곡4길 15),소-한우,6,37.575397,127.991227,축산과,033-340-2397,2021-10-12
가축사육업,강원도 횡성군 공근면 어둔리 274-2(금계서로 457),소-한우,61,37.602666,127.96595,축산과,033-340-2397,2021-10-12
가축사육업,강원도 횡성군 횡성읍 묵계리 311(횡성로 170),소-한우,85,37.469305,127.977633,축산과,033-340-2397,2021-10-12
가축사육업,강원도 횡성군 안흥면 소사리 1249(봉화로 ),소-한우,8,37.462491,128.147413,축산과,033-340-2397,2021-10-12
가축사육업,강원도 횡성군 횡성읍 갈풍리 344-1(갈풍길 92),소-한우,73,37.483855,127.951805,축산과,033-340-2397,2021-10-12
가축사육업,강원도 횡성군 횡성읍 반곡리 113(반곡3길 17),소-한우,36,37.465633,127.962586,축산과,033-340-2397,2021-10-12
가축사육업,강원도 횡성군 갑천면 상대리 540-1(갑천로760번길 80-27),소-한우,168,37.52288,128.163933,축산과,033-340-2397,2021-10-12
가축사육업,강원도 횡성군 서원면 옥계리 722-11,소-한우,55,37.459841,127.84565,축산과,033-340-2397,2021-10-12
가축사육업,강원도 횡성군 둔내면 둔방내리 369(둔방남길 97),소-한우,15,37.504338,128.197969,축산과,033-340-2397,2021-10-12
가축사육업,강원도 횡성군 둔내면 궁종리 산 15,소-한우,5,37.512991,128.143038,축산과,033-340-2397,2021-10-12
가축사육업,강원도 횡성군 갑천면 구방리 755(태기로구방2길 51-25),소-한우,30,37.527847,128.059561,축산과,033-340-2397,2021-10-12
가축사육업,강원도 횡성군 횡성읍 남산리 47(남산5길 16),소-한우,31,37.47808,128.002544,축산과,033-340-2397,2021-10-12
가축사육업,강원도 횡성군 갑천면 추동리 183-2(외갑천로257번길 5-40),소-한우,28,37.5654,128.032577,축산과,033-340-2397,2021-10-12
가축사육업,강원도 횡성군 공근면 수백리 340-2(공근남로 437),소-한우,20,37.534008,128.005813,축산과,033-340-2397,2021-10-12
가축사육업,강원도 횡성군 횡성읍 옥동리 568-4(옥동안길 59),소-한우,126,37.526966,128.028691,축산과,033-340-2397,2021-10-12
가축사육업,강원도 횡성군 우천면 문암리 411-3,소-한우,8,37.462236,128.050119,축산과,033-340-2397,2021-10-12
가축사육업,강원도 횡성군 서원면 금대리 165-2,소-한우,39,37.497405,127.907738,축산과,033-340-2397,2021-10-12
가축사육업,강원도 횡성군 우천면 용둔리 358-1(내용둔길 170-17),소-한우,47,37.510294,128.064783,축산과,033-340-2397,2021-10-12
가축사육업,강원도 횡성군 서원면 창촌리 281,소-한우,6,37.494419,127.862136,축산과,033-340-2397,2021-10-12
가축사육업,강원도 횡성군 횡성읍 정암리 155-3(덕고로222번길 10),소-한우,22,37.45855,128.034161,축산과,033-340-2397,2021-10-12
가축사육업,강원도 횡성군 횡성읍 반곡리 543-12(광학로 250-50),소-한우,62,37.462383,127.945333,축산과,033-340-2397,2021-10-12
가축사육업,강원도 횡성군 공근면 상동리 607-10(금계로상동7길 47),소-한우,45,37.609825,127.988141,축산과,033-340-2397,2021-10-12
가축사육업,강원도 횡성군 횡성읍 영영포리 386(성동로 165),소-한우,21,37.502536,128.032783,축산과,033-340-2397,2021-10-12
가축사육업,강원도 횡성군 횡성읍 조곡리 169-1(한우로조곡8길 37),소-한우,308,37.48895,128.029733,축산과,033-340-2397,2021-10-12
가축사육업,강원도 횡성군 우천면 용둔리 157-1,소-한우,111,37.494269,128.06643,축산과,033-340-2397,2021-10-12
가축사육업,강원도 횡성군 횡성읍 정암리 939-1(정암길 215-9),소-한우,150,37.460483,128.015158,축산과,033-340-2397,2021-10-12
가축사육업,강원도 횡성군 서원면 석화리 9-3,소-한우,99,37.481077,127.838191,축산과,033-340-2397,2021-10-12
가축사육업,강원도 횡성군 갑천면 하대리 473-6(갑천로 490),소-한우,38,37.543227,128.153275,축산과,033-340-2397,2021-10-12
가축사육업,강원도 횡성군 횡성읍 갈풍리 331-2(갈풍길 56-14),소-한우,29,37.481855,127.95373,축산과,033-340-2397,2021-10-12
가축사육업,강원도 횡성군 횡성읍 학곡리 210(학오로90번길 53),소-한우,35,37.507233,127.978541,축산과,033-340-2397,2021-10-12
가축사육업,강원도 횡성군 횡성읍 갈풍리 277-3(갈풍길 131),소-한우,40,37.484311,127.946797,축산과,033-340-2397,2021-10-12
가축사육업,강원도 횡성군 서원면 석화리 618-1,소-한우,62,37.483644,127.806094,축산과,033-340-2397,2021-10-12
가축사육업,강원도 횡성군 공근면 학담리 591-3(학담서로 171),소-한우,26,37.530319,127.944538,축산과,033-340-2397,2021-10-12
가축사육업,강원도 횡성군 청일면 유평리 133-1(청일로271번길 47-8),소-한우,114,37.574897,128.162625,축산과,033-340-2397,2021-10-12
가축사육업,강원도 횡성군 횡성읍 마산리 264-1(한우로마산3길 40),소-한우,45,37.488322,127.999833,축산과,033-340-2397,2021-10-12
가축사육업,강원도 횡성군 공근면 창봉리 213-1(항재로 423),소-한우,72,37.573733,127.94635,축산과,033-340-2397,2021-10-12
가축사육업,강원도 횡성군 우천면 양적리 347-1,소-한우,37,37.45648,128.055305,축산과,033-340-2397,2021-10-12
가축사육업,강원도 횡성군 서원면 압곡리 67-4(서원로 534-32),소-한우,136,37.487341,127.89223,축산과,033-340-2397,2021-10-12
가축사육업,강원도 횡성군 공근면 청곡리 32-2(금계로청곡2길 32),소-한우,105,37.555411,127.980622,축산과,033-340-2397,2021-10-12
가축사육업,강원도 횡성군 공근면 공근리 33(금계서로 28),소-한우,27,37.569916,127.969705,축산과,033-340-2397,2021-10-12
가축사육업,강원도 횡성군 횡성읍 학곡리 201-1(학오로90번길 65-1),소-한우,12,37.50643,127.978861,축산과,033-340-2397,2021-10-12
가축사육업,강원도 횡성군 공근면 청곡리 84-1(금계로청곡4길 23),소-한우,37,37.558083,127.981719,축산과,033-340-2397,2021-10-12
가축사육업,강원도 횡성군 갑천면 중금리 508-4(태기로중금3길 97),소-한우,271,37.53528,128.045891,축산과,033-340-2397,2021-10-12
가축사육업,강원도 횡성군 서원면 창촌리 89-1(창촌로 89),소-한우,29,37.493538,127.866963,축산과,033-340-2397,2021-10-12
가축사육업,강원도 횡성군 횡성읍 가담리 445(수류암로196번길 17),소-한우,5,37.475872,127.966127,축산과,033-340-2397,2021-10-12
가축사육업,강원도 횡성군 서원면 금대리 243-3(금대1길 21),소-한우,89,37.507625,127.905966,축산과,033-340-2397,2021-10-12
가축사육업,강원도 횡성군 안흥면 소사리 1638-4,소-한우,8,37.461988,128.130555,축산과,033-340-2397,2021-10-12
가축사육업,강원도 횡성군 우천면 백달리 363(서동로 115-61),소-한우,10,37.44573,128.06415,축산과,033-340-2397,2021-10-12
가축사육업,강원도 횡성군 횡성읍 조곡리 313-3(한우로 556-1),소-한우,9,37.490647,128.012919,축산과,033-340-2397,2021-10-12
가축사육업,강원도 횡성군 횡성읍 정암리 584(덕고로 320),소-한우,36,37.466541,128.029238,축산과,033-340-2397,2021-10-12
가축사육업,강원도 횡성군 우천면 문암리 339-1(수남로60번길 17),소-한우,11,37.470166,128.043805,축산과,033-340-2397,2021-10-12
가축사육업,강원도 횡성군 횡성읍 가담리 346-1(수류암로 237),소-한우,4,37.479363,127.96533,축산과,033-340-2397,2021-10-12
가축사육업,강원도 횡성군 공근면 덕촌리 212-5(공근남로399번길 111),소-한우,23,37.535916,127.992788,축산과,033-340-2397,2021-10-12
가축사육업,강원도 횡성군 서원면 금대리 199-1(금대2길 53-15),소-한우,74,37.502233,127.908516,축산과,033-340-2397,2021-10-12
가축사육업,강원도 횡성군 안흥면 안흥리 269-6(실미송한길 ),소-한우,2,37.414502,128.153138,축산과,033-340-2397,2021-10-12
가축사육업,강원도 횡성군 서원면 금대리 473(금대2길 92-6),소-한우,58,37.497991,127.908105,축산과,033-340-2397,2021-10-12
가축사육업,강원도 횡성군 우천면 상대리 산 7(대미원로123번길 33-9),소-한우,4,37.454163,128.085377,축산과,033-340-2397,2021-10-12
가축사육업,강원도 횡성군 공근면 오산리 328-1(학오로 282),소-한우,114,37.516308,127.988611,축산과,033-340-2397,2021-10-12
가축사육업,강원도 횡성군 서원면 유현리 1003-3( 240),소-젖소,112,37.525788,127.823936,축산과,033-340-2397,2021-10-12
가축사육업,강원도 횡성군 횡성읍 모평리 104-12(모평길 166),소-한우,77,37.45445,127.963655,축산과,033-340-2397,2021-10-12
가축사육업,강원도 횡성군 서원면 금대리 348(서원로 706),소-한우,16,37.494933,127.90463,축산과,033-340-2397,2021-10-12
가축사육업,강원도 횡성군 횡성읍 조곡리 3-7(한우로 681-45),소-한우,27,37.493738,128.030133,축산과,033-340-2397,2021-10-12
가축사육업,강원도 횡성군 횡성읍 내지리 154(섬강로125번길 86),소-한우,33,37.505469,127.996705,축산과,033-340-2397,2021-10-12
가축사육업,강원도 횡성군 둔내면 둔방내리 366-5(둔방남길 55-15),소-한우,134,37.503147,128.198888,축산과,033-340-2397,2021-10-12
가축사육업,강원도 횡성군 공근면 수백리 506-1(공근북로 225),소-한우,58,37.551741,128.005352,축산과,033-340-2397,2021-10-12
가축사육업,강원도 횡성군 우천면 하궁리 783,소-한우,17,37.504255,128.115655,축산과,033-340-2397,2021-10-12
가축사육업,강원도 횡성군 갑천면 상대리 81(갑천로 865-51),소-한우,5,37.527691,128.177777,축산과,033-340-2397,2021-10-12
가축사육업,강원도 횡성군 청일면 갑천리 1193(봉덕로438번길 88-13),소-한우,14,37.555883,128.192933,축산과,033-340-2397,2021-10-12
가축사육업,강원도 횡성군 횡성읍 내지리 225(섬강로325번길 48),소-한우,18,37.510502,127.997683,축산과,033-340-2397,2021-10-12
가축사육업,강원도 횡성군 공근면 초원리 377-1( 1090),소-한우,34,37.526425,127.916586,축산과,033-340-2397,2021-10-12
가축사육업,강원도 횡성군 서원면 유현리 1222-4,소-한우,2,37.512191,127.791272,축산과,033-340-2397,2021-10-12
가축사육업,강원도 횡성군 청일면 고시리 83,소-한우,47,37.575741,128.203469,축산과,033-340-2397,2021-10-12
가축사육업,강원도 횡성군 우천면 법주리 319-2(법주로 91),소-한우,61,37.446433,128.05148,축산과,033-340-2397,2021-10-12
가축사육업,강원도 횡성군 서원면 옥계리 944,소-한우,18,37.463083,127.844322,축산과,033-340-2397,2021-10-12
가축사육업,강원도 횡성군 공근면 가곡리 266-5(금계로 463),소-한우,40,37.569061,127.984497,축산과,033-340-2397,2021-10-12
가축사육업,강원도 횡성군 우천면 문암리 320-7(정문로 ),소-한우,97,37.468166,128.043791,축산과,033-340-2397,2021-10-12
가축사육업,강원도 횡성군 청일면 춘당리 818(청정로 1343-15),소-한우,11,37.619302,128.141152,축산과,033-340-2397,2021-10-12
가축사육업,강원도 횡성군 우천면 문암리 124-13,소-한우,40,37.460708,128.049727,축산과,033-340-2397,2021-10-12
가축사육업,강원도 횡성군 횡성읍 마옥리 164-10(섬강로553번길 72),소-한우,4,37.527194,128.005727,축산과,033-340-2397,2021-10-12
가축사육업,강원도 횡성군 우천면 백달리 251-1(서동로백달4길 43),소-한우,17,37.438877,128.067166,축산과,033-340-2397,2021-10-12
가축사육업,강원도 횡성군 서원면 유현리 1300(경강로유현10길 32-16),소-한우,51,37.523336,127.87408,축산과,033-340-2397,2021-10-12
가축사육업,강원도 횡성군 서원면 창촌리 655-3(서원로111번길 131),소-젖소,97,37.49588,127.842066,축산과,033-340-2397,2021-10-12
가축사육업,강원도 횡성군 횡성읍 조곡리 3-7(한우로 681-45),소-한우,23,37.493722,128.030083,축산과,033-340-2397,2021-10-12
가축사육업,강원도 횡성군 우천면 문암리 411-3,소-한우,25,37.46223,128.05015,축산과,033-340-2397,2021-10-12
가축사육업,강원도 횡성군 둔내면 석문리 653-7( 4761),소-한우,3,37.521336,128.215388,축산과,033-340-2397,2021-10-12
가축사육업,강원도 횡성군 서원면 창촌리 691-3(서원로41번길 87),소-한우,31,37.489761,127.840752,축산과,033-340-2397,2021-10-12
가축사육업,강원도 횡성군 공근면 창봉리 498-10(항재로 424),소-한우,26,37.57403,127.945841,축산과,033-340-2397,2021-10-12
가축사육업,강원도 횡성군 공근면 어둔리 67-4(부창어둔길 134),소-한우,19,37.58718,127.97645,축산과,033-340-2397,2021-10-12
가축사육업,강원도 횡성군 우천면 하대리 산 75-4(하대6길 34),소-한우,161,37.460611,128.08758,축산과,033-340-2397,2021-10-12
가축사육업,강원도 횡성군 공근면 창봉리 210-7,소-한우,38,37.57323,127.946866,축산과,033-340-2397,2021-10-12
가축사육업,강원도 횡성군 둔내면 석문리 285-1(석문2길 37-7),소-한우,40,37.5367,128.232461,축산과,033-340-2397,2021-10-12
가축사육업,강원도 횡성군 강림면 강림리 227-5(강림북길 30-6),소-한우,12,37.377916,128.140983,축산과,033-340-2397,2021-10-12
가축사육업,강원도 횡성군 우천면 산전리 484,소-한우,14,37.483316,128.084911,축산과,033-340-2397,2021-10-12
가축사육업,강원도 횡성군 둔내면 조항리 8-2,소-한우,8,37.463491,128.2332,축산과,033-340-2397,2021-10-12
가축사육업,강원도 횡성군 안흥면 송한리 42-1,소-한우,36,37.43148,128.142927,축산과,033-340-2397,2021-10-12
가축사육업,강원도 횡성군 횡성읍 개전리 15-1(태기로개전8길 21-40),소-한우,11,37.5073,128.024483,축산과,033-340-2397,2021-10-12
가축사육업,강원도 횡성군 서원면 유현리 848-1( 322),소-젖소,304,37.525644,127.834011,축산과,033-340-2397,2021-10-12
가축사육업,강원도 횡성군 서원면 금대리 204-8(금대2길 15-12),소-한우,12,37.504222,127.90738,축산과,033-340-2397,2021-10-12
가축사육업,강원도 횡성군 공근면 초원리 322( 1111-6),소-한우,20,37.52835,127.918122,축산과,033-340-2397,2021-10-12
가축사육업,강원도 횡성군 공근면 공근리 343-1(항재로공근2길 10),소-한우,20,37.56903,127.967222,축산과,033-340-2397,2021-10-12
가축사육업,강원도 횡성군 청일면 유동리 908-3(청정로유동4길 ),소-한우,213,37.580727,128.151041,축산과,033-340-2397,2021-10-12
가축사육업,강원도 횡성군 공근면 청곡리 97(금계로청곡4길 15-37),소-한우,30,37.55943,127.984838,축산과,033-340-2397,2021-10-12
가축사육업,강원도 횡성군 횡성읍 영영포리 556-5(영영포남길 47),소-한우,2,37.487477,128.043663,축산과,033-340-2397,2021-10-12
가축사육업,강원도 횡성군 공근면 오산리 53(학오로 343-7),소-한우,41,37.521608,127.990575,축산과,033-340-2397,2021-10-12
가축사육업,강원도 횡성군 공근면 공근리 502(금계서로 113-41),소-한우,23,37.579805,127.967908,축산과,033-340-2397,2021-10-12
가축사육업,강원도 횡성군 서원면 금대리 509-5(취석로 200),소-한우,82,37.486633,127.906069,축산과,033-340-2397,2021-10-12
가축사육업,강원도 횡성군 안흥면 지구리 710,소-한우,86,37.43548,128.168375,축산과,033-340-2397,2021-10-12
가축사육업,강원도 횡성군 공근면 공근리 45-4(항재로 126),소-한우,25,37.56713,127.97095,축산과,033-340-2397,2021-10-12
가축사육업,강원도 횡성군 갑천면 포동리 499-14(청정로 149),소-한우,7,37.554169,128.096208,축산과,033-340-2397,2021-10-12
가축사육업,강원도 횡성군 우천면 하대리 73-1,소-한우,193,37.461497,128.091986,축산과,033-340-2397,2021-10-12
가축사육업,강원도 횡성군 공근면 매곡리 208-8(공근남로 141),소-한우,11,37.529261,127.977233,축산과,033-340-2397,2021-10-12
가축사육업,강원도 횡성군 갑천면 추동리 68-7(어답산로 60-20),소-한우,1,37.567486,128.040302,축산과,033-340-2397,2021-10-12
가축사육업,강원도 횡성군 공근면 창봉리 801-2(창봉길 16),소-한우,38,37.574077,127.942394,축산과,033-340-2397,2021-10-12
가축사육업,강원도 횡성군 갑천면 율동리 161(율동로 19),소-한우,10,37.566061,128.111733,축산과,033-340-2397,2021-10-12
가축사육업,강원도 횡성군 서원면 창촌리 183-4(서원로 256),소-한우,14,37.486966,127.860863,축산과,033-340-2397,2021-10-12
가축사육업,강원도 횡성군 공근면 오산리 15(학오로 392),소-한우,3,37.525966,127.990825,축산과,033-340-2397,2021-10-12
가축사육업,강원도 횡성군 횡성읍 옥동리 426(옥동길 157),소-한우,104,37.524141,128.035344,축산과,033-340-2397,2021-10-12
가축사육업,강원도 횡성군 강림면 월현리 895,소-한우,9,37.351219,128.17095,축산과,033-340-2397,2021-10-12
가축사육업,강원도 횡성군 횡성읍 생운리 268-1(덕고로 526-16),소-한우,44,37.4796,128.015833,축산과,033-340-2397,2021-10-12
가축사육업,강원도 횡성군 횡성읍 조곡리 420-1(한우로조곡3길 59),소-한우,85,37.497616,128.018358,축산과,033-340-2397,2021-10-12
가축사육업,강원도 횡성군 서원면 압곡리 68-1(서원로 512-24),소-육우,2,37.488133,127.888708,축산과,033-340-2397,2021-10-12
가축사육업,강원도 횡성군 갑천면 대관대리 383-1(외갑천로 125-6),소-한우,35,37.555816,128.027447,축산과,033-340-2397,2021-10-12
가축사육업,강원도 횡성군 청일면 춘당리 711-20(청정로 1427),소-한우,3,37.626355,128.145375,축산과,033-340-2397,2021-10-12
가축사육업,강원도 횡성군 강림면 월현리 428-3,소-한우,60,37.35123,128.17223,축산과,033-340-2397,2021-10-12
가축사육업,강원도 횡성군 횡성읍 마산리 399-1(마산로71번길 32),소-한우,20,37.494688,128.001805,축산과,033-340-2397,2021-10-12
가축사육업,강원도 횡성군 공근면 창봉리 341-3(항재로 358-34),소-한우,34,37.578936,127.951119,축산과,033-340-2397,2021-10-12
가축사육업,강원도 횡성군 횡성읍 마산리 225(한우로마산3길 31-1),소-한우,27,37.488436,127.997705,축산과,033-340-2397,2021-10-12
가축사육업,강원도 횡성군 우천면 하궁리 539,소-한우,33,37.499841,128.12263,축산과,033-340-2397,2021-10-12
가축사육업,강원도 횡성군 둔내면 두원리 812,소-한우,24,37.497805,128.23698,축산과,033-340-2397,2021-10-12
가축사육업,강원도 횡성군 공근면 덕촌리 328(공근남로300번길 29-4),소-한우,20,37.52478,127.994744,축산과,033-340-2397,2021-10-12
가축사육업,강원도 횡성군 공근면 수백리 339-2(공근남로419번길 6),소-한우,274,37.533994,128.004722,축산과,033-340-2397,2021-10-12
가축사육업,강원도 횡성군 둔내면 화동리 605-1,소-한우,32,37.558391,128.219275,축산과,033-340-2397,2021-10-12
가축사육업,강원도 횡성군 횡성읍 조곡리 산 45-1(한우로 734),소-한우,157,37.488852,128.026405,축산과,033-340-2397,2021-10-12
가축사육업,강원도 횡성군 둔내면 마암리 350,소-한우,37,37.534241,128.2115,축산과,033-340-2397,2021-10-12
가축사육업,강원도 횡성군 청일면 갑천리 74(봉덕로 ),소-한우,15,37.563441,128.195966,축산과,033-340-2397,2021-10-12
가축사육업,강원도 횡성군 공근면 매곡리 204-7(공근남로 148-2),소-한우,23,37.528741,127.976955,축산과,033-340-2397,2021-10-12
가축사육업,강원도 횡성군 우천면 정금리 산 113(정금서1길 67-57),소-한우,301,37.508705,128.074588,축산과,033-340-2397,2021-10-12
가축사육업,강원도 횡성군 갑천면 전촌리 198(외갑천로383번길 8),소-한우,7,37.565691,128.048825,축산과,033-340-2397,2021-10-12
가축사육업,강원도 횡성군 공근면 창봉리 823-13(창봉1길 35-52),소-한우,35,37.568033,127.946563,축산과,033-340-2397,2021-10-12
가축사육업,강원도 횡성군 공근면 학담리 104-7(학담서로2번길 16-26),소-한우,41,37.532241,127.96158,축산과,033-340-2397,2021-10-12
가축사육업,강원도 횡성군 공근면 도곡리 305-2(도곡로 198),소-한우,80,37.550355,127.941933,축산과,033-340-2397,2021-10-12
가축사육업,강원도 횡성군 우천면 문암리 411-3,소-한우,27,37.462208,128.050155,축산과,033-340-2397,2021-10-12
가축사육업,강원도 횡성군 안흥면 가천리 169-4(주천강로가천1길 46),소-한우,16,37.387602,128.137566,축산과,033-340-2397,2021-10-12
가축사육업,강원도 횡성군 둔내면 영랑리 527-2,소-한우,14,37.45988,128.186347,축산과,033-340-2397,2021-10-12
가축사육업,강원도 횡성군 강림면 강림리 438-5(월강길 195),소-한우,7,37.353302,128.145236,축산과,033-340-2397,2021-10-12
가축사육업,강원도 횡성군 갑천면 하대리 56-2(갑천로 585-14),소-한우,14,37.539308,128.162213,축산과,033-340-2397,2021-10-12
가축사육업,강원도 횡성군 우천면 두곡리 583-10,소-한우,53,37.480402,128.046333,축산과,033-340-2397,2021-10-12
가축사육업,강원도 횡성군 공근면 매곡리 87-5(공근남로169번길 237),소-한우,8,37.545644,127.984963,축산과,033-340-2397,2021-10-12
가축사육업,강원도 횡성군 횡성읍 남산리 5-4(남산동로 45-7),소-한우,18,37.480125,128.002611,축산과,033-340-2397,2021-10-12
가축사육업,강원도 횡성군 둔내면 현천리 441,소-한우,22,37.506594,128.179416,축산과,033-340-2397,2021-10-12
가축사육업,강원도 횡성군 둔내면 궁종리 111-1(경강로궁종1길 184),소-한우,2,37.51273,128.144066,축산과,033-340-2397,2021-10-12
가축사육업,강원도 횡성군 공근면 학담리 587-7(학담서로 165),소-한우,44,37.53008,127.945016,축산과,033-340-2397,2021-10-12
가축사육업,강원도 횡성군 우천면 하궁리 879-3(경강로 3511),소-한우,54,37.508122,128.127341,축산과,033-340-2397,2021-10-12
가축사육업,강원도 횡성군 공근면 초원리 354( 1174-47),소-한우,22,37.526716,127.921352,축산과,033-340-2397,2021-10-12
가축사육업,강원도 횡성군 강림면 부곡리 268(태종로부곡4길 15-10),소-한우,4,37.334486,128.092111,축산과,033-340-2397,2021-10-12
가축사육업,강원도 횡성군 강림면 월현리 835-3,소-한우,7,37.345575,128.160705,축산과,033-340-2397,2021-10-12
가축사육업,강원도 횡성군 공근면 가곡리 282-1(가곡로 10),소-한우,3,37.56868,127.984241,축산과,033-340-2397,2021-10-12
가축사육업,강원도 횡성군 갑천면 구방리 209-1(태기로구방6길 256-14),소-한우,27,37.522305,128.074827,축산과,033-340-2397,2021-10-12
가축사육업,강원도 횡성군 횡성읍 정암리 583(덕고로 320-1),소-한우,5,37.467069,128.028844,축산과,033-340-2397,2021-10-12
가축사육업,강원도 횡성군 강림면 강림리 1498,소-젖소,52,37.364644,128.119791,축산과,033-340-2397,2021-10-12
가축사육업,강원도 횡성군 서원면 창촌리 378,소-한우,34,37.484375,127.856386,축산과,033-340-2397,2021-10-12
가축사육업,강원도 횡성군 우천면 두곡리 486(한우로두곡10길 231동),소-한우,44,37.473452,128.044525,축산과,033-340-2397,2021-10-12
가축사육업,강원도 횡성군 갑천면 상대리 127(갑천로 864),소-한우,28,37.523408,128.177913,축산과,033-340-2397,2021-10-12
가축사육업,강원도 횡성군 우천면 산전리 291-5( 2907),소-한우,77,37.488563,128.076002,축산과,033-340-2397,2021-10-12
가축사육업,강원도 횡성군 공근면 오산리 13(학오로 302-40),소-한우,70,37.514972,127.991066,축산과,033-340-2397,2021-10-12
가축사육업,강원도 횡성군 서원면 창촌리 281,소-한우,34,37.494419,127.862136,축산과,033-340-2397,2021-10-12
가축사육업,강원도 횡성군 공근면 행정리 205-4(항재로 326),소-한우,2,37.576277,127.955988,축산과,033-340-2397,2021-10-12
가축사육업,강원도 횡성군 횡성읍 조곡리 69-1(한우로 635-7),소-한우,17,37.494136,128.020844,축산과,033-340-2397,2021-10-12
가축사육업,강원도 횡성군 공근면 매곡리 368-5(공근남로 77),소-한우,7,37.531863,127.970819,축산과,033-340-2397,2021-10-12
가축사육업,강원도 횡성군 횡성읍 옥동리 295-1(성동로284번길 11),소-한우,77,37.512541,128.031133,축산과,033-340-2397,2021-10-12
가축사육업,강원도 횡성군 둔내면 우용리 139(우용로 69-10),소-한우,149,37.489891,128.230408,축산과,033-340-2397,2021-10-12
가축사육업,강원도 횡성군 강림면 부곡리 1270-1(태종로부곡6길 105),소-젖소,105,37.333355,128.077416,축산과,033-340-2397,2021-10-12
가축사육업,강원도 횡성군 갑천면 매일리 260-4(갑천로10번길 184-17),소-한우,60,37.547836,128.116105,축산과,033-340-2397,2021-10-12
가축사육업,강원도 횡성군 우천면 문암리 145(수남로203번길 2),소-한우,116,37.458686,128.050944,축산과,033-340-2397,2021-10-12
가축사육업,강원도 횡성군 서원면 창촌리 547,소-한우,13,37.48558,127.849558,축산과,033-340-2397,2021-10-12
가축사육업,강원도 횡성군 갑천면 추동리 142(외갑천로257번길 621동),소-한우,13,37.568652,128.035936,축산과,033-340-2397,2021-10-12
가축사육업,강원도 횡성군 갑천면 상대리 63(갑천로 865-51),소-한우,201,37.527638,128.177808,축산과,033-340-2397,2021-10-12
가축사육업,강원도 횡성군 안흥면 안흥리 647-19(서동로안흥4길 ),소-한우,42,37.405069,128.142125,축산과,033-340-2397,2021-10-12
가축사육업,강원도 횡성군 강림면 강림리 817(강림시장2길 23-1),소-한우,56,37.358502,128.12893,축산과,033-340-2397,2021-10-12
가축사육업,강원도 횡성군 횡성읍 조곡리 67(한우로 647-6),소-한우,6,37.494725,128.022616,축산과,033-340-2397,2021-10-12
가축사육업,강원도 횡성군 우천면 문암리 412-17,소-한우,21,37.459094,128.050908,축산과,033-340-2397,2021-10-12
가축사육업,강원도 횡성군 공근면 공근리 432(항재로공근2길 60-20),소-한우,51,37.575119,127.968811,축산과,033-340-2397,2021-10-12
가축사육업,강원도 횡성군 청일면 유동리 893-1(청정로 848-12),소-한우,1,37.582211,128.151758,축산과,033-340-2397,2021-10-12
가축사육업,강원도 횡성군 횡성읍 송전리 11(송전로80번길 52-10),소-한우,11,37.532322,128.026127,축산과,033-340-2397,2021-10-12
가축사육업,강원도 횡성군 공근면 공근리 340-1(항재로공근2길 11),소-한우,50,37.569363,127.967347,축산과,033-340-2397,2021-10-12
가축사육업,강원도 횡성군 서원면 석화리 산 135,소-한우,571,37.477916,127.825052,축산과,033-340-2397,2021-10-12
가축사육업,강원도 횡성군 안흥면 안흥리 366-1,소-한우,1,37.407247,128.156994,축산과,033-340-2397,2021-10-12
가축사육업,강원도 횡성군 우천면 문암리 320-7(정문로 ),소-한우,51,37.468166,128.043791,축산과,033-340-2397,2021-10-12
가축사육업,강원도 횡성군 서원면 옥계리 943-2(신평석화로 728-15),소-한우,35,37.462444,127.844102,축산과,033-340-2397,2021-10-12
가축사육업,강원도 횡성군 횡성읍 송전리 167-7(송전로 159-10),소-한우,9,37.5381,128.022711,축산과,033-340-2397,2021-10-12
가축사육업,강원도 횡성군 공근면 수백리 470-4(공근북로 235),소-한우,30,37.552075,128.003944,축산과,033-340-2397,2021-10-12
가축사육업,강원도 횡성군 둔내면 삽교리 1507,소-한우,58,37.525611,128.253508,축산과,033-340-2397,2021-10-12
가축사육업,강원도 횡성군 갑천면 삼거리 152-2(외갑천로529번길 88),소-한우,18,37.571769,128.06308,축산과,033-340-2397,2021-10-12
가축사육업,강원도 횡성군 강림면 부곡리 1280-5(태종로부곡6길 61),소-한우,28,37.331038,128.081858,축산과,033-340-2397,2021-10-12
가축사육업,강원도 횡성군 강림면 월현리 447-5(주천강로 270),소-한우,49,37.347605,128.174272,축산과,033-340-2397,2021-10-12
가축사육업,강원도 횡성군 횡성읍 생운리 196-5(덕고로535번길 12),소-한우,10,37.479038,128.011888,축산과,033-340-2397,2021-10-12
가축사육업,강원도 횡성군 횡성읍 조곡리 173-1(한우로조곡8길 14),소-한우,1,37.491205,128.027305,축산과,033-340-2397,2021-10-12
가축사육업,강원도 횡성군 횡성읍 청용리 201-2(청용5길 5-10),소-한우,49,37.468213,127.988044,축산과,033-340-2397,2021-10-12
가축사육업,강원도 횡성군 갑천면 대관대리 146-1(외갑천로107번길 8),소-한우,7,37.554702,128.027338,축산과,033-340-2397,2021-10-12
가축사육업,강원도 횡성군 서원면 석화리 6-2,소-한우,19,37.480972,127.839305,축산과,033-340-2397,2021-10-12
가축사육업,강원도 횡성군 갑천면 추동리 141(외갑천로257번길 64),소-한우,5,37.568686,128.035508,축산과,033-340-2397,2021-10-12
가축사육업,강원도 횡성군 공근면 가곡리 194(금계로가곡2길 32),소-한우,7,37.572266,127.988819,축산과,033-340-2397,2021-10-12
가축사육업,강원도 횡성군 횡성읍 조곡리 241(한우로조곡2길 ),소-한우,2,37.488741,128.020122,축산과,033-340-2397,2021-10-12
가축사육업,강원도 횡성군 횡성읍 반곡리 347(광학로 294-50),소-한우,74,37.466013,127.95003,축산과,033-340-2397,2021-10-12
가축사육업,강원도 횡성군 횡성읍 조곡리 359-3(한우로조곡2길 39-7),소-한우,55,37.490958,128.018255,축산과,033-340-2397,2021-10-12
가축사육업,강원도 횡성군 횡성읍 마산리 497(마산로71번길 50),소-한우,5,37.495591,127.999997,축산과,033-340-2397,2021-10-12
가축사육업,강원도 횡성군 횡성읍 학곡리 526-1( 1579),소-한우,33,37.509297,127.955066,축산과,033-340-2397,2021-10-12
가축사육업,강원도 횡성군 횡성읍 정암리 922(정암길 215),소-한우,48,37.461094,128.014969,축산과,033-340-2397,2021-10-12
가축사육업,강원도 횡성군 서원면 금대리 271-6,소-한우,21,37.509841,127.900158,축산과,033-340-2397,2021-10-12
가축사육업,강원도 횡성군 우천면 용둔리 503-2,소-한우,2,37.502572,128.060269,축산과,033-340-2397,2021-10-12
가축사육업,강원도 횡성군 횡성읍 남산리 131(남산로 149),소-한우,5,37.478102,127.997344,축산과,033-340-2397,2021-10-12
가축사육업,강원도 횡성군 우천면 정금리 산 113(정금서1길 67-57),소-한우,1,37.508705,128.074588,축산과,033-340-2397,2021-10-12
가축사육업,강원도 횡성군 둔내면 둔방내리 286-1(둔방남길 46),소-한우,1,37.503636,128.202844,축산과,033-340-2397,2021-10-12
가축사육업,강원도 횡성군 강림면 강림리 2526-11(태종로 135-25),소-한우,75,37.353216,128.123144,축산과,033-340-2397,2021-10-12
가축사육업,강원도 횡성군 강림면 강림리 1452-1(태종로강림2길 84),소-한우,29,37.363047,128.117394,축산과,033-340-2397,2021-10-12
가축사육업,강원도 횡성군 강림면 강림리 1373(강림길 78),소-한우,11,37.36825,128.120266,축산과,033-340-2397,2021-10-12
가축사육업,강원도 횡성군 횡성읍 내지리 221(섬강로325번길 48),소-한우,5,37.510513,127.997677,축산과,033-340-2397,2021-10-12
가축사육업,강원도 횡성군 횡성읍 궁천리 29-1(섬강로 711),소-한우,11,37.543802,128.016738,축산과,033-340-2397,2021-10-12
가축사육업,강원도 횡성군 서원면 옥계리 482(옥계7길 17),소-한우,16,37.444388,127.849308,축산과,033-340-2397,2021-10-12
가축사육업,강원도 횡성군 강림면 월현리 1203-2(주천강로 635),소-한우,147,37.359941,128.151994,축산과,033-340-2397,2021-10-12
가축사육업,강원도 횡성군 횡성읍 갈풍리 190-8(갈풍서길 92),소-한우,18,37.476591,127.94435,축산과,033-340-2397,2021-10-12
가축사육업,강원도 횡성군 횡성읍 마산리 265(한우로마산3길 42),소-한우,37,37.488686,127.999483,축산과,033-340-2397,2021-10-12
가축사육업,강원도 횡성군 횡성읍 정암리 584(덕고로 320),소-한우,4,37.466541,128.029238,축산과,033-340-2397,2021-10-12
가축사육업,강원도 횡성군 강림면 부곡리 1268-1,소-젖소,6,37.333313,128.077419,축산과,033-340-2397,2021-10-12
가축사육업,강원도 횡성군 횡성읍 마산리 259(한우로마산3길 26),소-한우,4,37.487641,127.999238,축산과,033-340-2397,2021-10-12
가축사육업,강원도 횡성군 갑천면 매일리 549-1(갑천로 51-17),소-한우,6,37.561136,128.116266,축산과,033-340-2397,2021-10-12
가축사육업,강원도 횡성군 갑천면 매일리 549-1(갑천로 51-17),소-한우,7,37.561136,128.116266,축산과,033-340-2397,2021-10-12
가축사육업,강원도 횡성군 공근면 오산리 328-2(학오로 282),소-한우,9,37.516325,127.988597,축산과,033-340-2397,2021-10-12
가축사육업,강원도 횡성군 둔내면 두원리 715-2(고원로341번길 33-35),소-한우,30,37.507197,128.234633,축산과,033-340-2397,2021-10-12
가축사육업,강원도 횡성군 공근면 학담리 219(학담길 49),소-한우,3,37.537805,127.959002,축산과,033-340-2397,2021-10-12
가축사육업,강원도 횡성군 갑천면 상대리 143-3(갑천로 892),소-한우,45,37.52275,128.181761,축산과,033-340-2397,2021-10-12
가축사육업,강원도 횡성군 공근면 초원리 282-2(초원안길 51),소-한우,4,37.535894,127.919711,축산과,033-340-2397,2021-10-12
가축사육업,강원도 횡성군 서원면 창촌리 25-54(서원로 440-44),소-한우,127,37.487283,127.877233,축산과,033-340-2397,2021-10-12
가축사육업,강원도 횡성군 공근면 오산리 25(학오로 302-41),소-한우,20,37.515822,127.991927,축산과,033-340-2397,2021-10-12
가축사육업,강원도 횡성군 둔내면 영랑리 489-5,소-한우,16,37.458305,128.185019,축산과,033-340-2397,2021-10-12
가축사육업,강원도 횡성군 청일면 춘당리 588-3(춘당로 65-2),소-한우,4,37.605408,128.149694,축산과,033-340-2397,2021-10-12
가축사육업,강원도 횡성군 횡성읍 마산리 215-4(한우로마산1길 33),소-한우,13,37.487027,127.996966,축산과,033-340-2397,2021-10-12
가축사육업,강원도 횡성군 우천면 하궁리 407-2(하궁로263번길 46),소-한우,25,37.495575,128.126602,축산과,033-340-2397,2021-10-12
가축사육업,강원도 횡성군 횡성읍 북천리 69-2(섬강로 130-3),소-한우,24,37.498286,127.994066,축산과,033-340-2397,2021-10-12
가축사육업,강원도 횡성군 서원면 유현리 20( 850),소-한우,33,37.527319,127.889363,축산과,033-340-2397,2021-10-12
가축사육업,강원도 횡성군 우천면 상대리 337-1,소-한우,4,37.452952,128.084369,축산과,033-340-2397,2021-10-12
가축사육업,강원도 횡성군 우천면 상대리 337-1,소-한우,4,37.45298,128.084397,축산과,033-340-2397,2021-10-12
가축사육업,강원도 횡성군 횡성읍 마산리 215-4(한우로마산1길 33),소-한우,31,37.487038,127.996947,축산과,033-340-2397,2021-10-12
가축사육업,강원도 횡성군 횡성읍 마산리 346-7(마산로 45-13),소-한우,29,37.491836,128.002966,축산과,033-340-2397,2021-10-12
가축사육업,강원도 횡성군 청일면 속실리 518-2(속실길 20),소-한우,12,37.640238,128.158861,축산과,033-340-2397,2021-10-12
가축사육업,강원도 횡성군 공근면 삼배리 408-3(금계동로 139),소-한우,3,37.565805,127.998336,축산과,033-340-2397,2021-10-12
가축사육업,강원도 횡성군 횡성읍 조곡리 산 39(한우로 681-45),소-한우,17,37.493411,128.029875,축산과,033-340-2397,2021-10-12
가축사육업,강원도 횡성군 횡성읍 생운리 175-1(생운안길 53),소-한우,3,37.480222,128.017577,축산과,033-340-2397,2021-10-12
가축사육업,강원도 횡성군 서원면 창촌리 437(창촌남길 125),소-한우,42,37.479619,127.862991,축산과,033-340-2397,2021-10-12
가축사육업,강원도 횡성군 횡성읍 조곡리 산 39-3(한우로 681-45),소-한우,23,37.493413,128.0299,축산과,033-340-2397,2021-10-12
가축사육업,강원도 횡성군 우천면 하궁리 8-3,소-한우,185,37.488172,128.156583,축산과,033-340-2397,2021-10-12
가축사육업,강원도 횡성군 횡성읍 마산리 215-4(한우로마산1길 33),소-한우,13,37.487038,127.996947,축산과,033-340-2397,2021-10-12
가축사육업,강원도 횡성군 갑천면 구방리 663-4(태기로구방4길 100),소-한우,51,37.531161,128.067766,축산과,033-340-2397,2021-10-12
가축사육업,강원도 횡성군 안흥면 소사리 543-5(덕송로소사2길 19-15),소-한우,11,37.468605,128.156397,축산과,033-340-2397,2021-10-12
가축사육업,강원도 횡성군 횡성읍 옥동리 446(옥동길 129),소-한우,10,37.523441,128.031638,축산과,033-340-2397,2021-10-12
가축사육업,강원도 횡성군 청일면 유동리 625(봉덕로80번길 14-28),소-한우,62,37.580494,128.158247,축산과,033-340-2397,2021-10-12
가축사육업,강원도 횡성군 공근면 수백리 34-1(공근북로 154),소-한우,16,37.551705,128.005419,축산과,033-340-2397,2021-10-12
가축사육업,강원도 횡성군 갑천면 구방리 890-1(태기로구방2길 64),소-한우,7,37.526722,128.056363,축산과,033-340-2397,2021-10-12
가축사육업,강원도 횡성군 횡성읍 옥동리 277,소-한우,16,37.514861,128.032958,축산과,033-340-2397,2021-10-12
가축사육업,강원도 횡성군 우천면 오원리 541(전재로 248),소-한우,8,37.4381,128.096488,축산과,033-340-2397,2021-10-12
가축사육업,강원도 횡성군 갑천면 상대리 457(갑천로807번길 26),소-한우,2,37.528586,128.172808,축산과,033-340-2397,2021-10-12
가축사육업,강원도 횡성군 공근면 덕촌리 112(공근남로399번길 74-17),소-한우,14,37.537063,127.997661,축산과,033-340-2397,2021-10-12
가축사육업,강원도 횡성군 강림면 강림리 2521-16(태종로 115-31),소-한우,10,37.354944,128.124819,축산과,033-340-2397,2021-10-12
가축사육업,강원도 횡성군 둔내면 우용리 263(우용로 130),소-한우,275,37.494741,128.231055,축산과,033-340-2397,2021-10-12
가축사육업,강원도 횡성군 공근면 초원리 406( 1089-19),소-한우,4,37.528,127.916347,축산과,033-340-2397,2021-10-12
가축사육업,강원도 횡성군 강림면 강림리 2109,소-한우,35,37.351611,128.1121,축산과,033-340-2397,2021-10-12
가축사육업,강원도 횡성군 강림면 월현리 13-1,소-한우,22,37.345569,128.176841,축산과,033-340-2397,2021-10-12
가축사육업,강원도 횡성군 우천면 용둔리 503-1(내용둔길 ),소-한우,13,37.502891,128.060483,축산과,033-340-2397,2021-10-12
가축사육업,강원도 횡성군 서원면 창촌리 206-1(창촌로 22),소-한우,16,37.489019,127.863222,축산과,033-340-2397,2021-10-12
가축사육업,강원도 횡성군 공근면 공근리 338(항재로공근2길 17),소-한우,13,37.569566,127.967552,축산과,033-340-2397,2021-10-12
가축사육업,강원도 횡성군 공근면 공근리 223-6(봉화마을길 22-1),소-한우,1,37.565541,127.969391,축산과,033-340-2397,2021-10-12
가축사육업,강원도 횡성군 청일면 춘당리 790-3(청정로 1371-8),소-한우,10,37.622522,128.143005,축산과,033-340-2397,2021-10-12
가축사육업,강원도 횡성군 청일면 춘당리 246-3(춘당로 287-9),소-한우,68,37.619169,128.162316,축산과,033-340-2397,2021-10-12
가축사육업,강원도 횡성군 공근면 부창리 545-3(금계로 727),소-한우,4,37.586555,127.996038,축산과,033-340-2397,2021-10-12
가축사육업,강원도 횡성군 갑천면 구방리 885(태기로구방2길 63),소-한우,37,37.527322,128.056891,축산과,033-340-2397,2021-10-12
가축사육업,강원도 횡성군 갑천면 삼거리 88,소-한우,67,37.564011,128.072727,축산과,033-340-2397,2021-10-12
가축사육업,강원도 횡성군 갑천면 구방리 111-1(태기로구방6길 103-65),소-한우,37,37.532111,128.075613,축산과,033-340-2397,2021-10-12
가축사육업,강원도 횡성군 공근면 오산리 13(학오로 302-40),소-한우,143,37.514972,127.991066,축산과,033-340-2397,2021-10-12
가축사육업,강원도 횡성군 청일면 춘당리 246-2(춘당로 287-9),소-한우,42,37.619191,128.162325,축산과,033-340-2397,2021-10-12
가축사육업,강원도 횡성군 서원면 금대리 184-3(금대2길 83),소-한우,26,37.498438,127.908861,축산과,033-340-2397,2021-10-12
가축사육업,강원도 횡성군 안흥면 안흥리 809(전재로 682-60),소-한우,10,37.416166,128.116275,축산과,033-340-2397,2021-10-12
가축사육업,강원도 횡성군 우천면 산전리 256-2,소-한우,75,37.485716,128.07763,축산과,033-340-2397,2021-10-12
가축사육업,강원도 횡성군 공근면 청곡리 324-1(금계로 161),소-한우,7,37.5486,127.968327,축산과,033-340-2397,2021-10-12
가축사육업,강원도 횡성군 횡성읍 정암리 240-4(정문로 21),소-한우,5,37.468008,128.030605,축산과,033-340-2397,2021-10-12
가축사육업,강원도 횡성군 우천면 용둔리 365-2(내용둔길 170-29),소-한우,24,37.51123,128.065366,축산과,033-340-2397,2021-10-12
가축사육업,강원도 횡성군 공근면 신촌리 560-2(신촌길 14),소-한우,111,37.515238,127.951702,축산과,033-340-2397,2021-10-12
가축사육업,강원도 횡성군 공근면 오산리 261-3(공근남로162번길 56-11),소-한우,4,37.523497,127.981166,축산과,033-340-2397,2021-10-12
가축사육업,강원도 횡성군 청일면 유동리 893-1(청정로 848-12),소-한우,1,37.582211,128.151758,축산과,033-340-2397,2021-10-12
가축사육업,강원도 횡성군 둔내면 둔방내리 493-4,소-한우,34,37.506155,128.190294,축산과,033-340-2397,2021-10-12
가축사육업,강원도 횡성군 서원면 유현리 1299-1,소-한우,35,37.523952,127.873119,축산과,033-340-2397,2021-10-12
가축사육업,강원도 횡성군 서원면 유현리 962,소-한우,11,37.527316,127.827202,축산과,033-340-2397,2021-10-12
가축사육업,강원도 횡성군 서원면 창촌리 691-3(서원로41번길 87),소-한우,36,37.489761,127.840752,축산과,033-340-2397,2021-10-12
가축사육업,강원도 횡성군 우천면 두곡리 259(한우로두곡5길 82),소-한우,5,37.483005,128.048875,축산과,033-340-2397,2021-10-12
가축사육업,강원도 횡성군 우천면 두곡리 617-1(한우로두곡5길 91-17),소-한우,91,37.482791,128.046575,축산과,033-340-2397,2021-10-12
가축사육업,강원도 횡성군 우천면 문암리 138(수남로203번길 17),소-한우,7,37.459775,128.049027,축산과,033-340-2397,2021-10-12
가축사육업,강원도 횡성군 우천면 문암리 394-12,소-한우,31,37.467994,128.04675,축산과,033-340-2397,2021-10-12
가축사육업,강원도 횡성군 우천면 용둔리 537-1(내용둔길 31),소-한우,2,37.498236,128.060266,축산과,033-340-2397,2021-10-12
가축사육업,강원도 횡성군 우천면 용둔리 798(추용로 60-10),소-한우,7,37.491008,128.047125,축산과,033-340-2397,2021-10-12
가축사육업,강원도 횡성군 우천면 정금리 898-1,소-한우,6,37.505961,128.101302,축산과,033-340-2397,2021-10-12
가축사육업,강원도 횡성군 횡성읍 조곡리 29(한우로조곡5길 32-1),소-한우,23,37.496302,128.027113,축산과,033-340-2397,2021-10-12
가축사육업,강원도 횡성군 공근면 창봉리 368(항재로창봉2길 161),소-한우,34,37.587497,127.942466,축산과,033-340-2397,2021-10-12
가축사육업,강원도 횡성군 갑천면 구방리 927-6,소-한우,43,37.523405,128.056436,축산과,033-340-2397,2021-10-12
가축사육업,강원도 횡성군 횡성읍 생운리 143-2,소-한우,14,37.482844,128.013655,축산과,033-340-2397,2021-10-12
가축사육업,강원도 횡성군 공근면 초원리 185,소-한우,19,37.536336,127.923205,축산과,033-340-2397,2021-10-12
가축사육업,강원도 횡성군 공근면 초원리 185,소-한우,1,37.536336,127.923205,축산과,033-340-2397,2021-10-12
가축사육업,강원도 횡성군 갑천면 매일리 765-3,소-한우,17,37.557108,128.10123,축산과,033-340-2397,2021-10-12
가축사육업,강원도 횡성군 갑천면 구방리 890-1(태기로구방2길 64),소-한우,30,37.526791,128.056069,축산과,033-340-2397,2021-10-12
가축사육업,강원도 횡성군 서원면 유현리 1234(서원서로723번길 73),소-한우,14,37.512436,127.792433,축산과,033-340-2397,2021-10-12
가축사육업,강원도 횡성군 둔내면 석문리 521-4,소-한우,51,37.529577,128.21915,축산과,033-340-2397,2021-10-12
가축사육업,강원도 횡성군 갑천면 구방리 582,소-한우,43,37.538997,128.070011,축산과,033-340-2397,2021-10-12
가축사육업,강원도 횡성군 공근면 오산리 21,소-한우,87,37.517141,127.99195,축산과,033-340-2397,2021-10-12
가축사육업,강원도 횡성군 공근면 창봉리 632-1,소-한우,34,37.57433,127.938205,축산과,033-340-2397,2021-10-12
가축사육업,강원도 횡성군 공근면 창봉리 579,소-한우,15,37.571127,127.941791,축산과,033-340-2397,2021-10-12
가축사육업,강원도 횡성군 갑천면 구방리 582,소-한우,9,37.538997,128.070011,축산과,033-340-2397,2021-10-12
가축사육업,강원도 횡성군 우천면 법주리 25(수남로232번길 81),소-한우,20,37.451927,128.057522,축산과,033-340-2397,2021-10-12
가축사육업,강원도 횡성군 우천면 하궁리 1025-4(하궁로 198),소-한우,5,37.497591,128.121886,축산과,033-340-2397,2021-10-12
가축사육업,강원도 횡성군 공근면 신촌리 735-2,소-한우,6,37.51708,127.949716,축산과,033-340-2397,2021-10-12
가축사육업,강원도 횡성군 공근면 가곡리 419(가곡로76번길 86),소-한우,44,37.570977,127.976652,축산과,033-340-2397,2021-10-12
가축사육업,강원도 횡성군 공근면 수백리 183-13,소-한우,37,37.535472,128.012233,축산과,033-340-2397,2021-10-12
가축사육업,강원도 횡성군 공근면 초원리 179(초원길 75),소-한우,32,37.53473,127.923905,축산과,033-340-2397,2021-10-12
가축사육업,강원도 횡성군 공근면 가곡리 283-2(금계로 463),소-한우,5,37.568625,127.984261,축산과,033-340-2397,2021-10-12
가축사육업,강원도 횡성군 서원면 유현리 339-6(경강로 754-5),소-한우,4,37.526216,127.880069,축산과,033-340-2397,2021-10-12
가축사육업,강원도 횡성군 갑천면 구방리 891-1,소-한우,38,37.527077,128.056383,축산과,033-340-2397,2021-10-12
가축사육업,강원도 횡성군 우천면 정금리 796-1(경강로정금2길 25),소-한우,1,37.498791,128.100027,축산과,033-340-2397,2021-10-12
가축사육업,강원도 횡성군 공근면 도곡리 181(도곡로 131-28),소-한우,8,37.550277,127.951716,축산과,033-340-2397,2021-10-12
가축사육업,강원도 횡성군 우천면 정금리 762-2,소-한우,16,37.497005,128.102397,축산과,033-340-2397,2021-10-12
가축사육업,강원도 횡성군 서원면 창촌리 391(창촌남길 61),소-한우,10,37.483366,127.857511,축산과,033-340-2397,2021-10-12
가축사육업,강원도 횡성군 청일면 유동리 1349-7(봉덕로 72-45),소-한우,163,37.581013,128.157175,축산과,033-340-2397,2021-10-12
가축사육업,강원도 횡성군 횡성읍 추동리 444-4(한우로 791-69),소-한우,11,37.497497,128.03415,축산과,033-340-2397,2021-10-12
가축사육업,강원도 횡성군 강림면 강림리 2481-6(주천강로 1314-17),소-한우,83,37.372825,128.133511,축산과,033-340-2397,2021-10-12
가축사육업,강원도 횡성군 둔내면 석문리 528-2( 4800),소-한우,17,37.521547,128.218486,축산과,033-340-2397,2021-10-12
가축사육업,강원도 횡성군 청일면 속실리 산 40(속실길 20),소-한우,94,37.640191,128.158872,축산과,033-340-2397,2021-10-12
가축사육업,강원도 횡성군 공근면 부창리 584-6(부창어둔길 3),소-한우,20,37.581822,127.988666,축산과,033-340-2397,2021-10-12
가축사육업,강원도 횡성군 횡성읍 남산리 9-2(남산동로 51),소-한우,16,37.479697,128.003563,축산과,033-340-2397,2021-10-12
가축사육업,강원도 횡성군 횡성읍 남산리 19(남산동로 ),소-한우,56,37.480238,128.004652,축산과,033-340-2397,2021-10-12
가축사육업,강원도 횡성군 우천면 하대리 86-4(하대6길 ),소-한우,20,37.460652,128.087991,축산과,033-340-2397,2021-10-12
가축사육업,강원도 횡성군 우천면 용둔리 133( 2809-17),소-한우,49,37.492861,128.066713,축산과,033-340-2397,2021-10-12
가축사육업,강원도 횡성군 공근면 삼배리 434-11(금계동로 41),소-한우,30,37.565686,127.987044,축산과,033-340-2397,2021-10-12
가축사육업,강원도 횡성군 갑천면 추동리 168-6(외갑천로257번길 37-19),소-한우,17,37.568786,128.034827,축산과,033-340-2397,2021-10-12
가축사육업,강원도 횡성군 갑천면 구방리 825,소-한우,9,37.535333,128.064166,축산과,033-340-2397,2021-10-12
가축사육업,강원도 횡성군 횡성읍 청용리 92-1(청용남길 126-11),소-한우,24,37.4613,127.98548,축산과,033-340-2397,2021-10-12
가축사육업,강원도 횡성군 우천면 우항리 51(전재로 111-24),소-육우,3,37.445636,128.086463,축산과,033-340-2397,2021-10-12
가축사육업,강원도 횡성군 둔내면 석문리 690-9(석문길 36),소-한우,20,37.535525,128.228313,축산과,033-340-2397,2021-10-12
가축사육업,강원도 횡성군 공근면 오산리 203(공근남로 187-8),소-한우,8,37.528705,127.982355,축산과,033-340-2397,2021-10-12
가축사육업,강원도 횡성군 서원면 유현리 1161(경강로유현1길 7-25),소-한우,70,37.528316,127.814069,축산과,033-340-2397,2021-10-12
가축사육업,강원도 횡성군 청일면 춘당리 959,소-한우,99,37.613425,128.139563,축산과,033-340-2397,2021-10-12
가축사육업,강원도 횡성군 횡성읍 옥동리 425-2(옥동길 158),소-한우,20,37.523725,128.035355,축산과,033-340-2397,2021-10-12
가축사육업,강원도 횡성군 청일면 춘당리 143,소-한우,10,37.622102,128.166686,축산과,033-340-2397,2021-10-12
가축사육업,강원도 횡성군 청일면 춘당리 1011-2,소-한우,28,37.60605,128.142669,축산과,033-340-2397,2021-10-12
가축사육업,강원도 횡성군 횡성읍 청용리 278-1(청용5길 80),소-한우,3,37.473297,127.990008,축산과,033-340-2397,2021-10-12
가축사육업,강원도 횡성군 횡성읍 조곡리 산 45-11(한우로조곡8길 37),소-한우,9,37.488986,128.029708,축산과,033-340-2397,2021-10-12
가축사육업,강원도 횡성군 공근면 학담리 593-6,소-한우,36,37.53038,127.943316,축산과,033-340-2397,2021-10-12
가축사육업,강원도 횡성군 강림면 부곡리 344-6(태종로부곡5길 27),소-젖소,8,37.330894,128.094666,축산과,033-340-2397,2021-10-12
가축사육업,강원도 횡성군 청일면 속실리 467-1,소-한우,35,37.641577,128.152772,축산과,033-340-2397,2021-10-12
가축사육업,강원도 횡성군 횡성읍 입석리 16(입석로72번길 42),소-한우,10,37.479433,127.988541,축산과,033-340-2397,2021-10-12
가축사육업,강원도 횡성군 횡성읍 묵계리 281(횡성로 218),소-한우,12,37.473413,127.978955,축산과,033-340-2397,2021-10-12
가축사육업,강원도 횡성군 횡성읍 송전리 45(송전로 128-33),소-한우,130,37.535588,128.027313,축산과,033-340-2397,2021-10-12
가축사육업,강원도 횡성군 우천면 문암리 178-15,소-한우,25,37.462966,128.042255,축산과,033-340-2397,2021-10-12
가축사육업,강원도 횡성군 서원면 금대리 225-4(금대길 ),소-한우,35,37.506602,127.908488,축산과,033-340-2397,2021-10-12
가축사육업,강원도 횡성군 횡성읍 반곡리 89-4(반곡3길 30-14),소-한우,4,37.46448,127.964894,축산과,033-340-2397,2021-10-12
가축사육업,강원도 횡성군 강림면 부곡리 1295-6,소-육우,3,37.329683,128.087322,축산과,033-340-2397,2021-10-12
가축사육업,강원도 횡성군 횡성읍 북천리 96-6(화성로 72),소-한우,3,37.4969,127.991825,축산과,033-340-2397,2021-10-12
가축사육업,강원도 횡성군 서원면 창촌리 240(서원로247번길 33),소-한우,11,37.490652,127.861586,축산과,033-340-2397,2021-10-12
가축사육업,강원도 횡성군 횡성읍 가담리 180-1,소-한우,38,37.4783,127.973005,축산과,033-340-2397,2021-10-12
가축사육업,강원도 횡성군 강림면 강림리 2476-8(주천강로 ),소-한우,28,37.37338,128.136161,축산과,033-340-2397,2021-10-12
가축사육업,강원도 횡성군 공근면 오산리 261-3(공근남로162번길 56-11),소-한우,148,37.523555,127.980902,축산과,033-340-2397,2021-10-12
가축사육업,강원도 횡성군 우천면 하대리 410-7,소-한우,38,37.457491,128.075463,축산과,033-340-2397,2021-10-12
가축사육업,강원도 횡성군 우천면 하궁리 7,소-한우,40,37.487233,128.156477,축산과,033-340-2397,2021-10-12
가축사육업,강원도 횡성군 횡성읍 조곡리 101(한우로조곡2길 39-8),소-한우,2,37.490975,128.019052,축산과,033-340-2397,2021-10-12
가축사육업,강원도 횡성군 우천면 법주리 692,소-한우,104,37.447083,128.057044,축산과,033-340-2397,2021-10-12
가축사육업,강원도 횡성군 횡성읍 조곡리 264-1(한우로조곡4길 43-19),소-한우,20,37.489113,128.02388,축산과,033-340-2397,2021-10-12
가축사육업,강원도 횡성군 공근면 창봉리 206-33(항재로 403-9),소-한우,100,37.573583,127.9479,축산과,033-340-2397,2021-10-12
가축사육업,강원도 횡성군 강림면 강림리 1393-1(강림길 ),소-한우,32,37.367516,128.1181,축산과,033-340-2397,2021-10-12
가축사육업,강원도 횡성군 갑천면 하대리 473-6(갑천로 490),소-한우,9,37.543227,128.153275,축산과,033-340-2397,2021-10-12
가축사육업,강원도 횡성군 공근면 학담리 531(영서로 130-81),소-한우,11,37.521336,127.953869,축산과,033-340-2397,2021-10-12
가축사육업,강원도 횡성군 안흥면 지구리 125(상터로 ),소-한우,2,37.443325,128.215116,축산과,033-340-2397,2021-10-12
가축사육업,강원도 횡성군 청일면 유동리 993-1(청정로유동3길 9),소-한우,31,37.581058,128.144502,축산과,033-340-2397,2021-10-12
가축사육업,강원도 횡성군 갑천면 구방리 927-6(태기로구방2길 100),소-한우,3,37.523441,128.056352,축산과,033-340-2397,2021-10-12
가축사육업,강원도 횡성군 횡성읍 옥동리 354-1(태기로 574),소-한우,14,37.517702,128.033916,축산과,033-340-2397,2021-10-12
가축사육업,강원도 횡성군 우천면 상대리 506-4(대미원로 ),소-한우,16,37.455252,128.078491,축산과,033-340-2397,2021-10-12
가축사육업,강원도 횡성군 우천면 정금리 1076(정금서길 235-5),소-한우,31,37.514036,128.084169,축산과,033-340-2397,2021-10-12
가축사육업,강원도 횡성군 횡성읍 개전리 474-1(태기로개전7길 24-22),소-한우,67,37.507533,128.016536,축산과,033-340-2397,2021-10-12
가축사육업,강원도 횡성군 공근면 매곡리 120(공근남로169번길 26),소-한우,10,37.530822,127.979675,축산과,033-340-2397,2021-10-12
가축사육업,강원도 횡성군 우천면 두곡리 257-1,소-한우,10,37.483333,128.048166,축산과,033-340-2397,2021-10-12
가축사육업,강원도 횡성군 우천면 문암리 391-1(수남로59번길 7-5),소-한우,17,37.469752,128.045925,축산과,033-340-2397,2021-10-12
가축사육업,강원도 횡성군 공근면 상동리 310-2(금계로상동4길 42-7),소-한우,23,37.604736,127.999783,축산과,033-340-2397,2021-10-12
가축사육업,강원도 횡성군 우천면 상하가리 90-7,소-한우,45,37.476902,128.069188,축산과,033-340-2397,2021-10-12
가축사육업,강원도 횡성군 우천면 용둔리 832-3,소-한우,24,37.487508,128.069813,축산과,033-340-2397,2021-10-12
가축사육업,강원도 횡성군 우천면 정금리 791(경강로정금2길 30),소-한우,6,37.498286,128.099438,축산과,033-340-2397,2021-10-12
가축사육업,강원도 횡성군 청일면 갑천리 264-1(봉덕로 273-32),소-한우,19,37.574541,128.178672,축산과,033-340-2397,2021-10-12
가축사육업,강원도 횡성군 갑천면 구방리 750,소-한우,56,37.526716,128.059477,축산과,033-340-2397,2021-10-12
가축사육업,강원도 횡성군 둔내면 자포곡리 156-4(청태산로154번길 38),소-한우,36,37.512311,128.243361,축산과,033-340-2397,2021-10-12
가축사육업,강원도 횡성군 청일면 유평리 741-1,소-한우,37,37.563241,128.130552,축산과,033-340-2397,2021-10-12
가축사육업,강원도 횡성군 우천면 상대리 327-16(대미원로123번길 33-3),소-한우,1,37.453563,128.08595,축산과,033-340-2397,2021-10-12
가축사육업,강원도 횡성군 우천면 하궁리 981-2,소-한우,8,37.501669,128.112766,축산과,033-340-2397,2021-10-12
가축사육업,강원도 횡성군 공근면 공근리 818-4(항재로 51),소-한우,42,37.562275,127.975705,축산과,033-340-2397,2021-10-12
가축사육업,강원도 횡성군 갑천면 율동리 372-1(율동로 78),소-한우,44,37.570705,128.110744,축산과,033-340-2397,2021-10-12
가축사육업,강원도 횡성군 서원면 옥계리 1011-8,소-한우,114,37.43528,127.854572,축산과,033-340-2397,2021-10-12
가축사육업,강원도 횡성군 갑천면 대관대리 472-3,소-한우,141,37.555963,128.031711,축산과,033-340-2397,2021-10-12
가축사육업,강원도 횡성군 우천면 산전리 185-1,소-한우,118,37.490522,128.088391,축산과,033-340-2397,2021-10-12
가축사육업,강원도 횡성군 우천면 용둔리 537-1(내용둔길 31),소-한우,2,37.498236,128.060266,축산과,033-340-2397,2021-10-12
가축사육업,강원도 횡성군 우천면 우항리 732-6,소-한우,24,37.448263,128.086991,축산과,033-340-2397,2021-10-12
가축사육업,강원도 횡성군 우천면 하궁리 424-1,소-한우,18,37.494044,128.124694,축산과,033-340-2397,2021-10-12
가축사육업,강원도 횡성군 갑천면 율동리 331-3(외갑천로 942),소-한우,3,37.567477,128.106755,축산과,033-340-2397,2021-10-12
가축사육업,강원도 횡성군 갑천면 매일리 288(갑천로10번길 78-24),소-한우,28,37.553394,128.112008,축산과,033-340-2397,2021-10-12
가축사육업,강원도 횡성군 둔내면 우용리 267-3,소-한우,137,37.494683,128.232855,축산과,033-340-2397,2021-10-12
가축사육업,강원도 횡성군 서원면 창촌리 182,소-한우,36,37.486738,127.860377,축산과,033-340-2397,2021-10-12
가축사육업,강원도 횡성군 강림면 강림리 777(강림시장2길 ),소-한우,26,37.35718,128.128405,축산과,033-340-2397,2021-10-12
가축사육업,강원도 횡성군 강림면 강림리 2516-12(태종로 93-29),소-한우,53,37.356936,128.124777,축산과,033-340-2397,2021-10-12
가축사육업,강원도 횡성군 안흥면 지구리 528-1,소-한우,89,37.424472,128.167755,축산과,033-340-2397,2021-10-12
가축사육업,강원도 횡성군 횡성읍 가담리 51(가담1길 8-4),소-한우,19,37.479997,127.975377,축산과,033-340-2397,2021-10-12
가축사육업,강원도 횡성군 둔내면 자포곡리 165-1,소-한우,30,37.512763,128.240855,축산과,033-340-2397,2021-10-12
가축사육업,강원도 횡성군 서원면 창촌리 772,소-한우,54,37.48615,127.83793,축산과,033-340-2397,2021-10-12
가축사육업,강원도 횡성군 횡성읍 개전리 597(태기로개전9길 74),소-한우,34,37.513316,128.021952,축산과,033-340-2397,2021-10-12
가축사육업,강원도 횡성군 서원면 석화리 산 144,소-한우,95,37.47868,127.814488,축산과,033-340-2397,2021-10-12
가축사육업,강원도 횡성군 안흥면 소사리 1475,소-한우,71,37.467197,128.134769,축산과,033-340-2397,2021-10-12
가축사육업,강원도 횡성군 횡성읍 갈풍리 239(갈풍길 159),소-한우,12,37.486136,127.943991,축산과,033-340-2397,2021-10-12
가축사육업,강원도 횡성군 둔내면 석문리 202-2,소-한우,71,37.529258,128.233119,축산과,033-340-2397,2021-10-12
가축사육업,강원도 횡성군 안흥면 안흥리 1085-3,소-한우,166,37.405094,128.152608,축산과,033-340-2397,2021-10-12
가축사육업,강원도 횡성군 강림면 강림리 843-14(강림시장2길 12),소-한우,35,37.359341,128.128275,축산과,033-340-2397,2021-10-12
가축사육업,강원도 횡성군 공근면 가곡리 290-4(금계로 489),소-한우,33,37.570897,127.984791,축산과,033-340-2397,2021-10-12
가축사육업,강원도 횡성군 횡성읍 조곡리 206(한우로조곡4길 43-301동),소-한우,82,37.488238,128.024425,축산과,033-340-2397,2021-10-12
가축사육업,강원도 횡성군 서원면 금대리 193-1(금대2길 73),소-한우,74,37.499294,127.909138,축산과,033-340-2397,2021-10-12
가축사육업,강원도 횡성군 갑천면 상대리 327,소-한우,48,37.526291,128.173305,축산과,033-340-2397,2021-10-12
가축사육업,강원도 횡성군 공근면 덕촌리 11-10(공근남로 342),소-한우,76,37.526866,128.000141,축산과,033-340-2397,2021-10-12
가축사육업,강원도 횡성군 공근면 삼배리 425-3(공근북로 439-1),소-한우,38,37.56513,127.990236,축산과,033-340-2397,2021-10-12
가축사육업,강원도 횡성군 둔내면 석문리 592-8(용현로 61),소-한우,229,37.528425,128.221183,축산과,033-340-2397,2021-10-12
가축사육업,강원도 횡성군 안흥면 안흥리 219-2(실미송한길 ),소-한우,2,37.418475,128.154475,축산과,033-340-2397,2021-10-12
가축사육업,강원도 횡성군 횡성읍 옥동리 358(태기로 576),소-한우,81,37.517994,128.035363,축산과,033-340-2397,2021-10-12
가축사육업,강원도 횡성군 공근면 오산리 152-3(공근남로 245-1주건축물제1동),소-한우,4,37.526808,127.987877,축산과,033-340-2397,2021-10-12
가축사육업,강원도 횡성군 청일면 유동리 1355-7(봉덕로 72-59),소-한우,18,37.579008,128.155366,축산과,033-340-2397,2021-10-12
가축사육업,강원도 횡성군 횡성읍 옥동리 357-3(태기로 576),소-육우,10,37.517994,128.035363,축산과,033-340-2397,2021-10-12
가축사육업,강원도 횡성군 횡성읍 갈풍리 344-1,소-한우,4,37.483855,127.951805,축산과,033-340-2397,2021-10-12
가축사육업,강원도 횡성군 공근면 매곡리 123(공근남로169번길 22),소-한우,20,37.529188,127.979675,축산과,033-340-2397,2021-10-12
가축사육업,강원도 횡성군 공근면 도곡리 305-1(도곡로 202),소-한우,75,37.549955,127.940886,축산과,033-340-2397,2021-10-12
가축사육업,강원도 횡성군 공근면 어둔리 278-4(금계서로 457),소-한우,20,37.603338,127.965833,축산과,033-340-2397,2021-10-12
가축사육업,강원도 횡성군 둔내면 우용리 362(고원남로 107-27),소-한우,1,37.501241,128.214091,축산과,033-340-2397,2021-10-12
가축사육업,강원도 횡성군 공근면 상동리 455-3(부창상동길 57-3),소-한우,12,37.598855,128.008802,축산과,033-340-2397,2021-10-12
가축사육업,강원도 횡성군 공근면 삼배리 217-2(공근북로 346),소-한우,5,37.559416,127.997016,축산과,033-340-2397,2021-10-12
가축사육업,강원도 횡성군 횡성읍 개전리 8,소-한우,23,37.508558,128.025713,축산과,033-340-2397,2021-10-12
가축사육업,강원도 횡성군 횡성읍 개전리 597(태기로개전9길 74),소-한우,97,37.513316,128.021952,축산과,033-340-2397,2021-10-12
가축사육업,강원도 횡성군 둔내면 우용리 261(우용로 130),소-한우,7,37.494555,128.230775,축산과,033-340-2397,2021-10-12
가축사육업,강원도 횡성군 공근면 삼배리 408-3(금계동로 139),소-한우,3,37.565805,127.998336,축산과,033-340-2397,2021-10-12
가축사육업,강원도 횡성군 횡성읍 조곡리 124,소-한우,12,37.492638,128.020469,축산과,033-340-2397,2021-10-12
가축사육업,강원도 횡성군 우천면 하궁리 1008,소-한우,9,37.499222,128.118355,축산과,033-340-2397,2021-10-12
가축사육업,강원도 횡성군 횡성읍 갈풍리 118(갈풍서길 39),소-한우,43,37.478741,127.949505,축산과,033-340-2397,2021-10-12
가축사육업,강원도 횡성군 서원면 유현리 1061,소-한우,40,37.529477,127.815413,축산과,033-340-2397,2021-10-12
가축사육업,강원도 횡성군 횡성읍 남산리 11-1(남산생운로 42),소-한우,7,37.48103,128.003519,축산과,033-340-2397,2021-10-12
가축사육업,강원도 횡성군 횡성읍 생운리 260-1,소-한우,9,37.48078,128.013038,축산과,033-340-2397,2021-10-12
가축사육업,강원도 횡성군 횡성읍 조곡리 101,소-한우,56,37.490975,128.019052,축산과,033-340-2397,2021-10-12
가축사육업,강원도 횡성군 횡성읍 조곡리 480-1,소-한우,34,37.489308,128.011502,축산과,033-340-2397,2021-10-12
가축사육업,강원도 횡성군 횡성읍 조곡리 286,소-한우,4,37.488602,128.019902,축산과,033-340-2397,2021-10-12
가축사육업,강원도 횡성군 횡성읍 조곡리 213-7,소-한우,139,37.487316,128.025877,축산과,033-340-2397,2021-10-12
가축사육업,강원도 횡성군 횡성읍 청용리 158-1,소-한우,6,37.466266,127.98535,축산과,033-340-2397,2021-10-12
가축사육업,강원도 횡성군 횡성읍 조곡리 484,소-한우,13,37.4884,128.011388,축산과,033-340-2397,2021-10-12
가축사육업,강원도 횡성군 강림면 강림리 670-1(태종로강림7길 9-1),소-한우,26,37.351108,128.120555,축산과,033-340-2397,2021-10-12
가축사육업,강원도 횡성군 우천면 하대리 249-2(하대5길 138),소-한우,320,37.467758,128.082355,축산과,033-340-2397,2021-10-12
가축사육업,강원도 횡성군 강림면 월현리 1064-3(주천강로 ),소-한우,2,37.359616,128.1594,축산과,033-340-2397,2021-10-12
가축사육업,강원도 횡성군 횡성읍 옥동리 604-3(옥동안길 39),소-한우,31,37.524733,128.027305,축산과,033-340-2397,2021-10-12
가축사육업,강원도 횡성군 횡성읍 옥동리 59(태기로 640-25),소-한우,22,37.518216,128.028969,축산과,033-340-2397,2021-10-12
가축사육업,강원도 횡성군 횡성읍 정암리 630(정암길 102),소-한우,39,37.456902,128.023944,축산과,033-340-2397,2021-10-12
가축사육업,강원도 횡성군 횡성읍 송전리 3(송전로 164),소-한우,25,37.538133,128.025566,축산과,033-340-2397,2021-10-12
가축사육업,강원도 횡성군 횡성읍 갈풍리 237(갈풍길 139-13),소-한우,96,37.485169,127.944716,축산과,033-340-2397,2021-10-12
가축사육업,강원도 횡성군 횡성읍 학곡리 201-2(학오로90번길 65-2),소-한우,2,37.50605,127.979605,축산과,033-340-2397,2021-10-12
가축사육업,강원도 횡성군 횡성읍 반곡리 528(광학로 294-43),소-한우,70,37.467222,127.950169,축산과,033-340-2397,2021-10-12
가축사육업,강원도 횡성군 갑천면 하대리 65-2(갑천로 609-16),소-한우,12,37.538436,128.163616,축산과,033-340-2397,2021-10-12
가축사육업,강원도 횡성군 청일면 춘당리 468(청정로춘당2길 57),소-한우,149,37.594455,128.158186,축산과,033-340-2397,2021-10-12
가축사육업,강원도 횡성군 청일면 유동리 957-1(봉덕로 72-61),소-한우,407,37.576877,128.153713,축산과,033-340-2397,2021-10-12
가축사육업,강원도 횡성군 공근면 공근리 461-1(금계서로 119),소-한우,10,37.577483,127.970666,축산과,033-340-2397,2021-10-12
가축사육업,강원도 횡성군 갑천면 구방리 885(태기로구방2길 63),소-한우,1,37.527322,128.056891,축산과,033-340-2397,2021-10-12
가축사육업,강원도 횡성군 강림면 강림리 1816-4(태종로강림7길 27-8),소-한우,79,37.348394,128.120802,축산과,033-340-2397,2021-10-12
가축사육업,강원도 횡성군 우천면 산전리 343-1,소-한우,93,37.487452,128.085483,축산과,033-340-2397,2021-10-12
가축사육업,강원도 횡성군 둔내면 조항리 686-4,소-한우,42,37.475211,128.201883,축산과,033-340-2397,2021-10-12
가축사육업,강원도 횡성군 우천면 하궁리 561,소-한우,32,37.497891,128.12323,축산과,033-340-2397,2021-10-12
가축사육업,강원도 횡성군 공근면 학담리 213-1(학담길 28),소-한우,5,37.537688,127.9614,축산과,033-340-2397,2021-10-12
가축사육업,강원도 횡성군 서원면 유현리 1320-1(경강로유현10길 80-5),소-한우,19,37.523213,127.87765,축산과,033-340-2397,2021-10-12
가축사육업,강원도 횡성군 공근면 창봉리 26-1(영서로 608-14),소-한우,8,37.567033,127.955516,축산과,033-340-2397,2021-10-12
가축사육업,강원도 횡성군 강림면 강림리 1704(태종로강림6길 57-8),소-한우,134,37.356058,128.115733,축산과,033-340-2397,2021-10-12
가축사육업,강원도 횡성군 횡성읍 옥동리 202(성동로 238),소-한우,31,37.508536,128.032558,축산과,033-340-2397,2021-10-12
가축사육업,강원도 횡성군 공근면 도곡리 304-3(도곡로 198),소-한우,20,37.550169,127.941416,축산과,033-340-2397,2021-10-12
가축사육업,강원도 횡성군 횡성읍 영영포리 556-8(영영포남길 53),소-한우,12,37.48733,128.043583,축산과,033-340-2397,2021-10-12
가축사육업,강원도 횡성군 공근면 덕촌리 150-1(공근남로399번길 140-23),소-한우,9,37.540172,127.993547,축산과,033-340-2397,2021-10-12
가축사육업,강원도 횡성군 공근면 부창리 26(금계동로 565),소-한우,55,37.586511,128.023575,축산과,033-340-2397,2021-10-12
가축사육업,강원도 횡성군 공근면 수백리 382(공근남로419번길 29-11),소-한우,20,37.534977,128.002441,축산과,033-340-2397,2021-10-12
가축사육업,강원도 횡성군 갑천면 전촌리 474-3,소-한우,24,37.5662,128.046652,축산과,033-340-2397,2021-10-12
가축사육업,강원도 횡성군 공근면 어둔리 187,소-한우,9,37.594258,127.968122,축산과,033-340-2397,2021-10-12
가축사육업,강원도 횡성군 공근면 가곡리 62-1(금계로 ),소-한우,141,37.577969,127.987075,축산과,033-340-2397,2021-10-12
가축사육업,강원도 횡성군 공근면 상동리 639-1(금계로상동9길 54-13),소-한우,20,37.615347,127.988625,축산과,033-340-2397,2021-10-12
가축사육업,강원도 횡성군 횡성읍 개전리 588-5(태기로 453),소-한우,61,37.511475,128.02333,축산과,033-340-2397,2021-10-12
가축사육업,강원도 횡성군 횡성읍 청용리 292,소-한우,33,37.469863,127.986905,축산과,033-340-2397,2021-10-12
가축사육업,강원도 횡성군 갑천면 매일리 352-4,소-한우,31,37.556866,128.115872,축산과,033-340-2397,2021-10-12
가축사육업,강원도 횡성군 우천면 정금리 산 111,소-한우,302,37.50758,128.074375,축산과,033-340-2397,2021-10-12
가축사육업,강원도 횡성군 횡성읍 추동리 279-4,소-한우,337,37.485269,128.029113,축산과,033-340-2397,2021-10-12
가축사육업,강원도 횡성군 강림면 강림리 1445,소-한우,212,37.363891,128.116191,축산과,033-340-2397,2021-10-12
가축사육업,강원도 횡성군 우천면 하궁리 537,소-한우,46,37.499144,128.122358,축산과,033-340-2397,2021-10-12
가축사육업,강원도 횡성군 횡성읍 학곡리 825,소-한우,8,37.508444,127.946819,축산과,033-340-2397,2021-10-12
가축사육업,강원도 횡성군 갑천면 전촌리 512,소-한우,54,37.564938,128.048305,축산과,033-340-2397,2021-10-12
가축사육업,강원도 횡성군 안흥면 소사리 555,소-한우,18,37.468377,128.158675,축산과,033-340-2397,2021-10-12
가축사육업,강원도 횡성군 공근면 공근리 443-1(금계서로 103),소-한우,5,37.57595,127.970369,축산과,033-340-2397,2021-10-12
가축사육업,강원도 횡성군 공근면 행정리 277(항재로 216),소-한우,55,37.571786,127.963819,축산과,033-340-2397,2021-10-12
가축사육업,강원도 횡성군 공근면 어둔리 211-5(금계서로 371),소-한우,4,37.595819,127.969866,축산과,033-340-2397,2021-10-12
가축사육업,강원도 횡성군 우천면 오원리 939-6,소-한우,1,37.440533,128.097725,축산과,033-340-2397,2021-10-12
가축사육업,강원도 횡성군 강림면 강림리 2172-31,소-한우,37,37.367955,128.114583,축산과,033-340-2397,2021-10-12
가축사육업,강원도 횡성군 우천면 정금리 1238-14(정금서1길 67-41),소-한우,98,37.507308,128.075144,축산과,033-340-2397,2021-10-12
가축사육업,강원도 횡성군 우천면 양적리 383-2(한우로양적1길 32),소-한우,8,37.471077,128.054408,축산과,033-340-2397,2021-10-12
가축사육업,강원도 횡성군 공근면 학담리 605-1,소-한우,140,37.530122,127.938608,축산과,033-340-2397,2021-10-12
가축사육업,강원도 횡성군 횡성읍 옥동리 454(옥동안길 20),소-한우,83,37.524452,128.031161,축산과,033-340-2397,2021-10-12
가축사육업,강원도 횡성군 우천면 우항리 681-3,소-한우,54,37.45693,128.072538,축산과,033-340-2397,2021-10-12
가축사육업,강원도 횡성군 공근면 어둔리 308(금계서로 490-28),소-한우,13,37.605222,127.968022,축산과,033-340-2397,2021-10-12
가축사육업,강원도 횡성군 갑천면 전촌리 474-2(외갑천로 357),소-한우,28,37.566536,128.04713,축산과,033-340-2397,2021-10-12
가축사육업,강원도 횡성군 둔내면 자포곡리 68,소-한우,11,37.515005,128.240366,축산과,033-340-2397,2021-10-12
가축사육업,강원도 횡성군 횡성읍 갈풍리 279(갈풍길 141),소-한우,24,37.48543,127.945533,축산과,033-340-2397,2021-10-12
가축사육업,강원도 횡성군 갑천면 상대리 600(갑천로760번길 133-5),소-한우,26,37.517208,128.163616,축산과,033-340-2397,2021-10-12
가축사육업,강원도 횡성군 우천면 하대리 551-2,소-한우,42,37.457836,128.072691,축산과,033-340-2397,2021-10-12
가축사육업,강원도 횡성군 공근면 학담리 247(학담4길 13),소-한우,2,37.538647,127.962558,축산과,033-340-2397,2021-10-12
가축사육업,강원도 횡성군 공근면 초원리 105-11,소-한우,15,37.525277,127.931319,축산과,033-340-2397,2021-10-12
가축사육업,강원도 횡성군 서원면 창촌리 691-4,소-한우,33,37.490616,127.840391,축산과,033-340-2397,2021-10-12
가축사육업,강원도 횡성군 공근면 청곡리 69-1(금계로청곡4길 31),소-한우,20,37.557508,127.980647,축산과,033-340-2397,2021-10-12
가축사육업,강원도 횡성군 공근면 수백리 381(공근남로419번길 29-5),소-한우,47,37.535055,128.003194,축산과,033-340-2397,2021-10-12
가축사육업,강원도 횡성군 우천면 산전리 153-3(경강로산전3길 81),소-한우,22,37.494766,128.087027,축산과,033-340-2397,2021-10-12
가축사육업,강원도 횡성군 우천면 산전리 524(경강로산전3길 84),소-한우,130,37.494136,128.088266,축산과,033-340-2397,2021-10-12
가축사육업,강원도 횡성군 우천면 산전리 156,소-한우,22,37.493172,128.087858,축산과,033-340-2397,2021-10-12
가축사육업,강원도 횡성군 우천면 산전리 524-1(경강로산전3길 78),소-한우,33,37.493641,128.088313,축산과,033-340-2397,2021-10-12
가축사육업,강원도 횡성군 우천면 하대리 67-2(하대6길 47),소-한우,126,37.462325,128.089341,축산과,033-340-2397,2021-10-12
가축사육업,강원도 횡성군 우천면 정금리 780-2(경강로정금2길 33),소-한우,52,37.497955,128.100527,축산과,033-340-2397,2021-10-12
가축사육업,강원도 횡성군 강림면 강림리 2479-14,소-한우,49,37.372302,128.134783,축산과,033-340-2397,2021-10-12
가축사육업,강원도 횡성군 청일면 유동리 831,소-한우,3,37.586583,128.152241,축산과,033-340-2397,2021-10-12
가축사육업,강원도 횡성군 갑천면 대관대리 106,소-한우,8,37.548166,128.023619,축산과,033-340-2397,2021-10-12
가축사육업,강원도 횡성군 청일면 유동리 893-1(청정로 848-12),소-한우,36,37.582211,128.151758,축산과,033-340-2397,2021-10-12
가축사육업,강원도 횡성군 갑천면 구방리 646(태기로구방4길 80),소-한우,14,37.532377,128.066233,축산과,033-340-2397,2021-10-12
가축사육업,강원도 횡성군 공근면 신촌리 721(신촌3길 34),소-한우,19,37.51775,127.948469,축산과,033-340-2397,2021-10-12
가축사육업,강원도 횡성군 공근면 부창리 318(금계로부창5길 41),소-젖소,30,37.589752,127.994291,축산과,033-340-2397,2021-10-12
가축사육업,강원도 횡성군 갑천면 하대리 1003(갑천로 434-12),소-한우,36,37.54343,128.148491,축산과,033-340-2397,2021-10-12
가축사육업,강원도 횡성군 서원면 창촌리 445,소-한우,43,37.4806,127.861561,축산과,033-340-2397,2021-10-12
가축사육업,강원도 횡성군 공근면 학담리 245(학담4길 13-5),소-한우,9,37.53885,127.961805,축산과,033-340-2397,2021-10-12
가축사육업,강원도 횡성군 우천면 오원리 568,소-한우,14,37.440255,128.091255,축산과,033-340-2397,2021-10-12
가축사육업,강원도 횡성군 청일면 춘당리 405-1(청정로 1066),소-한우,10,37.599436,128.150611,축산과,033-340-2397,2021-10-12
가축사육업,강원도 횡성군 갑천면 대관대리 469-4(외갑천로126번길 43),소-한우,64,37.556902,128.030069,축산과,033-340-2397,2021-10-12
가축사육업,강원도 횡성군 서원면 창촌리 408(창촌남길 82),소-한우,40,37.481316,127.858225,축산과,033-340-2397,2021-10-12
가축사육업,강원도 횡성군 횡성읍 송전리 33,소-한우,24,37.533586,128.025427,축산과,033-340-2397,2021-10-12
가축사육업,강원도 횡성군 갑천면 율동리 324-3(외갑천로 941),소-한우,10,37.567883,128.107108,축산과,033-340-2397,2021-10-12
가축사육업,강원도 횡성군 횡성읍 옥동리 672-3(옥동길 34),소-한우,7,37.518319,128.028188,축산과,033-340-2397,2021-10-12
가축사육업,강원도 횡성군 공근면 부창리 128(금계로부창6길 25-10),소-한우,12,37.595855,128.006475,축산과,033-340-2397,2021-10-12
가축사육업,강원도 횡성군 횡성읍 갈풍리 205(갈풍서길 124),소-한우,41,37.475927,127.94175,축산과,033-340-2397,2021-10-12
가축사육업,강원도 횡성군 안흥면 지구리 482-1,소-한우,40,37.429488,128.174755,축산과,033-340-2397,2021-10-12
가축사육업,강원도 횡성군 갑천면 병지방리 372-3,소-한우,5,37.604611,128.086541,축산과,033-340-2397,2021-10-12
가축사육업,강원도 횡성군 갑천면 전촌리 117-1(외갑천로 384-74),소-한우,86,37.559644,128.04515,축산과,033-340-2397,2021-10-12
가축사육업,강원도 횡성군 공근면 매곡리 56(공근남로169번길 100-4),소-한우,20,37.536958,127.980783,축산과,033-340-2397,2021-10-12
가축사육업,강원도 횡성군 안흥면 소사리 1076-2,소-한우,22,37.462105,128.149766,축산과,033-340-2397,2021-10-12
가축사육업,강원도 횡성군 공근면 공근리 223-1(봉화마을2길 1),소-한우,46,37.565505,127.969397,축산과,033-340-2397,2021-10-12
가축사육업,강원도 횡성군 우천면 정금리 758(경강로정금2길 65),소-한우,13,37.495783,128.101883,축산과,033-340-2397,2021-10-12
가축사육업,강원도 횡성군 갑천면 하대리 922(갑천로406번길 30),소-한우,40,37.540625,128.143977,축산과,033-340-2397,2021-10-12
가축사육업,강원도 횡성군 안흥면 소사리 56-2,소-한우,1,37.465886,128.179366,축산과,033-340-2397,2021-10-12
가축사육업,강원도 횡성군 공근면 학담리 230(학담6길 ),소-한우,23,37.539541,127.957913,축산과,033-340-2397,2021-10-12
가축사육업,강원도 횡성군 우천면 산전리 201,소-한우,50,37.488422,128.08833,축산과,033-340-2397,2021-10-12
가축사육업,강원도 횡성군 갑천면 상대리 108(갑천로 894),소-한우,70,37.52305,128.182002,축산과,033-340-2397,2021-10-12
가축사육업,강원도 횡성군 안흥면 상안리 912-1,소-한우,35,37.413763,128.189216,축산과,033-340-2397,2021-10-12
가축사육업,강원도 횡성군 안흥면 소사리 56-2,소-한우,5,37.465886,128.179366,축산과,033-340-2397,2021-10-12
가축사육업,강원도 횡성군 둔내면 마암리 524,소-한우,65,37.538266,128.208441,축산과,033-340-2397,2021-10-12
가축사육업,강원도 횡성군 서원면 창촌리 547-1,소-한우,8,37.485505,127.849877,축산과,033-340-2397,2021-10-12
가축사육업,강원도 횡성군 안흥면 지구리 395(강변로지구7길 37-7),소-한우,24,37.431941,128.175475,축산과,033-340-2397,2021-10-12
가축사육업,강원도 횡성군 공근면 초원리 469(경강로초원3길 30),소-한우,5,37.529066,127.905994,축산과,033-340-2397,2021-10-12
가축사육업,강원도 횡성군 서원면 석화리 545-3,소-한우,95,37.478605,127.813283,축산과,033-340-2397,2021-10-12
가축사육업,강원도 횡성군 둔내면 현천리 1369-7,소-한우,603,37.497077,128.159605,축산과,033-340-2397,2021-10-12
가축사육업,강원도 횡성군 횡성읍 옥동리 672-2,소-한우,22,37.51818,128.029033,축산과,033-340-2397,2021-10-12
가축사육업,강원도 횡성군 강림면 월현리 835-3(주천강로 437),소-한우,36,37.345575,128.160705,축산과,033-340-2397,2021-10-12
가축사육업,강원도 횡성군 공근면 초원리 275-1(초원길 100),소-한우,6,37.536497,127.922505,축산과,033-340-2397,2021-10-12
가축사육업,강원도 횡성군 공근면 어둔리 150(금계서로 344),소-육우,109,37.594383,127.972958,축산과,033-340-2397,2021-10-12
가축사육업,강원도 횡성군 청일면 갑천리 405(봉덕로248번길 31-71),소-한우,43,37.564377,128.175944,축산과,033-340-2397,2021-10-12
가축사육업,강원도 횡성군 갑천면 대관대리 488-3(외갑천로126번길 24-50),돼지-일반,950,37.551891,128.031477,축산과,033-340-2397,2021-10-12
가축사육업,강원도 횡성군 안흥면 송한리 50-2(실미송한길 293-49),돼지-일반,1870,37.43013,128.142691,축산과,033-340-2397,2021-10-12
가축사육업,강원도 횡성군 우천면 산전리 117-1(경강로산전7길 45),돼지-일반,1200,37.497572,128.09013,축산과,033-340-2397,2021-10-12
가축사육업,강원도 횡성군 우천면 상하가리 125-3(상하가로258번길 12),돼지-일반,1700,37.483305,128.072538,축산과,033-340-2397,2021-10-12
가축사육업,강원도 횡성군 안흥면 소사리 1385(봉화로소사7길 23),돼지-일반,1500,37.466475,128.142277,축산과,033-340-2397,2021-10-12
가축사육업,강원도 횡성군 공근면 창봉리 684-6(창봉2길 89),돼지-일반,6000,37.572916,127.933047,축산과,033-340-2397,2021-10-12
가축사육업,강원도 횡성군 안흥면 소사리 361(덧재로492번길 94),돼지-종돈,37984,37.454083,128.160969,축산과,033-340-2397,2021-10-12
가축사육업,강원도 횡성군 서원면 창촌리 25-54(서원로 440-44),돼지-일반,2000,37.487283,127.877233,축산과,033-340-2397,2021-10-12
가축사육업,강원도 횡성군 강림면 월현리 1467(월강1길 70),돼지-일반,300,37.349783,128.1483,축산과,033-340-2397,2021-10-12
가축사육업,강원도 횡성군 공근면 도곡리 331-5(도곡로 169),돼지-일반,1100,37.550033,127.944569,축산과,033-340-2397,2021-10-12
가축사육업,강원도 횡성군 둔내면 현천리 750(현천남길 218-5),돼지-일반,681,37.471702,128.18565,축산과,033-340-2397,2021-10-12
가축사육업,강원도 횡성군 공근면 초원리 290-3(초원안길 25-14),돼지-일반,2100,37.533702,127.921133,축산과,033-340-2397,2021-10-12
가축사육업,강원도 횡성군 안흥면 소사리 758(덧재로 374-76),돼지-일반,2257,37.450458,128.157483,축산과,033-340-2397,2021-10-12
가축사육업,강원도 횡성군 우천면 정금리 1026(정금서1길 27),돼지-일반,1180,37.509088,128.082052,축산과,033-340-2397,2021-10-12
가축사육업,강원도 횡성군 우천면 백달리 66-2(서동로백달8길 52),돼지-일반,1680,37.440636,128.073088,축산과,033-340-2397,2021-10-12
가축사육업,강원도 횡성군 안흥면 소사리 1130-1(봉화로소사7길 131),돼지-일반,2100,37.469747,128.150247,축산과,033-340-2397,2021-10-12
가축사육업,강원도 횡성군 공근면 창봉리 655-52(창봉2길 87),돼지-일반,1500,37.573402,127.933447,축산과,033-340-2397,2021-10-12
가축사육업,강원도 횡성군 강림면 강림리 1004-1(주천강로 1313),돼지-종돈,4210,37.375069,128.132286,축산과,033-340-2397,2021-10-12
가축사육업,강원도 횡성군 둔내면 현천리 1369-7,돼지-일반,40,37.497077,128.159605,축산과,033-340-2397,2021-10-12
가축사육업,강원도 횡성군 공근면 어둔리 9-4(부창어둔길 98-36),염소,4,37.587672,127.983297,축산과,033-340-2397,2021-10-12
가축사육업,강원도 횡성군 안흥면 소사리 211(노동로227번길 127),염소,20,37.469541,128.172755,축산과,033-340-2397,2021-10-12
부화업,강원도 횡성군 청일면 유동리 777(청정로유동6길 75-7),염소,1,37.589988,128.159577,축산과,033-340-2397,2021-10-12
가축사육업,강원도 횡성군 횡성읍 개전리 143-1(태기로개전4길 34),염소,40,37.501394,128.015447,축산과,033-340-2397,2021-10-12
가축사육업,강원도 횡성군 강림면 월현리 796-1(주천강로월현2길 16),염소,2,37.345133,128.164808,축산과,033-340-2397,2021-10-12
가축사육업,강원도 횡성군 둔내면 현천리 1636(경강로현천2길 ),염소,14,37.476552,128.158669,축산과,033-340-2397,2021-10-12
가축사육업,강원도 횡성군 안흥면 상안리 672-3(서동로 1598-89),염소,150,37.408625,128.202108,축산과,033-340-2397,2021-10-12
가축사육업,강원도 횡성군 청일면 춘당리 349(춘당로 134),염소,50,37.6105,128.153483,축산과,033-340-2397,2021-10-12
가축사육업,강원도 횡성군 안흥면 소사리 748(덧재로 323),염소,250,37.447427,128.154566,축산과,033-340-2397,2021-10-12
가축사육업,강원도 횡성군 공근면 신촌리 670-18(영서로 130-29),염소,70,37.523941,127.959061,축산과,033-340-2397,2021-10-12
가축사육업,강원도 횡성군 안흥면 안흥리 961-67,염소,2,37.39738,128.124983,축산과,033-340-2397,2021-10-12
가축사육업,강원도 횡성군 우천면 정금리 산 113(정금서1길 67-57),염소,30,37.508705,128.074588,축산과,033-340-2397,2021-10-12
가축사육업,강원도 횡성군 갑천면 하대리 56-2(갑천로 585-14),염소,1,37.539308,128.162213,축산과,033-340-2397,2021-10-12
가축사육업,강원도 횡성군 공근면 학담리 587-7(학담서로 165),염소,3,37.53008,127.945016,축산과,033-340-2397,2021-10-12
가축사육업,강원도 횡성군 우천면 오원리 140-1,염소,8,37.451466,128.118261,축산과,033-340-2397,2021-10-12
가축사육업,강원도 횡성군 공근면 부창리 205(금계로 857),염소,4,37.59643,128.002708,축산과,033-340-2397,2021-10-12
가축사육업,강원도 횡성군 우천면 산전리 산 59,염소,20,37.484291,128.089613,축산과,033-340-2397,2021-10-12
가축사육업,강원도 횡성군 강림면 강림리 1097-4(강림서길 41),염소,6,37.379027,128.132705,축산과,033-340-2397,2021-10-12
가축사육업,강원도 횡성군 공근면 삼배리 77(금계동로190번길 57-36),염소,120,37.562125,128.010308,축산과,033-340-2397,2021-10-12
가축사육업,강원도 횡성군 안흥면 상안리 753-1(서동로 1441-15),염소,10,37.415994,128.18283,축산과,033-340-2397,2021-10-12
가축사육업,강원도 횡성군 공근면 부창리 520-2(금계로 703-1),염소,7,37.584163,127.994986,축산과,033-340-2397,2021-10-12
가축사육업,강원도 횡성군 안흥면 상안리 441(서동로상안4길 137),염소,1,37.405972,128.211561,축산과,033-340-2397,2021-10-12
가축사육업,강원도 횡성군 공근면 공근리 155-1,염소,10,37.561786,127.971694,축산과,033-340-2397,2021-10-12
가축사육업,강원도 횡성군 공근면 매곡리 248(공근남로169번길 45-13),염소,500,37.532827,127.97825,축산과,033-340-2397,2021-10-12
가축사육업,강원도 횡성군 둔내면 우용리 362(고원남로 107-27),염소,5,37.501241,128.214091,축산과,033-340-2397,2021-10-12
가축사육업,강원도 횡성군 횡성읍 갈풍리 산 61,염소,3,37.485316,127.941252,축산과,033-340-2397,2021-10-12
가축사육업,강원도 횡성군 우천면 문암리 369,염소,150,37.469333,128.039825,축산과,033-340-2397,2021-10-12
가축사육업,강원도 횡성군 횡성읍 갈풍리 85-1(갈풍길 17),염소,1,37.478686,127.957302,축산과,033-340-2397,2021-10-12
가축사육업,강원도 횡성군 서원면 창촌리 191-1(서원로 271),염소,70,37.487822,127.862533,축산과,033-340-2397,2021-10-12
가축사육업,강원도 횡성군 우천면 상하가리 산 87,염소,17,37.476983,128.059155,축산과,033-340-2397,2021-10-12
가축사육업,강원도 횡성군 횡성읍 청용리 292,염소,15,37.469863,127.986905,축산과,033-340-2397,2021-10-12
가축사육업,강원도 횡성군 안흥면 가천리 206,염소,5,37.384391,128.137586,축산과,033-340-2397,2021-10-12
가축사육업,강원도 횡성군 우천면 양적리 358-1(수남로248번길 33-14),염소,3,37.455544,128.055127,축산과,033-340-2397,2021-10-12
가축사육업,강원도 횡성군 횡성읍 갈풍리 산 55-1,염소,5,37.480958,127.942352,축산과,033-340-2397,2021-10-12
가축사육업,강원도 횡성군 서원면 창촌리 191-1(서원로 271),염소,45,37.487822,127.862533,축산과,033-340-2397,2021-10-12
가축사육업,강원도 횡성군 횡성읍 갈풍리 148,염소,7,37.478913,127.947016,축산과,033-340-2397,2021-10-12
가축사육업,강원도 횡성군 갑천면 대관대리 245-1(외갑천로126번길 24-90),염소,55,37.552211,128.034819,축산과,033-340-2397,2021-10-12
가축사육업,강원도 횡성군 안흥면 소사리 550(덕송로소사2길 37),사슴-꽃사슴,6,37.468141,128.158144,축산과,033-340-2397,2021-10-12
가축사육업,강원도 횡성군 갑천면 전촌리 42(외갑천로383번길 90),사슴-엘크,19,37.569966,128.054166,축산과,033-340-2397,2021-10-12
가축사육업,강원도 횡성군 안흥면 상안리 461-5(서동로상안4길 62),사슴-꽃사슴,50,37.411866,128.208605,축산과,033-340-2397,2021-10-12
가축사육업,강원도 횡성군 우천면 정금리 919-1,사슴-엘크,60,37.507861,128.101641,축산과,033-340-2397,2021-10-12
가축사육업,강원도 횡성군 안흥면 상안리 753-1(서동로 1441-15),사슴-꽃사슴,14,37.415994,128.18283,축산과,033-340-2397,2021-10-12
가축사육업,강원도 횡성군 우천면 용둔리 512-1,사슴-꽃사슴,13,37.501541,128.062122,축산과,033-340-2397,2021-10-12
가축사육업,강원도 횡성군 안흥면 상안리 441(서동로상안4길 137),사슴-꽃사슴,13,37.405972,128.211561,축산과,033-340-2397,2021-10-12
가축사육업,강원도 횡성군 강림면 강림리 156-2(강림북1길 35),사슴-엘크,50,37.38085,128.144733,축산과,033-340-2397,2021-10-12
가축사육업,강원도 횡성군 둔내면 조항리 814,사슴-기타,1,37.474755,128.190405,축산과,033-340-2397,2021-10-12
