사업장명칭,주사육업종,사업장소재지(지번),사업장소재지(도로명),데이터기준일
안동민속한우영농조합법인,한우,"경상북도 안동시 서후면 이개리 669번지 1호 외4필지(616-2,616-1,312-4,312-26) ","경상북도 안동시 서후면 백현길 122 (외4필지(616-2,616-1,312-4,312-26))",2025-11-25
성우농장 1,한우,경상북도 안동시 서후면 이개리 386번지  ,경상북도 안동시 서후면 귀여리길 406,2025-11-25
성우농장 2,한우,경상북도 안동시 서후면 이개리 386번지  ,"경상북도 안동시 서후면 귀여리길 406, (이개리 387,387-1,387-2)",2025-11-25
김재준농장,한우,"경상북도 안동시 와룡면 주계리 777번지 ,777-1 ",경상북도 안동시 와룡면 장수골길 217-15,2025-11-25
김상목농장,한우,경상북도 안동시 와룡면 주계리 595번지 5호  ,경상북도 안동시 와룡면 가야길 439,2025-11-25
조이팜농장,돼지,경상북도 안동시 와룡면 가구리 429번지  ,경상북도 안동시 와룡면 농암로 134-12,2025-11-25
와룡농장,육계,경상북도 안동시 와룡면 주계리 642번지  ,경상북도 안동시 와룡면 농암로 365-15,2025-11-25
우안농장,한우,경상북도 안동시 풍산읍 안교리 27번지  ,경상북도 안동시 풍산읍 어란길 69,2025-11-25
태성농장,한우,경상북도 안동시 풍산읍 회곡리 556번지  ,경상북도 안동시 풍산읍 청회길 91,2025-11-25
연곡농장,한우,경상북도 안동시 북후면 연곡리 590번지 1호 588-1 ,"경상북도 안동시 북후면 와북로 274, 285",2025-11-25
안석동목장,젖소,경상북도 안동시 북후면 장기리 389번지  ,경상북도 안동시 북후면 토골길 98-37,2025-11-25
안동축우촌,한우,경상북도 안동시 북후면 도진리 107번지 2호  ,경상북도 안동시 북후면 태리금산로 378-13,2025-11-25
두진축산,한우,경상북도 안동시 북후면 도진리 103번지 2호  ,경상북도 안동시 북후면 태리금산로 378-16,2025-11-25
물한리농장,한우,경상북도 안동시 북후면 물한리 176번지  ,경상북도 안동시 북후면 저전물한길 96-20,2025-11-25
안동민속한우농장,한우,"경상북도 안동시 서후면 이개리 392-1,506,507,507-1,508 ",,2025-11-25
원조농장,한우,"경상북도 안동시 풍산읍 회곡리 556번지 1호 외 2필지(556-2, 553) ",경상북도 안동시 풍산읍 청회길 91,2025-11-25
도진축산,한우,"경상북도 안동시 북후면 도진리 104번지 3호 , 105-1, 105-3, 105-5 ",,2025-11-25
한국생명과학고등학교,한우,경상북도 안동시 옥동 1202번지  ,경상북도 안동시 하이마로 385 (옥동),2025-11-25
대성농장,한우,경상북도 안동시 서후면 성곡리 16번지 1호  ,경상북도 안동시 서후면 풍산태사로 3075,2025-11-25
작산농장,한우,경상북도 안동시 서후면 저전리 252번지  ,경상북도 안동시 서후면 저전3길 9-2,2025-11-25
순농장,육계,경상북도 안동시 서후면 이송천리 78번지  ,경상북도 안동시 서후면 이송천한터길 45-24,2025-11-25
와룡농산,한우,"경상북도 안동시 와룡면 지내리 745번지 , 745-1, 746-1, 746-2, 산178-3 ",,2025-11-25
김삼기농장,한우,경상북도 안동시 북후면 물한리 116번지  ,,2025-11-25
실로암농장,한우,"경상북도 안동시 녹전면 매정리 867번지 ,881-1, 882-1 ","경상북도 안동시 녹전면 고정길 28, 외 2필지",2025-11-25
이상농장,육계,경상북도 안동시 와룡면 이상리 306번지 5호  ,경상북도 안동시 와룡면 서주길 298,2025-11-25
대유농장,한우,경상북도 안동시 풍천면 가곡리 578번지 1호  ,경상북도 안동시 풍천면 가일선원길 93-9,2025-11-25
다시골농장,육계,경상북도 안동시 일직면 원리 488번지  ,경상북도 안동시 일직면 구운산길 449-35,2025-11-25
원광농장,육계,"경상북도 안동시 남선면 원림리 816번지 4호 외 3필지(816-1,816-3,817) ",,2025-11-25
태평양 농장,육계,경상북도 안동시 도산면 운곡리 317번지  ,,2025-11-25
황우촌농장,한우,"경상북도 안동시 남후면 광음리 892번지 ,892-1,893-2,896-1 ",경상북도 안동시 남후면 광음한골길 52-21,2025-11-25
황우촌농장,한우,경상북도 안동시 남후면 광음리 647번지  ,"경상북도 안동시 남후면 광음원당길 36, (광음리 645-1, 645-2, 645-4, 645-5)",2025-11-25
귀미농장,한우,경상북도 안동시 일직면 귀미리 830번지  ,"경상북도 안동시 일직면 구천길 352-38, (구천길 352-52)",2025-11-25
아람축산,돼지,"경상북도 안동시 일직면 국곡리 771번지 외5필지(772,775,771-1,771-2,772-2) ","경상북도 안동시 일직면 간평길 56 (외5필지(772,775,771-1,771-2,772-2))",2025-11-25
원리농장,육계,경상북도 안동시 일직면 원리 485번지 1호  ,"경상북도 안동시 일직면 구운산길 449-22, (원리 485-1)",2025-11-25
오상달농장,한우,경상북도 안동시 일직면 평팔리 653-3 ,,2025-11-25
진흥농장,육계,경상북도 안동시 일직면 원리 443번지  ,경상북도 안동시 일직면 안평일직길 998-26,2025-11-25
원동농장,육계,경상북도 안동시 일직면 원리 475번지  ,경상북도 안동시 일직면 안평일직길 975-38,2025-11-25
정보축산농장,한우,경상북도 안동시 일직면 망호리 607번지 1호  ,경상북도 안동시 일직면 일직점곡로 37,2025-11-25
구호농장,한우,경상북도 안동시 풍천면 구호리 149번지 2호  ,경상북도 안동시 풍천면 구호아름길 94,2025-11-25
어담목장,한우,경상북도 안동시 풍천면 어담리 산 65번지  ,경상북도 안동시 풍천면 삼표산길 338-166,2025-11-25
학가산 신한우 농원,한우,경상북도 안동시 북후면 월전리 649번지 4호  ,"경상북도 안동시 북후면 산북로 916, (월전리 649-4, 산70-1, 산72-3)",2025-11-25
부창농장,종계/산란계,경상북도 안동시 길안면 배방리 213번지  ,경상북도 안동시 길안면 길안청송로 797-6,2025-11-25
여천목장,한우,경상북도 안동시 풍천면 어담리 산 66번지  ,경상북도 안동시 풍천면 삼표산길 338-89,2025-11-25
어담농장,한우,경상북도 안동시 풍천면 어담리 산 68번지  ,경상북도 안동시 풍천면 삼표산길 338-122,2025-11-25
성진농장,육계,경상북도 안동시 와룡면 지내리 433번지  ,경상북도 안동시 와룡면 장수골길 179-44,2025-11-25
구송농장,육계,경상북도 안동시 녹전면 구송리 529번지 외1필지(541-1) ,,2025-11-25
하시모도마끼농장,육계,경상북도 안동시 녹전면 구송리 449번지 외1필지(448) ,경상북도 안동시 녹전면 감애구송로 775-34 (외1필지(448)),2025-11-25
녹전농장,한우,"경상북도 안동시 녹전면 녹래리 181번지 3호 , 181-2 ",경상북도 안동시 녹전면 일출길 15-14,2025-11-25
그린축산,한우,경상북도 안동시 녹전면 서삼리 598번지  ,경상북도 안동시 녹전면 서삼길 132-17,2025-11-25
이한교농장,한우,경상북도 안동시 녹전면 매정리 587번지 2호  ,"경상북도 안동시 녹전면 신정길 27-8, (매정리 591-4)",2025-11-25
김원길농장,한우,경상북도 안동시 일직면 귀미리 124번지  ,경상북도 안동시 일직면 일직점곡로 377,2025-11-25
김진성농장,한우,경상북도 안동시 일직면 원호리 701번지 6호  ,,2025-11-25
한고을 농장,한우,경상북도 안동시 서후면 태장리 953번지  ,경상북도 안동시 서후면 태장죽헌길 13,2025-11-25
청산농장2,육계,경상북도 안동시 일직면 망호리 287번지  ,경상북도 안동시 일직면 지실들길 38,2025-11-25
권오덕 농장,한우,경상북도 안동시 녹전면 원천리 65번지  ,경상북도 안동시 녹전면 원천어란길 87,2025-11-25
김정하 농장,한우,경상북도 안동시 남선면 이천리 449번지  ,,2025-11-25
보현농장,한우,경상북도 안동시 서후면 이개리 205번지 1호  ,"경상북도 안동시 서후면 이개2길 9-10, (이개리 206번지)",2025-11-25
권영수 농장,한우,경상북도 안동시 풍산읍 괴정리 51번지  ,,2025-11-25
우렁골 한우,한우,경상북도 안동시 풍산읍 수리 1101번지  ,경상북도 안동시 풍산읍 풍산태사로 1291,2025-11-25
풍산농장,한우,경상북도 안동시 풍산읍 매곡리 336번지  ,경상북도 안동시 풍산읍 신양로 260,2025-11-25
지훈농장,한우,경상북도 안동시 풍산읍 오미리 510번지  ,경상북도 안동시 풍산읍 방가미길 25,2025-11-25
금호농장,한우,경상북도 안동시 와룡면 태리 631번지  ,,2025-11-25
원천농장,한우,"경상북도 안동시 녹전면 원천리 667번지 , 668, 693 ","경상북도 안동시 녹전면 예봉로 846-76, ,846-40",2025-11-25
권영록 농장,한우,"경상북도 안동시 녹전면 원천리 130번지 6호 , 130-8 ","경상북도 안동시 녹전면 구억마을길 28, 원매길 252",2025-11-25
양생농장2,한우,경상북도 안동시 녹전면 신평리 255번지  ,"경상북도 안동시 녹전면 신매로 101, (신평리 259-3)",2025-11-25
전통안동한우,한우,경상북도 안동시 임하면 임하리 311번지 1호 외 3필 ,경상북도 안동시 임하면 푸레실길 23 (외 3필),2025-11-25
관곡농장,육계,"경상북도 안동시 와룡면 가구리 산 97번지 ,와룡면 가구리 328,329,330,331,332 ",경상북도 안동시 와룡면 가메기길 122-29,2025-11-25
우리농장,육계,경상북도 안동시 와룡면 라소리 907번지  ,경상북도 안동시 와룡면 토치골길 217,2025-11-25
홍성준 농장,한우,경상북도 안동시 일직면 원리 78번지 1호  ,"경상북도 안동시 일직면 안평일직길 1192, (원리 78-3)",2025-11-25
강칠봉 농장,한우,경상북도 안동시 북후면 물한리 583번지  ,경상북도 안동시 북후면 물한길 49,2025-11-25
조금숙 농장,한우,경상북도 안동시 일직면 국곡리 448번지  ,경상북도 안동시 일직면 남일로 150,2025-11-25
이승옥 농장,한우,경상북도 안동시 일직면 운산리 542번지 19호  ,,2025-11-25
김병규 농장,한우,"경상북도 안동시 일직면 명진리 125번지 ,124-4,124-5 ",경상북도 안동시 일직면 평팔명진길 302,2025-11-25
손명호 농장,육계,경상북도 안동시 와룡면 지내리 892번지  ,경상북도 안동시 와룡면 장수골길 75,2025-11-25
청산농장,한우,경상북도 안동시 일직면 귀미리 830번지  ,"경상북도 안동시 일직면 구천길 352-38, (귀미리 827)",2025-11-25
권문중 농장,한우,경상북도 안동시 일직면 광연리 201번지  ,경상북도 안동시 일직면 중반들길 109-2,2025-11-25
권기동 농장,한우,"경상북도 안동시 일직면 명진리 134번지 1호 , 131 ",경상북도 안동시 일직면 평팔명진길 281,2025-11-25
김경일 농장,한우,경상북도 안동시 일직면 송리리 349번지  ,경상북도 안동시 일직면 까박골길 31,2025-11-25
망호농장,한우,"경상북도 안동시 일직면 망호리 883,882-1,1003-2 ",,2025-11-25
망호농장,한우,경상북도 안동시 일직면 망호리 986번지 1호  ,경상북도 안동시 일직면 경북대로 7085-42,2025-11-25
원호농장,한우,경상북도 안동시 일직면 구천리 423번지 6호  ,"경상북도 안동시 일직면 구천길 42-17, (구천리 423-15)",2025-11-25
계육농장,육계,경상북도 안동시 와룡면 감애리 479번지  ,경상북도 안동시 와룡면 웃골1길 86,2025-11-25
권오석 농장,한우,"경상북도 안동시 풍산읍 괴정리 156번지 ,178-2번지 ","경상북도 안동시 풍산읍 절뒤안길 25 (,178-2번지)",2025-11-25
소산농장,한우,경상북도 안동시 풍산읍 소산리 657번지  ,,2025-11-25
학대농장,한우,경상북도 안동시 풍산읍 죽전리 794번지 1호  ,경상북도 안동시 풍산읍 관음절길 2,2025-11-25
윤남농장,한우,경상북도 안동시 풍산읍 죽전리 844번지  ,,2025-11-25
이경호농장,한우,경상북도 안동시 풍산읍 노리 47번지 1호  ,"경상북도 안동시 풍산읍 석교길 40, (노리 47-1)",2025-11-25
한우축사,한우,경상북도 안동시 임동면 고천리 378번지  ,,2025-11-25
대경축산,돼지,경상북도 안동시 풍천면 광덕리 1391번지 52호  ,경상북도 안동시 풍천면 광덕섬길 253-3,2025-11-25
최순화 농장,한우,"경상북도 안동시 녹전면 매정리 894번지 ,896-1 ","경상북도 안동시 녹전면 고정길 15 (,896-1)",2025-11-25
유영희 농장,한우,경상북도 안동시 임동면 고천리 289번지  ,,2025-11-25
김영습농장,돼지,경상북도 안동시 풍산읍 회곡리 213번지 2호  ,경상북도 안동시 풍산읍 청회길 302-7,2025-11-25
강해원 농장,한우,경상북도 안동시 녹전면 원천리 804번지  ,,2025-11-25
서유환 농장,한우,경상북도 안동시 녹전면 원천리 807번지 5   호  ,,2025-11-25
신상식 농장,한우,경상북도 안동시 녹전면 신평리 59번지  ,,2025-11-25
호암농장,한우,"경상북도 안동시 풍산읍 수곡리 44번지 외, 1필지 ","경상북도 안동시 풍산읍 다담길 15 (외, 1필지)",2025-11-25
청솔농장,한우,경상북도 안동시 풍산읍 막곡리 622번지  ,경상북도 안동시 풍산읍 청회길 396-7,2025-11-25
녹우촌 농장,한우,경상북도 안동시 녹전면 원천리 140번지 1호  ,경상북도 안동시 녹전면 원매길 272,2025-11-25
김대현 농장,한우,경상북도 안동시 이천동 610번지  ,,2025-11-25
남시윤 농장,한우,"경상북도 안동시 일직면 망호리 140번지 ,140-1 ","경상북도 안동시 일직면 안망실길 35-6, ,45",2025-11-25
남시경 농장,한우,"경상북도 안동시 일직면 귀미리 690번지 2호 , 690-1 ",경상북도 안동시 일직면 하나들길 162,2025-11-25
김철해 농장,육계,경상북도 안동시 서후면 금계리 468번지 1호  ,경상북도 안동시 서후면 부루골길 28-1,2025-11-25
영농조합법인괴정양돈,돼지,경상북도 안동시 풍산읍 괴정리 893번지  ,"경상북도 안동시 풍산읍 양광1길 37-27, (괴정리 893)",2025-11-25
김세길 농장,한우,"경상북도 안동시 녹전면 사신리 790번지 , 790-4, 790-5 ","경상북도 안동시 녹전면 사신길 69-25, , 69-27",2025-11-25
농업회사법인주식회사 아담,육계,경상북도 안동시 녹전면 신평리 255번지  ,"경상북도 안동시 녹전면 신매로 101, (신평리 259-2)",2025-11-25
삼계목장,한우,경상북도 안동시 예안면 삼계리 산 110번지 7호  ,경상북도 안동시 예안면 농암로 2409-98,2025-11-25
대운농장,육계,경상북도 안동시 서후면 금계리 519번지  ,경상북도 안동시 서후면 금계1길 61,2025-11-25
창성농장,육계,경상북도 안동시 서후면 금계리 534번지  ,경상북도 안동시 서후면 금계1길 81,2025-11-25
안효창 농장,한우,경상북도 안동시 녹전면 신평리 1033번지  ,경상북도 안동시 녹전면 녹지로 815-30,2025-11-25
정호농장,한우,경상북도 안동시 녹전면 서삼리 898번지  ,경상북도 안동시 녹전면 서삼거인길 9,2025-11-25
신기축산농장,한우,경상북도 안동시 녹전면 신평리 1017번지 2호  ,경상북도 안동시 녹전면 녹전로 743-15,2025-11-25
영원농장,한우,경상북도 안동시 녹전면 매정리 883번지 3호  ,,2025-11-25
권종훈 1농장,한우,경상북도 안동시 일직면 망호리 159번지 180 ,"경상북도 안동시 일직면 안망실길 104, 지실들길 24-1",2025-11-25
현애축산,한우,경상북도 안동시 풍산읍 현애리 200번지  ,,2025-11-25
제락농장,한우,경상북도 안동시 일직면 망호리 758번지  ,경상북도 안동시 일직면 망호한길 62-7,2025-11-25
이유영 농장,한우,경상북도 안동시 녹전면 신평리 215번지 1호  ,,2025-11-25
범앞골 축산,돼지,경상북도 안동시 길안면 만음리 1003번지  ,경상북도 안동시 길안면 만음개골길 152-12,2025-11-25
송현농장,돼지,경상북도 안동시 서후면 성곡리 858번지 2호  ,경상북도 안동시 서후면 봉림사지길 54,2025-11-25
계림농장,돼지,"경상북도 안동시 와룡면 서현리 250번지 외11필지(240외4필지,242외4필지,248) ","경상북도 안동시 와룡면 와북로 659-23 (외11필지(240외4필지,242외4필지,248))",2025-11-25
강경구 농장,한우,경상북도 안동시 녹전면 사천리 488번지  ,경상북도 안동시 녹전면 사천노루목길 32,2025-11-25
권대일 농장,한우,경상북도 안동시 노하동 55번지 3호  ,"경상북도 안동시 노하4길 202, (노하동 54,55-1,55-3,56) (노하동)",2025-11-25
녹전축산,한우,경상북도 안동시 녹전면 신평리 582번지 2호  ,경상북도 안동시 녹전면 온천로 28,2025-11-25
김정연 농장,한우,경상북도 안동시 임동면 대곡리 738번지 2호  ,경상북도 안동시 임동면 금수천길 2-21,2025-11-25
상록수농장,한우,"경상북도 안동시 서후면 이개리 324번지 ,326-3,327,665-1,665-2 ",경상북도 안동시 서후면 백현길 23-7,2025-11-25
안제농장,한우,경상북도 안동시 녹전면 갈현리 173번지 외1필지(171) ,경상북도 안동시 녹전면 신매로 377 (외1필지(171)),2025-11-25
진등농장,돼지,경상북도 안동시 임동면 고천리 40번지 1호 40번지3호 ,경상북도 안동시 임동면 새두들길 95,2025-11-25
상준농장,돼지,경상북도 안동시 임동면 갈전리 354번지 3호  ,경상북도 안동시 임동면 새두들길 83,2025-11-25
우원학 농장,한우,경상북도 안동시 서후면 금계리 45번지 1호  ,"경상북도 안동시 서후면 부루골길 119, (금계리 45, 45-3, 46-1)",2025-11-25
부성농장,한우,경상북도 안동시 와룡면 가야리 577번지  ,,2025-11-25
최현숙농장,한우,"경상북도 안동시 서후면 성곡리 611번지 1호 외2필지(611-2,611-3) ","경상북도 안동시 서후면 성곡이개길 1 (외2필지(611-2,611-3))",2025-11-25
김곡택 농장,한우,경상북도 안동시 녹전면 매정리 872번지  ,,2025-11-25
지곡농장,한우,경상북도 안동시 일직면 망호리 342번지  ,경상북도 안동시 일직면 지실들길 15,2025-11-25
김병진 농장,한우,경상북도 안동시 일직면 국곡리 173번지  ,,2025-11-25
이상열 농장,한우,"경상북도 안동시 일직면 용각리 196번지 , 외1 ",,2025-11-25
김용탁 농장,한우,경상북도 안동시 서후면 대두서리 507번지  ,경상북도 안동시 서후면 대두서4길 40-37,2025-11-25
김성진 농장,한우,경상북도 안동시 도산면 의일리 332번지  ,경상북도 안동시 도산면 효잠안길 12-11,2025-11-25
임성수 농장,한우,경상북도 안동시 녹전면 원천리 484번지 외1필 ,경상북도 안동시 녹전면 길명길 50-9 (외1필),2025-11-25
이성희 농장,한우,경상북도 안동시 풍산읍 신양리 374번지 1호  ,경상북도 안동시 풍산읍 신양로 456-11,2025-11-25
신양농장,육계,"경상북도 안동시 풍산읍 매곡리 339번지 , 외 1필 ",,2025-11-25
박윤용 농장,돼지,경상북도 안동시 풍산읍 현애리 555번지  ,경상북도 안동시 풍산읍 현애길 227-67,2025-11-25
김영습 농장,한우,경상북도 안동시 풍산읍 수곡리 88번지  ,경상북도 안동시 풍산읍 청회길 353,2025-11-25
손성로 농장,돼지,경상북도 안동시 서후면 명리 88번지  ,경상북도 안동시 서후면 학가산온천길 214-29,2025-11-25
풍산 양계농장,종계/산란계,"경상북도 안동시 풍산읍 노리 435번지 2호 ,430, 612 ","경상북도 안동시 풍산읍 본마을길 176-73, 본마을길176-12, 본마을길 233",2025-11-25
김상현농장,한우,경상북도 안동시 풍산읍 노리 659번지  ,경상북도 안동시 풍산읍 제비곡길 45,2025-11-25
권용호 농장,한우,경상북도 안동시 서후면 이개리 774번지  ,,2025-11-25
김기현농장,한우,경상북도 안동시 서후면 태장리 493번지  ,경상북도 안동시 서후면 태장가라골길 80-5,2025-11-25
권봉수 농장,한우,경상북도 안동시 서후면 이개리 47번지  ,경상북도 안동시 서후면 명이개길 166,2025-11-25
임청기 농장,한우,경상북도 안동시 녹전면 원천리 482번지 8호  ,,2025-11-25
권재웅 농장,한우,경상북도 안동시 서후면 이개리 773번지 2호  ,경상북도 안동시 서후면 백현길 23-31,2025-11-25
명성농장,한우,경상북도 안동시 북후면 물한리 283번지  ,경상북도 안동시 북후면 물한길 128-4,2025-11-25
손경호 농장,한우,"경상북도 안동시 서후면 금계리 95번지 1호 ,95-2 ","경상북도 안동시 서후면 금계3길 147, 157",2025-11-25
김용식 농장,한우,경상북도 안동시 서후면 대두서리 828번지  ,경상북도 안동시 서후면 생명의콩길 158-9,2025-11-25
조정석 농장,한우,경상북도 안동시 서후면 광평리 317번지  ,경상북도 안동시 서후면 북평로 459-44,2025-11-25
유홍대 농장,한우,경상북도 안동시 북후면 물한리 176번지  ,경상북도 안동시 북후면 저전물한길 96-20,2025-11-25
추산농장,한우,경상북도 안동시 서후면 광평리 234번지 4호  ,"경상북도 안동시 서후면 광평2길 13-1, (광평리 234-4)",2025-11-25
엄선호 농장,한우,경상북도 안동시 서후면 성곡리 66번지  ,경상북도 안동시 서후면 풍산태사로 3001-8,2025-11-25
진한농장,한우,"경상북도 안동시 서후면 대두서리 298번지 , 298-1, 299 ",경상북도 안동시 서후면 생명의콩길 212-10,2025-11-25
저전농장,한우,경상북도 안동시 서후면 저전리 529번지 1호  ,경상북도 안동시 서후면 저전2길 31,2025-11-25
농업회사법인 (주)장안,돼지,경상북도 안동시 서후면 성곡리 85번지  ,"경상북도 안동시 서후면 풍산태사로 2991-5, (성곡리 85, 85-2)",2025-11-25
김진년 농장,한우,경상북도 안동시 임동면 고천리 579번지  ,경상북도 안동시 임동면 고천덕강길 134-42,2025-11-25
김무성 농장,한우,"경상북도 안동시 서후면 재품리 193번지 외 3필지(190, 192-14, 194-3) ",경상북도 안동시 서후면 백현길 679,2025-11-25
이병구 농장,한우,경상북도 안동시 임동면 고천리 34번지  ,,2025-11-25
권용수 농장,한우,경상북도 안동시 서후면 이개리 17번지  ,경상북도 안동시 서후면 성곡이개길 118-43,2025-11-25
최희정농장,한우,"경상북도 안동시 서후면 이개리 77번지 , 77-2, 78 ",경상북도 안동시 서후면 명이개길 147,2025-11-25
권재복 농장,한우,경상북도 안동시 서후면 이개리 344번지 2호  ,경상북도 안동시 서후면 백현길 3-9,2025-11-25
농업회사법인(주)태율,한우,"경상북도 안동시 북후면 월전리 680번지 1호 외2필지(681-6, 685-1) ","경상북도 안동시 북후면 산북로 877 (외 2필지(681-6, 685-1))",2025-11-25
최금희 농장,한우,경상북도 안동시 북후면 물한리 178번지  ,경상북도 안동시 북후면 저전물한길 96-17,2025-11-25
박익현 농장,한우,"경상북도 안동시 이천동 37번지 2호 , 37-4, 37-5 ",경상북도 안동시 율미골길 195 (이천동),2025-11-25
김두옥 농장,한우,경상북도 안동시 풍산읍 노리 626번지  ,경상북도 안동시 풍산읍 제비곡길 36-41,2025-11-25
영광농장,한우,경상북도 안동시 서후면 광평리 1133번지  ,경상북도 안동시 서후면 개목사길 177-48,2025-11-25
권정호 농장,한우,"경상북도 안동시 남선면 구미리 444번지 ,444-2번지 ",,2025-11-25
권태명 농장,한우,경상북도 안동시 일직면 국곡리 714번지 2호  ,경상북도 안동시 일직면 남일로 181,2025-11-25
이수섭 농장,한우,"경상북도 안동시 와룡면 이하리 675번지 , 676-2 ",경상북도 안동시 와룡면 금통골길 99,2025-11-25
조세영 농장,한우,경상북도 안동시 서후면 광평리 1186번지  ,경상북도 안동시 서후면 개목사길 183-7,2025-11-25
김옥현 농장,한우,경상북도 안동시 이천동 605번지 1호  ,경상북도 안동시 두우티길 162-18 (이천동),2025-11-25
박형환 농장,한우,경상북도 안동시 예안면 주진리 1129번지  ,경상북도 안동시 예안면 농암로 1129,2025-11-25
미래목장,젖소,경상북도 안동시 북후면 도촌리 672번지  ,"경상북도 안동시 북후면 도장길 277, (도촌리 672-2, 673-1)",2025-11-25
태동농장,한우,경상북도 안동시 와룡면 태리 357번지 1호  ,,2025-11-25
두금농장,육계,경상북도 안동시 북후면 옹천리 320번지 6호  ,,2025-11-25
서정란 농장,한우,경상북도 안동시 서후면 이개리 507번지  ,,2025-11-25
다온농장,돼지,경상북도 안동시 와룡면 서현리 245번지  ,경상북도 안동시 와룡면 와북로 659-31,2025-11-25
권길원 농장,한우,경상북도 안동시 북후면 도촌리 164번지 3호  ,경상북도 안동시 북후면 도장길 286-35,2025-11-25
안동봉화축협 남후생축사업장,한우,경상북도 안동시 남후면 광음리 885번지 1호  ,경상북도 안동시 남후면 광음한골길 52-43,2025-11-25
송현농장,돼지,경상북도 안동시 와룡면 서현리 231번지  ,"경상북도 안동시 와룡면 와북로 659-43, 659-37",2025-11-25
유덕우 농장,한우,경상북도 안동시 임동면 고천리 301번지 4호  ,경상북도 안동시 임동면 고천지촌로 240-14,2025-11-25
이헌섭 농장,한우,경상북도 안동시 와룡면 주하리 130번지  ,경상북도 안동시 와룡면 감애주하길 163,2025-11-25
준수 농장,한우,경상북도 안동시 풍산읍 막곡리 597번지  ,경상북도 안동시 풍산읍 청회길 411-26,2025-11-25
신점순 농장,한우,경상북도 안동시 서후면 금계리 730번지 3호  ,경상북도 안동시 서후면 풍산태사로 2902,2025-11-25
김금자 농장,한우,경상북도 안동시 서후면 이개리 25번지 1호  ,경상북도 안동시 서후면 성곡이개길 78-7,2025-11-25
제비골 농장,한우,"경상북도 안동시 풍산읍 노리 662번지 , 663-1 ",경상북도 안동시 풍산읍 제비곡길 72,2025-11-25
이영희 농장,한우,경상북도 안동시 풍산읍 마애리 241번지  ,경상북도 안동시 풍산읍 마애길 85-10,2025-11-25
리라축산,한우,"경상북도 안동시 풍산읍 매곡리 264번지 1호 외2필지(265-2, 3) ","경상북도 안동시 풍산읍 신양로 264-1 (외2필지(265-2, 3))",2025-11-25
마송농장,한우,경상북도 안동시 풍산읍 마애리 305번지  ,경상북도 안동시 풍산읍 마애길 47-25,2025-11-25
서안동한우농장,한우,"경상북도 안동시 풍산읍 노리 691번지 1호 ,691-2번지 ","경상북도 안동시 풍산읍 본마을길 135-17 (,691-2번지)",2025-11-25
대흥농장,돼지,경상북도 안동시 풍산읍 수곡리 331번지  ,경상북도 안동시 풍산읍 산음길 25-8,2025-11-25
소신농장,한우,경상북도 안동시 와룡면 라소리 1039번지 1호  ,경상북도 안동시 와룡면 나소로 147,2025-11-25
은빈농장,한우,경상북도 안동시 임하면 추목리 586번지  ,경상북도 안동시 임하면 추목절골길 95,2025-11-25
김경호 농장,한우,경상북도 안동시 남후면 고하리 946번지  ,경상북도 안동시 남후면 남일로 631-5,2025-11-25
탁제숙 농장,한우,경상북도 안동시 서후면 성곡리 75번지  ,경상북도 안동시 서후면 풍산태사로 3001-26,2025-11-25
널바우 농장,육계,"경상북도 안동시 북후면 대현리 873번지 , 873-2, 858-2, 872 ",경상북도 안동시 북후면 서삼거인길 58-48,2025-11-25
수동농장,한우,경상북도 안동시 풍산읍 수리 453번지 2호  ,경상북도 안동시 풍산읍 수동2길 30,2025-11-25
이화축산영농조합법인,돼지,"경상북도 안동시 일직면 국곡리 123번지 2호 외 5필지(105-1,105-2,105-5,105-7,산156-22) ",경상북도 안동시 일직면 풍일로 1888-32,2025-11-25
오천농장,돼지,경상북도 안동시 와룡면 오천리 1148번지  ,경상북도 안동시 와룡면 외내길 25-46,2025-11-25
권만조 농장,한우,경상북도 안동시 남후면 단호리 69번지  ,경상북도 안동시 남후면 풍산단호로 819-1,2025-11-25
와룡맥설농장,한우,경상북도 안동시 와룡면 태리 580번지 1호  ,경상북도 안동시 와룡면 퇴계로 1049-23,2025-11-25
김종운 농장,한우,경상북도 안동시 북후면 석탑리 711번지 2호  ,경상북도 안동시 북후면 석탑동굴길 128,2025-11-25
미래농장,돼지,"경상북도 안동시 임하면 오대리 1099번지 1호 1099-1 외1필지,1099-5외 5필지, 1099-1외 1필지 ",경상북도 안동시 임하면 금소길 63-25,2025-11-25
푸른농장,한우,경상북도 안동시 풍산읍 죽전리 300번지  ,경상북도 안동시 풍산읍 죽전길 327,2025-11-25
유근식 농장,한우,경상북도 안동시 임동면 고천리 293번지 2호  ,,2025-11-25
류덕화 농장,한우,"경상북도 안동시 임동면 고천리 311번지 , 312 ","경상북도 안동시 임동면 고천지촌로 189-11 (, 312)",2025-11-25
임동 갈전 한우번식회,한우,"경상북도 안동시 임동면 갈전리 590번지 4호 , 590-11 ",경상북도 안동시 임동면 갈전대실길 117,2025-11-25
진곡목장,젖소,경상북도 안동시 풍산읍 수리 1075번지 2호  ,"경상북도 안동시 풍산읍 풍산태사로 1269, (수리 1072, 1075-2)",2025-11-25
학심농장,한우,경상북도 안동시 풍산읍 죽전리 981번지 1호  ,경상북도 안동시 풍산읍 죽전길 861,2025-11-25
권순칠 농장,한우,경상북도 안동시 풍산읍 수리 396번지  ,경상북도 안동시 풍산읍 풍산태사로 1485-10,2025-11-25
김재한 농장,한우,경상북도 안동시 풍산읍 노리 175번지  ,,2025-11-25
최운식 농장,한우,경상북도 안동시 풍산읍 막곡리 542번지 1호  ,,2025-11-25
통골농장,한우,경상북도 안동시 풍산읍 수곡리 126번지  ,경상북도 안동시 풍산읍 청회길 331,2025-11-25
김경희 농장,한우,경상북도 안동시 일직면 망호리 235번지  ,경상북도 안동시 일직면 일직점곡로 122-15,2025-11-25
김석진 농장,한우,경상북도 안동시 임동면 고천리 263번지  ,경상북도 안동시 임동면 고천지촌로 240-82,2025-11-25
김민구 농장,한우,경상북도 안동시 임동면 고천리 154번지  ,경상북도 안동시 임동면 고천지촌로 301,2025-11-25
심영한 농장,한우,"경상북도 안동시 임동면 고천리 536번지 , 537번지 ",경상북도 안동시 임동면 고천덕강길 42-63,2025-11-25
김준년 농장,한우,경상북도 안동시 임동면 고천리 508번지 1호  ,,2025-11-25
제비원 반야 농장,한우,경상북도 안동시 이천동 98번지 2호  ,경상북도 안동시 미두리길 182-18 (이천동),2025-11-25
최정기 농장,한우,경상북도 안동시 서후면 대두서리 302번지  ,경상북도 안동시 서후면 생명의콩길 212-2,2025-11-25
김정수 농장,한우,경상북도 안동시 서후면 성곡리 525번지 1호  ,경상북도 안동시 서후면 성곡제일길 157-18,2025-11-25
김상진 농장,한우,경상북도 안동시 서후면 대두서리 1022번지 1호  ,경상북도 안동시 서후면 대두서2길 13,2025-11-25
소망농장,한우,경상북도 안동시 남후면 고상리 1번지 1호 외1필지(15-1) ,경상북도 안동시 남후면 남일로 579 (외1필지(15-1)),2025-11-25
청양농장,육계,경상북도 안동시 와룡면 이상리 241번지 2호  ,경상북도 안동시 와룡면 서주길 366-63,2025-11-25
조영흠 농장,한우,경상북도 안동시 임하면 신덕리 60번지  ,경상북도 안동시 임하면 금소길 569-447,2025-11-25
이호석 농장,한우,경상북도 안동시 도산면 의일리 400번지  ,경상북도 안동시 도산면 효잠안길 45-8,2025-11-25
이유정 농장,한우,경상북도 안동시 와룡면 감애리 821번지  ,경상북도 안동시 와룡면 하명잦길 57,2025-11-25
김성환 농장,산양,경상북도 안동시 도산면 선양리 919번지  ,,2025-11-25
이주만 농장,한우,경상북도 안동시 와룡면 주하리 509번지 1호 외(509-4) ,경상북도 안동시 와룡면 신그네길 34,2025-11-25
바림농장2,돼지,경상북도 안동시 정하동 511번지  ,"경상북도 안동시 바람이길 210-48, 돼지인공수정센터 (정하동)",2025-11-25
권순식 농장,한우,"경상북도 안동시 일직면 구천리 364번지 9호 , 356-2 ",경상북도 안동시 일직면 구천길 122,2025-11-25
고상농장,돼지,"경상북도 안동시 남후면 고상리 924번지 ,926 ","경상북도 안동시 남후면 남일로 352-22 (,926)",2025-11-25
남시복 농장,한우,경상북도 안동시 일직면 망호리 173번지  ,경상북도 안동시 일직면 안망실길 124-1,2025-11-25
권인천 농장,한우,경상북도 안동시 서후면 재품리 196번지 2호  ,경상북도 안동시 서후면 백현길 681-7,2025-11-25
태평양농장,한우,경상북도 안동시 서후면 재품리 192번지 5호  ,"경상북도 안동시 서후면 백현길 649, (서후면 재품리 192-15, 192-16, 192-17)",2025-11-25
김용환 농장,한우,경상북도 안동시 서후면 성곡리 500번지  ,,2025-11-25
김강동 농장,한우,경상북도 안동시 풍산읍 수곡리 1번지 2호  ,경상북도 안동시 풍산읍 금당길 152-20,2025-11-25
미름농장,한우,경상북도 안동시 풍산읍 막곡리 18번지  ,경상북도 안동시 풍산읍 밤가골길 7,2025-11-25
우수농장,한우,경상북도 안동시 풍산읍 수곡리 66번지 2호  ,경상북도 안동시 풍산읍 금당길 152-26,2025-11-25
김청섭 농장,한우,경상북도 안동시 서후면 이송천리 380번지  ,경상북도 안동시 서후면 이송천1길 61-31,2025-11-25
이성희 농장,한우,경상북도 안동시 일직면 귀미리 812번지  ,경상북도 안동시 일직면 하나들길 123,2025-11-25
푸른농장,한우,경상북도 안동시 와룡면 주하리 66번지 2호  ,경상북도 안동시 와룡면 웃두루길 39,2025-11-25
남혜주 농장,한우,경상북도 안동시 임동면 고천리 1008번지 9호  ,경상북도 안동시 임동면 고천지촌로 194,2025-11-25
권인자 농장,한우,경상북도 안동시 북후면 도진리 311번지 4호  ,경상북도 안동시 북후면 오금길 38,2025-11-25
남재필 농장,한우,경상북도 안동시 북후면 오산리 309번지 3호  ,경상북도 안동시 북후면 오산대추길 12,2025-11-25
손태두 농장,한우,경상북도 안동시 북후면 월전리 102번지  ,,2025-11-25
삼덕농장,한우,경상북도 안동시 남후면 광음리 473번지 2호  ,경상북도 안동시 남후면 샛터길 15,2025-11-25
김영한 농장,한우,경상북도 안동시 남후면 광음리 407번지 1호  ,경상북도 안동시 남후면 감재길 71-1,2025-11-25
김미란농장,한우,경상북도 안동시 남후면 광음리 203번지  ,경상북도 안동시 남후면 샛터길 72-1,2025-11-25
김태종 농장,한우,경상북도 안동시 남후면 광음리 403번지 2호  ,경상북도 안동시 남후면 감재길 51,2025-11-25
암산농장,한우,"경상북도 안동시 남후면 광음리 401번지 1호 외2필지(401-3,401-7) ",,2025-11-25
율산농장,한우,경상북도 안동시 남후면 광음리 193번지 5호  ,경상북도 안동시 남후면 감재길 236,2025-11-25
황화수 농장,한우,경상북도 안동시 남후면 개곡리 185번지  ,,2025-11-25
청솔농장,한우,경상북도 안동시 남후면 고상리 173번지 1호  ,경상북도 안동시 남후면 남일로 503,2025-11-25
광음축산,한우,경상북도 안동시 남후면 광음리 880번지 1호 외 1필지(897) ,경상북도 안동시 남후면 광음한골길 52-20,2025-11-25
임종우 농장,한우,경상북도 안동시 남후면 광음리 868번지 1호  ,경상북도 안동시 남후면 광음한골길 46-8,2025-11-25
손창규 농장,한우,경상북도 안동시 남후면 단호리 938번지  ,경상북도 안동시 남후면 풍산단호로 790,2025-11-25
단지농장,한우,경상북도 안동시 남후면 단호리 631번지  ,경상북도 안동시 남후면 대곡길 68,2025-11-25
백태운 농장,한우,"경상북도 안동시 남후면 단호리 937번지 , 103-3, 162-5 ","경상북도 안동시 남후면 풍산단호로 788, 788-2, 단호중앙길 39",2025-11-25
권기하 농장,한우,경상북도 안동시 남후면 단호리 164번지  ,경상북도 안동시 남후면 단호중앙길 47-6,2025-11-25
길상농장,한우,"경상북도 안동시 남후면 광음리 322번지 , 325, 326 ",경상북도 안동시 남후면 감재길 40-31,2025-11-25
노동농장,한우,경상북도 안동시 풍산읍 노리 388번지  ,경상북도 안동시 풍산읍 본마을길 135,2025-11-25
김용옥 농장,한우,경상북도 안동시 남후면 광음리 190번지 3호  ,"경상북도 안동시 남후면 감재길 236, (광음리 193)",2025-11-25
바림농장,돼지,경상북도 안동시 정하동 501번지 7호 외 3필지 ,경상북도 안동시 바람이길 176 (정하동),2025-11-25
우리목장,한우,"경상북도 안동시 이천동 242번지 , 311 ",경상북도 안동시 연미원길 261-8 (이천동),2025-11-25
류덕화 농장,한우,경상북도 안동시 임동면 고천리 338번지 3호  ,"경상북도 안동시 임동면 고천지촌로 202-5, (고천리 338)",2025-11-25
성광목장,한우,경상북도 안동시 임하면 오대리 산 137번지 1호  ,경상북도 안동시 임하면 충효로 2569-13,2025-11-25
강병훈 농장,한우,경상북도 안동시 북후면 오산리 557번지  ,,2025-11-25
장성호 농장,한우,경상북도 안동시 남후면 광음리 961번지  ,"경상북도 안동시 남후면 큰광음길 200-4, (큰광음길 186-14)",2025-11-25
대경축산,돼지,경상북도 안동시 와룡면 가야리 767번지  ,경상북도 안동시 와룡면 가야길 70-26,2025-11-25
임현빈 농장,한우,경상북도 안동시 남후면 고상리 409번지 1호  ,경상북도 안동시 남후면 남일로 439,2025-11-25
김혜구 농장,한우,경상북도 안동시 남후면 광음리 880번지  ,,2025-11-25
매화 농장,한우,"경상북도 안동시 이천동 803번지 ,804-1,804-2 ","경상북도 안동시 매화길 81-54 (이천동,,804-1,804-2)",2025-11-25
호암농장,한우,경상북도 안동시 일직면 명진리 468번지 1호  ,경상북도 안동시 일직면 못골안길 27-5,2025-11-25
김준기 농장,한우,경상북도 안동시 서후면 대두서리 1024번지  ,경상북도 안동시 서후면 대두서2길 20,2025-11-25
문바우 농장,한우,경상북도 안동시 북후면 연곡리 166번지 1호  ,경상북도 안동시 북후면 와북로 415-18,2025-11-25
남산골한우농장,한우,경상북도 안동시 이천동 179번지  ,경상북도 안동시 덕고개길 173 (이천동),2025-11-25
황준기 농장,한우,경상북도 안동시 이천동 464번지 7호  ,경상북도 안동시 제비원로 539-12 (이천동),2025-11-25
부성농장,한우,경상북도 안동시 남후면 무릉리 1097번지 2호  ,"경상북도 안동시 남후면 숨실길 108-6, (무릉리 1097-2)",2025-11-25
삼복우농장,한우,경상북도 안동시 노하동 33번지 6호  ,경상북도 안동시 제봉3길 26-57 (노하동),2025-11-25
명리농장,한우,경상북도 안동시 서후면 명리 588번지 1호 외 1필지 ,경상북도 안동시 서후면 명리독점길 20 (외 1필지),2025-11-25
와룡한우농장,한우,"경상북도 안동시 와룡면 지내리 208번지 , 208-6 ",경상북도 안동시 와룡면 농암로 265-3,2025-11-25
강대희농장,한우,경상북도 안동시 녹전면 원천리 313번지 9호  ,경상북도 안동시 녹전면 원당안길 52,2025-11-25
솔티골농장,한우,경상북도 안동시 풍천면 어담리 산 60번지  ,경상북도 안동시 풍천면 삼표산길 504,2025-11-25
갈매농장,한우,경상북도 안동시 풍산읍 회곡리 23번지  ,,2025-11-25
운상농장,한우,경상북도 안동시 남선면 신석리 281번지  ,"경상북도 안동시 남선면 신평길 126-5, 신평길 126-6",2025-11-25
권삼덕농장,한우,경상북도 안동시 예안면 계곡리 109번지  ,경상북도 안동시 예안면 임예로 1186-23,2025-11-25
낙동농장,한우,경상북도 안동시 풍산읍 계평리 357번지 2호  ,경상북도 안동시 풍산읍 음실길 29,2025-11-25
김두한농장,한우,경상북도 안동시 풍산읍 계평리 453번지 1호  ,경상북도 안동시 풍산읍 음실길 39,2025-11-25
박태호농장,한우,경상북도 안동시 풍산읍 신양리 859번지 2호  ,,2025-11-25
에덴농장,한우,경상북도 안동시 서후면 성곡리 861번지 외 1필 ,경상북도 안동시 서후면 봉림사지길 66-1 (외 1필),2025-11-25
형제축산,한우,경상북도 안동시 정하동 113번지 2호  ,,2025-11-25
토가농장,한우,경상북도 안동시 남선면 원림리 942번지  ,경상북도 안동시 남선면 토갓길 328,2025-11-25
율미농장,돼지,경상북도 안동시 와룡면 이하리 650번지  ,경상북도 안동시 와룡면 율미골길 132-5,2025-11-25
송내목장,한우,경상북도 안동시 서후면 명리 153번지  ,경상북도 안동시 서후면 명이개길 49-1,2025-11-25
손형기농장,한우,경상북도 안동시 와룡면 감애리 170번지 1호  ,경상북도 안동시 와룡면 감애구송로 195-12,2025-11-25
건진산농장,한우,경상북도 안동시 북후면 도진리 300번지  ,경상북도 안동시 북후면 오금길 42-19,2025-11-25
원길농장,한우,경상북도 안동시 서후면 이개리 355번지 2호  ,경상북도 안동시 서후면 귀여리길 324-3,2025-11-25
조세영농장,한우,경상북도 안동시 북후면 오산리 543번지  ,경상북도 안동시 북후면 경북대로 977-60,2025-11-25
김용인농장,한우,경상북도 안동시 길안면 천지리 307번지 3호  ,경상북도 안동시 길안면 만음1길 201-36,2025-11-25
와우농장,한우,경상북도 안동시 서후면 이개리 465번지  ,경상북도 안동시 서후면 이개와우실길 23,2025-11-25
행복농장,한우,경상북도 안동시 풍산읍 노리 293번지외 1필 ,,2025-11-25
현승목장,한우,경상북도 안동시 서후면 자품리 352번지 2호  ,경상북도 안동시 서후면 백현길 496,2025-11-25
귀옥농장,한우,경상북도 안동시 풍산읍 노리 286번지  ,경상북도 안동시 풍산읍 수석길 178,2025-11-25
이경호농장,한우,경상북도 안동시 풍산읍 노리 41번지  ,경상북도 안동시 풍산읍 석교길 47,2025-11-25
송악농장,한우,경상북도 안동시 서후면 이송천리 854번지  ,,2025-11-25
재현농장,한우,"경상북도 안동시 남후면 고상리 14번지 1호 , 16-2 ",경상북도 안동시 남후면 남일로 573,2025-11-25
김현묵 축사,한우,경상북도 안동시 서후면 대두서리 1043번지  ,경상북도 안동시 서후면 생명의콩길 54-9,2025-11-25
여녹농장,한우,경상북도 안동시 일직면 국곡리 748번지 2호  ,경상북도 안동시 일직면 남일로 194-17,2025-11-25
범중농장,한우,경상북도 안동시 와룡면 가야리 318번지 1호  ,경상북도 안동시 와룡면 가야길 286-31,2025-11-25
서후농장,한우,경상북도 안동시 서후면 재품리 352번지 2호  ,"경상북도 안동시 서후면 백현길 496, (재품리 352-2)",2025-11-25
천지인 농장,한우,"경상북도 안동시 남선면 외하리 684번지 외 2필지(681-1, 762-1) ",경상북도 안동시 남선면 검정길 88,2025-11-25
농업회사법인 계명 주식회사,종계/산란계,경상북도 안동시 남후면 고상리 137번지  ,경상북도 안동시 남후면 남일로 528-3,2025-11-25
승휘농장,한우,경상북도 안동시 북후면 연곡리 622번지  ,경상북도 안동시 북후면 와북로 269,2025-11-25
제비원농원,육계,경상북도 안동시 북후면 물한리 96번지 1호  ,경상북도 안동시 북후면 저전물한길 194-22,2025-11-25
자품목장,한우,경상북도 안동시 서후면 자품리 314번지  ,경상북도 안동시 서후면 백현길 522-4,2025-11-25
미화농장,한우,경상북도 안동시 녹전면 녹래리 343번지 2호  ,경상북도 안동시 녹전면 녹지로 468,2025-11-25
덕부한우농장,한우,"경상북도 안동시 서후면 성곡리 409번지 3호 외 2필지(408-2, 409-1) ",,2025-11-25
임봉식농장,한우,경상북도 안동시 풍산읍 괴정리 60번지  ,경상북도 안동시 풍산읍 까칠개길 38,2025-11-25
황재호농장,산양,경상북도 안동시 남선면 외하리 446번지  ,경상북도 안동시 남선면 벽수골길 34-12,2025-11-25
태성목장,젖소,경상북도 안동시 와룡면 태리 748번지 1호 외1필지(553-2) ,경상북도 안동시 와룡면 매구네길 98 (외1필지(553-2)),2025-11-25
금호축산,돼지,"경상북도 안동시 서후면 성곡리 27번지 , 27-1, 28-6, 29, 29-1, 29-2, 30, 30-1, 30-2 ",경상북도 안동시 서후면 풍산태사로 3050-1,2025-11-25
소솔향 농장,한우,경상북도 안동시 녹전면 녹래리 878번지  ,"경상북도 안동시 녹전면 녹지로 435-10, (녹래리878,878-1,878-3)",2025-11-25
명호농장,한우,경상북도 안동시 북후면 도촌리 237번지 9호  ,"경상북도 안동시 북후면 모산미길 53-14 ((237-1, 237-9,)",2025-11-25
최대수농장,한우,경상북도 안동시 풍산읍 노리 94번지  ,경상북도 안동시 풍산읍 석교길 104-6,2025-11-25
명동농장,한우,경상북도 안동시 서후면 명리 440번지 9호  ,,2025-11-25
황일문농장,한우,경상북도 안동시 일직면 원호리 82번지  ,경상북도 안동시 일직면 머물안길 41-20,2025-11-25
세환농장,한우,경상북도 안동시 일직면 귀미리 579번지  ,경상북도 안동시 일직면 귀미길 16-22,2025-11-25
김수동농장,한우,경상북도 안동시 남선면 이천리 83번지 4   호  ,,2025-11-25
누렁이 한우,한우,경상북도 안동시 길안면 백자리 735번지 1호  ,,2025-11-25
농부,한우,경상북도 안동시 길안면 구수리 173번지 2호  ,,2025-11-25
김식한농장,한우,경상북도 안동시 길안면 만음리 814번지  ,경상북도 안동시 길안면 만음음지마을길 32,2025-11-25
우병우,한우,경상북도 안동시 길안면 대사리 278번지  ,,2025-11-25
형제농장,한우,경상북도 안동시 북후면 물한리 192번지  ,경상북도 안동시 북후면 저전물한길 105,2025-11-25
김석한농장,한우,경상북도 안동시 임동면 대곡리 327번지  ,경상북도 안동시 임동면 대곡큰길 585,2025-11-25
수곡농장,한우,"경상북도 안동시 풍산읍 수곡리 133번지 , 134-2, 135 ",경상북도 안동시 풍산읍 청회길 342,2025-11-25
권오학농장,한우,경상북도 안동시 녹전면 원천리 277번지 1호 외 1필지 ,경상북도 안동시 녹전면 등지길 21 (외 1필지),2025-11-25
안을리농장,한우,경상북도 안동시 도산면 의일리 658번지  ,경상북도 안동시 도산면 안을리길 131,2025-11-25
권영도농장,한우,경상북도 안동시 길안면 현하리 616번지  ,,2025-11-25
북후농장,한우,경상북도 안동시 북후면 장기리 173번지 1호  ,,2025-11-25
조광제 농장,한우,"경상북도 안동시 이천동 4번지 , 3-1 ",경상북도 안동시 금통골길 116 (이천동),2025-11-25
자바이 농장,한우,경상북도 안동시 녹전면 녹래리 877번지 1호  ,경상북도 안동시 녹전면 녹지로 443-27,2025-11-25
조현주농장,한우,경상북도 안동시 풍산읍 괴정리 산 14번지  ,,2025-11-25
전구렁농장,한우,경상북도 안동시 녹전면 녹래리 860번지 외 1필 ,경상북도 안동시 녹전면 녹지로 461-28 (외 1필),2025-11-25
석농장,산양,경상북도 안동시 남선면 현내리 720번지 1호  ,,2025-11-25
이남농장,한우,경상북도 안동시 풍천면 도양리 1033번지  ,,2025-11-25
강성집농장,한우,경상북도 안동시 북후면 물한리 578번지  ,경상북도 안동시 북후면 물한길 61,2025-11-25
최영모농장,한우,경상북도 안동시 북후면 월전리 284번지 1호 외 1필지(286-2) ,경상북도 안동시 북후면 월전큰마길 65-4,2025-11-25
엔터프라이즈팜,한우,경상북도 안동시 북후면 연곡리 89번지  ,경상북도 안동시 북후면 웃마사길 71-48,2025-11-25
일출농장,한우,경상북도 안동시 녹전면 녹래리 545번지  ,"경상북도 안동시 녹전면 녹래길 161-5, (녹래리 545, 545-1, 546-4, 546-5, 546-6)",2025-11-25
밤실농장,한우,경상북도 안동시 풍산읍 매곡리 34번지  ,경상북도 안동시 풍산읍 신양로 141,2025-11-25
태욱농장,한우,경상북도 안동시 북후면 도촌리 867번지  ,경상북도 안동시 북후면 옥산길 113,2025-11-25
풍국농장,한우,경상북도 안동시 풍천면 도양리 1079번지 1호  ,경상북도 안동시 풍천면 덕현길 73,2025-11-25
신금호농장,한우,"경상북도 안동시 북후면 장기리 362번지 2호 외2필지(362-1,369-2) ","경상북도 안동시 북후면 토골길 72-35 (외2필지(362-1,369-2))",2025-11-25
김영호농장,한우,경상북도 안동시 도산면 동부리 102번지  ,경상북도 안동시 도산면 퇴계로 2192,2025-11-25
김명자농장,한우,경상북도 안동시 서후면 저전리 454번지  ,경상북도 안동시 서후면 저전2길 32-31,2025-11-25
창성농장,육계,경상북도 안동시 일직면 원리 527번지 2호  ,경상북도 안동시 일직면 안평일직길 890,2025-11-25
호찬농장,한우,경상북도 안동시 임하면 추목리 734번지  ,,2025-11-25
경헌농장,한우,경상북도 안동시 임하면 신덕리 82번지  ,경상북도 안동시 임하면 금소길 569-74,2025-11-25
수복농장,한우,"경상북도 안동시 이천동 690번지 외 4필지(680, 690-2, 1002-4, 1002-5) ",경상북도 안동시 제비원로 635-30 (이천동),2025-11-25
이희규농장,한우,경상북도 안동시 와룡면 주하리 122번지 1호  ,,2025-11-25
이종해농장,한우,경상북도 안동시 와룡면 가야리 882번지 13호  ,경상북도 안동시 와룡면 퇴계로 1348,2025-11-25
상리농장,한우,경상북도 안동시 풍산읍 상리리 131번지 5호  ,경상북도 안동시 풍산읍 죽전길 36-4,2025-11-25
정재호농장,한우,경상북도 안동시 풍산읍 신양리 482번지 3호  ,경상북도 안동시 풍산읍 신양로 456-27,2025-11-25
안흥농장,한우,경상북도 안동시 녹전면 신평리 421번지 1호  ,,2025-11-25
건국농장,한우,경상북도 안동시 서후면 명리 176번지 1호 외 1필 ,경상북도 안동시 서후면 명이개길 67 (외 1필),2025-11-25
승영농장,한우,경상북도 안동시 북후면 오산리 271번지 외 1필 ,경상북도 안동시 북후면 이하오산로 57-11 (외 1필),2025-11-25
독골농장,한우,경상북도 안동시 풍산읍 계평리 495번지  ,,2025-11-25
이개동농장,한우,경상북도 안동시 서후면 이개리 115번지 1호 외 1필 ,경상북도 안동시 서후면 귀여리길 314-22 (외 1필),2025-11-25
김진년농장,한우,경상북도 안동시 일직면 원호리 167번지  ,경상북도 안동시 일직면 감시골길 15-19,2025-11-25
오택창농장,한우,경상북도 안동시 남후면 단호리 719번지 1호  ,,2025-11-25
솔뫼농장,한우,경상북도 안동시 녹전면 원천리 590번지  ,경상북도 안동시 녹전면 예봉로 938-20,2025-11-25
김상열 농장,한우,경상북도 안동시 서후면 이개리 243번지 4호  ,경상북도 안동시 서후면 이개2길 33,2025-11-25
강성영농장,한우,경상북도 안동시 와룡면 감애리 432번지  ,경상북도 안동시 와룡면 퇴계로 1333-15,2025-11-25
황암농장,한우,경상북도 안동시 풍산읍 현애리 315번지  ,,2025-11-25
권태동농장,한우,경상북도 안동시 남후면 광음리 919번지 3호  ,경상북도 안동시 남후면 광음한골길 82,2025-11-25
이기호,한우,경상북도 안동시 서후면 광평리 1224번지  ,,2025-11-25
회곡농장,한우,경상북도 안동시 풍산읍 회곡리 106번지 1호  ,경상북도 안동시 풍산읍 딱지골길 5-1,2025-11-25
임재동농장,한우,경상북도 안동시 풍산읍 신양리 380번지  ,,2025-11-25
김옥예농장,한우,경상북도 안동시 풍산읍 신양리 412번지  ,경상북도 안동시 풍산읍 신양로 483-4,2025-11-25
김상열 2농장,한우,경상북도 안동시 서후면 이개리 180번지 외 1필 ,경상북도 안동시 서후면 귀여리길 204-20 (외 1필),2025-11-25
반병헌농장,한우,경상북도 안동시 풍산읍 소산리 820번지  ,,2025-11-25
조석률농장,한우,경상북도 안동시 서후면 저전리 297번지  ,경상북도 안동시 서후면 북평로 332-23,2025-11-25
권재목농장,한우,경상북도 안동시 서후면 이개리 58번지  ,경상북도 안동시 서후면 명이개길 199,2025-11-25
이종태농장,한우,경상북도 안동시 서후면 이개리 21번지  ,경상북도 안동시 서후면 성곡이개길 118-27,2025-11-25
태형농장,한우,"경상북도 안동시 녹전면 서삼리 308번지 , 314-4 ",경상북도 안동시 녹전면 서삼길 320-18,2025-11-25
김문석농장,한우,경상북도 안동시 녹전면 매정리 326번지 1호  ,,2025-11-25
김갑수농장,한우,경상북도 안동시 녹전면 신평리 260번지 3호  ,,2025-11-25
이재원농장,한우,경상북도 안동시 녹전면 사신리 1014번지 5호  ,,2025-11-25
죽전농장,한우,경상북도 안동시 풍산읍 죽전리 797번지  ,경상북도 안동시 풍산읍 관음절길 8,2025-11-25
권중진농장,한우,경상북도 안동시 풍산읍 매곡리 303번지  ,경상북도 안동시 풍산읍 밤실길 45,2025-11-25
김춘연농장,한우,경상북도 안동시 북후면 도진리 607번지 1호  ,경상북도 안동시 북후면 산약길 321,2025-11-25
서정갑농장,한우,경상북도 안동시 일직면 명진리 444번지  ,경상북도 안동시 일직면 못골안길 26,2025-11-25
조용기농장,한우,경상북도 안동시 서후면 저전리 475번지  ,경상북도 안동시 서후면 저전2길 32-11,2025-11-25
권오식농장,한우,경상북도 안동시 풍산읍 계평리 61번지  ,경상북도 안동시 풍산읍 풍산태사로 2127-6,2025-11-25
월전농장,한우,경상북도 안동시 북후면 월전리 501번지 1호  ,경상북도 안동시 북후면 솔평전길 25,2025-11-25
김진규농장,한우,경상북도 안동시 임동면 마령리 384번지 외1필지(383) ,경상북도 안동시 임동면 마령산해로 430,2025-11-25
김성년농장,한우,경상북도 안동시 풍산읍 소산리 249번지  ,,2025-11-25
정우농장,한우,경상북도 안동시 남후면 고하리 917번지 1호  ,경상북도 안동시 남후면 남일로 665,2025-11-25
고옥순농장,한우,경상북도 안동시 서후면 대두서리 428번지  ,경상북도 안동시 서후면 대두서4길 68,2025-11-25
조재창농장,한우,경상북도 안동시 남후면 단호리 711번지  ,경상북도 안동시 남후면 대곡길 29,2025-11-25
대풍농장,한우,"경상북도 안동시 풍산읍 하리리 178번지 , 178-3 ",경상북도 안동시 풍산읍 우렁길 127-34,2025-11-25
성산축산,한우,경상북도 안동시 서후면 광평리 366번지  ,,2025-11-25
황상식농장,한우,경상북도 안동시 임동면 갈전리 107번지 3호  ,경상북도 안동시 임동면 갈밭길 279-4,2025-11-25
김혜한농장,한우,경상북도 안동시 남후면 무릉리 331번지 10호  ,,2025-11-25
박성환농장,한우,경상북도 안동시 풍산읍 신양리 381번지  ,,2025-11-25
굽리농장,한우,경상북도 안동시 풍천면 금계리 254번지 외 1필 ,,2025-11-25
정재훈농장,한우,경상북도 안동시 남후면 단호리 704번지 2호  ,경상북도 안동시 남후면 대곡길 43,2025-11-25
선진농장,한우,경상북도 안동시 풍산읍 죽전리 846번지 4호  ,,2025-11-25
재훈농장,한우,경상북도 안동시 풍산읍 괴정리 660번지  ,경상북도 안동시 풍산읍 절뒤안길 7-9,2025-11-25
임학수농장,한우,경상북도 안동시 북후면 신전리 489번지  ,,2025-11-25
용래축산,한우,경상북도 안동시 풍천면 신성리 468번지 1호  ,경상북도 안동시 풍천면 섬마을2길 85-9,2025-11-25
강한수농장,한우,경상북도 안동시 녹전면 사천리 461번지 1호  ,,2025-11-25
남재숙농장,한우,경상북도 안동시 녹전면 사신리 832번지 1호  ,경상북도 안동시 녹전면 사신길 31-13,2025-11-25
이주현농장,한우,경상북도 안동시 풍산읍 마애리 168번지 2호 외 1필 ,경상북도 안동시 풍산읍 마애길 49 (외 1필),2025-11-25
건지농장,한우,경상북도 안동시 풍천면 광덕리 780번지  ,경상북도 안동시 풍천면 건지길 27,2025-11-25
면각농장,한우,경상북도 안동시 북후면 연곡리 323번지  ,경상북도 안동시 북후면 종실길 80-36,2025-11-25
햇살 농장,한우,"경상북도 안동시 녹전면 녹래리 331번지 , 331-4 ",경상북도 안동시 녹전면 녹지로 449,2025-11-25
구단농장,한우,경상북도 안동시 녹전면 구송리 189번지  ,경상북도 안동시 녹전면 녹전로 450-11,2025-11-25
신암농장,한우,경상북도 안동시 녹전면 매정리 251번지  ,경상북도 안동시 녹전면 신매로 758-5,2025-11-25
장영도농장,한우,경상북도 안동시 북후면 도진리 485번지 2호  ,,2025-11-25
인덕농장,한우,경상북도 안동시 임하면 신덕리 1123번지 7호  ,,2025-11-25
이국원농장,한우,경상북도 안동시 임하면 천전리 417번지  ,,2025-11-25
식일농장,한우,경상북도 안동시 서후면 이송천리 11번지  ,경상북도 안동시 서후면 이송천길 165-84,2025-11-25
용두농장,한우,경상북도 안동시 와룡면 주계리 510번지 외 1필 ,경상북도 안동시 와룡면 용두길 7 (외 1필),2025-11-25
이견농장,한우,"경상북도 안동시 서후면 대두서리 348번지 , 348-1, 348-2 ","경상북도 안동시 서후면 생명의콩길 222-9, 222-13",2025-11-25
대명2농장,한우,경상북도 안동시 길안면 만음리 143번지  ,경상북도 안동시 길안면 명덕길 3-3,2025-11-25
매산농장,한우,경상북도 안동시 녹전면 매정리 543번지  ,경상북도 안동시 녹전면 신매로 703-3,2025-11-25
권영성농장,한우,경상북도 안동시 북후면 도촌리 866번지  ,경상북도 안동시 북후면 옥산길 117,2025-11-25
나천농장,한우,경상북도 안동시 임하면 오대리 산 139번지  ,,2025-11-25
지태해 농장,한우,경상북도 안동시 서후면 이개리 48번지 2호  ,"경상북도 안동시 서후면 명이개길 170, (이개리 48, 48-2)",2025-11-25
김철한농장,한우,경상북도 안동시 서후면 대두서리 575번지 2호  ,경상북도 안동시 서후면 대두서4길 40-89,2025-11-25
권영욱농장,한우,경상북도 안동시 풍산읍 괴정리 393번지 3호  ,경상북도 안동시 풍산읍 경서로 3840-9,2025-11-25
미애농장,한우,"경상북도 안동시 와룡면 라소리 930번지 1호 외2필지(930-2,930-3) ","경상북도 안동시 와룡면 토치골길 174 (외2필지(930-2,930-3))",2025-11-25
성진농장,한우,경상북도 안동시 와룡면 가야리 838번지 외 1필 ,,2025-11-25
대성농장,한우,경상북도 안동시 서후면 광평리 193번지  ,경상북도 안동시 서후면 북평로 541-21,2025-11-25
우진농장,한우,경상북도 안동시 와룡면 감애리 6번지 1호  ,경상북도 안동시 와룡면 텃골양장길 30,2025-11-25
석탑농장,한우,경상북도 안동시 북후면 석탑리 970번지 3호  ,경상북도 안동시 북후면 산북로 71,2025-11-25
김주열 농장,한우,"경상북도 안동시 와룡면 감애리 838번지 2호 ,838-3, 838-5 ",경상북도 안동시 와룡면 하명잦길 17,2025-11-25
권덕웅농장,한우,경상북도 안동시 서후면 이개리 803번지 1호 외 1필 ,경상북도 안동시 서후면 백현길 23-50 (외 1필),2025-11-25
김현동 농장,한우,"경상북도 안동시 녹전면 신평리 453번지 1호 ,462 ",,2025-11-25
이종식농장,한우,경상북도 안동시 남후면 광음리 395번지 3호  ,경상북도 안동시 남후면 감재길 68,2025-11-25
김인수농장,한우,경상북도 안동시 북후면 오산리 251번지 3호 외 1필 ,경상북도 안동시 북후면 이하오산로 74-11 (외 1필),2025-11-25
박태종농장,한우,경상북도 안동시 풍산읍 막곡리 78번지  ,경상북도 안동시 풍산읍 미르미길 46,2025-11-25
무릉농장,한우,경상북도 안동시 남후면 무릉리 96번지 1호  ,,2025-11-25
이국원농장,한우,경상북도 안동시 임하면 천전리 417번지  ,,2025-11-25
임종헌농장,한우,경상북도 안동시 남후면 단호리 45번지  ,경상북도 안동시 남후면 풍산단호로 794-33,2025-11-25
정대봉농장,한우,경상북도 안동시 풍산읍 수곡리 460번지  ,경상북도 안동시 풍산읍 수곡토일길 87,2025-11-25
권오석농장,한우,"경상북도 안동시 와룡면 감애리 827번지 1호 외3필지(827-2, 3, 4) ",경상북도 안동시 와룡면 하명잦길 29-26,2025-11-25
종훈농장,한우,경상북도 안동시 서후면 태장리 806번지  ,,2025-11-25
이태식농장,한우,경상북도 안동시 도산면 온혜리 534번지 5호  ,경상북도 안동시 도산면 온천로 672-25,2025-11-25
김춘섭농장,한우,경상북도 안동시 서후면 이송천리 531번지  ,경상북도 안동시 서후면 양지골길 46-12,2025-11-25
권오덕농장,한우,경상북도 안동시 남후면 무릉리 15번지 외1필지(19) ,경상북도 안동시 남후면 여실곡길 85 (외1필지(19)),2025-11-25
대밭농장,한우,경상북도 안동시 와룡면 가구리 566번지 4호  ,경상북도 안동시 와룡면 선돌길 75-27,2025-11-25
정주원농장,한우,경상북도 안동시 수상동 339번지  ,경상북도 안동시 뱃가골길 149(수상동),2025-11-25
최정원농장,한우,경상북도 안동시 풍산읍 수곡리 277번지 2호  ,경상북도 안동시 풍산읍 산음길 72,2025-11-25
김필진농장,한우,경상북도 안동시 이천동 475번지  ,,2025-11-25
권영득농장,한우,경상북도 안동시 서후면 명리 752번지 1호  ,경상북도 안동시 서후면 명리독점길 213-16,2025-11-25
이배걸농장,한우,경상북도 안동시 와룡면 오천리 728번지  ,경상북도 안동시 와룡면 조마리길 54-11,2025-11-25
통일농장,한우,경상북도 안동시 풍산읍 마애리 705번지 8호  ,경상북도 안동시 풍산읍 풍산단호로 133-10,2025-11-25
금순섭농장,한우,경상북도 안동시 도산면 가송리 239번지  ,,2025-11-25
남진환농장,한우,경상북도 안동시 도산면 태자리 844번지  ,,2025-11-25
남씨우사,한우,경상북도 안동시 북후면 오산리 316번지  ,경상북도 안동시 북후면 오산대추길 9,2025-11-25
권욱진농장,한우,경상북도 안동시 남후면 광음리 433번지 1호  ,경상북도 안동시 남후면 샛터길 17,2025-11-25
최분자농장,한우,경상북도 안동시 북후면 도촌리 827번지  ,경상북도 안동시 북후면 옥산길 39,2025-11-25
장상모농장,한우,경상북도 안동시 남후면 광음리 768번지 3호  ,,2025-11-25
김태영농장,한우,경상북도 안동시 남후면 광음리 490번지  ,경상북도 안동시 남후면 샛터길 96,2025-11-25
김창수 농장,한우,경상북도 안동시 풍산읍 수곡리 456번지  ,경상북도 안동시 풍산읍 수곡토일길 74-8,2025-11-25
김용춘농장,한우,경상북도 안동시 와룡면 주계리 254번지  ,경상북도 안동시 와룡면 용두길 131,2025-11-25
장세화농장,한우,경상북도 안동시 안막동 930번지  ,,2025-11-25
호마골농장,한우,경상북도 안동시 북후면 물한리 119번지  ,경상북도 안동시 북후면 저전물한길 189-22,2025-11-25
오창민농장,한우,경상북도 안동시 일직면 명진리 183번지  ,경상북도 안동시 일직면 장림길 5,2025-11-25
이경섭농장,한우,경상북도 안동시 와룡면 주하리 36번지 2호  ,,2025-11-25
성곡농장,한우,경상북도 안동시 서후면 성곡리 496번지 1호  ,,2025-11-25
이병대농장,한우,경상북도 안동시 예안면 인계리 679번지 3호  ,경상북도 안동시 예안면 청구길 5-32,2025-11-25
안희숙농장,한우,경상북도 안동시 서후면 이개리 345번지 1호  ,경상북도 안동시 서후면 백현길 3-11,2025-11-25
황수한농장,한우,경상북도 안동시 남후면 광음리 656번지 1호  ,경상북도 안동시 남후면 광음원당길 21,2025-11-25
강이흠농장,한우,경상북도 안동시 녹전면 신평리 992번지 5호  ,,2025-11-25
황중태농장,한우,경상북도 안동시 풍산읍 서미리 275번지  ,경상북도 안동시 풍산읍 목현길 87-1,2025-11-25
최병순농장,한우,경상북도 안동시 녹전면 신평리 138번지 1호  ,경상북도 안동시 녹전면 신평호암길 77-4,2025-11-25
학가산백현농장,육우,"경상북도 안동시 서후면 자품리 116번지 2호 외1필지(116-2, 119) ","경상북도 안동시 서후면 백현길 714-3 (외1필지(116-2, 119))",2025-11-25
오택민농장,한우,경상북도 안동시 남후면 단호리 695번지 1호  ,경상북도 안동시 남후면 대곡길 49-5,2025-11-25
노석구농장,한우,경상북도 안동시 풍천면 신성리 497번지 2호  ,경상북도 안동시 풍천면 섬마을2길 145-11,2025-11-25
김광한농장,한우,경상북도 안동시 임동면 수곡리 1364번지 외 1필 ,경상북도 안동시 임동면 노루매기길 166 (외 1필),2025-11-25
장시호농장,한우,경상북도 안동시 남후면 광음리 957번지 외 1필지 ,경상북도 안동시 남후면 큰광음길 200-7 (외 1필지),2025-11-25
수범농장,한우,경상북도 안동시 임동면 고천리 492번지  ,,2025-11-25
무지개농장,한우,경상북도 안동시 서후면 태장리 198번지  ,경상북도 안동시 서후면 풍산태사로 3260-9,2025-11-25
안동봉화축협 서후생축사업장,한우,경상북도 안동시 서후면 대두서리 1068번지  ,경상북도 안동시 서후면 죽전길 152,2025-11-25
동현농장,한우,경상북도 안동시 서후면 이개리 371번지  ,경상북도 안동시 서후면 귀여리길 356,2025-11-25
금교일농장,염소,경상북도 안동시 도산면 가송리 469번지 2호  ,경상북도 안동시 도산면 가송길 92,2025-11-25
훈이농장,돼지,경상북도 안동시 임동면 고천리 40번지 5호  ,"경상북도 안동시 임동면 새두들길 95, (고천리 40-3)",2025-11-25
오산농장,한우,경상북도 안동시 북후면 오산리 528번지 1호  ,경상북도 안동시 북후면 이하오산로 12,2025-11-25
화성농장,한우,경상북도 안동시 일직면 원호리 850번지  ,경상북도 안동시 일직면 경북대로 7631,2025-11-25
대명농장,한우,경상북도 안동시 일직면 명진리 307번지  ,경상북도 안동시 일직면 평팔명진길 191-10,2025-11-25
와룡농장,한우,경상북도 안동시 와룡면 지내리 746번지 1호 외 1필 ,,2025-11-25
감애리농장,한우,경상북도 안동시 와룡면 감애리 945번지  ,경상북도 안동시 와룡면 와북로 704,2025-11-25
양기돈농장,한우,경상북도 안동시 와룡면 이하리 169번지  ,경상북도 안동시 와룡면 머지리길 176-25,2025-11-25
이성섭농장,한우,경상북도 안동시 와룡면 감애리 888번지 4호  ,경상북도 안동시 와룡면 통골길 31,2025-11-25
손칠윤농장,한우,경상북도 안동시 서후면 성곡리 432번지 2호  ,경상북도 안동시 서후면 봉림사지길 2-1,2025-11-25
이진걸농장,한우,경상북도 안동시 와룡면 주하리 132번지 2호 외 1필 ,,2025-11-25
가람농장,한우,경상북도 안동시 일직면 망호리 986번지 3호  ,경상북도 안동시 일직면 경북대로 7085-42,2025-11-25
서보환농장,한우,"경상북도 안동시 와룡면 지내리 783번지 , 783-2 ",경상북도 안동시 와룡면 모산골길 85-33,2025-11-25
강진원농장,한우,경상북도 안동시 예안면 신남리 102번지  ,경상북도 안동시 예안면 구티미길 2,2025-11-25
구도리농장,한우,경상북도 안동시 북후면 석탑리 1184번지 2호  ,"경상북도 안동시 북후면 구둠실길 19-5, (석탑리 1184-3)",2025-11-25
강두성농장,한우,경상북도 안동시 북후면 대현리 846번지 외2필지 ,경상북도 안동시 북후면 서삼거인길 43,2025-11-25
아늑한농장,한우,경상북도 안동시 정하동 103번지 1호  ,경상북도 안동시 아늑길 342-8 (정하동),2025-11-25
권순칠농장,한우,"경상북도 안동시 서후면 이개리 637번지 , 636 ","경상북도 안동시 서후면 이개와우실길 51-13, , 51-19",2025-11-25
동연목장,한우,경상북도 안동시 와룡면 라소리 산 213번지  ,"경상북도 안동시 와룡면 나소로 200-27, (라소리 1080-1)",2025-11-25
김익현농장,한우,경상북도 안동시 풍산읍 오미리 243번지  ,경상북도 안동시 풍산읍 미동길 53-8,2025-11-25
종환농장,한우,경상북도 안동시 풍산읍 오미리 181번지  ,경상북도 안동시 풍산읍 풍산태사로 481-20,2025-11-25
우진농장,한우,경상북도 안동시 일직면 송리리 214번지  ,,2025-11-25
오봉기농장,한우,경상북도 안동시 남선면 외하리 693번지  ,경상북도 안동시 남선면 검정길 102-23,2025-11-25
최성기농장,한우,경상북도 안동시 길안면 송사리 206번지 7호 외1필지 ,경상북도 안동시 길안면 송사큰마길 28 (외1필지),2025-11-25
진흥농장,한우,경상북도 안동시 북후면 연곡리 586번지  ,경상북도 안동시 북후면 와북로 285,2025-11-25
한우목장,한우,경상북도 안동시 임동면 망천리 463번지 4호  ,경상북도 안동시 임동면 망천우곡길 71,2025-11-25
한라농장,한우,경상북도 안동시 임하면 신덕리 1084번지 4호  ,경상북도 안동시 임하면 중들뒷길 55,2025-11-25
박서방네 동물농장,한우,경상북도 안동시 송현동 546번지  ,경상북도 안동시 우시골길 102 (송현동),2025-11-25
동형농장,한우,경상북도 안동시 풍천면 도양리 1120번지  ,경상북도 안동시 풍천면 운골길 134,2025-11-25
솔밤농장,한우,경상북도 안동시 서후면 교리 440번지 1호 외1필지 ,경상북도 안동시 서후면 교리평촌길 42-3,2025-11-25
명훈농장,한우,경상북도 안동시 임동면 고천리 169번지 2호  ,경상북도 안동시 임동면 고천지촌로 320-8,2025-11-25
전영생농장,한우,경상북도 안동시 와룡면 오천리 458번지  ,경상북도 안동시 와룡면 배실길 12-20,2025-11-25
호암농장,한우,경상북도 안동시 풍산읍 수곡리 44외1필지 ,,2025-11-25
최동수농장,한우,경상북도 안동시 와룡면 태리 417번지  ,경상북도 안동시 와룡면 서동골길 130-6,2025-11-25
장수농장,한우,경상북도 안동시 서후면 성곡리 134번지 3호  ,,2025-11-25
연국축산,한우,경상북도 안동시 일직면 국곡리 792번지  ,경상북도 안동시 일직면 간평길 55,2025-11-25
남시호농장,한우,경상북도 안동시 풍산읍 죽전리 264번지  ,,2025-11-25
동재명경농장,한우,경상북도 안동시 녹전면 매정리 265번지 2호  ,경상북도 안동시 녹전면 신매로 757,2025-11-25
한성농장,한우,경상북도 안동시 서후면 대두서리 686번지  ,경상북도 안동시 서후면 대두서3길 19-52,2025-11-25
김승한농장,한우,경상북도 안동시 서후면 이송천리 214번지  ,,2025-11-25
화성농장,한우,경상북도 안동시 풍산읍 막곡리 597번지  ,경상북도 안동시 풍산읍 청회길 411-26,2025-11-25
울림목장,한우,경상북도 안동시 서후면 재품리 산 22번지  ,"경상북도 안동시 서후면 백현길 522-4, (재품리 336-1)",2025-11-25
김미순농장,한우,경상북도 안동시 서후면 대두서리 181번지 3호  ,경상북도 안동시 서후면 명리독점길 211-82,2025-11-25
김순자농장,한우,경상북도 안동시 와룡면 주하리 533번지  ,"경상북도 안동시 와룡면 신그네길 70-21, (주하리 533)",2025-11-25
정태농장,한우,경상북도 안동시 북후면 도촌리 24번지  ,경상북도 안동시 북후면 북평로 600-21,2025-11-25
김오곤농장,한우,"경상북도 안동시 서후면 대두서리 245번지 2호 , 261-1, 245-7, 246-2 ",경상북도 안동시 서후면 명리독점길 211-111,2025-11-25
김철하농장,한우,경상북도 안동시 남선면 이천리 473번지  ,,2025-11-25
이기환 농장,한우,경상북도 안동시 도산면 온혜리 277번지 5호  ,경상북도 안동시 도산면 퇴계로 2697-9,2025-11-25
김종필농장,한우,경상북도 안동시 서후면 대두서리 306번지 3호  ,,2025-11-25
조영기 농장,한우,경상북도 안동시 서후면 저전리 537번지 4호  ,경상북도 안동시 서후면 저전2길 12-11,2025-11-25
정건호농장,한우,경상북도 안동시 와룡면 태리 845번지 5호  ,경상북도 안동시 와룡면 매구네길 178,2025-11-25
안동민속한우영농조합법인,한우,경상북도 안동시 북후면 장기리 67번지 1호  ,경상북도 안동시 북후면 황새길 127,2025-11-25
최남섭농장,한우,경상북도 안동시 서후면 대두서리 693번지  ,경상북도 안동시 서후면 대두서3길 19-29,2025-11-25
란분농장,한우,경상북도 안동시 서후면 대두서리 484번지  ,경상북도 안동시 서후면 대두서4길 49-4,2025-11-25
장미화농장,한우,경상북도 안동시 남선면 외하리 685번지 3호  ,경상북도 안동시 남선면 검정길 87,2025-11-25
송지농장,한우,경상북도 안동시 와룡면 라소리 912번지 2호 외1필지(919번지) ,경상북도 안동시 와룡면 토치골길 200 (외1필지(919번지)),2025-11-25
송강농장,한우,경상북도 안동시 서후면 이송천리 389번지 6호  ,경상북도 안동시 서후면 이송천1길 61-26,2025-11-25
영강한우농장,한우,경상북도 안동시 일직면 조탑리 368번지  ,경상북도 안동시 일직면 긴대골길 41,2025-11-25
라천농장,한우,경상북도 안동시 임하면 오대리 1001번지 외1필지 ,경상북도 안동시 임하면 금소길 22-14,2025-11-25
정우혁농장,한우,경상북도 안동시 풍산읍 죽전리 1226번지  ,,2025-11-25
장덕수농장,한우,경상북도 안동시 풍산읍 계평리 460번지 4호  ,경상북도 안동시 풍산읍 음실길 63,2025-11-25
나소농장,한우,경상북도 안동시 와룡면 라소리 623번지  ,경상북도 안동시 와룡면 농암로 621,2025-11-25
황씨농장,한우,경상북도 안동시 일직면 광연리 455번지  ,경상북도 안동시 일직면 회암길 71-41,2025-11-25
윤호농장,한우,경상북도 안동시 서후면 대두서리 353번지 1필 ,경상북도 안동시 서후면 생명의콩길 221 (1필),2025-11-25
송곡농장,한우,경상북도 안동시 서후면 태장리 229번지 4호  ,,2025-11-25
이재욱농장,한우,경상북도 안동시 수상동 165번지 1호  ,경상북도 안동시 건지기길 14-53 (수상동),2025-11-25
무릉농장,한우,경상북도 안동시 남후면 무릉리 498번지 3호  ,,2025-11-25
매곡농장,한우,경상북도 안동시 풍산읍 매곡리 751번지  ,,2025-11-25
칠성농장,한우,경상북도 안동시 서후면 대두서리 177번지 1호  ,,2025-11-25
이재복농장,육계,경상북도 안동시 녹전면 원천리 715번지 1호  ,경상북도 안동시 녹전면 예봉로 790-2,2025-11-25
성우농장,한우,경상북도 안동시 남후면 광음리 468번지  ,경상북도 안동시 남후면 샛터길 71,2025-11-25
허경란농장,한우,경상북도 안동시 일직면 운산리 357번지  ,경상북도 안동시 일직면 관사길 77-12,2025-11-25
김순한농장,한우,경상북도 안동시 남선면 외하리 581번지 4호  ,경상북도 안동시 남선면 무선리길 123,2025-11-25
월림농장,한우,경상북도 안동시 남선면 외하리 726번지  ,,2025-11-25
김말순농장,한우,경상북도 안동시 일직면 운산리 산 2번지 1호  ,,2025-11-25
뒷골농장,한우,경상북도 안동시 서후면 태장리 706번지 1호  ,,2025-11-25
동의농장,돼지,경상북도 안동시 북후면 장기리 100번지 5호  ,경상북도 안동시 북후면 와북로 140-77,2025-11-25
금화농장,한우,"경상북도 안동시 서후면 대두서리 242번지 , 242-1 ",경상북도 안동시 서후면 명리독점길 211-93,2025-11-25
대복농장,한우,경상북도 안동시 일직면 운산리 302번지  ,경상북도 안동시 일직면 관사길 36,2025-11-25
수천농장,한우,경상북도 안동시 풍천면 광덕리 303번지  ,경상북도 안동시 풍천면 안사풍천길 1989,2025-11-25
농업회사법인(주)민속한우,한우,"경상북도 안동시 북후면 물한리 201번지 ,서후면 저전리7 ","경상북도 안동시 북후면 저전물한길 69 (,서후면 저전리7)",2025-11-25
김정희농장,한우,경상북도 안동시 남후면 검암리 724번지  ,경상북도 안동시 남후면 모운사길 26-33,2025-11-25
태성농장,한우,경상북도 안동시 북후면 장기리 189번지  ,경상북도 안동시 북후면 와북로 140-89,2025-11-25
호선농장,한우,경상북도 안동시 북후면 도촌리 671번지  ,경상북도 안동시 북후면 도장길 273-6,2025-11-25
미영농장,한우,경상북도 안동시 와룡면 태리 548번지 2호  ,"경상북도 안동시 와룡면 매구네길 76, (매구네길 69)",2025-11-25
관음농장,한우,경상북도 안동시 풍산읍 죽전리 537번지 외1필지(536) ,경상북도 안동시 풍산읍 관음절길 52 (외1필지(536)),2025-11-25
조상엽농장,한우,경상북도 안동시 이천동 194번지 3호  ,"경상북도 안동시 미두리길 266, (이천동 194-3, 194-4) (이천동)",2025-11-25
성산축산,한우,경상북도 안동시 서후면 저전리 382번지 3호  ,경상북도 안동시 서후면 풍산태사로 3411-14,2025-11-25
느티나무농장,한우,"경상북도 안동시 풍산읍 서미리 329번지 외2필지(332,333) ",,2025-11-25
이은하농장,한우,"경상북도 안동시 풍산읍 수리 507번지 1호 , 507-2 ",경상북도 안동시 풍산읍 수동2길 50-9,2025-11-25
심점인농장,한우,경상북도 안동시 남후면 단호리 715번지 1호  ,경상북도 안동시 남후면 대곡길 52,2025-11-25
안동민속한우 영농조합법인(박지환위탁),한우,경상북도 안동시 서후면 성곡리 309번지  ,경상북도 안동시 서후면 성곡제일길 89-26,2025-11-25
영광농장,한우,경상북도 안동시 북후면 오산리 84번지 1호  ,경상북도 안동시 북후면 산약길 170-100,2025-11-25
미경농장,한우,경상북도 안동시 남후면 광음리 190번지 3호  ,"경상북도 안동시 남후면 감재길 236, (광음리 193-1)",2025-11-25
권성환농장,한우,경상북도 안동시 서후면 명리 215번지  ,경상북도 안동시 서후면 명이개길 139,2025-11-25
부부농장,한우,경상북도 안동시 길안면 묵계리 205번지 7호  ,,2025-11-25
성한농장,한우,경상북도 안동시 남선면 이천리 495번지  ,경상북도 안동시 남선면 뱁실길 152,2025-11-25
숙영농장,한우,경상북도 안동시 성곡동 923번지 4호 외1필지(923-5) ,,2025-11-25
황학산농장,한우,경상북도 안동시 길안면 백자리 697번지  ,경상북도 안동시 길안면 원백자길 2-2,2025-11-25
율림농장,한우,경상북도 안동시 풍산읍 하리리 24번지  ,경상북도 안동시 풍산읍 우렁길 139-20,2025-11-25
부성축산,한우,경상북도 안동시 남후면 무릉리 880번지 4호 외1필지(882) ,경상북도 안동시 남후면 숨실길 18-5 (외1필지(882)),2025-11-25
심우농장,한우,경상북도 안동시 서후면 이개리 13번지  ,경상북도 안동시 서후면 성곡이개길 64,2025-11-25
안동민속한우영농조합법인,한우,경상북도 안동시 북후면 장기리 38번지  ,경상북도 안동시 북후면 와북로 137,2025-11-25
화산축산,한우,경상북도 안동시 와룡면 감애리 466번지  ,경상북도 안동시 와룡면 와북로 823,2025-11-25
단지농장,한우,경상북도 안동시 남후면 단호리 591번지  ,경상북도 안동시 남후면 대곡길 95-5,2025-11-25
부자농장,한우,경상북도 안동시 와룡면 라소리 1010번지  ,"경상북도 안동시 와룡면 나소로 241-10, (라소리 1010)",2025-11-25
소산농장,한우,경상북도 안동시 풍산읍 소산리 789번지  ,,2025-11-25
신양농장,한우,"경상북도 안동시 풍산읍 신양리 925번지 3호 외2필지(923,924) ","경상북도 안동시 풍산읍 용산절길 65-7 (외2필지(923,924))",2025-11-25
한수농장,한우,경상북도 안동시 일직면 명진리 241번지  ,,2025-11-25
갓뒤농장,한우,경상북도 안동시 풍산읍 괴정리 499번지  ,경상북도 안동시 풍산읍 풍산태사로 616-10,2025-11-25
청명농장,한우,경상북도 안동시 일직면 평팔리 325번지  ,,2025-11-25
영배농장,한우,경상북도 안동시 풍산읍 괴정리 861번지  ,경상북도 안동시 풍산읍 양광길 79,2025-11-25
양지바른농장,한우,경상북도 안동시 녹전면 녹래리 196번지  ,경상북도 안동시 녹전면 녹래길 37-7,2025-11-25
광평농장,한우,경상북도 안동시 서후면 광평리 1127번지 1호  ,경상북도 안동시 서후면 개목사길 177-55,2025-11-25
진섭농장,한우,경상북도 안동시 남후면 무릉리 589번지  ,경상북도 안동시 남후면 남일로 1330-62,2025-11-25
상규네농장,한우,경상북도 안동시 서후면 명리 214번지  ,,2025-11-25
중리농장,한우,경상북도 안동시 풍천면 가곡리 866번지  ,경상북도 안동시 풍천면 평장골길 36,2025-11-25
라니네농장,종계/산란계,경상북도 안동시 서후면 광평리 1065번지  ,경상북도 안동시 서후면 개목사길 45-98,2025-11-25
매정농장,한우,경상북도 안동시 녹전면 매정리 394번지 3호  ,경상북도 안동시 녹전면 매정용두길 128,2025-11-25
만운농장,한우,경상북도 안동시 풍산읍 만운리 514번지 2호  ,,2025-11-25
상주농장,사슴,경상북도 안동시 이천동 646번지 1호  ,경상북도 안동시 두우티길 162-56 (이천동),2025-11-25
신양농장,한우,경상북도 안동시 풍산읍 신양리 48번지  ,,2025-11-25
이승호농장,한우,경상북도 안동시 와룡면 라소리 1105번지  ,경상북도 안동시 와룡면 나소로 170-39,2025-11-25
근이농장,한우,"경상북도 안동시 와룡면 주하리 345번지 2호 ,345-1,344,581-1 ",경상북도 안동시 와룡면 감애주하길 377,2025-11-25
농업회사법인금빛축산(주),종계/산란계,경상북도 안동시 북후면 옹천리 190번지  ,경상북도 안동시 북후면 감성길 30-29,2025-11-25
풍북농장,한우,경상북도 안동시 풍산읍 괴정리 543번지 외1필지(533-9) ,경상북도 안동시 풍산읍 괴정안길 48-1 (외1필지(533-9)),2025-11-25
운호농장,한우,경상북도 안동시 서후면 교리 278번지 3호 외1필지(278) ,,2025-11-25
윤희율농장,한우,경상북도 안동시 와룡면 이상리 613번지 외1필지(614) ,경상북도 안동시 와룡면 샘골길 43-102,2025-11-25
감애농장,한우,경상북도 안동시 와룡면 감애리 234번지  ,경상북도 안동시 와룡면 감애구송로 7-5,2025-11-25
연승농장,한우,경상북도 안동시 북후면 도촌리 383번지  ,경상북도 안동시 북후면 도장길 43-26,2025-11-25
시진농장,한우,경상북도 안동시 와룡면 가야리 447번지 2호  ,경상북도 안동시 와룡면 나소로 114-16,2025-11-25
도섭농장,한우,경상북도 안동시 북후면 도진리 470번지 외1필지(471) ,경상북도 안동시 북후면 산약길 262-4 (외1필지(471)),2025-11-25
펄이농장,한우,경상북도 안동시 북후면 도진리 510번지 외1필지(511) ,,2025-11-25
하원당농장,한우,경상북도 안동시 녹전면 원천리 230번지  ,,2025-11-25
서미농장,한우,경상북도 안동시 풍산읍 서미리 154번지  ,경상북도 안동시 풍산읍 서미2길 6-42,2025-11-25
장수축산 농장,한우,경상북도 안동시 와룡면 지내리 440번지 외1필지(440-1) ,경상북도 안동시 와룡면 장수골길 179-50 (외1필지(440-1)),2025-11-25
대덕농장,한우,"경상북도 안동시 와룡면 오천리 812번지 , 812-3, 813 ",경상북도 안동시 와룡면 바위골길 52,2025-11-25
아름농장,한우,경상북도 안동시 일직면 망호리 290번지  ,경상북도 안동시 일직면 지실들길 32,2025-11-25
아름농장,한우,경상북도 안동시 일직면 망호리 389번지 1호  ,경상북도 안동시 일직면 지실들길 25,2025-11-25
김대식 농장,한우,경상북도 안동시 와룡면 라소리 946번지 1호  ,경상북도 안동시 와룡면 나소로 170-16,2025-11-25
휴봉농장,한우,경상북도 안동시 일직면 조탑리 388번지 388외 3필지 ,경상북도 안동시 일직면 긴대골길 88 (외 3필지),2025-11-25
세원축산,돼지,경상북도 안동시 와룡면 서현리 222번지 외1필지(225) ,경상북도 안동시 와룡면 와북로 659-47,2025-11-25
오장실농장,한우,경상북도 안동시 와룡면 주하리 112번지 3호  ,,2025-11-25
황제농장,한우,경상북도 안동시 풍천면 광덕리 964번지  ,경상북도 안동시 풍천면 광디길 142,2025-11-25
서암농장,한우,경상북도 안동시 와룡면 태리 274번지 1호  ,,2025-11-25
김상희 농장,육계,경상북도 안동시 풍산읍 신양리 890번지  ,,2025-11-25
원천농장,육계,경상북도 안동시 녹전면 원천리 152번지  ,경상북도 안동시 녹전면 고정길 6-12,2025-11-25
서삼축산,한우,경상북도 안동시 녹전면 서삼리 629번지  ,,2025-11-25
유림농장,한우,경상북도 안동시 풍천면 기산리 273번지 1호  ,경상북도 안동시 풍천면 광덕섬길 129,2025-11-25
현대축산,돼지,"경상북도 안동시 임하면 오대리 1099번지 1호 외 2필지(1099-4, 1099-5) ",경상북도 안동시 임하면 금소길 63-25,2025-11-25
강서농장,한우,경상북도 안동시 남후면 고하리 711번지 2호  ,경상북도 안동시 남후면 고하서당길 26,2025-11-25
운곡축사,한우,경상북도 안동시 도산면 운곡리 86번지  ,경상북도 안동시 도산면 구레실길 10,2025-11-25
만평농장,한우,경상북도 안동시 풍천면 광덕리 226번지  ,경상북도 안동시 풍천면 광덕섬길 292,2025-11-25
웅지농장,한우,경상북도 안동시 예안면 구룡리 59번지  ,경상북도 안동시 예안면 대곡구룡길 212-43,2025-11-25
농민농장,한우,경상북도 안동시 녹전면 녹래리 211번지 2호  ,,2025-11-25
한계리 농장,한우,경상북도 안동시 녹전면 서삼리 938번지  ,경상북도 안동시 녹전면 녹지로 264,2025-11-25
대흥농장,한우,경상북도 안동시 서후면 대두서리 192번지 5호  ,경상북도 안동시 서후면 명리독점길 211-77,2025-11-25
우리농장,한우,경상북도 안동시 일직면 용각리 571번지  ,경상북도 안동시 일직면 용각길 311,2025-11-25
청솔한우,한우,경상북도 안동시 와룡면 지내리 206번지 1호  ,경상북도 안동시 와룡면 농암로 265-6,2025-11-25
한국축산2농장,한우,경상북도 안동시 와룡면 주계리 768번지 외1필지(776) ,경상북도 안동시 와룡면 장수골길 217-23,2025-11-25
상호농장,한우,경상북도 안동시 북후면 물한리 647번지 외1필지(647-1) ,경상북도 안동시 북후면 물한길 66-38,2025-11-25
삼진농장,한우,경상북도 안동시 녹전면 녹래리 334번지  ,경상북도 안동시 녹전면 녹지로 461-22,2025-11-25
광평농장,한우,경상북도 안동시 서후면 광평리 35번지 1호  ,경상북도 안동시 서후면 광평1길 30-18,2025-11-25
강전구농장,한우,경상북도 안동시 북후면 석탑리 125번지  ,경상북도 안동시 북후면 청골길 199,2025-11-25
제일농장,한우,경상북도 안동시 서후면 성곡리 460번지  ,경상북도 안동시 서후면 성곡제일길 214-5,2025-11-25
왕솔농장,한우,경상북도 안동시 길안면 백자리 369번지 1호  ,경상북도 안동시 길안면 만음백자길 765-34,2025-11-25
우리농장,한우,경상북도 안동시 일직면 망호리 539번지 1호 외1필지(540-1) ,경상북도 안동시 일직면 일직점곡로 11-9,2025-11-25
학산농원,한우,경상북도 안동시 북후면 석탑리 693번지  ,경상북도 안동시 북후면 석탑동굴길 5,2025-11-25
거북산신부골권기탁농원,한우,경상북도 안동시 와룡면 주하리 178번지 1호  ,경상북도 안동시 와룡면 감애주하길 259-14,2025-11-25
정우농장,한우,경상북도 안동시 녹전면 원천리 298번지  ,경상북도 안동시 녹전면 원당안길 30-20,2025-11-25
지영농장,한우,"경상북도 안동시 와룡면 가구리 455번지 2호 , 455-3 ",경상북도 안동시 와룡면 농암로 120-54,2025-11-25
조파농장,한우,경상북도 안동시 풍산읍 만운리 1086번지  ,경상북도 안동시 풍산읍 조파길 185-36,2025-11-25
오산농장,한우,경상북도 안동시 북후면 오산리 262번지  ,경상북도 안동시 북후면 이하오산로 56,2025-11-25
용계농원,한우,경상북도 안동시 길안면 구수리 790번지  ,,2025-11-25
성부농장,한우,경상북도 안동시 이천동 241번지 2호  ,"경상북도 안동시 연미원길 261-8, (이천동 241-2) (이천동)",2025-11-25
세낙농장,한우,경상북도 안동시 풍산읍 신양리 762번지 1호  ,,2025-11-25
광성농장,육계,경상북도 안동시 북후면 물한리 185번지  ,경상북도 안동시 북후면 저전물한길 77,2025-11-25
길안사슴농장,사슴,경상북도 안동시 길안면 만음리 942번지  ,경상북도 안동시 길안면 만음1길 80-5,2025-11-25
일심농장,한우,경상북도 안동시 풍천면 구담리 130번지 5호 외1필지(130) ,,2025-11-25
단호우사,한우,경상북도 안동시 남후면 단호리 670번지 5호  ,경상북도 안동시 남후면 대곡길 64,2025-11-25
승리농장,한우,경상북도 안동시 임동면 고천리 540번지  ,경상북도 안동시 임동면 고천덕강길 42-85,2025-11-25
원일농장,한우,"경상북도 안동시 풍산읍 신양리 390번지 1호 외3필지(388,390-2,390-3) ",,2025-11-25
비전농장,돼지,경상북도 안동시 일직면 국곡리 820번지  ,경상북도 안동시 일직면 남일로 304-94,2025-11-25
태영농장,한우,"경상북도 안동시 이천동 837번지 2호 , 793 ","경상북도 안동시 두우티길 233-105, 233-18 (이천동)",2025-11-25
형제축산,한우,경상북도 안동시 일직면 송리리 6번지  ,경상북도 안동시 일직면 현마을길 16-41,2025-11-25
선우농장,한우,경상북도 안동시 녹전면 서삼리 800번지 3호  ,경상북도 안동시 녹전면 능실길 6-6,2025-11-25
태우농장,한우,경상북도 안동시 일직면 원호리 875번지  ,경상북도 안동시 일직면 장사리길 10,2025-11-25
금조농장,한우,"경상북도 안동시 이천동 621번지 2호 (621-5, 621-7) ",,2025-11-25
대현농장,한우,경상북도 안동시 북후면 대현리 587번지  ,경상북도 안동시 북후면 한골길 100-7,2025-11-25
조부실농장,한우,경상북도 안동시 서후면 성곡리 20번지 5호  ,경상북도 안동시 서후면 풍산태사로 3064,2025-11-25
정대웅농장,한우,"경상북도 안동시 일직면 귀미리 891번지 3호 , 890-1 ",경상북도 안동시 일직면 하나들길 64,2025-11-25
고일농장,한우,"경상북도 안동시 남후면 고상리 6번지 외3필지(4-1,5,6-1) ","경상북도 안동시 남후면 남일로 584 (외3필지(4-1,5,6-1))",2025-11-25
장성윤농장,한우,경상북도 안동시 와룡면 가야리 576번지 외1필지(577-1) ,,2025-11-25
지산농장,한우,경상북도 안동시 와룡면 가구리 산 89번지  ,경상북도 안동시 와룡면 가메기길 10-1,2025-11-25
송천농장,한우,경상북도 안동시 와룡면 이하리 310번지  ,경상북도 안동시 와룡면 이하솔길 57,2025-11-25
물댄동산,한우,경상북도 안동시 와룡면 주하리 276번지  ,경상북도 안동시 와룡면 태리금산로 181-13,2025-11-25
원림농장,한우,경상북도 안동시 남선면 원림리 861번지  ,경상북도 안동시 남선면 토갓길 76,2025-11-25
영호농장,한우,경상북도 안동시 풍천면 광덕리 829번지  ,경상북도 안동시 풍천면 광디길 178-3,2025-11-25
부부농장,한우,경상북도 안동시 임동면 마령리 258번지 4호  ,경상북도 안동시 임동면 마령골마길 39,2025-11-25
해맑음농장,한우,경상북도 안동시 길안면 고란리 35번지  ,,2025-11-25
제비원농장,한우,경상북도 안동시 이천동 194번지 1호  ,"경상북도 안동시 덕고개길 194, 이천동 194-5 (이천동)",2025-11-25
푸른농장,한우,경상북도 안동시 풍산읍 신양리 778번지 외1필지(778-3) ,경상북도 안동시 풍산읍 현애길 41 (외1필지(778-3)),2025-11-25
보미농장,한우,경상북도 안동시 일직면 송리리 5번지  ,경상북도 안동시 일직면 현마을길 16-59,2025-11-25
신전목장,한우,"경상북도 안동시 북후면 신전리 214번지 2호 외 7필지(102, 산13-2, 105-1, 105-2, 산13-2, 109, 109-1) ",경상북도 안동시 북후면 산북로 812,2025-11-25
수리골농장,한우,경상북도 안동시 노하동 421번지 1호 외1필지(413) ,"경상북도 안동시 제봉1길 193 (노하동,외1필지(413))",2025-11-25
정섭농장,한우,경상북도 안동시 풍산읍 신양리 765번지 2호 외1필지(산106-6) ,경상북도 안동시 풍산읍 세낙길 46 (외1필지(산106-6)),2025-11-25
손안섭농장,돼지,경상북도 안동시 남선면 구미리 7번지 2호 외1필지(6) ,경상북도 안동시 남선면 충효로 3809-57 (외1필지(6)),2025-11-25
구단농장,한우,경상북도 안동시 녹전면 구송리 313번지 1호  ,경상북도 안동시 녹전면 녹전로 450,2025-11-25
희망농장,한우,경상북도 안동시 녹전면 서삼리 604번지 2호  ,경상북도 안동시 녹전면 서삼길 129,2025-11-25
순풍농장,한우,경상북도 안동시 북후면 오산리 105번지  ,경상북도 안동시 북후면 산약길 170-45,2025-11-25
새미농장,한우,경상북도 안동시 녹전면 매정리 501번지  ,,2025-11-25
신정농장,한우,"경상북도 안동시 녹전면 매정리 651번지 ,649-2, 650 ",경상북도 안동시 녹전면 신정길 9,2025-11-25
개실농장,한우,경상북도 안동시 와룡면 가야리 20번지  ,경상북도 안동시 와룡면 가야길 419-14,2025-11-25
종성농장,한우,경상북도 안동시 서후면 대두서리 522번지  ,경상북도 안동시 서후면 대두서4길 40-69,2025-11-25
안풍농장,한우,경상북도 안동시 풍산읍 상리리 240번지 1호  ,경상북도 안동시 풍산읍 상리길 131-11,2025-11-25
호남농장,한우,경상북도 안동시 풍천면 구담리 477번지 5호  ,,2025-11-25
효자농원,한우,경상북도 안동시 풍산읍 계평리 14번지  ,경상북도 안동시 풍산읍 웃절길 10-11,2025-11-25
신석농장,한우,경상북도 안동시 남선면 신석리 438번지 4호  ,,2025-11-25
상아농장,한우,경상북도 안동시 남후면 상아리 493번지  ,경상북도 안동시 남후면 남후상아길 12,2025-11-25
보라농장,한우,경상북도 안동시 풍산읍 현애리 8번지 1호  ,경상북도 안동시 풍산읍 현애길 41-15,2025-11-25
학가산농장,한우,"경상북도 안동시 서후면 재품리 262번지 , 262-9 ",경상북도 안동시 서후면 백현길 602,2025-11-25
상필농장,한우,경상북도 안동시 풍천면 금계리 523번지  ,경상북도 안동시 풍천면 풍일로 862-15,2025-11-25
굴티농장,한우,경상북도 안동시 녹전면 갈현리 239번지  ,경상북도 안동시 녹전면 신매로 417-19,2025-11-25
의일농장,한우,경상북도 안동시 도산면 의일리 658번지 1호  ,경상북도 안동시 도산면 안을리길 131,2025-11-25
안동메추리농장,육계,경상북도 안동시 와룡면 가구리 639번지 4호 639-2 ,경상북도 안동시 와룡면 농암로 77-10,2025-11-25
대자연농장,한우,경상북도 안동시 도산면 태자리 505번지  ,경상북도 안동시 도산면 퇴계로 2981-22,2025-11-25
평화농장,한우,경상북도 안동시 일직면 운산리 165번지  ,경상북도 안동시 일직면 경북대로 7372-20,2025-11-25
월전농장,한우,경상북도 안동시 북후면 월전리 156번지  ,,2025-11-25
교리농장,한우,경상북도 안동시 서후면 교리 431번지  ,경상북도 안동시 서후면 교리평촌길 69,2025-11-25
형은농장,한우,경상북도 안동시 서후면 자품리 403번지 1호  ,경상북도 안동시 서후면 백현길 428-10,2025-11-25
우리농장,한우,경상북도 안동시 서후면 자품리 400번지  ,,2025-11-25
풍은농장,한우,경상북도 안동시 풍천면 갈전리 568번지 58호  ,,2025-11-25
구운농장,한우,"경상북도 안동시 일직면 구천리 408번지 7호 , 423-10, 423-1, 423-11, 408-1 ",경상북도 안동시 일직면 구천길 68,2025-11-25
Jone hanwoo(제이원한우),한우,경상북도 안동시 서후면 이개리 381번지 2호  ,경상북도 안동시 서후면 명이개길 200,2025-11-25
한울농장,한우,경상북도 안동시 서후면 재품리 705번지  ,경상북도 안동시 서후면 백현길 389-5,2025-11-25
대두서농장,한우,경상북도 안동시 서후면 대두서리 1030번지  ,경상북도 안동시 서후면 생명의콩길 49,2025-11-25
수창농장,한우,경상북도 안동시 일직면 귀미리 100번지  ,경상북도 안동시 일직면 일직점곡로 399-4,2025-11-25
어란농장,한우,경상북도 안동시 풍산읍 안교리 30번지  ,"경상북도 안동시 풍산읍 어란길 34-29, (안교리 30)",2025-11-25
어란농장,한우,경상북도 안동시 풍산읍 서미리 250번지  ,경상북도 안동시 풍산읍 목현길 107-4,2025-11-25
예당한우농장,한우,"경상북도 안동시 와룡면 라소리 1079번지 , 771-3, 781-1, 1085 ",경상북도 안동시 와룡면 나별길 19,2025-11-25
신양농장,한우,경상북도 안동시 풍산읍 신양리 583번지 3호 외1필지(583-4) ,경상북도 안동시 풍산읍 신양로 386-23 (외1필지(583-4)),2025-11-25
양지농장,한우,경상북도 안동시 와룡면 라소리 1027번지  ,경상북도 안동시 와룡면 나소로 241-8,2025-11-25
시골농장,한우,"경상북도 안동시 임하면 추목리 558번지 , 558-2 ",경상북도 안동시 임하면 추목절골길 5,2025-11-25
회곡농장,한우,경상북도 안동시 풍산읍 회곡리 292번지  ,,2025-11-25
삼영농장,한우,경상북도 안동시 일직면 용각리 396번지 1호  ,경상북도 안동시 일직면 용각길 269-51,2025-11-25
청산농장,한우,경상북도 안동시 일직면 망호리 1053번지 88호  ,경상북도 안동시 일직면 경북대로 7304-40,2025-11-25
길명농장,한우,경상북도 안동시 녹전면 원천리 527번지 3호  ,경상북도 안동시 녹전면 길명길 95-6,2025-11-25
목성농장,한우,경상북도 안동시 남후면 고하리 942번지 2호  ,경상북도 안동시 남후면 남일로 631-15,2025-11-25
학산농장,한우,경상북도 안동시 서후면 재품리 973번지 2호  ,경상북도 안동시 서후면 재품천주길 388,2025-11-25
용운농장,한우,경상북도 안동시 일직면 평팔리 351번지 1호  ,경상북도 안동시 일직면 안평일직길 736-16,2025-11-25
경원사슴목장,사슴,경상북도 안동시 일직면 원리 201번지  ,경상북도 안동시 일직면 안평일직길 1130-17,2025-11-25
장원모 농장,한우,경상북도 안동시 남후면 광음리 971번지  ,,2025-11-25
신기농장,한우,경상북도 안동시 남후면 광음리 459번지 1호  ,경상북도 안동시 남후면 샛터길 55,2025-11-25
지례농장,한우,경상북도 안동시 녹전면 구송리 546번지  ,경상북도 안동시 녹전면 지례안길 38-2,2025-11-25
축산농장,한우,경상북도 안동시 녹전면 매정리 654번지 1호  ,경상북도 안동시 녹전면 신정길 5,2025-11-25
산약소 농장,한우,경상북도 안동시 녹전면 서삼리 878번지  ,"경상북도 안동시 녹전면 서삼길 105-20, (서삼길 105-12)",2025-11-25
낙원농장,한우,경상북도 안동시 이천동 636번지  ,,2025-11-25
대밭골농장,한우,경상북도 안동시 예안면 기사리 614번지  ,경상북도 안동시 예안면 대밭길 51,2025-11-25
이천농장,한우,경상북도 안동시 남선면 이천리 600번지  ,,2025-11-25
효잠농장,한우,경상북도 안동시 녹전면 신평리 200번지  ,,2025-11-25
부부농장,한우,경상북도 안동시 와룡면 라소리 514번지 2호  ,경상북도 안동시 와룡면 나소로 383-7,2025-11-25
현수농장,한우,경상북도 안동시 일직면 명진리 481번지 1호  ,경상북도 안동시 일직면 못골안길 28-36,2025-11-25
태훈농장,한우,경상북도 안동시 남후면 무릉리 165번지 13호  ,경상북도 안동시 남후면 무릉길 20-26,2025-11-25
전식농장,한우,경상북도 안동시 와룡면 라소리 734번지 8호  ,경상북도 안동시 와룡면 나소로 320,2025-11-25
송음농장,한우,경상북도 안동시 녹전면 죽송리 550번지 (외 1필지 550-3번지) ,경상북도 안동시 녹전면 송음안길 5,2025-11-25
달석농장,한우,경상북도 안동시 수상동 347-1번지외1필지(347-3) ,,2025-11-25
김강동 농장,한우,"경상북도 안동시 북후면 장기리 334번지 , 장기리 54번지 ",,2025-11-25
갈라산 사슴농장,사슴,경상북도 안동시 남선면 도로리 31번지 3호  ,경상북도 안동시 남선면 갈라산길 157-26,2025-11-25
넘버원농장,돼지,경상북도 안동시 와룡면 서현리 250번지외 1필지(248) ,,2025-11-25
종수농장,한우,경상북도 안동시 풍천면 하회리 213번지  ,,2025-11-25
하회리 농장,한우,경상북도 안동시 풍천면 하회리 941번지  ,경상북도 안동시 풍천면 밀골길 112,2025-11-25
해성농장,한우,경상북도 안동시 풍천면 하회리 1053번지 42호  ,,2025-11-25
왕성농장,한우,"경상북도 안동시 와룡면 이하리 688번지 , 이하리 687-4 ",경상북도 안동시 와룡면 금통골길 49-1,2025-11-25
원일농장,육계,경상북도 안동시 북후면 연곡리 546번지  ,경상북도 안동시 북후면 산약길 603,2025-11-25
창운농장,한우,경상북도 안동시 녹전면 원천리 692번지 1호  ,"경상북도 안동시 녹전면 예봉로 846-36, (예봉로 846-38)",2025-11-25
송어농장,한우,경상북도 안동시 도산면 가송리 463번지 1호  ,경상북도 안동시 도산면 가송길 93,2025-11-25
오택민농장,한우,경상북도 안동시 남후면 단호리 726번지 1호  ,경상북도 안동시 남후면 대곡길 25,2025-11-25
양지농장,한우,경상북도 안동시 풍천면 구호리 461-1번지외1필지(461-3) ,,2025-11-25
수박골농장,한우,경상북도 안동시 풍산읍 괴정리 676번지  ,,2025-11-25
손일농장,한우,경상북도 안동시 서후면 대두서리 793번지 3호  ,경상북도 안동시 서후면 대두서3길 8,2025-11-25
두배로농장,한우,경상북도 안동시 서후면 재품리 652번지 1호  ,"경상북도 안동시 서후면 광흥사길 25, (재품리 652-8)",2025-11-25
새골농장,한우,경상북도 안동시 서후면 광평리 833번지  ,경상북도 안동시 서후면 개목사길 97,2025-11-25
설매농장,한우,    ,경상북도 안동시 일직면 조탑본길 18-69,2025-11-25
도화농장,한우,경상북도 안동시 일직면 국곡리 945번지  ,경상북도 안동시 일직면 간평길 139,2025-11-25
오경농장,한우,    ,경상북도 안동시 풍천면 풍일로 1121,2025-11-25
오천농장,한우,경상북도 안동시 와룡면 오천리 582번지외 1필지(583) ,경상북도 안동시 와룡면 퇴계로 1563-15,2025-11-25
광신농장,한우,경상북도 안동시 서후면 저전리 119번지 3호  ,경상북도 안동시 서후면 저전오산길 63-22,2025-11-25
현애농장,한우,경상북도 안동시 풍산읍 현애리 336번지  ,경상북도 안동시 풍산읍 감애길 48-1,2025-11-25
송가농장,한우,경상북도 안동시 풍산읍 상리리 143번지 1호  ,경상북도 안동시 풍산읍 권산정길 30-8,2025-11-25
이웅농장,한우,경상북도 안동시 풍산읍 상리리 500번지 54호  ,경상북도 안동시 풍산읍 상리중앙길 12-3,2025-11-25
지현농장,한우,경상북도 안동시 일직면 용각리 801번지  ,경상북도 안동시 일직면 상용각길 10-6,2025-11-25
의성축산농협(권기호농장),한우,경상북도 안동시 와룡면 태리 706번지  ,,2025-11-25
송사농장,한우,경상북도 안동시 길안면 송사리 578번지 2호  ,,2025-11-25
영숙농장,한우,경상북도 안동시 남선면 원림리 74번지  ,경상북도 안동시 남선면 토갓길 457-1,2025-11-25
석호농장,한우,경상북도 안동시 와룡면 서지리 315번지 7호  ,경상북도 안동시 와룡면 가수내길 32-4,2025-11-25
옥이농장,한우,경상북도 안동시 와룡면 이하리 792번지  ,경상북도 안동시 와룡면 왕상골길 10-9,2025-11-25
덕산농장,한우,"경상북도 안동시 와룡면 감애리 669번지 1호 ,665-1 ",경상북도 안동시 와룡면 통골길 48,2025-11-25
규학농장,한우,경상북도 안동시 와룡면 오천리 597번지 1호  ,경상북도 안동시 와룡면 퇴계로 1563-42,2025-11-25
도리농장,한우,경상북도 안동시 와룡면 가야리 200번지 1호  ,경상북도 안동시 와룡면 가야길 342-18,2025-11-25
순덕농장,한우,경상북도 안동시 와룡면 가야리 841번지  ,경상북도 안동시 와룡면 퇴계로 1434-38,2025-11-25
용두농장,한우,경상북도 안동시 와룡면 주계리 456번지  ,경상북도 안동시 와룡면 용두길 60-31,2025-11-25
절골농장,한우,경상북도 안동시 와룡면 이하리 709번지  ,경상북도 안동시 와룡면 이하오산로 128-64,2025-11-25
준호농장,한우,경상북도 안동시 서후면 이개리 803번지 2호  ,경상북도 안동시 서후면 백현길 23-50,2025-11-25
오치농장,한우,경상북도 안동시 북후면 오산리 325번지  ,경상북도 안동시 북후면 산약길 64-12,2025-11-25
월성농원,한우,경상북도 안동시 와룡면 가구리 187번지  ,"경상북도 안동시 와룡면 미두골길 61, (가구리 187, 187-2)",2025-11-25
영달농장,한우,경상북도 안동시 북후면 오산리 590번지  ,경상북도 안동시 북후면 잣밭길 30,2025-11-25
이성희 농장 2,한우,경상북도 안동시 풍산읍 신양리 401번지  ,경상북도 안동시 풍산읍 신양로 502,2025-11-25
상걸농장,한우,경상북도 안동시 풍천면 광덕리 937번지 1호  ,경상북도 안동시 풍천면 광디길 107-6,2025-11-25
천등산사슴농장,사슴,경상북도 안동시 북후면 오산리 395번지  ,경상북도 안동시 북후면 새나길 27,2025-11-25
마애농장,한우,경상북도 안동시 풍산읍 마애리 685번지 4호  ,경상북도 안동시 풍산읍 마애길 65-17,2025-11-25
고향염소농장,산양,경상북도 안동시 와룡면 라소리 347번지 1호  ,경상북도 안동시 와룡면 미남길 52,2025-11-25
양반농장,한우,경상북도 안동시 풍천면 광덕리 780번지  ,경상북도 안동시 풍천면 건지길 27,2025-11-25
작산농장,한우,"경상북도 안동시 북후면 물한리 161번지 , 161-1 ","경상북도 안동시 북후면 저전물한길 134-11, 134-9",2025-11-25
상원농장,한우,경상북도 안동시 풍산읍 소산리 786번지  ,,2025-11-25
진수농장,한우,경상북도 안동시 풍산읍 오미리 980번지 2호  ,경상북도 안동시 풍산읍 새랄1길 7-5,2025-11-25
복성농장,한우,경상북도 안동시 서후면 성곡리 845번지  ,경상북도 안동시 서후면 봉림사지길 45,2025-11-25
오복농장,한우,경상북도 안동시 북후면 연곡리 576번지  ,,2025-11-25
죽전농장,한우,경상북도 안동시 풍산읍 죽전리  ,경상북도 안동시 풍산읍 죽전길 246,2025-11-25
도정농장,한우,경상북도 안동시 서후면 저전리 17번지 3호  ,경상북도 안동시 서후면 저전물한길 46,2025-11-25
영선농장,한우,경상북도 안동시 남후면 광음리 402번지 1호 외 1필(402-2) ,경상북도 안동시 남후면 감재길 47-7,2025-11-25
김종박농장,한우,경상북도 안동시 일직면 귀미리 543번지 3호  ,경상북도 안동시 일직면 구천길 352-12,2025-11-25
수진농장,한우,경상북도 안동시 와룡면 가구리 52번지 외1필지(53-1) ,경상북도 안동시 와룡면 농암로 237-10 (외1필지(53-1)),2025-11-25
명성농장,한우,경상북도 안동시 북후면 물한리 182번지  ,경상북도 안동시 북후면 저전물한길 92,2025-11-25
기흥농장,한우,경상북도 안동시 일직면 운산리 357번지  ,경상북도 안동시 일직면 관사길 77-12,2025-11-25
행복농장,젖소,경상북도 안동시 남선면 구미리 4번지  ,경상북도 안동시 남선면 충효로 3809-61,2025-11-25
고센염소농장,산양,"경상북도 안동시 일직면 국곡리 957번지 1호 ,3 ",경상북도 안동시 일직면 간평길 152,2025-11-25
안동민속한우 영농조합법인(권순우1농장위탁),한우,경상북도 안동시 서후면 이개리 797번지 4호  ,경상북도 안동시 서후면 백현길 23-42,2025-11-25
하회마을농장,한우,"경상북도 안동시 녹전면 서삼리 726번지 외2필지(727, 727-1) ","경상북도 안동시 녹전면 녹지로 291-14 (외2필지(727, 727-1))",2025-11-25
금우농장,한우,경상북도 안동시 임하면 금소리 685번지 외1필지(686) ,경상북도 안동시 임하면 금소길 427-50 (외1필지(686)),2025-11-25
가마솥농장,육계,경상북도 안동시 와룡면 태리 520번지 1호  ,경상북도 안동시 와룡면 매구네길 520-1,2025-11-25
재익농장,한우,경상북도 안동시 정하동 112번지  ,경상북도 안동시 아늑길 342-39 (정하동),2025-11-25
투갑스농장,한우,경상북도 안동시 길안면 현하리 327번지 1호  ,경상북도 안동시 길안면 골삽실길 203,2025-11-25
이개농장,한우,경상북도 안동시 서후면 이개리 362번지  ,경상북도 안동시 서후면 귀여리길 350-10,2025-11-25
푸레실농장,한우,경상북도 안동시 임하면 임하리 229번지  ,경상북도 안동시 임하면 푸레실길 62-27,2025-11-25
순옥농장,한우,경상북도 안동시 이천동 194번지 1호  ,경상북도 안동시 덕고개길 194 (이천동),2025-11-25
해성농장,한우,경상북도 안동시 풍천면 도양리 1117번지  ,경상북도 안동시 풍천면 운골길 112-28,2025-11-25
조산농장,한우,"경상북도 안동시 일직면 조탑리 367번지 ,367-2 ","경상북도 안동시 일직면 긴대골길 33, 조탑본길 17-10",2025-11-25
한우리농장,한우,경상북도 안동시 와룡면 오천리 458번지  ,경상북도 안동시 와룡면 배실길 12-20,2025-11-25
가야농장,한우,경상북도 안동시 북후면 대현리 740번지  ,경상북도 안동시 북후면 현삼길 238-1,2025-11-25
두금농장,육계,경상북도 안동시 북후면 옹천리 322번지 1호 322-2 ,,2025-11-25
오미농장,산양,경상북도 안동시 풍산읍 오미리 947번지  ,경상북도 안동시 풍산읍 풍산태사로 273-45,2025-11-25
연곡농장,한우,경상북도 안동시 북후면 연곡리 591번지 3호  ,,2025-11-25
흠실농장,한우,경상북도 안동시 일직면 조탑리 585번지 외 1필지(산72-7) ,경상북도 안동시 일직면 풍일로 2092-140 (외 1필지(산72-7)),2025-11-25
회곡농장,한우,경상북도 안동시 풍산읍 회곡리 106번지 7호  ,경상북도 안동시 풍산읍 딱지골길 5-6,2025-11-25
기학농장,산양,경상북도 안동시 성곡동 924번지 10호  ,경상북도 안동시 성곡3길 93 (성곡동),2025-11-25
우리농장,한우,경상북도 안동시 예안면 기사리 503번지  ,경상북도 안동시 예안면 기사정산길 132-92,2025-11-25
장기인 농장,한우,경상북도 안동시 서후면 성곡리 473번지 3호  ,경상북도 안동시 서후면 성곡제일길 217,2025-11-25
흑염소 농장,염소,경상북도 안동시 임동면 대곡리 1157번지  ,경상북도 안동시 임동면 대곡큰길 268,2025-11-25
권영순 농장,한우,경상북도 안동시 임동면 고천리 84번지  ,경상북도 안동시 임동면 모시길 28-27,2025-11-25
김광한농장,한우,경상북도 안동시 임동면 박곡리 223번지  ,경상북도 안동시 임동면 수곡용계로 1258-30,2025-11-25
두마농원,한우,경상북도 안동시 북후면 두산리 59번지 2호  ,,2025-11-25
이종기 농장,한우,경상북도 안동시 이천동 242번지 1호  ,경상북도 안동시 연미원길 261-8 (이천동),2025-11-25
미녀농장,한우,경상북도 안동시 와룡면 가구리 10번지  ,경상북도 안동시 와룡면 산야길 77-27,2025-11-25
조영식 농장,한우,경상북도 안동시 북후면 석탑리 711번지 3호  ,,2025-11-25
오백 2 농장,한우,경상북도 안동시 북후면 연곡리 244번지  ,"경상북도 안동시 북후면 용수골길 50-66, (연곡리 244, 246)",2025-11-25
유영농장,한우,"경상북도 안동시 서후면 저전리 335번지 , 335-1 ",경상북도 안동시 서후면 북평로 396-27,2025-11-25
직모농장,한우,경상북도 안동시 와룡면 주계리 773번지  ,경상북도 안동시 와룡면 장수골길 217-42,2025-11-25
신완철 농장,한우,경상북도 안동시 녹전면 매정리 846번지 1호  ,,2025-11-25
영풍농장,돼지,경상북도 안동시 풍산읍 막곡리 640번지  ,경상북도 안동시 풍산읍 청회길 302-18,2025-11-25
사신농장,한우,경상북도 안동시 녹전면 사신리 816번지  ,경상북도 안동시 녹전면 사신길 69-11,2025-11-25
오부자농장,염소,경상북도 안동시 임동면 고천리 707번지  ,경상북도 안동시 임동면 경동로 3073-26,2025-11-25
최형림 농장,육계,경상북도 안동시 녹전면 갈현리 154번지 6호  ,,2025-11-25
호크밸리1,한우,경상북도 안동시 녹전면 원천리 149번지 1호  ,경상북도 안동시 녹전면 고정길 6-11,2025-11-25
팽동성 농장,한우,경상북도 안동시 길안면 배방리 286번지 1호  ,,2025-11-25
진석농장,한우,"경상북도 안동시 서후면 광평리 1067번지 2호 , 1067-3 ",경상북도 안동시 서후면 개목사길 45-86,2025-11-25
박종현 농장,한우,경상북도 안동시 일직면 원호리 903번지  ,경상북도 안동시 일직면 경북대로 7591,2025-11-25
시화농장,육계,경상북도 안동시 와룡면 태리 830번지  ,경상북도 안동시 와룡면 태리금산로 135-33,2025-11-25
계림농장,육계,경상북도 안동시 와룡면 가구리 546번지 4호  ,경상북도 안동시 와룡면 선돌길 90-7,2025-11-25
계명산 염소,염소,경상북도 안동시 길안면 고란리 86번지  ,경상북도 안동시 길안면 고란길 311-12,2025-11-25
백두농장(북후),육계,경상북도 안동시 북후면 장기리 403번지  ,경상북도 안동시 북후면 토골길 119-13,2025-11-25
서미육계농장,육계,경상북도 안동시 풍산읍 서미리 415번지  ,경상북도 안동시 풍산읍 조파길 255,2025-11-25
위탁이동환1농장,한우,"경상북도 안동시 녹전면 원천리 290번지 1호 , 226, 290-4, 224-1, 225-5, 225-7, 226-1 ","경상북도 안동시 녹전면 등지길 46, 50, 64",2025-11-25
안동민속한우영농조합법인(권기수위탁),한우,"경상북도 안동시 북후면 장기리 51번지 3호 외 3필지(51-7,52-1,53) ","경상북도 안동시 북후면 와북로 130, ,140-20",2025-11-25
묵사발농장,한우,경상북도 안동시 북후면 오산리 279번지 1호  ,경상북도 안동시 북후면 이하오산로 63,2025-11-25
신평농장,한우,경상북도 안동시 녹전면 신평리 773번지 1호  ,경상북도 안동시 녹전면 온천로 19-48,2025-11-25
운골농장,한우,경상북도 안동시 풍천면 광덕리 1096번지 3호  ,,2025-11-25
점마을농장,한우,경상북도 안동시 서후면 광평리 1057번지  ,,2025-11-25
종덕농장,한우,경상북도 안동시 북후면 월전리 424번지 7호  ,,2025-11-25
마승락 농장,한우,경상북도 안동시 일직면 평팔리 329번지 1호  ,경상북도 안동시 일직면 평팔명진길 24,2025-11-25
김하규 농장,한우,경상북도 안동시 서후면 이개리 178번지 5호  ,,2025-11-25
지도식 농장,한우,경상북도 안동시 와룡면 가구리 320번지 1호  ,경상북도 안동시 와룡면 가메기길 100-60,2025-11-25
금당농장,돼지,경상북도 안동시 풍산읍 수곡리 66번지 1호  ,경상북도 안동시 풍산읍 금당길 152-24,2025-11-25
영걸농장,한우,경상북도 안동시 서후면 금계리 647번지  ,경상북도 안동시 서후면 금계1길 213,2025-11-25
성호농장,한우,경상북도 안동시 풍산읍 계평리 61번지  ,경상북도 안동시 풍산읍 풍산태사로 2127-6,2025-11-25
황병선 농장,한우,경상북도 안동시 풍천면 어담리 837번지 3호  ,경상북도 안동시 풍천면 풍일로 1362-2,2025-11-25
박주삼농장,한우,경상북도 안동시 남선면 현내리 985번지  ,경상북도 안동시 남선면 현내중앙길 5,2025-11-25
영도농장,한우,경상북도 안동시 길안면 현하리 600번지  ,경상북도 안동시 길안면 의성길안로 2183,2025-11-25
임부규 농장,한우,경상북도 안동시 북후면 두산리 575번지  ,경상북도 안동시 북후면 산북로 1257-52,2025-11-25
중락 농장,한우,경상북도 안동시 북후면 월전리 417번지 2호  ,경상북도 안동시 북후면 월전큰마길 152-17,2025-11-25
김기일 농장,한우,경상북도 안동시 북후면 물한리 254번지 1호  ,경상북도 안동시 북후면 저전물한길 221,2025-11-25
김금련 농장,한우,경상북도 안동시 서후면 광평리 728번지 2호  ,경상북도 안동시 서후면 광평2길 171,2025-11-25
황종인 농장,한우,경상북도 안동시 서후면 교리 423번지 1호  ,경상북도 안동시 서후면 교리평촌길 75,2025-11-25
대규농장,염소,경상북도 안동시 남선면 이천리 584번지  ,경상북도 안동시 남선면 샘들길 31-5,2025-11-25
광평농장,한우,경상북도 안동시 서후면 광평리 240번지  ,"경상북도 안동시 서후면 광평2길 3-32, (광평리240,240-3)",2025-11-25
이정애 농장,한우,경상북도 안동시 예안면 계곡리 424번지 2호  ,,2025-11-25
제2덕부한우 농장,한우,경상북도 안동시 서후면 성곡리 807번지  ,경상북도 안동시 서후면 봉림사지길 111-17,2025-11-25
참길팜,돼지,"경상북도 안동시 북후면 도진리 97번지 이외(96-3,97-1,96-3,97,96,98) ",경상북도 안동시 북후면 태리금산로 395 (외(385호)),2025-11-25
선우농장,한우,경상북도 안동시 서후면 대두서리 104번지 1호  ,경상북도 안동시 서후면 백현길 177,2025-11-25
예인농장,육계,경상북도 안동시 와룡면 라소리 842번지  ,경상북도 안동시 와룡면 토치골길 155-26,2025-11-25
대덕농장,오리,경상북도 안동시 녹전면 서삼리 301번지  ,경상북도 안동시 녹전면 서삼길 320-42 (외 2필지),2025-11-25
와룡염소농장,한우,경상북도 안동시 와룡면 이하리 681번지 1호  ,경상북도 안동시 와룡면 금통골길 58,2025-11-25
참길팜 비육농장,돼지,경상북도 안동시 남후면 고하리 225번지 1호  ,경상북도 안동시 남후면 남일로 805-16,2025-11-25
이송우 농장,한우,경상북도 안동시 와룡면 태리 651번지  ,경상북도 안동시 와룡면 금학길 71,2025-11-25
김건현 농장,한우,경상북도 안동시 이천동 611번지 1호  ,경상북도 안동시 두우티길 149 (이천동),2025-11-25
권종훈 2농장,한우,경상북도 안동시 일직면 망호리 190번지  ,경상북도 안동시 일직면 지실들길 26-27,2025-11-25
한우리 농장,한우,경상북도 안동시 북후면 물한리 169번지  ,경상북도 안동시 북후면 저전물한길 96-36,2025-11-25
박현식 농장,한우,경상북도 안동시 서후면 금계리 470번지 1호  ,경상북도 안동시 서후면 부루골길 34,2025-11-25
이익복 농장,한우,경상북도 안동시 일직면 망호리 694번지 외 1필지(695번지) ,경상북도 안동시 일직면 소호헌길 32-6,2025-11-25
영은농장,한우,"경상북도 안동시 와룡면 가야리 975번지 ,974 ","경상북도 안동시 와룡면 가야길 150-130, 150-132",2025-11-25
김삼기 농장,한우,경상북도 안동시 북후면 물한리 143번지 5호  ,경상북도 안동시 북후면 저전물한길 154,2025-11-25
와룡농산,한우,경상북도 안동시 북후면 연곡리 298번지 3호  ,경상북도 안동시 북후면 종실길 80-114,2025-11-25
김성재 농장,한우,경상북도 안동시 녹전면 원천리 317번지  ,,2025-11-25
유동대농장,한우,경상북도 안동시 서후면 광평리 1213번지 2호  ,경상북도 안동시 서후면 광평2길 176-7,2025-11-25
권혁상 농장,한우,경상북도 안동시 녹전면 신평리 232번지  ,경상북도 안동시 녹전면 신매로 28-2,2025-11-25
수미농장,한우,경상북도 안동시 풍산읍 매곡리 252번지 5호  ,경상북도 안동시 풍산읍 신양로 167,2025-11-25
안동민속한우영농조합법인(권순우2농장),한우,경상북도 안동시 서후면 이개리 818번지  ,경상북도 안동시 서후면 백현길 23-64,2025-11-25
배영한 농장,염소,경상북도 안동시 서후면 대두서리 203번지  ,경상북도 안동시 서후면 생명의콩길 156-120,2025-11-25
사남매농장,한우,경상북도 안동시 일직면 원호리 898번지  ,경상북도 안동시 일직면 경북대로 7601,2025-11-25
고하농장,한우,경상북도 안동시 남후면 고하리 286번지  ,경상북도 안동시 남후면 남일로 728-46,2025-11-25
덕인농장,한우,경상북도 안동시 와룡면 가야리 744번지 1호  ,경상북도 안동시 와룡면 가야길 150-48,2025-11-25
최춘석 농장,한우,    ,경상북도 안동시 풍산읍 현애길 122-51,2025-11-25
김성동 농장,한우,경상북도 안동시 북후면 물한리 121번지  ,경상북도 안동시 북후면 저전물한길 189-31,2025-11-25
김기련 농장,한우,경상북도 안동시 예안면 정산리 748번지  ,경상북도 안동시 예안면 농암로 1429-32,2025-11-25
이상호 농장,한우,경상북도 안동시 이천동 308번지  ,경상북도 안동시 연미원길 261-51 (이천동),2025-11-25
엔터프라이즈팜 제2농장,한우,경상북도 안동시 북후면 연곡리 95번지  ,경상북도 안동시 북후면 웃마사길 71-28,2025-11-25
한마음 농장,한우,경상북도 안동시 녹전면 원천리 703번지 6호  ,,2025-11-25
남우 농장,한우,경상북도 안동시 풍산읍 매곡리  ,경상북도 안동시 풍산읍 풍산태사로 829-29 (외1필지(829-26)),2025-11-25
영극 농장,한우,경상북도 안동시 녹전면 신평리 432번지  ,,2025-11-25
영달농장,염소,경상북도 안동시 북후면 오산리 590번지  ,경상북도 안동시 북후면 잣밭길 30,2025-11-25
영성축산 안동농장,돼지,경상북도 안동시 풍산읍 현애리 774번지 1호  ,경상북도 안동시 풍산읍 현애길 227-74,2025-11-25
금호농장,돼지,경상북도 안동시 풍산읍 괴정리 877번지  ,"경상북도 안동시 풍산읍 양광1길 15, (괴정리 877)",2025-11-25
밀알 사슴 농장,한우,경상북도 안동시 풍산읍 수곡리 67번지  ,경상북도 안동시 풍산읍 금당길 152-29,2025-11-25
장형도 농장,한우,경상북도 안동시 풍산읍 현애리 742번지  ,경상북도 안동시 풍산읍 현애길 330-4,2025-11-25
점마을2농장,한우,경상북도 안동시 풍산읍 현애리 197번지 8호  ,경상북도 안동시 풍산읍 현애길 137-27,2025-11-25
김강호 농장,한우,경상북도 안동시 와룡면 주계리 160번지  ,경상북도 안동시 와룡면 농암로 519-49,2025-11-25
토계 농원,육계,경상북도 안동시 도산면 토계리 581번지  ,,2025-11-25
토계농원,산양,경상북도 안동시 도산면 토계리 595번지  ,,2025-11-25
금오 농장,한우,경상북도 안동시 와룡면 가야리 878번지 5호  ,경상북도 안동시 와룡면 퇴계로 1362-15,2025-11-25
금난축산,한우,경상북도 안동시 북후면 연곡리 433번지  ,경상북도 안동시 북후면 연곡큰들길 80,2025-11-25
임청기 농장,한우,경상북도 안동시 녹전면 원천리 529번지 1호  ,경상북도 안동시 녹전면 길명길 104-9,2025-11-25
근영농장,한우,"경상북도 안동시 서후면 성곡리 166번지 4호 외 3필지(164-1,165,166-1) ",경상북도 안동시 서후면 학가산온천길 334,2025-11-25
봉근 농장,한우,"경상북도 안동시 서후면 성곡리 202번지 3호 외 5필지(202-4,199-1,199-4,200-1,200-2) ","경상북도 안동시 서후면 학가산온천길 271 (,269)",2025-11-25
성수 농장,한우,경상북도 안동시 상아동 226번지 1호  ,경상북도 안동시 상아길 326 (상아동),2025-11-25
대원농장,한우,경상북도 안동시 와룡면 지내리 756번지 1호  ,경상북도 안동시 와룡면 모산골길 151,2025-11-25
한마음 농장,한우,경상북도 안동시 녹전면 원천리 703번지 7호  ,경상북도 안동시 녹전면 예봉로 790,2025-11-25
삼남매농장,한우,경상북도 안동시 풍산읍 현애리 219번지 19호  ,경상북도 안동시 풍산읍 현애길 152-31,2025-11-25
웅도 축산,돼지,"경상북도 안동시 북후면 장기리 96번지 외 6필지(95,97,99,100-3,101-2,102) ",,2025-11-25
때골농장,한우,경상북도 안동시 서후면 성곡리 304번지 2호  ,경상북도 안동시 서후면 명이개길 124-47,2025-11-25
준호농장,한우,경상북도 안동시 녹전면 원천리 669번지  ,경상북도 안동시 녹전면 예봉로 846-71,2025-11-25
앞차기 김현규 농장,한우,경상북도 안동시 와룡면 주하리 247번지 3호  ,경상북도 안동시 와룡면 서주길 527,2025-11-25
삼영 농장,한우,경상북도 안동시 와룡면 라소리 695번지  ,경상북도 안동시 와룡면 토치골길 45,2025-11-25
최우규 농장,한우,경상북도 안동시 녹전면 죽송리 544번지 4호  ,경상북도 안동시 녹전면 송음길 51,2025-11-25
부광 농장,한우,경상북도 안동시 서후면 대두서리 698번지  ,경상북도 안동시 서후면 대두서3길 19-51,2025-11-25
동교 농장,한우,경상북도 안동시 서후면 태장리 117번지 1호  ,,2025-11-25
대한 농장,한우,경상북도 안동시 풍산읍 노리 568번지 1호  ,경상북도 안동시 풍산읍 본마을길 206-90,2025-11-25
대용 농장,한우,경상북도 안동시 와룡면 감애리 388번지  ,경상북도 안동시 와룡면 감애주하길 3-52,2025-11-25
지훈 농장,한우,경상북도 안동시 북후면 도촌리 212번지  ,경상북도 안동시 북후면 모산미길 53-83,2025-11-25
현재네 농장,한우,경상북도 안동시 남선면 원림리 956번지 3호  ,경상북도 안동시 남선면 토갓길 399,2025-11-25
권순탁 농장,한우,경상북도 안동시 남후면 고하리 707번지  ,경상북도 안동시 남후면 고하서당길 26-1,2025-11-25
웰빙농장,한우,경상북도 안동시 서후면 저전리 323번지  ,경상북도 안동시 서후면 북평로 396-54,2025-11-25
초원농장,한우,경상북도 안동시 북후면 도촌리 464번지  ,경상북도 안동시 북후면 옥산길 21-25,2025-11-25
고은 농장,한우,경상북도 안동시 풍산읍 현애리 251번지  ,경상북도 안동시 풍산읍 현애길 152-68,2025-11-25
여태동 농장,한우,경상북도 안동시 북후면 월전리 770번지  ,경상북도 안동시 북후면 납들고개길 46-8,2025-11-25
소현 농장,한우,경상북도 안동시 서후면 광평리 562번지  ,경상북도 안동시 서후면 개목사길 48-58,2025-11-25
장수농장,한우,"경상북도 안동시 와룡면 라소리 1207번지 8호 ,1126-1 ","경상북도 안동시 와룡면 나소로 190-44, 190-42",2025-11-25
명성농원,한우,경상북도 안동시 와룡면 가구리 652번지 1호  ,경상북도 안동시 와룡면 농암로 77-43,2025-11-25
정이농장,한우,경상북도 안동시 서후면 광평리 250번지  ,경상북도 안동시 서후면 광평2길 29-15,2025-11-25
신암농장,육계,경상북도 안동시 녹전면 매정리 587번지 2호  ,경상북도 안동시 녹전면 신정길 27-8,2025-11-25
태형농장,한우,경상북도 안동시 서후면 광평리 1076번지  ,경상북도 안동시 서후면 개목사길 177-112,2025-11-25
모미농원,육계,경상북도 안동시 서후면 재품리 1022번지  ,,2025-11-25
김임자 농장,한우,경상북도 안동시 임동면 고천리 507번지  ,경상북도 안동시 임동면 고천덕강길 82,2025-11-25
수 농장,한우,경상북도 안동시 서후면 명리 24번지  ,경상북도 안동시 서후면 학가산온천길 214-61,2025-11-25
선희농장,한우,경상북도 안동시 녹전면 원천리 291번지  ,경상북도 안동시 녹전면 등지길 49,2025-11-25
베스트 농장,육계,경상북도 안동시 와룡면 감애리 산 208번지 1호  ,경상북도 안동시 와룡면 감애주하길 51,2025-11-25
김광숙 농장,한우,경상북도 안동시 와룡면 산야리 1354번지 1호  ,경상북도 안동시 와룡면 산야길 187-25,2025-11-25
이중희 농장,한우,"경상북도 안동시 와룡면 감애리 11번지 , 감애리 12번지 ","경상북도 안동시 와룡면 텃골양장길 10-1, 텃골양장길 10-2",2025-11-25
하회각시농원,종계/산란계,경상북도 안동시 풍천면 신성리 90번지  ,"경상북도 안동시 풍천면 봉호로 3333-74, (신성리 90)",2025-11-25
권상오 농장,한우,경상북도 안동시 서후면 금계리 660번지  ,경상북도 안동시 서후면 금계1길 273,2025-11-25
금정희 농장,한우,경상북도 안동시 북후면 연곡리 134번지  ,경상북도 안동시 북후면 웃마사길 39,2025-11-25
권용선 농장,한우,경상북도 안동시 서후면 이개리 9번지  ,경상북도 안동시 서후면 성곡이개길 69,2025-11-25
류운희 농장,한우,경상북도 안동시 임동면 갈전리 219번지 1호  ,경상북도 안동시 임동면 갈밭1길 55-35,2025-11-25
효잠농장,한우,경상북도 안동시 녹전면 신평리 196번지  ,경상북도 안동시 녹전면 온천로 174-1,2025-11-25
임노경 농장,한우,경상북도 안동시 일직면 송리리 673번지  ,경상북도 안동시 일직면 굼치걸길 38,2025-11-25
정은정 농장,한우,경상북도 안동시 북후면 물한리 558번지 1호  ,경상북도 안동시 북후면 물한길 51-33,2025-11-25
한진사슴농원,사슴,경상북도 안동시 임하면 추목리 4번지  ,경상북도 안동시 임하면 추목로 331-19,2025-11-25
강정 백봉오골계 농원,종계/산란계,경상북도 안동시 풍천면 기산리 45번지  ,"경상북도 안동시 풍천면 석방지길 22-67, (기산리 45)",2025-11-25
삼남매,한우,경상북도 안동시 남후면 단호리 1409번지  ,경상북도 안동시 남후면 풍산단호로 553-28,2025-11-25
형제축산,한우,경상북도 안동시 일직면 망호리 137번지  ,경상북도 안동시 일직면 안망실길 33,2025-11-25
이숙환 농장,종계/산란계,경상북도 안동시 풍산읍 현애리 10번지 5호  ,,2025-11-25
산촌청계,종계/산란계,경상북도 안동시 북후면 연곡리 442번지 1호 외 1필지 ,경상북도 안동시 북후면 연곡큰들길 62,2025-11-25
완이네농장,한우,경상북도 안동시 수상동 323번지  ,경상북도 안동시 뱃가골길 103 (수상동),2025-11-25
이순칠농장,한우,경상북도 안동시 서후면 이개리 802번지  ,경상북도 안동시 서후면 백현길 23-46,2025-11-25
다모아농장,한우,경상북도 안동시 남후면 상아리 92번지  ,경상북도 안동시 남후면 아곡길 398-81,2025-11-25
안동한국축산,한우,경상북도 안동시 이천동 610번지  ,"경상북도 안동시 두우티길 123, (이천동 620-1,620-4,621-6) (이천동)",2025-11-25
한철농장,육계,경상북도 안동시 서후면 대두서리 136번지  ,경상북도 안동시 서후면 생명의콩길 318,2025-11-25
민서축산,돼지,경상북도 안동시 와룡면 서현리 238번지  ,경상북도 안동시 와룡면 와북로 659-50,2025-11-25
권용국농장,한우,경상북도 안동시 서후면 이개리 797번지 3호  ,경상북도 안동시 서후면 백현길 23-38,2025-11-25
권영도농장,한우,경상북도 안동시 풍산읍 매곡리 501번지 1호  ,경상북도 안동시 풍산읍 매산길 37-10,2025-11-25
와룡드림농원,육계,경상북도 안동시 와룡면 서현리 106번지 1호  ,경상북도 안동시 와룡면 감애구송로 323-50,2025-11-25
재일농장,한우,경상북도 안동시 서후면 성곡리 948번지  ,"경상북도 안동시 서후면 봉림사지길 162, (성곡리 948)",2025-11-25
"최진수,강숙난 농장",한우,경상북도 안동시 북후면 도촌리 690번지  ,"경상북도 안동시 북후면 장골길 46, (도촌리 690)",2025-11-25
원우,한우,경상북도 안동시 녹전면 원천리 687번지  ,"경상북도 안동시 녹전면 예봉로 846-47, (원천리 687)",2025-11-25
조용기농장,한우,경상북도 안동시 서후면 저전리 489번지  ,,2025-11-25
신흥농장,한우,경상북도 안동시 와룡면 이상리 526번지 7호  ,"경상북도 안동시 와룡면 샘골길 127-45, (이상리 526-7, 526-8)",2025-11-25
호크밸리2,한우,경상북도 안동시 녹전면 매정리 761번지  ,"경상북도 안동시 녹전면 고정길 86, (매정리 761)",2025-11-25
재인농장,한우,경상북도 안동시 녹전면 사천리 679번지 1호  ,경상북도 안동시 녹전면 예봉로 722-24,2025-11-25
박영석농장,한우,경상북도 안동시 풍천면 하회리 880번지 1호  ,"경상북도 안동시 풍천면 밀골길 57, (하회리 878-3)",2025-11-25
선실농장,한우,경상북도 안동시 북후면 연곡리 1019번지  ,경상북도 안동시 북후면 영상길 81-35,2025-11-25
신기축산1호농장,한우,경상북도 안동시 녹전면 신평리 1010번지  ,"경상북도 안동시 녹전면 녹전로 743-21, (녹전면 1010, 1009-1)",2025-11-25
아름농장,한우,경상북도 안동시 풍천면 금계리 773번지  ,경상북도 안동시 풍천면 풍일로 862-45,2025-11-25
석농장,한우,경상북도 안동시 남선면 현내리 720번지  ,"경상북도 안동시 남선면 놉실로 349-18, (현내리 720-1)",2025-11-25
권미자농장,한우,경상북도 안동시 풍천면 광덕리 936번지 1호  ,경상북도 안동시 풍천면 광디길 107-8,2025-11-25
권형득 농장,한우,경상북도 안동시 풍산읍 수곡리 329번지  ,경상북도 안동시 풍산읍 산음길 25-2,2025-11-25
권대박 농장,한우,경상북도 안동시 일직면 망호리 277번지 외 1필지(278번지) ,,2025-11-25
와우농장,한우,경상북도 안동시 길안면 천지리 681번지 2호 외 1필지(680번지 3호) ,경상북도 안동시 길안면 천지1길 29,2025-11-25
이상경 농장,한우,경상북도 안동시 와룡면 주하리 669번지 2호  ,경상북도 안동시 와룡면 태리금산로 275-38,2025-11-25
성무열 농장,한우,경상북도 안동시 풍천면 광덕리 467번지  ,경상북도 안동시 풍천면 광디길 83-20,2025-11-25
이원기 농장,한우,경상북도 안동시 남선면 도로리 187번지  ,경상북도 안동시 남선면 갈라산길 157-8,2025-11-25
대명농장,한우,경상북도 안동시 길안면 만음리 4번지  ,경상북도 안동시 길안면 명덕길 18-104,2025-11-25
해뜨락 농원,종계/산란계,경상북도 안동시 풍천면 신성리 33번지  ,경상북도 안동시 풍천면 봉호로 3333-33,2025-11-25
최충섭 농장,한우,경상북도 안동시 서후면 재품리 474번지  ,경상북도 안동시 서후면 백현길 242-23,2025-11-25
농업회사법인 주식회사 강촌축산,돼지,경상북도 안동시 와룡면 서현리 235번지  ,경상북도 안동시 와룡면 와북로 659-54,2025-11-25
도담농장,한우,경상북도 안동시 서후면 명리 186번지 1호  ,경상북도 안동시 서후면 명이개길 67-5,2025-11-25
고향농장,한우,경상북도 안동시 서후면 대두서리 308번지  ,경상북도 안동시 서후면 생명의콩길 212-13,2025-11-25
백조 농장,한우,경상북도 안동시 서후면 광평리 1102번지  ,경상북도 안동시 서후면 개목사길 177-87,2025-11-25
순흥농장,한우,"경상북도 안동시 와룡면 주하리 451번지 1호 , 451-2, 451 ",경상북도 안동시 와룡면 신그네길 91,2025-11-25
JS농장,육계,경상북도 안동시 도산면 의일리 47번지  ,,2025-11-25
명진농장,한우,"경상북도 안동시 일직면 명진리 217번지 2호 , 217-1 ",경상북도 안동시 일직면 덕동안길 27,2025-11-25
능실 농장,한우,경상북도 안동시 녹전면 서삼리 705번지  ,경상북도 안동시 녹전면 능실길 49-42,2025-11-25
덕동농장,한우,경상북도 안동시 일직면 명진리 218번지  ,경상북도 안동시 일직면 덕동안길 34,2025-11-25
미화네 농장,한우,경상북도 안동시 와룡면 지내리 158번지 1호  ,경상북도 안동시 와룡면 농암로 325-22,2025-11-25
정기영 농장,한우,경상북도 안동시 풍산읍 죽전리 450번지  ,경상북도 안동시 풍산읍 죽전길 649,2025-11-25
대우농장,한우,경상북도 안동시 녹전면 죽송리 263번지  ,경상북도 안동시 녹전면 죽송길 146,2025-11-25
류조기농장,한우,경상북도 안동시 임동면 박곡리 83번지  ,경상북도 안동시 임동면 메사골길 102,2025-11-25
박점보,한우,경상북도 안동시 와룡면 서현리 40번지  ,경상북도 안동시 와룡면 감애구송로 293-46,2025-11-25
남병호 농장,한우,경상북도 안동시 풍산읍 신양리 940번지 2호  ,경상북도 안동시 풍산읍 안신양길 38,2025-11-25
지제이농장,한우,경상북도 안동시 와룡면 이하리 633번지 1호  ,경상북도 안동시 와룡면 율미골길 97,2025-11-25
율미한우,한우,경상북도 안동시 와룡면 이하리 641번지 1호  ,경상북도 안동시 와룡면 율미골길 91-12,2025-11-25
손진흠농장,한우,경상북도 안동시 와룡면 감애리 24번지  ,경상북도 안동시 와룡면 감애구송로 152-45,2025-11-25
석바우농장,한우,경상북도 안동시 녹전면 신평리 1042번지 1호  ,"경상북도 안동시 녹전면 녹지로 809, (신평리 1042-1)",2025-11-25
수찬농장,한우,경상북도 안동시 풍천면 광덕리 1011번지  ,"경상북도 안동시 풍천면 안사풍천길 1989-11, (광덕리 1011)",2025-11-25
김분선 농장,한우,경상북도 안동시 서후면 이개리 476번지  ,"경상북도 안동시 서후면 이개와우실길 51-9, (이개리 476)",2025-11-25
이홍식농장,한우,경상북도 안동시 서후면 명리 278번지  ,경상북도 안동시 서후면 학가산온천길 129,2025-11-25
황병언 2농장,한우,경상북도 안동시 서후면 광평리 609번지  ,"경상북도 안동시 서후면 광평2길 29-17, (광평리 609)",2025-11-25
대일농장,한우,"경상북도 안동시 이천동 49번지 3호 , 49-5 ","경상북도 안동시 율미골길 170, 174 (이천동)",2025-11-25
화산번식우,한우,경상북도 안동시 와룡면 감애리 652번지 11호 (통골길 73) ,,2025-11-25
권오경 농장,한우,경상북도 안동시 남후면 검암리 721번지  ,경상북도 안동시 남후면 모운사길 26-37,2025-11-25
최홍섭 농장,한우,경상북도 안동시 서후면 대두서리 101번지 (생명의콩길 285-25) ,,2025-11-25
하이마농장,한우,경상북도 안동시 서후면 광평리 1103번지  ,경상북도 안동시 서후면 개목사길 177-91,2025-11-25
녹계농장,육계,경상북도 안동시 녹전면 구송리 531번지  ,경상북도 안동시 녹전면 죽송길 187,2025-11-25
김부귀 농장,한우,경상북도 안동시 녹전면 구송리 249번지  ,경상북도 안동시 녹전면 구단길 51-1,2025-11-25
두꺼비 농장,종계/산란계,경상북도 안동시 와룡면 서현리 52번지  ,,2025-11-25
형제농장,한우,경상북도 안동시 북후면 물한리 472번지  ,경상북도 안동시 북후면 영상조은들길 144,2025-11-25
오천농장,돼지,경상북도 안동시 일직면 국곡리 105번지  ,"경상북도 안동시 일직면 풍일로 1888-32, (국곡리 산 156-2)",2025-11-25
우진농장,한우,경상북도 안동시 녹전면 사천리 680번지  ,경상북도 안동시 녹전면 예봉로 722-30,2025-11-25
호찬농장,육계,경상북도 안동시 서후면 저전리 227번지  ,경상북도 안동시 서후면 저전오산길 176-25,2025-11-25
이선용 농장,한우,"경상북도 안동시 임동면 고천리 559번지 3호 ,561 ",경상북도 안동시 임동면 고천덕강길 55-99,2025-11-25
통골농장,육계,경상북도 안동시 와룡면 가구리 340번지  ,경상북도 안동시 와룡면 가메기길 127-24,2025-11-25
좋은농장,한우,경상북도 안동시 북후면 물한리 477번지 2호  ,경상북도 안동시 북후면 영상조은들길 129,2025-11-25
하니농장,한우,경상북도 안동시 일직면 망호리 199번지  ,경상북도 안동시 일직면 지실들길 26-39,2025-11-25
손호건 농장,한우,경상북도 안동시 서후면 재품리 767번지  ,,2025-11-25
권종수농장,한우,경상북도 안동시 녹전면 신평리 40번지  ,"경상북도 안동시 녹전면 이현길 375, (신평리 40)",2025-11-25
최점석 농장,한우,경상북도 안동시 와룡면 가야리 660번지  ,경상북도 안동시 와룡면 가야길 286-87,2025-11-25
안동민속한우 영농조합법인(라온케이한우농업회사법인(주)위탁),한우,경상북도 안동시 서후면 명리 199번지  ,경상북도 안동시 서후면 명이개길 101,2025-11-25
장금애 농장,한우,경상북도 안동시 일직면 구천리 351번지  ,경상북도 안동시 일직면 구천길 156-50,2025-11-25
영극 농장2,한우,경상북도 안동시 북후면 도촌리 210번지  ,"경상북도 안동시 북후면 모산미길 53-81, (도촌리 210)",2025-11-25
백오팜,돼지,경상북도 안동시 길안면 송사리 12번지  ,경상북도 안동시 길안면 명곡길 5-60,2025-11-25
천병인농장,한우,경상북도 안동시 임동면 마리 49번지  ,경상북도 안동시 임동면 가느래이설길 583,2025-11-25
가온농장,한우,경상북도 안동시 일직면 귀미리 43번지  ,경상북도 안동시 일직면 일직점곡로 370-59,2025-11-25
영호농장2,한우,경상북도 안동시 풍천면 광덕리 948번지  ,,2025-11-25
권덕호 농장,한우,경상북도 안동시 서후면 이개리 312번지 6호  ,,2025-11-25
정대수 농장,육계,경상북도 안동시 이천동 223번지  ,경상북도 안동시 윗지르내길 29-176(이천동),2025-11-25
이원희 농장,한우,경상북도 안동시 임동면 고천리 269번지  ,경상북도 안동시 임동면 고천지촌로 240-54,2025-11-25
권순협 농장,한우,경상북도 안동시 남선면 원림리 806번지 2호  ,경상북도 안동시 남선면 토갓길 34,2025-11-25
권봉수 2농장,한우,경상북도 안동시 서후면 이개리 86번지  ,경상북도 안동시 서후면 명이개길 169-9,2025-11-25
배두석 농장,한우,경상북도 안동시 서후면 태장리 567번지 2호  ,경상북도 안동시 서후면 풍산태사로 3156,2025-11-25
산약소 2농장,한우,경상북도 안동시 녹전면 서삼리 927번지  ,경상북도 안동시 녹전면 서삼길 63-8,2025-11-25
석수축산,한우,경상북도 안동시 임하면 신덕리 1294번지 1호  ,"경상북도 안동시 임하면 이덕길 36-171, (신덕리 1294-1)",2025-11-25
김진성 2농장,한우,경상북도 안동시 일직면 원호리 313번지  ,"경상북도 안동시 일직면 감시골길 15-102, (원호리 313)",2025-11-25
안양호 농장,염소,경상북도 안동시 일직면 용각리 산 91번지 1호  ,,2025-11-25
신문향농장,염소,경상북도 안동시 예안면 기사리 산 18번지  ,경상북도 안동시 예안면 기사호반길 127-84,2025-11-25
우명국농장,한우,경상북도 안동시 풍산읍 현애리 219번지 13호  ,경상북도 안동시 풍산읍 현애길 152-37,2025-11-25
이순희 농장,육계,경상북도 안동시 길안면 금곡리 281번지  ,경상북도 안동시 길안면 미내소일길 419-4,2025-11-25
이춘웅 농장,육계,경상북도 안동시 정상동 702번지  ,경상북도 안동시 아늑길 355 (정상동),2025-11-25
권순동 농장,한우,경상북도 안동시 와룡면 태리 661번지 1호  ,경상북도 안동시 와룡면 금학길 86-46,2025-11-25
식일농장2,한우,"경상북도 안동시 서후면 태장리 175번지 , 176 ",경상북도 안동시 서후면 저전2길 157,2025-11-25
강원남농장,육계,경상북도 안동시 송현동 127번지  ,,2025-11-25
황정희 농장,한우,경상북도 안동시 남후면 광음리 495번지  ,경상북도 안동시 남후면 감재길 135,2025-11-25
육행자 농장,한우,경상북도 안동시 풍산읍 마애리 418번지 2호  ,경상북도 안동시 풍산읍 시우실길 119,2025-11-25
전창기 농장,한우,경상북도 안동시 서후면 명리 135번지  ,경상북도 안동시 서후면 학가산온천길 195-59,2025-11-25
김종철 농장,한우,경상북도 안동시 북후면 석탑리 1124번지  ,경상북도 안동시 북후면 구둠실길 52,2025-11-25
변재현 농장,한우,경상북도 안동시 녹전면 서삼리 663번지 3호  ,경상북도 안동시 녹전면 능실길 29-14,2025-11-25
남선축산,한우,경상북도 안동시 남선면 원림리 230번지  ,경상북도 안동시 남선면 토갓길 183-12,2025-11-25
남금숙 농장,한우,경상북도 안동시 이천동 611번지 4호  ,경상북도 안동시 두우티길 143 (이천동),2025-11-25
마루농장,한우,"경상북도 안동시 남후면 상아리 234번지 , 248, 249 ",경상북도 안동시 남후면 아곡길 250,2025-11-25
권병일 농장,한우,경상북도 안동시 풍천면 금계리 594번지  ,경상북도 안동시 풍천면 풍일로 887-3,2025-11-25
하은농장,한우,경상북도 안동시 와룡면 감애리 29번지 1호  ,경상북도 안동시 와룡면 퇴계로 1437-15,2025-11-25
이정농장,한우,경상북도 안동시 북후면 도촌리 421번지  ,경상북도 안동시 북후면 옥산길 21-47,2025-11-25
유갑종농장,한우,경상북도 안동시 풍산읍 신양리 990번지  ,경상북도 안동시 풍산읍 안신양길 55,2025-11-25
김창우 농장,한우,경상북도 안동시 북후면 물한리 479번지  ,경상북도 안동시 북후면 영상조은들길 157,2025-11-25
라선옥 농장,한우,경상북도 안동시 임동면 고천리 87번지 3호  ,,2025-11-25
청우축산,한우,경상북도 안동시 와룡면 중가구리 60번지 2호  ,,2025-11-25
오케이목장,한우,경상북도 안동시 서후면 대두서리 4번지  ,경상북도 안동시 서후면 대두서6길 80-37,2025-11-25
강신석 농장,염소,경상북도 안동시 예안면 계곡리 563번지 1호  ,경상북도 안동시 예안면 계일길 126,2025-11-25
이영자 농장,육계,경상북도 안동시 풍산읍 하리리 212번지 1호  ,경상북도 안동시 풍산읍 우렁길 48-9,2025-11-25
이재근농장,한우,경상북도 안동시 와룡면 태리 660번지 1호  ,경상북도 안동시 와룡면 금학길 86-16,2025-11-25
손일농장,한우,경상북도 안동시 서후면 대두서리 267번지 2호  ,경상북도 안동시 서후면 명리독점길 211-117,2025-11-25
임용기 농장,한우,경상북도 안동시 녹전면 갈현리 356번지  ,경상북도 안동시 녹전면 사갈길 295-88,2025-11-25
김도한 농장,한우,경상북도 안동시 서후면 대두서리 192번지 1호  ,,2025-11-25
권태욱 농장,한우,경상북도 안동시 북후면 도촌리 422번지  ,경상북도 안동시 북후면 옥산길 21-36,2025-11-25
권영희 농장,한우,경상북도 안동시 일직면 국곡리 585번지  ,경상북도 안동시 일직면 남일로 189-83,2025-11-25
최재윤 농장,한우,경상북도 안동시 이천동 910번지 1호  ,경상북도 안동시 두우티길 367 (이천동),2025-11-25
윤근혜 농장,한우,경상북도 안동시 북후면 물한리 181번지 1호  ,경상북도 안동시 북후면 저전물한길 96-14,2025-11-25
남칠주 농장,한우,경상북도 안동시 북후면 연곡리 97번지 2호  ,경상북도 안동시 북후면 웃마사길 103,2025-11-25
손기종 농장,한우,경상북도 안동시 일직면 조탑리 681번지  ,,2025-11-25
손호종 농장,한우,경상북도 안동시 일직면 조탑리 679번지  ,,2025-11-25
강보식 농장,한우,경상북도 안동시 남후면 무릉리 1098번지 3호  ,경상북도 안동시 남후면 숨실길 108-6,2025-11-25
조은 농장,한우,경상북도 안동시 북후면 연곡리 984번지  ,경상북도 안동시 북후면 영상조은들길 95,2025-11-25
반딧불이 농장,한우,경상북도 안동시 북후면 연곡리 256번지  ,경상북도 안동시 북후면 용수골길 50-153,2025-11-25
현이네 농장,한우,경상북도 안동시 임동면 고천리 580번지  ,경상북도 안동시 임동면 고천덕강길 134-40,2025-11-25
영농조합법인 우보,한우,경상북도 안동시 남후면 무릉리 72번지 1호  ,경상북도 안동시 남후면 여실곡길 225,2025-11-25
혁신농장,한우,경상북도 안동시 남선면 이천리 83번지 6호  ,경상북도 안동시 남선면 뱁실길 63-24,2025-11-25
용계사슴농원,사슴,경상북도 안동시 임동면 고천리 892번지  ,경상북도 안동시 임동면 지례예술촌길 83-155,2025-11-25
권난희 농장,한우,경상북도 안동시 와룡면 주하리 678번지  ,경상북도 안동시 와룡면 태리금산로 275-66,2025-11-25
조성용 농장,한우,경상북도 안동시 서후면 광평리 360번지 1호  ,경상북도 안동시 서후면 저전1길 30-42,2025-11-25
여녹농장 2,한우,경상북도 안동시 일직면 국곡리 584번지  ,경상북도 안동시 일직면 남일로 189-77,2025-11-25
정봉구 농장,한우,경상북도 안동시 풍산읍 현애리 124번지  ,경상북도 안동시 풍산읍 장여골길 31-100,2025-11-25
수수한 농장,한우,경상북도 안동시 와룡면 라소리 1207번지 5호  ,경상북도 안동시 와룡면 나소로 190-50,2025-11-25
이병기 농장,한우,경상북도 안동시 녹전면 녹래리 425번지  ,경상북도 안동시 녹전면 녹래길 77-40,2025-11-25
신봉근 농장,한우,경상북도 안동시 서후면 이개리 814번지 1호  ,경상북도 안동시 서후면 백현길 23-74,2025-11-25
왕산골 농장,염소,경상북도 안동시 와룡면 이하리 680번지  ,경상북도 안동시 와룡면 금통골길 60-8,2025-11-25
왕솔농장 2,한우,경상북도 안동시 길안면 백자리 307번지  ,경상북도 안동시 길안면 만음백자길 765-65,2025-11-25
제비원농장 2,한우,경상북도 안동시 와룡면 이하리 611번지  ,경상북도 안동시 와룡면 율미골길 136-55,2025-11-25
김강호농장 2,한우,경상북도 안동시 와룡면 가야리 5번지 2호  ,경상북도 안동시 와룡면 농암로 519-83,2025-11-25
옥천농장,한우,경상북도 안동시 임하면 오대리 1287번지  ,경상북도 안동시 임하면 천지오대길 98-21,2025-11-25
이용칠 농장,한우,경상북도 안동시 임하면 임하리 1139번지 3호  ,,2025-11-25
승부농장,한우,경상북도 안동시 녹전면 신평리 383번지  ,경상북도 안동시 녹전면 신평안흥길 24-22,2025-11-25
조종식 농장,한우,경상북도 안동시 서후면 광평리 748번지  ,경상북도 안동시 서후면 개목사길 48-105,2025-11-25
박찬익 2농장,한우,경상북도 안동시 임동면 고천리 545번지 1호  ,경상북도 안동시 임동면 고천덕강길 132,2025-11-25
이창호 농장,한우,경상북도 안동시 와룡면 주하리 675번지 6호  ,경상북도 안동시 와룡면 태리금산로 301-7,2025-11-25
영남농장,사슴,경상북도 안동시 남후면 개곡리 213번지  ,경상북도 안동시 남후면 남일로 1249-20,2025-11-25
천수농장,한우,경상북도 안동시 임하면 천전리 414번지  ,경상북도 안동시 임하면 반시건능길 178-53,2025-11-25
안동민속한우 2농장,한우,경상북도 안동시 서후면 대두서리 104번지 2호  ,,2025-11-25
농업회사법인(주)민속친한우 권민석B11,한우,경상북도 안동시 서후면 재품리 513번지  ,경상북도 안동시 서후면 백현길 242-20,2025-11-25
진한농장,한우,경상북도 안동시 서후면 대두서리 97번지  ,경상북도 안동시 서후면 생명의콩길 285-17,2025-11-25
김창열 농장,한우,"경상북도 안동시 녹전면 서삼리 566번지 , 566-1 ",경상북도 안동시 녹전면 현삼길 313-5,2025-11-25
단호농장,한우,경상북도 안동시 남후면 단호리 1700번지  ,,2025-11-25
신한우 2농원,한우,경상북도 안동시 북후면 장기리 351번지  ,경상북도 안동시 북후면 토골길 72-34,2025-11-25
류만식 농장,한우,경상북도 안동시 와룡면 가구리 324번지  ,,2025-11-25
오국희 농장,한우,경상북도 안동시 일직면 평팔리 243번지  ,경상북도 안동시 일직면 안평일직길 635-18,2025-11-25
노봉환 농장,한우,경상북도 안동시 북후면 월전리 754번지  ,경상북도 안동시 북후면 납들고개길 46-57,2025-11-25
천정남 농장,한우,경상북도 안동시 풍산읍 오미리 59번지 1호  ,경상북도 안동시 풍산읍 풍산태사로 494-47,2025-11-25
행복목장,한우,경상북도 안동시 와룡면 이하리 684번지 1호  ,경상북도 안동시 와룡면 금통골길 67-11,2025-11-25
박오종 농장,한우,"경상북도 안동시 와룡면 오천리 678번지 , 679 ",경상북도 안동시 와룡면 바위골길 52-14,2025-11-25
둘리농장,한우,경상북도 안동시 풍산읍 오미리 117번지 1호  ,경상북도 안동시 풍산읍 방가미길 23,2025-11-25
디오 농장,한우,경상북도 안동시 남후면 검암리 561번지 1호  ,경상북도 안동시 남후면 모운사길 26,2025-11-25
권오준 농장,염소,경상북도 안동시 임동면 마령리 555번지  ,경상북도 안동시 임동면 바우길 5,2025-11-25
우창원 농장,한우,경상북도 안동시 와룡면 지내리 742번지  ,경상북도 안동시 와룡면 모산골길 104,2025-11-25
류대윤 농장,한우,경상북도 안동시 와룡면 주하리 358번지 1호  ,경상북도 안동시 와룡면 감애주하길 356-42,2025-11-25
권규용 농장,한우,경상북도 안동시 북후면 연곡리 35번지 3호  ,경상북도 안동시 북후면 와북로 415-38,2025-11-25
종환농장2,한우,경상북도 안동시 풍산읍 오미리 148번지  ,경상북도 안동시 풍산읍 풍산태사로 494-19,2025-11-25
권현미 농장,한우,"경상북도 안동시 서후면 성곡리 168번지 1호 ,168-7 ",경상북도 안동시 서후면 학가산온천길 316,2025-11-25
권오삼농장,한우,경상북도 안동시 남후면 무릉리 1106번지  ,경상북도 안동시 남후면 숨실길 102,2025-11-25
준호농장2,한우,"경상북도 안동시 녹전면 원천리 195번지 , 188 ",경상북도 안동시 녹전면 등지길 200-8,2025-11-25
이찬용 농장,한우,경상북도 안동시 이천동 309번지  ,경상북도 안동시 연미원길 261-42 (이천동),2025-11-25
황혁기 농장,한우,경상북도 안동시 남후면 무릉리 1173번지  ,경상북도 안동시 남후면 숨실길 181-4,2025-11-25
부국농장,한우,경상북도 안동시 서후면 대두서리 697번지  ,,2025-11-25
태준농장,육계,경상북도 안동시 와룡면 서현리 217번지 1호  ,경상북도 안동시 와룡면 현삼길 74-37,2025-11-25
지인걸 농장,한우,경상북도 안동시 와룡면 가구리 348번지  ,경상북도 안동시 와룡면 농암로 77-75,2025-11-25
길안유통,한우,경상북도 안동시 서후면 재품리 111번지  ,,2025-11-25
만복농장,한우,경상북도 안동시 북후면 물한리 47번지  ,경상북도 안동시 북후면 영상조은들길 174,2025-11-25
시내골농장,한우,경상북도 안동시 일직면 조탑리 669번지  ,경상북도 안동시 일직면 긴대골길 171,2025-11-25
권영률 농장,한우,경상북도 안동시 와룡면 이하리 616번지  ,경상북도 안동시 와룡면 율미골길 136-53,2025-11-25
이상영 농장,한우,경상북도 안동시 서후면 성곡리 12번지  ,경상북도 안동시 서후면 풍산태사로 3047-40,2025-11-25
우렁골한우 2농장,한우,경상북도 안동시 풍산읍 수리 1040번지  ,경상북도 안동시 풍산읍 풍산태사로 1425-63,2025-11-25
권종열 농장,한우,경상북도 안동시 서후면 재품리 541번지  ,경상북도 안동시 서후면 대두서6길 129-20,2025-11-25
약산한우농장,육우,경상북도 안동시 임하면 오대리 243번지  ,경상북도 안동시 임하면 오대1길 30-49,2025-11-25
마암 1농장,한우,경상북도 안동시 와룡면 태리 736번지  ,경상북도 안동시 와룡면 매구네길 161,2025-11-25
일승농장,한우,경상북도 안동시 서후면 이송천리 907번지  ,경상북도 안동시 서후면 태장가라골길 230-44,2025-11-25
임금화 농장,한우,경상북도 안동시 이천동 152번지  ,경상북도 안동시 미두리길 157-9(이천동),2025-11-25
이상목 농장,한우,경상북도 안동시 와룡면 감애리 726번지  ,경상북도 안동시 와룡면 하명잦길 29-28,2025-11-25
리촌농장,한우,경상북도 안동시 와룡면 주하리 81번지 3호  ,경상북도 안동시 와룡면 웃두루길 42,2025-11-25
권지후 농장,한우,경상북도 안동시 일직면 용각리 150번지  ,경상북도 안동시 일직면 용각길 72,2025-11-25
권영욱 2농장,한우,경상북도 안동시 풍산읍 오미리 146번지  ,경상북도 안동시 풍산읍 풍산태사로 494-23,2025-11-25
안심축산,한우,경상북도 안동시 와룡면 이하리 667번지  ,경상북도 안동시 와룡면 율미골길 136-34,2025-11-25
야호목장,염소,경상북도 안동시 길안면 만음리 산 108번지 8호  ,경상북도 안동시 길안면 만음음지마을길 88,2025-11-25
김화순농장,한우,경상북도 안동시 북후면 연곡리 308번지  ,경상북도 안동시 북후면 종실길 80-82,2025-11-25
주건농장,한우,경상북도 안동시 정하동 141번지  ,경상북도 안동시 신기리길 339(정하동),2025-11-25
이재우 농장,한우,경상북도 안동시 와룡면 주하리 567번지  ,경상북도 안동시 와룡면 감애주하길 362,2025-11-25
이달호 농장,한우,경상북도 안동시 북후면 연곡리 1018번지 2호  ,경상북도 안동시 북후면 영상길 81-31,2025-11-25
이점숙 농장,한우,경상북도 안동시 와룡면 지내리 710번지 2호  ,경상북도 안동시 와룡면 모산골길 85-25,2025-11-25
박영천 농장,한우,경상북도 안동시 와룡면 태리 747번지 1호  ,경상북도 안동시 와룡면 매구네길 115,2025-11-25
김미순 농장,한우,경상북도 안동시 와룡면 라소리 925번지 2호  ,경상북도 안동시 와룡면 토치골길 155-14,2025-11-25
이진걸 2농장,한우,경상북도 안동시 와룡면 감애리 744번지 1호  ,경상북도 안동시 와룡면 하명잦길 80-24,2025-11-25
정대윤 농장,한우,경상북도 안동시 와룡면 중가구리 60번지 1호  ,경상북도 안동시 와룡면 중가구못골길 18-61,2025-11-25
권혁창 농장,한우,경상북도 안동시 남선면 이천리 475번지  ,경상북도 안동시 남선면 뱁실길 112,2025-11-25
조순기 농장,한우,경상북도 안동시 일직면 명진리 417번지 35호  ,,2025-11-25
부광농장,육계,"경상북도 안동시 서후면 이송천리 641번지 ,640, 643, 649, 644-2 ",경상북도 안동시 서후면 이송천한터길 213,2025-11-25
정지연 농장,한우,경상북도 안동시 북후면 장기리 353번지  ,경상북도 안동시 북후면 토골길 72-38,2025-11-25
좋은2농장,한우,경상북도 안동시 북후면 물한리 49번지  ,경상북도 안동시 북후면 영상조은들길 158,2025-11-25
이현수 농장,한우,"경상북도 안동시 북후면 도촌리 240번지 , 239-1 ",경상북도 안동시 북후면 모산미길 53-14,2025-11-25
정은정 농장,한우,경상북도 안동시 와룡면 주하리 552번지  ,경상북도 안동시 와룡면 감애주하길 356-48,2025-11-25
대양농장,한우,경상북도 안동시 일직면 명진리 274번지  ,경상북도 안동시 일직면 덕동안길 155,2025-11-25
권용범 농장,한우,경상북도 안동시 북후면 연곡리 544번지  ,,2025-11-25
조상호 농장,한우,경상북도 안동시 도산면 온혜리 954번지 1호  ,경상북도 안동시 도산면 송온길 418-65,2025-11-25
이용규 농장,한우,경상북도 안동시 와룡면 감애리 724번지 2호  ,경상북도 안동시 와룡면 하명잦길 29-47,2025-11-25
권오석2농장,한우,경상북도 안동시 풍산읍 괴정리 655번지  ,경상북도 안동시 풍산읍 산업단지길 234,2025-11-25
임상인 농장,육계,경상북도 안동시 수상동 368번지  ,경상북도 안동시 뱃가골길 280(수상동),2025-11-25
지태룡 농장,염소,경상북도 안동시 와룡면 중가구리 412번지  ,경상북도 안동시 와룡면 남흥길 107-47,2025-11-25
정대웅 농장,한우,경상북도 안동시 예안면 구룡리 59번지 2호  ,,2025-11-25
예담농장,한우,"경상북도 안동시 북후면 물한리 557번지 ,556 ,556-1, 556-2 ",경상북도 안동시 북후면 물한길 51-37,2025-11-25
조성일 농장,한우,경상북도 안동시 북후면 석탑리 706번지  ,경상북도 안동시 북후면 석탑동굴길 108,2025-11-25
권태인 농장,한우,경상북도 안동시 풍천면 기산리 47번지 6호  ,경상북도 안동시 풍천면 석방지길 22-61,2025-11-25
박웅환 농장,한우,"경상북도 안동시 서후면 이개리 13번지 3호 , 13-4 ",경상북도 안동시 서후면 성곡이개길 62,2025-11-25
안경애 농장,한우,경상북도 안동시 서후면 대두서리 725번지  ,경상북도 안동시 서후면 생명의콩길 125-45,2025-11-25
조정옥 농장,한우,경상북도 안동시 서후면 태장리 230번지 1호  ,경상북도 안동시 서후면 풍산태사로 3253,2025-11-25
안동민속한우 영농조합법인(정경호위탁),한우,경상북도 안동시 북후면 도촌리 184번지  ,경상북도 안동시 북후면 도장길 258-50,2025-11-25
해솔농장,한우,경상북도 안동시 풍산읍 신양리 815번지  ,경상북도 안동시 풍산읍 현애길 76,2025-11-25
이우찬 농장,한우,"경상북도 안동시 북후면 도촌리 237번지 2호 237-5, 237-6, 237-7, 233, 234 ","경상북도 안동시 북후면 모산미길 53-32, 53-38",2025-11-25
박창원 농장,육계,경상북도 안동시 녹전면 신평리 56번지  ,,2025-11-25
조흥래 농장,한우,경상북도 안동시 풍산읍 소산리 815번지  ,경상북도 안동시 풍산읍 미내길 127-40,2025-11-25
남창일 농장,한우,경상북도 안동시 와룡면 가구리 510번지  ,경상북도 안동시 와룡면 선돌길 76-77,2025-11-25
솔티농장,한우,경상북도 안동시 서후면 성곡리 917번지  ,경상북도 안동시 서후면 봉림사지길 123,2025-11-25
장현농장,한우,경상북도 안동시 풍산읍 수리 1077번지  ,경상북도 안동시 풍산읍 풍산태사로 1269,2025-11-25
이재걸신종민농장,한우,경상북도 안동시 서후면 저전리 73번지  ,,2025-11-25
선진 2농장,한우,경상북도 안동시 녹전면 매정리 804번지 1호  ,,2025-11-25
강석희 농장,한우,경상북도 안동시 북후면 두산리 632번지  ,경상북도 안동시 북후면 하양지길 56,2025-11-25
이재현 농장,한우,경상북도 안동시 와룡면 감애리 738번지 2호  ,경상북도 안동시 와룡면 하명잦길 76,2025-11-25
권오흠 농장,한우,경상북도 안동시 서후면 성곡리 167번지 6호  ,,2025-11-25
강성만 농장,염소,경상북도 안동시 도산면 가송리 829번지  ,경상북도 안동시 도산면 퇴계로 3209-9,2025-11-25
엄성호 농장,한우,경상북도 안동시 서후면 성곡리 74번지  ,,2025-11-25
풀립소,한우,경상북도 안동시 북후면 도촌리 228번지  ,경상북도 안동시 북후면 모산미길 53-40,2025-11-25
이학섭 농장,한우,경상북도 안동시 북후면 연곡리 293번지 2호  ,경상북도 안동시 북후면 종실길 80-72,2025-11-25
김호준농장,한우,경상북도 안동시 와룡면 이하리 610번지  ,경상북도 안동시 와룡면 율미골길 136-57,2025-11-25
조상록 농장,한우,경상북도 안동시 북후면 물한리 221번지  ,경상북도 안동시 북후면 외날길 89,2025-11-25
이문섭농장,한우,경상북도 안동시 서후면 명리 175번지 3호  ,경상북도 안동시 서후면 명이개길 65-1,2025-11-25
손진규농장,한우,경상북도 안동시 남후면 단호리 70번지  ,,2025-11-25
김영덕 농장,한우,경상북도 안동시 풍천면 구담리 479번지  ,경상북도 안동시 풍천면 섬마길 14-3,2025-11-25
최재호농장,한우,경상북도 안동시 풍천면 어담리 산 75번지 27호  ,경상북도 안동시 풍천면 삼표산길 324-83,2025-11-25
이재환 농장,한우,경상북도 안동시 녹전면 원천리 694번지  ,,2025-11-25
서석용 축사,한우,경상북도 안동시 남선면 현내리 1059번지  ,경상북도 안동시 남선면 바람티골길 59,2025-11-25
권태만농장,한우,경상북도 안동시 녹전면 원천리 411번지 1호  ,경상북도 안동시 녹전면 길명길 15,2025-11-25
허정미농장,한우,"경상북도 안동시 와룡면 가야리 972번지 , 972-1 ",경상북도 안동시 와룡면 가야길 150-131,2025-11-25
임형규 농장,한우,"경상북도 안동시 풍산읍 현애리 219번지 4호 , 219-5, 219-6 ",경상북도 안동시 풍산읍 현애길 152-53,2025-11-25
와룡농장,돼지,"경상북도 안동시 와룡면 이하리 242번지 , 242-1, 242-4, 243, 237, 산175 ","경상북도 안동시 와룡면 율미골길 143-31, 143-19",2025-11-25
와룡농장,돼지,"경상북도 안동시 서후면 태장리 501번지 1호 , 501-2 ",경상북도 안동시 서후면 태장가라골길 98-24,2025-11-25
류기윤농장,한우,경상북도 안동시 풍산읍 소산리 815번지 1호  ,경상북도 안동시 풍산읍 미내길 127-38,2025-11-25
황호진축사,한우,경상북도 안동시 북후면 연곡리 395번지  ,경상북도 안동시 북후면 용수골길 37-5,2025-11-25
김종기축사,한우,경상북도 안동시 풍산읍 오미리 140번지 1호  ,경상북도 안동시 풍산읍 풍산태사로 481-5,2025-11-25
이경호농장,한우,경상북도 안동시 풍산읍 노리 180번지  ,경상북도 안동시 풍산읍 석교길 49-7,2025-11-25
김민구 농장2,한우,경상북도 안동시 임동면 고천리 144번지  ,경상북도 안동시 임동면 모시길 28-14,2025-11-25
위탁김민구2농장,한우,경상북도 안동시 임동면 고천리 82번지 1호  ,경상북도 안동시 임동면 모시길 28-38,2025-11-25
이동환축사,한우,경상북도 안동시 녹전면 원천리 282번지  ,경상북도 안동시 녹전면 등지길 12-11,2025-11-25
김주열축사,한우,경상북도 안동시 와룡면 감애리 738번지 3호  ,경상북도 안동시 와룡면 하명잦길 80,2025-11-25
주계농장,돼지,경상북도 안동시 와룡면 주계리 659번지  ,경상북도 안동시 와룡면 장수골길 302-20,2025-11-25
이기연축사,한우,경상북도 안동시 녹전면 원천리 895번지  ,,2025-11-25
예당농장,한우,경상북도 안동시 와룡면 라소리 1107번지  ,경상북도 안동시 와룡면 나소로 170-57,2025-11-25
율미한우2,한우,"경상북도 안동시 와룡면 이하리 288번지 , 291 ",경상북도 안동시 와룡면 율미골길 91-34,2025-11-25
권중극축사,한우,경상북도 안동시 풍천면 금계리 592번지  ,경상북도 안동시 풍천면 풍일로 883-1,2025-11-25
김윤중축사,한우,경상북도 안동시 풍산읍 계평리 451번지 1호  ,경상북도 안동시 풍산읍 풍산태사로 1931-1,2025-11-25
권재복축사,한우,경상북도 안동시 서후면 이개리 634번지  ,경상북도 안동시 서후면 이개와우실길 51-23,2025-11-25
1농장,한우,경상북도 안동시 임동면 고천리 376번지  ,,2025-11-25
권영규축사,한우,"경상북도 안동시 서후면 광평리 1067번지 1호 , 1067-5 ",경상북도 안동시 서후면 개목사길 45-94,2025-11-25
김선호농장,한우,경상북도 안동시 풍천면 신성리 36번지  ,경상북도 안동시 풍천면 봉호로 3333-31,2025-11-25
시유목장,한우,"경상북도 안동시 북후면 연곡리 934번지 , 935, 936, 937 ",경상북도 안동시 북후면 와북로 188-52,2025-11-25
남시경2농장,한우,경상북도 안동시 일직면 귀미리 317번지  ,경상북도 안동시 일직면 일직점곡로 234-28,2025-11-25
김익현 농장,한우,경상북도 안동시 북후면 물한리 121번지  ,경상북도 안동시 북후면 저전물한길 189-31,2025-11-25
권영윤농장,한우,경상북도 안동시 남후면 무릉리 274번지  ,경상북도 안동시 남후면 철안길 16-78,2025-11-25
김의수농장,염소,경상북도 안동시 도산면 온혜리 311번지  ,,2025-11-25
청미축사,한우,"경상북도 안동시 남후면 광음리 320번지 , 389-2, 390-1 ",,2025-11-25
정림축사,한우,경상북도 안동시 남후면 광음리 390번지  ,경상북도 안동시 남후면 감재길 40,2025-11-25
서현 농장,한우,"경상북도 안동시 와룡면 서현리 215번지 4호 , 216-1, 216-2, 216-3 ","경상북도 안동시 와룡면 현삼길 74-31, 74-33",2025-11-25
JH농장,한우,"경상북도 안동시 와룡면 가구리 511번지 , 512 ",경상북도 안동시 와룡면 선돌길 76-71,2025-11-25
성곡 축산,한우,경상북도 안동시 서후면 성곡리 163번지  ,,2025-11-25
김문석2농장,한우,경상북도 안동시 녹전면 매정리 743번지  ,,2025-11-25
정시진농장,한우,"경상북도 안동시 북후면 도진리 288번지 1호 , 288-2, 335 ",경상북도 안동시 북후면 산약길 388,2025-11-25
안동농장,한우,경상북도 안동시 서후면 재품리 147번지  ,경상북도 안동시 서후면 백현길 648,2025-11-25
하나,한우,경상북도 안동시 일직면 평팔리 607번지  ,경상북도 안동시 일직면 월박오랫길 222,2025-11-25
기철 농장,한우,경상북도 안동시 남선면 이천리 494번지  ,경상북도 안동시 남선면 뱁실길 146,2025-11-25
권중극1,한우,경상북도 안동시 풍천면 금계리 756번지  ,경상북도 안동시 풍천면 풍일로 862-41,2025-11-25
조풍로농장,한우,경상북도 안동시 북후면 두산리 626번지  ,경상북도 안동시 북후면 하양지길 48,2025-11-25
둘리농장,염소,경상북도 안동시 일직면 귀미리 728번지 1호  ,,2025-11-25
강보식농장A8,한우,"경상북도 안동시 남후면 무릉리 1233번지 , 1234, 1230, 1232, 1223 ","경상북도 안동시 남후면 숨실길 229, 231, 233",2025-11-25
김주현에코산방,염소,경상북도 안동시 와룡면 가류리 358번지 1호  ,경상북도 안동시 와룡면 자곡길 174-47,2025-11-25
해밀팜,종계/산란계,경상북도 안동시 녹전면 서삼리 710번지 4호  ,경상북도 안동시 녹전면 능실길 49-46,2025-11-25
강윤영축사,한우,경상북도 안동시 녹전면 원천리 803번지  ,경상북도 안동시 녹전면 녹전로 1384-5,2025-11-25
태양축산,한우,경상북도 안동시 북후면 연곡리 87번지 1호  ,경상북도 안동시 북후면 웃마사길 71-52,2025-11-25
훈이네농장,한우,"경상북도 안동시 녹전면 신평리 산 207번지 , 1048-2, 1049 ",경상북도 안동시 녹전면 녹전로 775-52,2025-11-25
엔터프라이즈팜제3농장,한우,"경상북도 안동시 북후면 연곡리 92번지 , 93-2, 94-3 ",경상북도 안동시 북후면 웃마사길 71-42,2025-11-25
이재덕농장,한우,경상북도 안동시 풍산읍 만운리 351번지  ,경상북도 안동시 풍산읍 지담길 7-2,2025-11-25
이상칠축사,한우,경상북도 안동시 풍산읍 만운리 346번지 4호  ,경상북도 안동시 풍산읍 지담길 7-23,2025-11-25
김지선농장,한우,"경상북도 안동시 서후면 저전리 333번지 , 733-1 ",경상북도 안동시 서후면 북평로 396-21,2025-11-25
박성훈농장,염소,경상북도 안동시 서후면 저전리 21번지 1호  ,경상북도 안동시 서후면 저전물한길 84-8,2025-11-25
강진구농장,염소,경상북도 안동시 풍산읍 노리 280번지  ,,2025-11-25
김영옥농장(거위),거위,경상북도 안동시 길안면 대사리 714번지  ,경상북도 안동시 길안면 대사로 241,2025-11-25
김영옥농장(닭),종계/산란계,경상북도 안동시 길안면 대사리 714번지  ,경상북도 안동시 길안면 대사로 241,2025-11-25
황금농장,한우,경상북도 안동시 북후면 물한리 478번지  ,,2025-11-25
서영진농장,한우,경상북도 안동시 와룡면 지내리 710번지 1호  ,,2025-11-25
유찬우농장,종계/산란계,경상북도 안동시 정하동 19번지 8호  ,,2025-11-25
모산농장,한우,경상북도 안동시 와룡면 지내리 758번지 1호  ,경상북도 안동시 와룡면 모산골길 145,2025-11-25
대진농장,염소,경상북도 안동시 북후면 연곡리 196번지 4호  ,,2025-11-25
권오경농장,한우,경상북도 안동시 녹전면 서삼리 217번지 3호  ,경상북도 안동시 녹전면 마암길 16,2025-11-25
솔티골농장,염소,경상북도 안동시 풍천면 어담리 산 60번지  ,경상북도 안동시 풍천면 삼표산길 504,2025-11-25
에그하우스,종계/산란계,"경상북도 안동시 서후면 교리 448번지 , 454-1 ",경상북도 안동시 서후면 교리평촌길 15-52,2025-11-25
강세혁농장,한우,경상북도 안동시 풍산읍 오미리 138번지  ,경상북도 안동시 풍산읍 풍산태사로 494-28,2025-11-25
안동흑염소행복한농장,염소,경상북도 안동시 남후면 단호리 524번지 1호  ,경상북도 안동시 남후면 화현길 18,2025-11-25
감상골 농장,한우,경상북도 안동시 북후면 옹천리 140번지  ,경상북도 안동시 북후면 감성길 41,2025-11-25
박영술 농장,염소,경상북도 안동시 남선면 구미리 43번지  ,경상북도 안동시 남선면 충효로 3809-53,2025-11-25
제이원 한우A,한우,경상북도 안동시 서후면 이개리 64번지  ,경상북도 안동시 서후면 귀여리길 349-37,2025-11-25
권준엽 농장,염소,경상북도 안동시 와룡면 이하리 341번지 8호  ,경상북도 안동시 와룡면 서주길 185,2025-11-25
스윙팜,한우,경상북도 안동시 와룡면 주하리 501번지 7호  ,경상북도 안동시 와룡면 신그네길 70,2025-11-25
혜성농원,염소,경상북도 안동시 서후면 이송천리 393번지 1호  ,경상북도 안동시 서후면 이송천1길 59-30,2025-11-25
빛뫼농원,염소,경상북도 안동시 풍천면 도양리 1081번지  ,경상북도 안동시 풍천면 덕현길 107,2025-11-25
꿈애농장,한우,경상북도 안동시 녹전면 서삼리 383번지 1호  ,경상북도 안동시 녹전면 하이전길 78,2025-11-25
윤이농장,염소,경상북도 안동시 와룡면 중가구리 563번지 3호  ,,2025-11-25
염소농장,염소,경상북도 안동시 예안면 정산리 680번지  ,,2025-11-25
영린농장,염소,경상북도 안동시 풍산읍 회곡리 285번지  ,경상북도 안동시 풍산읍 딱지골길 12-20,2025-11-25
구티미 염소농장,염소,경상북도 안동시 예안면 신남리 78번지  ,,2025-11-25
현애농장,한우,"경상북도 안동시 풍산읍 현애리 219번지 16호 , 219-17 ","경상북도 안동시 풍산읍 현애길 152-27, , 현애길 152-25",2025-11-25
현내농장,염소,경상북도 안동시 남선면 현내리 656번지  ,,2025-11-25
안동메추리농장2,메추리,경상북도 안동시 와룡면 가구리 639번지 4호  ,경상북도 안동시 와룡면 농암로 77-10,2025-11-25
산들농장,한우,경상북도 안동시 송현동 85번지  ,경상북도 안동시 경북대로 674-37 (송현동),2025-11-25
청돌이농장,염소,경상북도 안동시 남선면 원림리 490번지  ,,2025-11-25
한울농장,한우,경상북도 안동시 풍산읍 현애리 19번지  ,경상북도 안동시 풍산읍 장여골길 31-3,2025-11-25
학가산 혜원농장,염소,경상북도 안동시 풍산읍 죽전리 652번지  ,,2025-11-25
원이농장,한우,경상북도 안동시 일직면 망호리 210번지  ,경상북도 안동시 일직면 지실들길 64,2025-11-25
금소사슴농장,사슴,경상북도 안동시 임하면 금소리 336번지  ,경상북도 안동시 임하면 금소길 267-14,2025-11-25
학가산 계란,종계/산란계,경상북도 안동시 북후면 물한리 542번지  ,,2025-11-25
태정농장,한우,경상북도 안동시 북후면 옹천리 139번지 2호  ,경상북도 안동시 북후면 감성길 51,2025-11-25
현진농장,한우,경상북도 안동시 서후면 재품리 144번지 1호  ,경상북도 안동시 서후면 백현길 648-1,2025-11-25
방주농장,염소,경상북도 안동시 서후면 광평리 1133번지  ,경상북도 안동시 서후면 개목사길 177-48,2025-11-25
토갓골 농장,염소,경상북도 안동시 일직면 귀미리 200번지 2호  ,,2025-11-25
대운농장,염소,경상북도 안동시 남후면 하아리 72번지  ,경상북도 안동시 남후면 샘수골길 17,2025-11-25
불미골 농장,한우,경상북도 안동시 일직면 귀미리 277번지 1호  ,경상북도 안동시 일직면 일직점곡로 273-11,2025-11-25
김상진2농장,한우,경상북도 안동시 서후면 대두서리 929번지 외 1필지 ,경상북도 안동시 서후면 생명의콩길 54-5,2025-11-25
승부농장,한우,경상북도 안동시 녹전면 신평리 383번지  ,경상북도 안동시 녹전면 신평안흥길 24-22,2025-11-25
조종식 농장,한우,경상북도 안동시 서후면 광평리 748번지  ,경상북도 안동시 서후면 개목사길 48-105,2025-11-25
박찬익 2농장,한우,경상북도 안동시 임동면 고천리 545번지 1호  ,경상북도 안동시 임동면 고천덕강길 132,2025-11-25
이창호 농장,한우,경상북도 안동시 와룡면 주하리 675번지 6호  ,경상북도 안동시 와룡면 태리금산로 301-7,2025-11-25
영남농장,사슴,경상북도 안동시 남후면 개곡리 213번지  ,경상북도 안동시 남후면 남일로 1249-20,2025-11-25
천수농장,한우,경상북도 안동시 임하면 천전리 414번지  ,경상북도 안동시 임하면 반시건능길 178-53,2025-11-25
김래섭 농장,한우,경상북도 안동시 녹전면 원천리 85번지  ,경상북도 안동시 녹전면 원천어란길 13-25,2025-11-25
안동민속한우 2농장,한우,경상북도 안동시 서후면 대두서리 104번지 2호  ,,2025-11-25
농업회사법인(주)민속친한우 권민석B11,한우,경상북도 안동시 서후면 재품리 513번지  ,경상북도 안동시 서후면 백현길 242-20,2025-11-25
진한농장,한우,경상북도 안동시 서후면 대두서리 97번지  ,경상북도 안동시 서후면 생명의콩길 285-17,2025-11-25
김창열 농장,한우,"경상북도 안동시 녹전면 서삼리 566번지 , 566-1 ",경상북도 안동시 녹전면 현삼길 313-5,2025-11-25
단호농장,한우,경상북도 안동시 남후면 단호리 1700번지  ,,2025-11-25
신한우 2농원,한우,경상북도 안동시 북후면 장기리 351번지  ,경상북도 안동시 북후면 토골길 72-34,2025-11-25
류만식 농장,한우,경상북도 안동시 와룡면 가구리 324번지  ,,2025-11-25
오국희 농장,한우,경상북도 안동시 일직면 평팔리 243번지  ,경상북도 안동시 일직면 안평일직길 635-18,2025-11-25
노봉환 농장,한우,경상북도 안동시 북후면 월전리 754번지  ,경상북도 안동시 북후면 납들고개길 46-57,2025-11-25
천정남 농장,한우,경상북도 안동시 풍산읍 오미리 59번지 1호  ,경상북도 안동시 풍산읍 풍산태사로 494-47,2025-11-25
행복목장,한우,경상북도 안동시 와룡면 이하리 684번지 1호  ,경상북도 안동시 와룡면 금통골길 67-11,2025-11-25
박오종 농장,한우,"경상북도 안동시 와룡면 오천리 678번지 , 679 ",경상북도 안동시 와룡면 바위골길 52-14,2025-11-25
둘리농장,한우,경상북도 안동시 풍산읍 오미리 117번지 1호  ,경상북도 안동시 풍산읍 방가미길 23,2025-11-25
디오 농장,한우,경상북도 안동시 남후면 검암리 561번지 1호  ,경상북도 안동시 남후면 모운사길 26,2025-11-25
권오준 농장,염소,경상북도 안동시 임동면 마령리 555번지  ,경상북도 안동시 임동면 바우길 5,2025-11-25
우창원 농장,한우,경상북도 안동시 와룡면 지내리 742번지  ,경상북도 안동시 와룡면 모산골길 104,2025-11-25
류대윤 농장,한우,경상북도 안동시 와룡면 주하리 358번지 1호  ,경상북도 안동시 와룡면 감애주하길 356-42,2025-11-25
권규용 농장,한우,경상북도 안동시 북후면 연곡리 35번지 3호  ,경상북도 안동시 북후면 와북로 415-38,2025-11-25
종환농장2,한우,경상북도 안동시 풍산읍 오미리 148번지  ,경상북도 안동시 풍산읍 풍산태사로 494-19,2025-11-25
권현미 농장,한우,"경상북도 안동시 서후면 성곡리 168번지 1호 ,168-7 ",경상북도 안동시 서후면 학가산온천길 316,2025-11-25
권오삼농장,한우,경상북도 안동시 남후면 무릉리 1106번지  ,경상북도 안동시 남후면 숨실길 102,2025-11-25
준호농장2,한우,"경상북도 안동시 녹전면 원천리 195번지 , 188 ",경상북도 안동시 녹전면 등지길 200-8,2025-11-25
이찬용 농장,한우,경상북도 안동시 이천동 309번지  ,경상북도 안동시 연미원길 261-42 (이천동),2025-11-25
황혁기 농장,한우,경상북도 안동시 남후면 무릉리 1173번지  ,경상북도 안동시 남후면 숨실길 181-4,2025-11-25
부국농장,한우,경상북도 안동시 서후면 대두서리 697번지  ,,2025-11-25
태준농장,육계,경상북도 안동시 와룡면 서현리 217번지 1호  ,경상북도 안동시 와룡면 현삼길 74-37,2025-11-25
지인걸 농장,한우,경상북도 안동시 와룡면 가구리 348번지  ,경상북도 안동시 와룡면 농암로 77-75,2025-11-25
이우찬 농장,한우,경상북도 안동시 서후면 재품리 111번지  ,,2025-11-25
만복농장,한우,경상북도 안동시 북후면 물한리 47번지  ,경상북도 안동시 북후면 영상조은들길 174,2025-11-25
시내골농장,한우,경상북도 안동시 일직면 조탑리 669번지  ,경상북도 안동시 일직면 긴대골길 171,2025-11-25
권영률 농장,한우,경상북도 안동시 와룡면 이하리 616번지  ,경상북도 안동시 와룡면 율미골길 136-53,2025-11-25
이상영 농장,한우,경상북도 안동시 서후면 성곡리 12번지  ,경상북도 안동시 서후면 풍산태사로 3047-40,2025-11-25
우렁골한우 2농장,한우,경상북도 안동시 풍산읍 수리 1040번지  ,경상북도 안동시 풍산읍 풍산태사로 1425-63,2025-11-25
권종열 농장,한우,경상북도 안동시 서후면 재품리 541번지  ,경상북도 안동시 서후면 대두서6길 129-20,2025-11-25
약산한우농장,육우,경상북도 안동시 임하면 오대리 243번지  ,경상북도 안동시 임하면 오대1길 30-49,2025-11-25
마암 1농장,한우,경상북도 안동시 와룡면 태리 736번지  ,경상북도 안동시 와룡면 매구네길 161,2025-11-25
일승농장,한우,경상북도 안동시 서후면 이송천리 907번지  ,경상북도 안동시 서후면 태장가라골길 230-44,2025-11-25
황애경 농장,한우,경상북도 안동시 와룡면 태리 89번지 3호  ,경상북도 안동시 와룡면 와룡탯골길 30,2025-11-25
임금화 농장,한우,경상북도 안동시 이천동 152번지  ,경상북도 안동시 미두리길 157-9(이천동),2025-11-25
이상목 농장,한우,경상북도 안동시 와룡면 감애리 726번지  ,경상북도 안동시 와룡면 하명잦길 29-28,2025-11-25
리촌농장,한우,경상북도 안동시 와룡면 주하리 81번지 3호  ,경상북도 안동시 와룡면 웃두루길 42,2025-11-25
권지후 농장,한우,경상북도 안동시 일직면 용각리 150번지  ,경상북도 안동시 일직면 용각길 72,2025-11-25
권영욱 2농장,한우,경상북도 안동시 풍산읍 오미리 146번지  ,경상북도 안동시 풍산읍 풍산태사로 494-23,2025-11-25
안심축산,한우,경상북도 안동시 와룡면 이하리 667번지  ,경상북도 안동시 와룡면 율미골길 136-34,2025-11-25
야호목장,염소,경상북도 안동시 길안면 만음리 산 108번지 8호  ,경상북도 안동시 길안면 만음음지마을길 88,2025-11-25
김화순농장,한우,경상북도 안동시 북후면 연곡리 308번지  ,경상북도 안동시 북후면 종실길 80-82,2025-11-25
주건농장,한우,경상북도 안동시 정하동 141번지  ,경상북도 안동시 신기리길 339(정하동),2025-11-25
이재우 농장,한우,경상북도 안동시 와룡면 주하리 567번지  ,경상북도 안동시 와룡면 감애주하길 362,2025-11-25
이달호 농장,한우,경상북도 안동시 북후면 연곡리 1018번지 2호  ,경상북도 안동시 북후면 선실길 67-22,2025-11-25
이점숙 농장,한우,경상북도 안동시 와룡면 지내리 710번지 2호  ,경상북도 안동시 와룡면 모산골길 85-25,2025-11-25
박영천 농장,한우,경상북도 안동시 와룡면 태리 747번지 1호  ,경상북도 안동시 와룡면 매구네길 115,2025-11-25
김미순 농장,한우,경상북도 안동시 와룡면 라소리 925번지 2호  ,경상북도 안동시 와룡면 토치골길 155-14,2025-11-25
이진걸 2농장,한우,경상북도 안동시 와룡면 감애리 744번지 1호  ,경상북도 안동시 와룡면 하명잦길 80-24,2025-11-25
정대윤 농장,한우,경상북도 안동시 와룡면 중가구리 60번지 1호  ,경상북도 안동시 와룡면 중가구못골길 18-61,2025-11-25
권혁창 농장,한우,경상북도 안동시 남선면 이천리 475번지  ,경상북도 안동시 남선면 뱁실길 112,2025-11-25
조순기 농장,한우,경상북도 안동시 일직면 명진리 417번지 35호  ,,2025-11-25
부광농장,육계,"경상북도 안동시 서후면 이송천리 641번지 ,640, 643, 649, 644-2 ",경상북도 안동시 서후면 이송천한터길 213,2025-11-25
정지연 농장,한우,경상북도 안동시 북후면 장기리 353번지  ,경상북도 안동시 북후면 토골길 72-38,2025-11-25
좋은2농장,한우,경상북도 안동시 북후면 물한리 49번지  ,경상북도 안동시 북후면 영상조은들길 158,2025-11-25
이현수 농장,한우,"경상북도 안동시 북후면 도촌리 240번지 , 239-1 ",경상북도 안동시 북후면 모산미길 53-14,2025-11-25
정은정 농장,한우,경상북도 안동시 와룡면 주하리 552번지  ,경상북도 안동시 와룡면 감애주하길 356-48,2025-11-25
대양농장,한우,경상북도 안동시 일직면 명진리 274번지  ,경상북도 안동시 일직면 덕동안길 155,2025-11-25
권용범 농장,한우,경상북도 안동시 북후면 연곡리 544번지  ,,2025-11-25
조상호 농장,한우,경상북도 안동시 도산면 온혜리 954번지 1호  ,경상북도 안동시 도산면 송온길 418-65,2025-11-25
이용규 농장,한우,경상북도 안동시 와룡면 감애리 724번지 2호  ,경상북도 안동시 와룡면 하명잦길 29-47,2025-11-25
권오석2농장,한우,경상북도 안동시 풍산읍 괴정리 655번지  ,경상북도 안동시 풍산읍 산업단지길 234,2025-11-25
임상인 농장,육계,경상북도 안동시 수상동 368번지  ,경상북도 안동시 뱃가골길 280(수상동),2025-11-25
지태룡 농장,염소,경상북도 안동시 와룡면 중가구리 412번지  ,경상북도 안동시 와룡면 남흥길 107-47,2025-11-25
정대웅 농장,한우,경상북도 안동시 예안면 구룡리 59번지 2호  ,,2025-11-25
예담농장,한우,"경상북도 안동시 북후면 물한리 557번지 ,556 ,556-1, 556-2 ",경상북도 안동시 북후면 물한길 51-37,2025-11-25
조성일 농장,한우,경상북도 안동시 북후면 석탑리 706번지  ,경상북도 안동시 북후면 석탑동굴길 108,2025-11-25
권태인 농장,한우,경상북도 안동시 풍천면 기산리 47번지 6호  ,경상북도 안동시 풍천면 석방지길 22-61,2025-11-25
박웅환 농장,한우,"경상북도 안동시 서후면 이개리 13번지 3호 , 13-4 ",경상북도 안동시 서후면 성곡이개길 62,2025-11-25
안경애 농장,한우,경상북도 안동시 서후면 대두서리 725번지  ,경상북도 안동시 서후면 생명의콩길 125-45,2025-11-25
조정옥 농장,한우,경상북도 안동시 서후면 태장리 230번지 1호  ,경상북도 안동시 서후면 풍산태사로 3253,2025-11-25
안동민속한우영농조합법인,한우,경상북도 안동시 북후면 도촌리 184번지  ,경상북도 안동시 북후면 도장길 258-50,2025-11-25
해솔농장,한우,경상북도 안동시 풍산읍 신양리 815번지  ,경상북도 안동시 풍산읍 현애길 76,2025-11-25
이우찬 농장,한우,"경상북도 안동시 북후면 도촌리 237번지 2호 237-5, 237-6, 237-7, 233, 234 ","경상북도 안동시 북후면 모산미길 53-32, 53-38",2025-11-25
박창원 농장,육계,경상북도 안동시 녹전면 신평리 56번지  ,,2025-11-25
조흥래 농장,한우,경상북도 안동시 풍산읍 소산리 815번지  ,경상북도 안동시 풍산읍 미내길 127-40,2025-11-25
남창일 농장,한우,경상북도 안동시 와룡면 가구리 510번지  ,경상북도 안동시 와룡면 선돌길 76-77,2025-11-25
솔티농장,한우,경상북도 안동시 서후면 성곡리 917번지  ,경상북도 안동시 서후면 봉림사지길 123,2025-11-25
장현농장,한우,경상북도 안동시 풍산읍 수리 1077번지  ,경상북도 안동시 풍산읍 풍산태사로 1269,2025-11-25
이재걸신종민농장,한우,경상북도 안동시 서후면 저전리 73번지  ,,2025-11-25
선진 2농장,한우,경상북도 안동시 녹전면 매정리 804번지 1호  ,,2025-11-25
강석희 농장,한우,경상북도 안동시 북후면 두산리 632번지  ,경상북도 안동시 북후면 하양지길 56,2025-11-25
이재현 농장,한우,경상북도 안동시 와룡면 감애리 738번지 2호  ,경상북도 안동시 와룡면 하명잦길 76,2025-11-25
권오흠 농장,한우,경상북도 안동시 서후면 성곡리 167번지 6호  ,,2025-11-25
강성만 농장,염소,경상북도 안동시 도산면 가송리 829번지  ,경상북도 안동시 도산면 퇴계로 3209-9,2025-11-25
엄성호 농장,한우,경상북도 안동시 서후면 성곡리 74번지  ,,2025-11-25
김은정농장,한우,경상북도 안동시 북후면 연곡리 196번지 4호  ,,2025-11-25
풀립소,한우,경상북도 안동시 북후면 도촌리 228번지  ,경상북도 안동시 북후면 모산미길 53-40,2025-11-25
이학섭 농장,한우,경상북도 안동시 북후면 연곡리 293번지 2호  ,경상북도 안동시 북후면 종실길 80-72,2025-11-25
김호준농장,한우,경상북도 안동시 와룡면 이하리 610번지  ,경상북도 안동시 와룡면 율미골길 136-57,2025-11-25
조상록 농장,한우,경상북도 안동시 북후면 물한리 221번지  ,경상북도 안동시 북후면 외날길 89,2025-11-25
이문섭농장,한우,경상북도 안동시 서후면 명리 175번지 3호  ,경상북도 안동시 서후면 명이개길 65-1,2025-11-25
손진규농장,한우,경상북도 안동시 남후면 단호리 70번지  ,,2025-11-25
이은영 농장,한우,경상북도 안동시 일직면 망호리 769번지 1호  ,경상북도 안동시 일직면 안망실길 26-15,2025-11-25
김영덕 농장,한우,경상북도 안동시 풍천면 구담리 479번지  ,경상북도 안동시 풍천면 섬마길 14-3,2025-11-25
조현태 농장,한우,경상북도 안동시 풍천면 도양리 304번지  ,경상북도 안동시 풍천면 신방길 29-9,2025-11-25
최재호농장,한우,경상북도 안동시 풍천면 어담리 산 75번지 27호  ,경상북도 안동시 풍천면 삼표산길 324-83,2025-11-25
이재환 농장,한우,경상북도 안동시 녹전면 원천리 694번지  ,,2025-11-25
서석용 축사,한우,경상북도 안동시 남선면 현내리 1059번지  ,경상북도 안동시 남선면 바람티골길 59,2025-11-25
권태만농장,한우,경상북도 안동시 녹전면 원천리 411번지 1호  ,경상북도 안동시 녹전면 길명길 15,2025-11-25
허정미농장,한우,"경상북도 안동시 와룡면 가야리 972번지 , 972-1 ",경상북도 안동시 와룡면 가야길 150-131,2025-11-25
임형규 농장,한우,"경상북도 안동시 풍산읍 현애리 219번지 4호 , 219-5, 219-6 ",경상북도 안동시 풍산읍 현애길 152-53,2025-11-25
와룡농장,돼지,"경상북도 안동시 와룡면 이하리 242번지 , 242-1, 242-4, 243, 237, 산175 ","경상북도 안동시 와룡면 율미골길 143-31, 143-19",2025-11-25
와룡농장,돼지,"경상북도 안동시 서후면 태장리 501번지 1호 , 501-2 ",경상북도 안동시 서후면 태장가라골길 98-24,2025-11-25
류기윤농장,한우,경상북도 안동시 풍산읍 소산리 815번지 1호  ,경상북도 안동시 풍산읍 미내길 127-38,2025-11-25
황호진축사,한우,경상북도 안동시 북후면 연곡리 395번지  ,경상북도 안동시 북후면 용수골길 37-5,2025-11-25
김종기축사,한우,경상북도 안동시 풍산읍 오미리 140번지 1호  ,경상북도 안동시 풍산읍 풍산태사로 481-5,2025-11-25
이경호농장,한우,경상북도 안동시 풍산읍 노리 180번지  ,경상북도 안동시 풍산읍 석교길 49-7,2025-11-25
김민구 농장2,한우,경상북도 안동시 임동면 고천리 144번지  ,경상북도 안동시 임동면 모시길 28-14,2025-11-25
위탁김민구2농장,한우,경상북도 안동시 임동면 고천리 82번지 1호  ,경상북도 안동시 임동면 모시길 28-38,2025-11-25
이동환축사,한우,경상북도 안동시 녹전면 원천리 282번지  ,경상북도 안동시 녹전면 등지길 12-11,2025-11-25
김주열축사,한우,경상북도 안동시 와룡면 감애리 738번지 3호  ,경상북도 안동시 와룡면 하명잦길 80,2025-11-25
주계농장,돼지,경상북도 안동시 와룡면 주계리 659번지  ,경상북도 안동시 와룡면 장수골길 302-20,2025-11-25
이기연축사,한우,경상북도 안동시 녹전면 원천리 895번지  ,,2025-11-25
예당농장,한우,경상북도 안동시 와룡면 라소리 1107번지  ,경상북도 안동시 와룡면 나소로 170-57,2025-11-25
율미한우2,한우,"경상북도 안동시 와룡면 이하리 288번지 , 291 ",경상북도 안동시 와룡면 율미골길 91-34,2025-11-25
권중극축사,한우,경상북도 안동시 풍천면 금계리 592번지  ,경상북도 안동시 풍천면 풍일로 883-1,2025-11-25
김윤중축사,한우,경상북도 안동시 풍산읍 계평리 451번지 1호  ,경상북도 안동시 풍산읍 풍산태사로 1931-1,2025-11-25
권재복축사,한우,경상북도 안동시 서후면 이개리 634번지  ,경상북도 안동시 서후면 이개와우실길 51-23,2025-11-25
1농장,한우,경상북도 안동시 임동면 고천리 376번지  ,,2025-11-25
권영규축사,한우,"경상북도 안동시 서후면 광평리 1067번지 1호 , 1067-5 ",경상북도 안동시 서후면 개목사길 45-94,2025-11-25
김선호농장,한우,경상북도 안동시 풍천면 신성리 36번지  ,경상북도 안동시 풍천면 봉호로 3333-31,2025-11-25
시유목장,한우,"경상북도 안동시 북후면 연곡리 934번지 , 935, 936, 937 ",경상북도 안동시 북후면 와북로 188-52,2025-11-25
남시경2농장,한우,경상북도 안동시 일직면 귀미리 317번지  ,경상북도 안동시 일직면 일직점곡로 234-28,2025-11-25
김익현 농장,한우,경상북도 안동시 북후면 물한리 121번지  ,경상북도 안동시 북후면 저전물한길 189-31,2025-11-25
권영윤농장,한우,경상북도 안동시 남후면 무릉리 274번지  ,경상북도 안동시 남후면 철안길 16-78,2025-11-25
김의수농장,염소,경상북도 안동시 도산면 온혜리 311번지  ,,2025-11-25
청미축사,한우,"경상북도 안동시 남후면 광음리 320번지 , 389-2, 390-1 ",,2025-11-25
정림축사,한우,경상북도 안동시 남후면 광음리 390번지  ,경상북도 안동시 남후면 감재길 40,2025-11-25
서현 농장,한우,"경상북도 안동시 와룡면 서현리 215번지 4호 , 216-1, 216-2, 216-3 ","경상북도 안동시 와룡면 현삼길 74-31, 74-33",2025-11-25
JH농장,한우,"경상북도 안동시 와룡면 가구리 511번지 , 512 ",경상북도 안동시 와룡면 선돌길 76-71,2025-11-25
성곡 축산,한우,경상북도 안동시 서후면 성곡리 163번지  ,,2025-11-25
김문석2농장,한우,경상북도 안동시 녹전면 매정리 743번지  ,,2025-11-25
정시진농장,한우,"경상북도 안동시 북후면 도진리 288번지 1호 , 288-2, 335 ",경상북도 안동시 북후면 산약길 388,2025-11-25
안동농장,한우,경상북도 안동시 서후면 재품리 147번지  ,경상북도 안동시 서후면 백현길 648,2025-11-25
하나,한우,경상북도 안동시 일직면 평팔리 607번지  ,경상북도 안동시 일직면 월박오랫길 222,2025-11-25
김기호 농장,한우,경상북도 안동시 남선면 이천리 494번지  ,경상북도 안동시 남선면 뱁실길 146,2025-11-25
권중극1,한우,경상북도 안동시 풍천면 금계리 756번지  ,경상북도 안동시 풍천면 풍일로 862-41,2025-11-25
조풍로농장,한우,경상북도 안동시 북후면 두산리 626번지  ,경상북도 안동시 북후면 하양지길 48,2025-11-25
둘리농장,염소,경상북도 안동시 일직면 귀미리 728번지 1호  ,,2025-11-25
강보식농장A6,한우,"경상북도 안동시 남후면 무릉리 1233번지 , 1234, 1230, 1232, 1223 ","경상북도 안동시 남후면 숨실길 229, 231, 233",2025-11-25
김주현에코산방,염소,경상북도 안동시 와룡면 가류리 358번지 1호  ,경상북도 안동시 와룡면 자곡길 174-47,2025-11-25
해밀팜,종계/산란계,경상북도 안동시 녹전면 서삼리 710번지 4호  ,경상북도 안동시 녹전면 능실길 49-46,2025-11-25
남선양돈단지협업단체,종돈업,경상북도 안동시 남선면 구미리 656번지  ,경상북도 안동시 남선면 백일길 36-17,2025-11-25
참길팜,종돈업,    ,경상북도 안동시 북후면 태리금산로 395,2025-11-25
대덕 농장,종오리업,경상북도 안동시 녹전면 서삼리 301번지 외 2필지 ,경상북도 안동시 녹전면 서삼길 320-42,2025-11-25
일직농장,종계업,경상북도 안동시 일직면 귀미리 7번지  ,경상북도 안동시 일직면 일직점곡로 436,2025-11-25
도야지친구들 서후농장,종돈업,경상북도 안동시 서후면 태장리 625번지  ,경상북도 안동시 서후면 풍산태사로 3123-1,2025-11-25
농업회사법인 서현팜 주식회사,종계업,경상북도 안동시 와룡면 서현리 산 206번지  ,경상북도 안동시 와룡면 감애구송로 239,2025-11-25
서현팜 2농장,종계업,경상북도 안동시 와룡면 태리 773번지  ,경상북도 안동시 와룡면 서주길 460-70,2025-11-25
