시군,농장명,축종,주소,사육두수,위도,경도,기준일자,출처파일
사하구,명진축산,돼지,부산광역시 사하구 보덕포*길 *** (장림동),,35.07112,128.964332,2022-03-10 09:09:54,동물_가축사육업.csv
사하구,초원축산,돼지,부산광역시 사하구 하신중앙로*번길 **-* (장림동),,35.076091,128.957622,2022-03-10 11:18:17,동물_가축사육업.csv
강서구,수원농장,돼지,부산광역시 강서구 평강로***번길 **-* (대저*동),,35.223081,128.946236,2019-12-27 16:30:49,동물_가축사육업.csv
강서구,동원축산,돼지,부산광역시 강서구 대저*동 ****-*,,35.223164,128.947876,2020-08-19 11:45:55,동물_가축사육업.csv
강서구,영동농장,돼지,부산광역시 강서구 평강로***번가길 ** (대저*동),,35.222985,128.945231,2019-12-27 16:30:27,동물_가축사육업.csv
강서구,은래 양돈장,돼지,부산광역시 강서구 식만로***번길 *** (식만동),,35.212503,128.896581,2020-07-16 10:54:23,동물_가축사육업.csv
기장군,오삼농장,돼지,부산광역시 기장군 철마면 사등길 **-***,,35.246951,129.165625,2015-04-08 09:00:57,동물_가축사육업.csv
기장군,베델농장,돼지,부산광역시 기장군 기장읍 안평로**번가길 ***,,35.231456,129.193818,2015-06-03 15:08:21,동물_가축사육업.csv
기장군,태백축산,돼지,부산광역시 기장군 장안읍 기장대로 ****-***,,35.338378,129.239795,2024-10-03 07:14:49,동물_가축사육업.csv
달성군,서림농장,돼지,대구광역시 달성군 하빈면 하빈남로 ***,,35.864926,128.393329,2016-07-25 15:13:31,동물_가축사육업.csv
달성군,대구농장,돼지,대구광역시 달성군 하빈면 달구벌대로*길 ***-**,,35.866475,128.399068,2022-06-27 09:20:23,동물_가축사육업.csv
달성군,협동농장,돼지,대구광역시 달성군 가창면 가창로 **,,35.726943,128.670024,2023-02-24 16:17:33,동물_가축사육업.csv
달성군,대명축산,돼지,대구광역시 달성군 하빈면 하빈남로 ***-**,,35.869453,128.396226,2016-07-25 14:09:40,동물_가축사육업.csv
달성군,대성농장,돼지,대구광역시 달성군 하빈면 하산길 **-**,,35.882809,128.405471,2023-07-28 11:04:38,동물_가축사육업.csv
달성군,동부 SEMEN BANK,돼지,대구광역시 달성군 구지면 대암내길 **,,35.63404,128.403702,2021-04-02 14:42:10,동물_가축사육업.csv
검단구,강덕농장,돼지,인천광역시 검단구 봉화로***번길 ** (오류동),,37.602237,126.635231,2026-07-24 08:17:11,동물_가축사육업.csv
강화군,강화한돈영농조합법인,돼지,인천광역시 강화군 불은면 불은북로***번길 **,,37.697268,126.4502,2026-06-30 10:28:34,동물_가축사육업.csv
강화군,성혜농장,돼지,인천광역시 강화군 불은면 두운리 **-*,,37.696978,126.488645,2024-09-06 14:14:40,동물_가축사육업.csv
강화군,대산농장,돼지,인천광역시 강화군 강화읍 연미정길**번길 **,,37.777828,126.500641,2023-12-14 16:04:28,동물_가축사육업.csv
강화군,유수농장,돼지,"인천광역시 강화군 하점면 망월리 **** , ****-*",,37.759872,126.363907,2026-05-12 17:20:59,동물_가축사육업.csv
강화군,삼우농장,돼지,인천광역시 강화군 불은면 고능리 ***-*,,37.690595,126.513686,2025-03-19 10:34:29,동물_가축사육업.csv
강화군,성우농장,돼지,인천광역시 강화군 양사면 전망대로 ****,,37.813439,126.410487,2018-05-31 15:54:31,동물_가축사육업.csv
강화군,소망농장,돼지,인천광역시 강화군 불은면 삼동암리 ****-* ****-*,,37.69776,126.4481,2026-03-26 11:09:04,동물_가축사육업.csv
강화군,부성농장,돼지,인천광역시 강화군 불은면 삼동암길 ***-*** (외 *필지),,37.700873,126.46873,2025-12-15 17:35:24,동물_가축사육업.csv
강화군,양도농장,돼지,인천광역시 강화군 양도면 조산리 ***,,37.652005,126.428119,2021-12-31 14:16:21,동물_가축사육업.csv
강화군,피그플러스,돼지,인천광역시 강화군 화도면 내리 ****-* 외 *필지,,37.637634,126.402035,2026-07-06 13:45:26,동물_가축사육업.csv
강화군,재진농장,돼지,인천광역시 강화군 불은면 고능리 ***-**,,37.694041,126.491356,2021-05-03 13:37:45,동물_가축사육업.csv
서구,피그하우스,돼지,대전광역시 서구 사진개길 *** (흑석동),,36.26235,127.34992,2024-10-04 16:47:35,동물_가축사육업.csv
북구,주영농장,돼지,울산광역시 북구 사등곡길 **-* (무룡동),,35.613624,129.414995,2021-01-22 13:32:41,동물_가축사육업.csv
울주군,덕원농장,돼지,울산광역시 울주군 언양읍 보림길 **-**,,35.624533,129.121518,2023-06-28 14:22:00,동물_가축사육업.csv
울주군,삼영농장,돼지,울산광역시 울주군 웅촌면 검단리 ***-*,,35.459802,129.188222,2021-04-28 18:48:23,동물_가축사육업.csv
울주군,재남농장,돼지,울산광역시 울주군 삼남면 상천리 ***,,35.523294,129.108282,2018-10-16 14:34:00,동물_가축사육업.csv
울주군,재남농장,돼지,울산광역시 울주군 삼남면 상천로 ***-**,,35.521389,129.1142,2024-12-31 15:44:24,동물_가축사육업.csv
울주군,한마음 농장,돼지,울산광역시 울주군 웅촌면 암곡*길 **,,35.464304,129.182501,2021-09-03 15:04:25,동물_가축사육업.csv
울주군,협진농장,돼지,울산광역시 울주군 두서면 구량차리로 ***-**,,35.627248,129.134388,2020-12-31 11:16:34,동물_가축사육업.csv
울주군,전강민,돼지,울산광역시 울주군 두서면 전읍복안로 ***-**,,35.682928,129.163113,2024-12-31 15:46:03,동물_가축사육업.csv
울주군,남해축산,돼지,울산광역시 울주군 상북면 명촌리 **-*,,35.571184,129.090452,2024-02-14 13:16:20,동물_가축사육업.csv
울주군,울주아린팜스,돼지,울산광역시 울주군 웅촌면 고연공단*길 **-**,,35.439838,129.178549,2024-10-11 09:41:48,동물_가축사육업.csv
울주군,경순축산,돼지,울산광역시 울주군 삼남면 상천로 ***-**,,35.523255,129.111739,2024-12-31 15:44:46,동물_가축사육업.csv
울주군,제1벧엘농장,돼지,울산광역시 울주군 삼남면 수정가천길 **,,35.535134,129.100463,2024-12-31 15:45:12,동물_가축사육업.csv
울주군,언양축산,돼지,울산광역시 울주군 범서읍 정지불길 ***-***,,35.617178,129.247981,2022-01-13 18:50:45,동물_가축사육업.csv
울주군,서정구,돼지,울산광역시 울주군 상북면 재궁골길 **-**,,35.596826,129.119991,2022-04-21 15:54:20,동물_가축사육업.csv
울주군,성신농장,돼지,울산광역시 울주군 삼남면 신안*길 **-**,,35.529885,129.110335,2024-12-31 17:51:22,동물_가축사육업.csv
울주군,검단축산,돼지,울산광역시 울주군 웅촌면 검단리 ***-*,,35.464222,129.191324,2023-12-07 19:21:13,동물_가축사육업.csv
평택시,에스팜,돼지,경기도 평택시 고덕면 문곡*길 **-**,,37.060835,126.997705,2021-05-03 13:07:13,동물_가축사육업.csv
평택시,새천연농장,돼지,경기도 평택시 팽성읍 대사로 ***-*,,36.946859,127.066644,2025-10-13 13:22:16,동물_가축사육업.csv
평택시,용성농장,돼지,경기도 평택시 안중읍 용성리 ***-*,,37.01833,126.940923,2016-08-19 17:46:18,동물_가축사육업.csv
평택시,신흥농장,돼지,경기도 평택시 지산로 ***-*** (지산동),,37.078711,127.088914,2014-04-12 14:41:39,동물_가축사육업.csv
평택시,제일농장,돼지,경기도 평택시 팽성읍 노와길 ***,,36.952455,127.094652,2026-01-22 10:50:07,동물_가축사육업.csv
평택시,덕지농장2,돼지,경기도 평택시 청북읍 고렴길 ***-**,,37.062105,126.928378,2017-12-06 13:26:43,동물_가축사육업.csv
평택시,보성농장,돼지,경기도 평택시 청북면 청북중앙로 ***,,37.052217,126.893625,2024-07-04 16:09:57,동물_가축사육업.csv
평택시,덕풍 2농장,돼지,경기도 평택시 송탄고가길 ***-* (독곡동),,37.09246,127.07589,2019-12-24 08:34:56,동물_가축사육업.csv
평택시,신북농장,돼지,경기도 평택시 진위면 가곡리 ***,,37.11735,127.077921,2019-01-16 10:22:18,동물_가축사육업.csv
평택시,농업회사법인 다리농산 주식회사,돼지,경기도 평택시 오성면 양교길 ***,,37.018228,126.957223,2025-09-30 11:25:12,동물_가축사육업.csv
평택시,영광농장,돼지,경기도 평택시 포승읍 운정길 ***-**,,36.973177,126.889111,2020-09-10 09:05:56,동물_가축사육업.csv
평택시,잘커농장,돼지,경기도 평택시 팽성읍 송화*길 ***,,36.945651,127.03966,2019-01-18 09:25:57,동물_가축사육업.csv
평택시,한양농원,돼지,경기도 평택시 서탄면 마두길 **-***,,37.108106,127.00087,2018-11-14 10:44:51,동물_가축사육업.csv
평택시,가람농장,돼지,경기도 평택시 청북읍 청북중앙로 ***,,37.052297,126.892718,2024-07-04 16:08:58,동물_가축사육업.csv
평택시,한우물농장,돼지,경기도 평택시 고덕면 고덕로 **-**,,37.025484,127.022362,2022-04-07 16:41:17,동물_가축사육업.csv
평택시,세원농장,돼지,경기도 평택시 청북읍 청북중앙로 ***-**,,37.062893,126.903829,2024-10-11 16:34:29,동물_가축사육업.csv
평택시,해창농장,돼지,경기도 평택시 고덕면 고덕로 **-**,,37.025161,127.023668,2024-01-15 16:36:29,동물_가축사육업.csv
평택시,해림2농장,돼지,경기도 평택시 오성면 교포*길 ***-*,,37.00666,127.004478,2025-12-15 14:57:38,동물_가축사육업.csv
평택시,화성양돈2,돼지,경기도 평택시 청북읍 고잔길 ***-**,,37.062509,126.904019,2026-02-10 09:26:19,동물_가축사육업.csv
평택시,문곡농장,돼지,경기도 평택시 고덕면 문곡*길 **-*,,37.057863,127.006123,2019-01-16 10:08:34,동물_가축사육업.csv
평택시,덕지농장,돼지,경기도 평택시 청북읍 고렴길 ***-**,,37.061958,126.929258,2023-03-07 09:10:38,동물_가축사육업.csv
평택시,에스비팜 평택영농조합법인,돼지,경기도 평택시 청북읍 고잔*길 *-*** (*-***),,37.03433,126.872548,2025-09-29 14:16:38,동물_가축사육업.csv
평택시,미소농장,돼지,경기도 평택시 청북읍 고잔길 ***-**,,37.065489,126.90636,2024-10-31 14:39:46,동물_가축사육업.csv
평택시,덕산농장,돼지,"경기도 평택시 청북읍 고잔리 **-** ,**-**",,37.063121,126.904225,2021-12-29 14:26:01,동물_가축사육업.csv
평택시,길농장,돼지,경기도 평택시 포승읍 원방림길 **,,36.964143,126.893738,2021-02-22 16:06:30,동물_가축사육업.csv
평택시,황금농장,돼지,경기도 평택시 유천*길 **-** (유천동),,36.981572,127.108904,2026-05-08 15:37:26,동물_가축사육업.csv
평택시,농업회사법인(주)천연농산,돼지,경기도 평택시 안중읍 대반*길 **-** (주)천연농산,,36.985053,126.953657,2025-03-26 09:39:01,동물_가축사육업.csv
평택시,덕풍3농장,돼지,경기도 평택시 송탄고가길 ***-** (독곡동),,37.092796,127.075874,2019-12-24 08:47:43,동물_가축사육업.csv
평택시,금형농장,돼지,"경기도 평택시 청북읍 고잔리 ***-* -*,-*,-*,-**",,37.056337,126.899913,2024-07-04 16:06:27,동물_가축사육업.csv
평택시,토성농장,돼지,경기도 평택시 고덕면 고덕북로 ***-**,,37.068233,127.022699,2025-03-14 14:25:30,동물_가축사육업.csv
평택시,한별농장,돼지,경기도 평택시 진위면 경기대로 ****-**,,37.100057,127.059336,2020-09-21 15:13:10,동물_가축사육업.csv
평택시,다올농장,돼지,경기도 평택시 고덕면 문곡*길 ***,,37.071056,127.004799,2019-11-26 14:31:02,동물_가축사육업.csv
평택시,화성양돈,돼지,경기도 평택시 청북면 고잔길 ***-**,,37.06284,126.904859,2025-11-25 15:36:31,동물_가축사육업.csv
평택시,현석농장,돼지,경기도 평택시 오성면 양교길 ***,,37.017765,126.955545,2019-01-21 20:43:05,동물_가축사육업.csv
평택시,지성농장,돼지,경기도 평택시 고덕면 고덕로 **-**,,37.025258,127.023055,2019-01-18 10:08:25,동물_가축사육업.csv
평택시,수지농장,돼지,경기도 평택시 청북면 고잔길 ***-*,,37.061923,126.904448,2025-05-23 15:12:09,동물_가축사육업.csv
평택시,광일농장,돼지,경기도 평택시 포승읍 포승향남로 ***-**,,37.009447,126.82476,2025-11-25 15:34:13,동물_가축사육업.csv
평택시,문성농장,돼지,경기도 평택시 현덕면 황산*길 **,,36.949553,126.933183,2015-11-13 17:45:19,동물_가축사육업.csv
평택시,강원축산,돼지,경기도 평택시 포승읍 석정로 ***-**,,36.994635,126.878218,2019-01-18 10:29:05,동물_가축사육업.csv
평택시,덕지이농장,돼지,경기도 평택시 청북면 청북중앙로 ***-** (외 **번지 **호),,37.063625,126.903546,2016-05-04 15:54:39,동물_가축사육업.csv
평택시,충남농장,돼지,경기도 평택시 청북면 청북새싹길 **-**,,37.047277,126.936003,2019-01-16 10:13:00,동물_가축사육업.csv
평택시,그린농장,돼지,경기도 평택시 팽성읍 노와*길 **-**,,36.948414,127.096852,2026-06-19 10:00:31,동물_가축사육업.csv
평택시,경북농장,돼지,경기도 평택시 팽성읍 대사로 ***-**,,36.950271,127.065942,2021-05-13 09:24:58,동물_가축사육업.csv
평택시,덕풍농장,돼지,경기도 평택시 서탄면 정문회화로 ***,,37.097203,127.029001,2024-12-10 13:38:00,동물_가축사육업.csv
평택시,청북축산,돼지,경기도 평택시 청북읍 고잔길 ***-**,,37.062751,126.904362,2019-11-06 13:31:47,동물_가축사육업.csv
평택시,해림농장,돼지,경기도 평택시 오성면 양교길 ***-**,,37.017846,126.959439,2022-04-25 13:49:59,동물_가축사육업.csv
평택시,부연농장,돼지,"경기도 평택시 청북읍 고잔길 ***-*, (고잔리 **-** 외*필지(**-**, **-**)",,37.062057,126.90509,2021-03-22 13:37:16,동물_가축사육업.csv
평택시,민성농장,돼지,경기도 평택시 새말로**번길 ***-* (칠원동),,37.028345,127.112644,2021-02-17 20:17:35,동물_가축사육업.csv
평택시,준농장,돼지,경기도 평택시 오성면 오성서로 *-**,,37.005495,126.973666,2022-11-08 17:30:23,동물_가축사육업.csv
평택시,창원농장,돼지,경기도 평택시 안중읍 학현*길 *** (외*필지),,36.996559,126.918088,2022-04-20 13:14:52,동물_가축사육업.csv
평택시,진영농장,돼지,경기도 평택시 진위면 하북리 ***-*,,37.095039,127.05762,2019-01-18 09:16:39,동물_가축사육업.csv
평택시,장안농장,돼지,"경기도 평택시 안중읍 학현리 ***,***,***",,36.996283,126.922742,2024-12-10 13:23:25,동물_가축사육업.csv
동두천시,덕천농장,돼지,경기도 동두천시 삼육사로***번길 ** (상패동),,37.907687,127.012888,2014-05-27 17:12:43,동물_가축사육업.csv
동두천시,국연농장,돼지,경기도 동두천시 갈마지길 *** (상패동),,37.901725,127.028474,2023-04-21 15:24:46,동물_가축사육업.csv
동두천시,승룡농장,돼지,경기도 동두천시 벌마들로**번길 ***-** (상패동),,37.902483,127.02912,2025-01-06 14:58:30,동물_가축사육업.csv
동두천시,형제농장,돼지,경기도 동두천시 벌마들로**번길 *** (상패동),,37.903566,127.029448,2018-11-08 14:41:16,동물_가축사육업.csv
동두천시,태원축산,돼지,경기도 동두천시 갈마지길 *** (상패동),,37.900465,127.029015,2021-08-27 15:17:39,동물_가축사육업.csv
고양시,도흥농장,돼지,경기도 고양시 덕양구 흥도로***번길 *** (도내동),,37.631529,126.862388,2019-04-25 18:36:25,동물_가축사육업.csv
고양시,노루메농장,돼지,경기도 고양시 일산서구 구산동 ****,,37.675895,126.704933,2019-11-05 16:56:00,동물_가축사육업.csv
고양시,정진고양,돼지,경기도 고양시 일산서구 구산동 ****-*,,37.675886,126.703978,2019-04-25 18:13:56,동물_가축사육업.csv
고양시,정우농장,돼지,"경기도 고양시 일산서구 곳산길 ***-* (구산동, 송포양돈단지)",,37.675883,126.703515,2017-05-23 13:36:43,동물_가축사육업.csv
고양시,명지농장1,돼지,경기도 고양시 덕양구 월현길 ***-** (원당동),,37.688025,126.849872,2016-12-02 13:36:46,동물_가축사육업.csv
고양시,보령농장,돼지,경기도 고양시 덕양구 양곡*길 ***-** (행주외동),,37.611928,126.811727,2018-09-19 15:09:23,동물_가축사육업.csv
고양시,쌍둥이농장,돼지,경기도 고양시 덕양구 삼대길 *** (대장동),,37.62859,126.807504,2016-12-01 15:17:46,동물_가축사육업.csv
고양시,대영농장,돼지,"경기도 고양시 일산서구 구산동 **** 나, 다동",,37.675795,126.705337,2019-07-31 11:44:01,동물_가축사육업.csv
시흥시,가나안농장,돼지,경기도 시흥시 금오로***번길 ** (과림동),,37.429199,126.83286,2021-02-16 15:58:45,동물_가축사육업.csv
시흥시,광민농원,돼지,경기도 시흥시 하중로 ** (하중동),,37.402552,126.795584,2020-05-24 17:36:01,동물_가축사육업.csv
용인시,명농장2,돼지,경기도 용인시 처인구 백암면 용천로**번길 *-**,,37.124075,127.36676,2025-05-27 09:52:39,동물_가축사육업.csv
용인시,대한농장,돼지,경기도 용인시 처인구 포곡읍 곡현로***번길 **-*,,37.300094,127.225584,2025-10-17 17:45:53,동물_가축사육업.csv
용인시,돈돈농장,돼지,경기도 용인시 처인구 백암면 백봉로***번길 **,,37.133817,127.39009,2022-03-22 13:09:32,동물_가축사육업.csv
용인시,선미1농장,돼지,경기도 용인시 처인구 백암면 고안로**번길 **-*,,37.128464,127.406091,2025-06-30 10:42:17,동물_가축사육업.csv
용인시,마루농장,돼지,경기도 용인시 처인구 백암면 옥산로***번길 **,,37.113714,127.418885,2025-11-10 10:23:39,동물_가축사육업.csv
용인시,돈이농장,돼지,경기도 용인시 처인구 백암면 옥산리 ****,,37.116263,127.40403,2024-08-14 09:06:53,동물_가축사육업.csv
용인시,용인유전자영농조합법인,돼지,"경기도 용인시 처인구 백암면 옥산로***번길 **, 용인A.I.센터",,37.112342,127.41767,2026-05-19 15:39:47,동물_가축사육업.csv
용인시,행운농장,돼지,경기도 용인시 처인구 백암면 근삼로***번길 **,,37.137092,127.361993,2026-05-22 09:03:50,동물_가축사육업.csv
용인시,용비농장,돼지,경기도 용인시 처인구 백암면 삼백로 ***,,37.107114,127.377918,2020-01-14 11:00:06,동물_가축사육업.csv
용인시,백근농장,돼지,경기도 용인시 처인구 백암면 백봉로 ***,,37.133466,127.385085,2015-05-19 11:23:41,동물_가축사육업.csv
용인시,새용인양돈영농조합법인,돼지,경기도 용인시 처인구 백암면 삼백로 ***-**,,37.146806,127.371178,2025-07-03 15:05:20,동물_가축사육업.csv
용인시,큰솔농장,돼지,경기도 용인시 처인구 백암면 백원로***번길 **,,37.157971,127.363134,2025-07-04 17:30:49,동물_가축사육업.csv
용인시,선용농장,돼지,경기도 용인시 처인구 백암면 청계로 ***-**,,37.161131,127.39973,2022-06-17 13:11:02,동물_가축사육업.csv
용인시,사은농장,돼지,경기도 용인시 처인구 백암면 백봉로 ***,,37.131909,127.399319,2018-04-30 16:06:50,동물_가축사육업.csv
용인시,덕인농장,돼지,경기도 용인시 처인구 원삼면 어현로 ***-**,,37.134815,127.296097,2026-04-02 14:00:03,동물_가축사육업.csv
용인시,백암무지개농장,돼지,경기도 용인시 처인구 백암면 백봉로***번길 **-**,,37.133452,127.39207,2022-01-04 13:28:10,동물_가축사육업.csv
용인시,진선농장2,돼지,경기도 용인시 처인구 백암면 한택로 ***-**,,37.108196,127.396416,2025-06-23 13:52:55,동물_가축사육업.csv
용인시,우진농장,돼지,경기도 용인시 처인구 포곡읍 선장*로 ***-*,,37.316401,127.210118,2026-04-08 14:23:38,동물_가축사육업.csv
용인시,영곡농장,돼지,경기도 용인시 처인구 백암면 삼백로 ***,,37.142632,127.36972,2025-06-30 13:26:54,동물_가축사육업.csv
용인시,대림농장,돼지,경기도 용인시 처인구 포곡읍 선장*로**번길 **-**,,37.309993,127.216785,2026-02-27 13:57:38,동물_가축사육업.csv
용인시,시후농장,돼지,경기도 용인시 처인구 백암면 삼백로 ***,,37.130377,127.371612,2019-06-20 09:11:05,동물_가축사육업.csv
용인시,행운농장,돼지,경기도 용인시 처인구 백암면 근삼로***번길 **,,37.137149,127.362326,2026-03-11 15:48:31,동물_가축사육업.csv
용인시,삼부축산,돼지,경기도 용인시 처인구 포곡읍 양지촌로 **,,37.310216,127.224917,2026-01-21 13:31:47,동물_가축사육업.csv
용인시,박석1농장,돼지,경기도 용인시 처인구 백암면 청계로 ***-**,,37.161511,127.399836,2021-02-23 11:00:17,동물_가축사육업.csv
용인시,쌍둥이농장,돼지,경기도 용인시 처인구 원삼면 원양로***번길 ***,,37.181219,127.318235,2026-03-03 15:57:06,동물_가축사육업.csv
용인시,유일농장,돼지,경기도 용인시 처인구 백암면 삼백로***번길 **,,37.14079,127.363634,2021-05-11 11:50:43,동물_가축사육업.csv
용인시,세곡농장,돼지,경기도 용인시 처인구 백암면 원설로***번길 **,,37.141644,127.362078,2018-08-06 14:46:44,동물_가축사육업.csv
용인시,호정농장,돼지,경기도 용인시 처인구 백암면 옥산리 ***,,37.111245,127.399834,2015-05-26 20:05:37,동물_가축사육업.csv
용인시,한별농장,돼지,경기도 용인시 처인구 이동면 염티로***번길 **,,37.196642,127.233641,2019-04-26 18:11:00,동물_가축사육업.csv
용인시,오복농장,돼지,경기도 용인시 처인구 백암면 용천로***번길 *-*,,37.125233,127.353807,2020-06-16 09:33:21,동물_가축사육업.csv
용인시,백암농장,돼지,경기도 용인시 처인구 백암면 근삼로***번길 **,,37.137571,127.363064,2025-11-06 00:32:02,동물_가축사육업.csv
용인시,준석농장,돼지,경기도 용인시 처인구 백암면 죽양대로****번길 **-**,,37.181847,127.350845,2018-02-19 11:25:02,동물_가축사육업.csv
용인시,용원농장,돼지,경기도 용인시 처인구 백암면 옥산리 ***,,37.110696,127.400196,2019-02-27 17:03:32,동물_가축사육업.csv
용인시,진정2농장,돼지,"경기도 용인시 처인구 백암면 죽양대로***번길 **-*, *호",,37.133435,127.394719,2015-05-26 10:20:21,동물_가축사육업.csv
용인시,태성농장,돼지,"경기도 용인시 처인구 백암면 석천리 *** ,(***-*, ***, ***-*)",,37.107299,127.376285,2022-11-07 09:59:28,동물_가축사육업.csv
용인시,로이농장,돼지,경기도 용인시 처인구 백암면 한택로 ***-**,,37.103267,127.398383,2024-09-11 13:55:33,동물_가축사육업.csv
용인시,조은농장,돼지,경기도 용인시 처인구 원삼면 보개원삼로****번길 ***,,37.153717,127.302973,2026-04-02 13:16:49,동물_가축사육업.csv
용인시,준원농장,돼지,경기도 용인시 처인구 백암면 삼백로 ***-*,,37.127017,127.37174,2015-05-21 13:13:52,동물_가축사육업.csv
용인시,서정농장,돼지,경기도 용인시 처인구 백암면 고안로***번길 **,,37.120755,127.412375,2026-07-24 09:20:50,동물_가축사육업.csv
용인시,성홍축산,돼지,경기도 용인시 처인구 포곡읍 선장*로**번길 **,,37.312101,127.216772,2026-02-27 15:24:31,동물_가축사육업.csv
용인시,진성농장,돼지,경기도 용인시 처인구 원삼면 맹리로 **-**,,37.192579,127.328903,2025-11-06 08:47:08,동물_가축사육업.csv
용인시,태형농장,돼지,경기도 용인시 처인구 백암면 고안로**번길 **,,37.129999,127.401296,2019-02-27 16:59:42,동물_가축사육업.csv
용인시,태경농장,돼지,경기도 용인시 처인구 백암면 근삼리 ****,,37.134244,127.379428,2020-04-29 16:30:04,동물_가축사육업.csv
용인시,삼육영농조합법인,돼지,경기도 용인시 처인구 백암면 박곡로***번길 **,,37.16978,127.3985,2025-02-03 11:32:43,동물_가축사육업.csv
용인시,은진농장,돼지,경기도 용인시 처인구 원삼면 문촌로 ***-**,,37.161743,127.292624,2025-12-04 09:39:16,동물_가축사육업.csv
용인시,성홍축산,돼지,경기도 용인시 처인구 포곡읍 양지촌로 ** (외 *필지),,37.312142,127.222489,2018-09-02 12:48:20,동물_가축사육업.csv
용인시,현대농장,돼지,경기도 용인시 처인구 포곡읍 선장*로 **,,37.310243,127.219413,2026-04-08 14:19:40,동물_가축사육업.csv
용인시,옥산영농조합법인,돼지,"경기도 용인시 처인구 백암면 옥산로*번길 ***, 옥산영농조합",,37.115195,127.408422,2024-08-23 09:55:03,동물_가축사육업.csv
용인시,구암농장,돼지,경기도 용인시 처인구 백암면 삼백로 ***,,37.112183,127.375166,2018-03-21 15:37:16,동물_가축사육업.csv
용인시,현민농장,돼지,경기도 용인시 처인구 백암면 고안로 ***-*,,37.126245,127.409653,2026-01-02 13:24:18,동물_가축사육업.csv
용인시,소라농장,돼지,경기도 용인시 처인구 백암면 고안로***번길 *,,37.124552,127.413688,2016-08-08 10:41:11,동물_가축사육업.csv
용인시,태양농장,돼지,"경기도 용인시 처인구 백암면 옥산로*번길 ** (외 *필지(***-*,***))",,37.111749,127.400084,2026-06-15 09:48:28,동물_가축사육업.csv
용인시,진정1농장,돼지,경기도 용인시 처인구 백암면 죽양대로***번길 **,,37.133319,127.395084,2026-05-18 19:37:14,동물_가축사육업.csv
용인시,송현농장,돼지,경기도 용인시 처인구 백암면 옥산로*번길 ***,,37.113919,127.403853,2023-05-19 09:28:46,동물_가축사육업.csv
용인시,둥지(주)농업회사법인,돼지,경기도 용인시 처인구 백암면 황새울로 **-*,,37.112783,127.363165,2026-07-08 17:22:56,동물_가축사육업.csv
용인시,여아농장,돼지,경기도 용인시 처인구 백암면 삼백로 ***-*,,37.142335,127.367907,2026-01-19 14:56:38,동물_가축사육업.csv
용인시,곡율농장,돼지,경기도 용인시 처인구 백암면 삼백로***번길 **,,37.128038,127.37405,2025-08-08 15:21:09,동물_가축사육업.csv
용인시,형제축산,돼지,"경기도 용인시 처인구 포곡읍 선장*로 **-**, **-**(지번 ***-* 범위 내), **-*",,37.312869,127.214055,2026-03-01 22:43:41,동물_가축사육업.csv
용인시,강호농장,돼지,경기도 용인시 처인구 백암면 한택로 ***-**,,37.117458,127.394126,2019-06-20 09:42:11,동물_가축사육업.csv
용인시,가애농장,돼지,경기도 용인시 처인구 백암면 백봉로***번길 **-*,,37.133368,127.390346,2022-03-17 13:49:11,동물_가축사육업.csv
용인시,백봉농장,돼지,"경기도 용인시 처인구 백암면 죽양대로***번길 ***-* (, ****-*,*,*)",,37.132789,127.389772,2026-05-29 10:20:41,동물_가축사육업.csv
용인시,로이농장2,돼지,경기도 용인시 처인구 백암면 한택로 ***-**,,37.103267,127.398383,2024-09-11 13:47:34,동물_가축사육업.csv
용인시,정진농장,돼지,경기도 용인시 처인구 원삼면 백원로***번길 **-**,,37.152496,127.349165,2026-03-11 14:21:30,동물_가축사육업.csv
용인시,농업회사법인 성지팜(주),돼지,경기도 용인시 처인구 백암면 삼백로 ***,,37.106084,127.376813,2022-04-01 09:50:51,동물_가축사육업.csv
용인시,성웅농장,돼지,경기도 용인시 처인구 백암면 고안로**번길 ***,,37.124183,127.401423,2025-11-07 15:45:49,동물_가축사육업.csv
용인시,인곡농장,돼지,경기도 용인시 처인구 백암면 근곡로 ***-**,,37.178755,127.357739,2025-05-19 15:44:01,동물_가축사육업.csv
용인시,용원피그,돼지,경기도 용인시 처인구 이동읍 묘봉로***번길 **,,37.131375,127.231084,2025-11-26 15:32:10,동물_가축사육업.csv
용인시,대덕농장,돼지,경기도 용인시 처인구 백암면 원설로 ***,,37.139593,127.409834,2025-11-09 07:25:58,동물_가축사육업.csv
용인시,대왕농장,돼지,경기도 용인시 처인구 백암면 옥산로 ***,,37.108856,127.409669,2020-06-18 13:41:32,동물_가축사육업.csv
용인시,진농장,돼지,경기도 용인시 처인구 백암면 옥산로 ***-**,,37.112383,127.404315,2026-05-21 13:22:46,동물_가축사육업.csv
용인시,대성농장,돼지,경기도 용인시 처인구 원삼면 보개원삼로****번길 ***,,37.128882,127.306238,2026-03-04 17:10:45,동물_가축사육업.csv
용인시,이수농장,돼지,경기도 용인시 처인구 백암면 고안로***번길 **-*,,37.126532,127.415846,2026-06-23 19:25:05,동물_가축사육업.csv
용인시,솔밭농장,돼지,경기도 용인시 처인구 백암면 옥산리 ***-*,,37.112583,127.400211,2015-06-09 18:52:42,동물_가축사육업.csv
용인시,호준농장,돼지,경기도 용인시 처인구 백암면 한택로**번길 ***-**,,37.109729,127.419227,2020-05-20 09:17:56,동물_가축사육업.csv
용인시,정한농장,돼지,경기도 용인시 처인구 백암면 백봉로***번길 **-**,,37.140626,127.384899,2021-05-06 10:03:00,동물_가축사육업.csv
용인시,선덕농장,돼지,경기도 용인시 처인구 백암면 박곡로***번길 **-*,,37.171431,127.400012,2025-02-03 13:19:45,동물_가축사육업.csv
용인시,신옥산영농조합법인,돼지,경기도 용인시 처인구 백암면 옥산리 ***,,37.104997,127.411101,2019-04-05 09:44:46,동물_가축사육업.csv
용인시,진선농장,돼지,경기도 용인시 처인구 백암면 백원로 ***,,37.158061,127.351962,2025-05-09 13:47:13,동물_가축사육업.csv
용인시,유암농장,돼지,경기도 용인시 처인구 백암면 옥산로*번길 ***,,37.113437,127.403757,2026-03-11 13:56:19,동물_가축사육업.csv
용인시,삼육영농조합법인 2농장,돼지,경기도 용인시 처인구 백암면 청강가창로***번길 **,,37.195341,127.372473,2019-08-22 10:12:15,동물_가축사육업.csv
용인시,피그랜드,돼지,경기도 용인시 처인구 포곡읍 양지촌로**번길 **,,37.30745,127.226644,2026-02-06 16:46:04,동물_가축사육업.csv
용인시,신신농장,돼지,경기도 용인시 처인구 백암면 근삼로**번길 *-*,,37.133969,127.37022,2022-07-01 10:31:26,동물_가축사육업.csv
용인시,대풍농장,돼지,경기도 용인시 처인구 백암면 삼백로 ***-*,,37.139499,127.372204,2024-07-30 09:25:29,동물_가축사육업.csv
용인시,예준팜,돼지,경기도 용인시 처인구 백암면 삼백로***번길 **,,37.133025,127.379384,2020-08-20 09:32:33,동물_가축사육업.csv
용인시,고안농장,돼지,경기도 용인시 처인구 백암면 고안로***번길 **-**,,37.120292,127.410383,2025-09-09 16:51:23,동물_가축사육업.csv
용인시,혜인2농장,돼지,경기도 용인시 처인구 백암면 백봉로 ***,,37.130874,127.385688,2026-03-11 16:05:54,동물_가축사육업.csv
용인시,뉴그린농장,돼지,경기도 용인시 처인구 백암면 삼백로 ***,,37.142965,127.369604,2015-06-09 18:44:59,동물_가축사육업.csv
용인시,청미농장,돼지,경기도 용인시 처인구 백암면 옥이내로**번길 **-**,,37.118006,127.396313,2026-03-11 14:57:41,동물_가축사육업.csv
용인시,상원농장,돼지,경기도 용인시 처인구 백암면 용천로 ***,,37.124956,127.359049,2026-01-12 14:03:35,동물_가축사육업.csv
용인시,YHC농장,돼지,경기도 용인시 처인구 백암면 옥산로*번길 ***-**,,37.115649,127.405445,2024-08-23 10:15:09,동물_가축사육업.csv
용인시,봉담농장,돼지,경기도 용인시 처인구 백암면 삼백로 ***-**,,37.146659,127.372232,2025-12-16 16:01:46,동물_가축사육업.csv
용인시,영농장,돼지,경기도 용인시 처인구 원삼면 미평로***번길 **-*,,37.185731,127.319509,2022-05-04 10:41:49,동물_가축사육업.csv
용인시,마리아농장2,돼지,"경기도 용인시 처인구 백암면 옥산로*번길 ** (옥산리 ***-*,***-*,***-*)",,37.114424,127.401337,2026-01-12 09:41:18,동물_가축사육업.csv
용인시,소망농장,돼지,"경기도 용인시 처인구 모현읍 곡현로***번길 **, 소망농장",,37.326333,127.227871,2026-03-03 14:49:16,동물_가축사육업.csv
용인시,혜인1농장,돼지,경기도 용인시 처인구 백암면 백봉리 ***-* 혜인*농장,,37.13226,127.38898,2025-11-19 17:25:44,동물_가축사육업.csv
용인시,태양2농장,돼지,경기도 용인시 처인구 백암면 고안로**번길 ***-**,,37.141069,127.416228,2023-10-25 11:14:47,동물_가축사육업.csv
용인시,봉천농장,돼지,경기도 용인시 처인구 백암면 백봉로 ***,,37.130108,127.385862,2022-09-15 15:20:10,동물_가축사육업.csv
용인시,박석3농장,돼지,경기도 용인시 처인구 백암면 청계로 ***-*,,37.162813,127.403332,2019-11-04 14:49:57,동물_가축사육업.csv
용인시,조암농장,돼지,경기도 용인시 처인구 백암면 삼백로 ***,,37.125859,127.373803,2026-03-11 14:24:11,동물_가축사육업.csv
용인시,토옥농장,돼지,경기도 용인시 처인구 백암면 옥산리 ****,,37.114663,127.406352,2019-02-27 17:06:25,동물_가축사육업.csv
용인시,중앙농장,돼지,경기도 용인시 처인구 백암면 근곡로 ***,,37.180845,127.360162,2022-07-20 14:55:55,동물_가축사육업.csv
용인시,복농장,돼지,경기도 용인시 처인구 백암면 근곡로 ***-**,,37.178383,127.358711,2025-05-19 15:29:24,동물_가축사육업.csv
용인시,근삼농장,돼지,"경기도 용인시 처인구 백암면 삼백로***번길 **, 외 *필지(근삼리 ***-*)",,37.142535,127.372547,2025-11-09 08:18:18,동물_가축사육업.csv
용인시,신옥산농장,돼지,경기도 용인시 처인구 백암면 옥산로 ***,,37.107164,127.408253,2020-06-16 10:57:35,동물_가축사육업.csv
용인시,목신농장,돼지,경기도 용인시 처인구 원삼면 보개원삼로****번길 ***-*,,37.12961,127.306324,2025-11-12 16:43:35,동물_가축사육업.csv
용인시,장수농장,돼지,경기도 용인시 처인구 백암면 고안로***번길 **-**,,37.126156,127.416579,2026-06-23 19:26:55,동물_가축사육업.csv
용인시,조은농장,돼지,경기도 용인시 처인구 백암면 한택로 ***,,37.109145,127.395883,2024-07-23 09:02:54,동물_가축사육업.csv
용인시,성재농장,돼지,경기도 용인시 처인구 백암면 고안로***번길 **-*,,37.128792,127.416576,2015-06-27 10:34:37,동물_가축사육업.csv
용인시,태성2농장,돼지,경기도 용인시 처인구 백암면 삼백로 ***-*,,37.111689,127.376856,2020-01-03 13:41:00,동물_가축사육업.csv
용인시,대산2농장,돼지,경기도 용인시 처인구 백암면 마두로 ***,,37.179807,127.362137,2018-03-20 19:16:50,동물_가축사육업.csv
용인시,한영농장,돼지,경기도 용인시 처인구 백암면 한택로 ***-*,,37.108342,127.396699,2018-03-20 18:42:11,동물_가축사육업.csv
용인시,수정농장,돼지,경기도 용인시 처인구 원삼면 죽양대로****번길 **-**,,37.187422,127.339103,2020-10-13 15:42:55,동물_가축사육업.csv
용인시,김해농장,돼지,경기도 용인시 처인구 백암면 가창로**번길 **,,37.19038,127.362438,2019-08-05 17:37:47,동물_가축사육업.csv
용인시,선미2농장,돼지,경기도 용인시 처인구 백암면 장평리 *** 외 *필지(***-*),,37.124105,127.388251,2025-10-17 16:42:44,동물_가축사육업.csv
용인시,옥산영농조합법인2,돼지,경기도 용인시 처인구 백암면 옥산리 ****,,37.116582,127.404282,2026-05-21 11:58:30,동물_가축사육업.csv
용인시,마리아농장,돼지,경기도 용인시 처인구 백암면 죽양대로***번길 ***-**,,37.128768,127.388427,2025-11-12 11:04:20,동물_가축사육업.csv
용인시,구봉농장,돼지,경기도 용인시 처인구 백암면 삼백로 ***-**,,37.112213,127.377553,2020-06-09 13:18:16,동물_가축사육업.csv
용인시,에이스팜,돼지,경기도 용인시 처인구 백암면 한택로**번길 ***,,37.102948,127.414014,2026-04-23 15:37:49,동물_가축사육업.csv
용인시,예성농장,돼지,경기도 용인시 처인구 백암면 근삼리 ****,,37.13805,127.380823,2019-11-14 10:23:18,동물_가축사육업.csv
용인시,신옥산영농조합법인,돼지,경기도 용인시 처인구 백암면 옥산리 ****,,37.10445,127.413222,2025-02-12 14:34:19,동물_가축사육업.csv
용인시,마리아농장,돼지,경기도 용인시 처인구 백암면 백봉로 ***,,37.125987,127.393194,2025-11-12 11:07:17,동물_가축사육업.csv
용인시,유일농장2,돼지,경기도 용인시 처인구 백암면 근삼리 ***-*,,37.140866,127.363946,2015-05-19 11:34:23,동물_가축사육업.csv
용인시,경식농장,돼지,경기도 용인시 처인구 백암면 근곡로 ***-**,,37.177161,127.357326,2026-06-30 13:13:27,동물_가축사육업.csv
용인시,효성농장,돼지,경기도 용인시 처인구 백암면 근삼로*번길 **,,37.130788,127.368804,2018-03-21 15:30:43,동물_가축사육업.csv
용인시,준농장,돼지,경기도 용인시 처인구 포곡읍 선장*로 **,,37.313297,127.21602,2026-02-06 14:14:53,동물_가축사육업.csv
파주시,파주양돈단지(4),돼지,"경기도 파주시 파평면 듸링거리길 ***-**, 파주양돈단지",,37.94378,126.870909,2019-07-31 19:19:46,동물_가축사육업.csv
파주시,청마농장2,돼지,경기도 파주시 적성면 배우니안길 **,,37.969912,126.958715,2021-04-08 10:09:14,동물_가축사육업.csv
파주시,선유농장,돼지,경기도 파주시 광탄면 소라울*길 **,,37.788833,126.86539,2018-01-08 16:30:12,동물_가축사육업.csv
파주시,해동농장,돼지,"경기도 파주시 법원읍 웅담리 ***-* ,-*, -*, -*, -*, -**, -**,- **",,37.900151,126.886943,2024-01-12 15:55:07,동물_가축사육업.csv
파주시,변산농장,돼지,경기도 파주시 적성면 말굽두리길 ***,,37.955464,126.906443,2025-02-04 09:37:11,동물_가축사육업.csv
파주시,파주양돈단지(1),돼지,경기도 파주시 파평면 듸링거리길 ***-**,,37.944075,126.87227,2023-08-21 18:30:43,동물_가축사육업.csv
파주시,평광농장,돼지,경기도 파주시 파평면 금마루*길 ***,,37.932481,126.843499,2026-01-14 09:05:35,동물_가축사육업.csv
파주시,종훈농장,돼지,경기도 파주시 파평면 파산서원길 ***-**,,37.939228,126.854425,2026-02-02 09:39:54,동물_가축사육업.csv
파주시,현일농장,돼지,"경기도 파주시 적성면 율포길 **, 율포리 ***-**, ***-**",,37.982447,126.959269,2021-06-23 17:49:13,동물_가축사육업.csv
파주시,에덴농장,돼지,경기도 파주시 법원읍 동문리 ***,,37.87403,126.850996,2022-01-04 16:36:53,동물_가축사육업.csv
파주시,태화축산,돼지,"경기도 파주시 문산읍 이천리 **-* 외 *필지(**-*, **-*, **-*, **-**)",,37.874119,126.847731,2023-10-11 13:16:42,동물_가축사육업.csv
파주시,서울농장,돼지,경기도 파주시 파주읍 여울길 ***,,37.814848,126.828541,2019-02-12 16:50:36,동물_가축사육업.csv
파주시,만나농장,돼지,경기도 파주시 적성면 듸링거리길 ***-**,,37.955805,126.858073,2024-01-12 15:24:04,동물_가축사육업.csv
파주시,태희농장,돼지,경기도 파주시 파주읍 정문로 ***-*,,37.819776,126.818088,2025-10-30 09:24:29,동물_가축사육업.csv
파주시,도담이농장,돼지,경기도 파주시 파평면 파산서원길 ***-**,,37.936442,126.863493,2025-11-28 09:13:18,동물_가축사육업.csv
파주시,경지양돈,돼지,경기도 파주시 적성면 산덕골길 *** (장현리 ***등 **필지),,37.978928,126.979834,2025-05-16 14:37:00,동물_가축사육업.csv
파주시,형제농장,돼지,경기도 파주시 적성면 어삼로***번길 **,,38.005763,126.975329,2023-10-13 09:17:02,동물_가축사육업.csv
파주시,술이홀농장,돼지,경기도 파주시 적성면 배우니안길 ***,,37.972597,126.957692,2023-05-03 09:56:53,동물_가축사육업.csv
파주시,형제농장,돼지,경기도 파주시 적성면 산덕골길 *** (형제농장),,37.983189,126.981533,2023-06-23 10:58:42,동물_가축사육업.csv
파주시,부곡농장,돼지,"경기도 파주시 파주읍 혜음로 ****-**, 보은농장",,37.822539,126.848407,2025-03-05 10:13:22,동물_가축사육업.csv
파주시,평광농장,돼지,경기도 파주시 파평면 금파리 ***-*,,37.924691,126.844932,2018-05-24 15:22:47,동물_가축사육업.csv
파주시,진호농장,돼지,경기도 파주시 적성면 배우니안길 **,,37.971108,126.957773,2018-12-11 13:27:37,동물_가축사육업.csv
파주시,고도농장,돼지,"경기도 파주시 파평면 덕천리 *** , ***, ***-*, ***-*",,37.940598,126.865117,2024-01-16 17:12:59,동물_가축사육업.csv
파주시,한국농장,돼지,경기도 파주시 적성면 술이홀로 ****-***,,37.942738,126.90514,2022-10-04 15:55:02,동물_가축사육업.csv
파주시,순만농장,돼지,경기도 파주시 적성면 장현리 ***-*,,37.984974,126.96868,2022-12-16 10:46:20,동물_가축사육업.csv
파주시,반달농장,돼지,경기도 파주시 법원읍 파평산로 **,,37.890086,126.876385,2020-09-23 08:00:54,동물_가축사육업.csv
파주시,솥배미농장,돼지,경기도 파주시 파평면 배머리길 ***-***,,37.883194,126.846347,2023-06-22 13:08:09,동물_가축사육업.csv
파주시,부원농장,돼지,"경기도 파주시 광탄면 분수리 **-* 외 *필지(**-**,-**,**-*,-*)",,37.752818,126.879885,2025-09-09 11:27:26,동물_가축사육업.csv
파주시,지은농장,돼지,경기도 파주시 적성면 어못내길 **-**,,38.00623,126.986441,2019-10-08 21:45:07,동물_가축사육업.csv
파주시,청마농장,돼지,경기도 파주시 적성면 배우니안길 *** (남훈농장),,37.971601,126.957878,2016-06-09 18:33:30,동물_가축사육업.csv
파주시,당지농장,돼지,"경기도 파주시 파평면 청송로***번길 **-***, 당지농장",,37.925264,126.850444,2024-01-12 14:57:44,동물_가축사육업.csv
파주시,JB행복농장,돼지,경기도 파주시 적성면 배우니안길 ***,,37.974201,126.956593,2022-12-16 17:43:18,동물_가축사육업.csv
파주시,효진농장,돼지,경기도 파주시 광탄면 장지산로 ***-**,,37.758286,126.866076,2023-09-08 17:28:01,동물_가축사육업.csv
파주시,웰빙농장,돼지,경기도 파주시 파평면 듸링거리길 **-**,,37.944654,126.874423,2018-04-30 15:03:59,동물_가축사육업.csv
파주시,부승농장,돼지,경기도 파주시 파평면 장마루*길 ***,,37.93952,126.846171,2020-07-30 10:15:15,동물_가축사육업.csv
파주시,좋은농장,돼지,경기도 파주시 능안로***번길 **-** (상지석동),,37.732618,126.785298,2024-07-11 10:03:34,동물_가축사육업.csv
파주시,한봉농장,돼지,경기도 파주시 조리읍 둑방길 ***,,37.730659,126.830671,2026-05-19 13:15:00,동물_가축사육업.csv
파주시,파주양돈단지(3),돼지,경기도 파주시 파평면 덕천리 ***,,37.94378,126.870909,2022-07-27 17:30:13,동물_가축사육업.csv
파주시,재호농장,돼지,경기도 파주시 파평면 술이홀로 ****-***,,37.939516,126.890824,2021-02-02 17:04:42,동물_가축사육업.csv
파주시,임마누엘농장,돼지,"경기도 파주시 법원읍 만월로 ***-**, 임마누엘농장",,37.908988,126.901233,2026-01-29 14:41:40,동물_가축사육업.csv
파주시,돈우리농장,돼지,"경기도 파주시 적성면 율곡로 ****-** (어유지리 *, **)",,37.995163,126.996211,2023-03-03 13:04:28,동물_가축사육업.csv
파주시,거진축산,돼지,경기도 파주시 법원읍 술이홀로****번길 **,,37.867833,126.880378,2025-12-11 13:57:19,동물_가축사육업.csv
파주시,유한농장,돼지,"경기도 파주시 파평면 배머리길 ***-***, 유한농장",,37.882123,126.846017,2020-03-26 14:59:49,동물_가축사육업.csv
파주시,동우농장,돼지,경기도 파주시 파평면 파산서원길 ***-***,,37.937309,126.86125,2023-04-17 13:16:59,동물_가축사육업.csv
파주시,부원농장,돼지,경기도 파주시 문산읍 화석정로**번길 **,,37.877162,126.801215,2020-09-29 17:49:54,동물_가축사육업.csv
파주시,삼마농장,돼지,경기도 파주시 적성면 듸링거리길 ***-**,,37.953911,126.870994,2020-07-20 08:43:52,동물_가축사육업.csv
파주시,새벽농장,돼지,경기도 파주시 적성면 듸링거리길 ***-**,,37.949369,126.865226,2023-10-13 16:27:44,동물_가축사육업.csv
파주시,농업회사법인 주식회사 장강축산,돼지,"경기도 파주시 적성면 듸링거리길 ***-** (답곡리 ***,***,***-*,***-*)",,37.955464,126.85876,2025-01-13 11:41:20,동물_가축사육업.csv
파주시,전진농장,돼지,경기도 파주시 파평면 파산서원길 ***,,37.938303,126.855057,2021-06-14 16:18:26,동물_가축사육업.csv
파주시,스와인심포니(Swine Symphony),돼지,경기도 파주시 파평면 배머리길 ***-**,,37.884737,126.851263,2026-06-05 15:53:00,동물_가축사육업.csv
파주시,대양농장,돼지,경기도 파주시 파평면 파산서원길 ***,,37.934808,126.852244,2025-11-26 14:18:01,동물_가축사육업.csv
파주시,태화농장,돼지,경기도 파주시 법원읍 동문리 ***-*,,37.874113,126.851708,2019-07-09 14:54:10,동물_가축사육업.csv
파주시,평광농장,돼지,경기도 파주시 파평면 금파리 ***-*,,37.924145,126.845765,2011-12-30 17:00:35,동물_가축사육업.csv
파주시,꿀이농장,돼지,"경기도 파주시 파평면 장파리 **** ,****",,37.942592,126.852442,2024-06-11 10:22:23,동물_가축사육업.csv
파주시,파주양돈단지(5),돼지,경기도 파주시 파평면 듸링거리길 ***-**,,37.944075,126.87227,2023-08-21 18:39:52,동물_가축사육업.csv
파주시,한아름농장,돼지,경기도 파주시 적성면 자장로 **-**,,37.95394,126.844627,2017-12-26 18:29:47,동물_가축사육업.csv
이천시,동그라미,돼지,경기도 이천시 대월면 대월로 ***-***,,37.189894,127.487078,2019-07-04 16:26:29,동물_가축사육업.csv
이천시,신세계농장(1),돼지,경기도 이천시 설성면 대죽로 ***,,37.136102,127.481374,2017-04-05 14:03:29,동물_가축사육업.csv
이천시,신갈농장,돼지,경기도 이천시 모가면 사실로****번길 **-**,,37.199694,127.451808,2018-04-10 15:32:14,동물_가축사육업.csv
이천시,해진농장,돼지,경기도 이천시 호법면 이섭대천로***번길 ***-**,,37.231495,127.402849,2025-04-24 11:11:51,동물_가축사육업.csv
이천시,하람농장,돼지,경기도 이천시 율면 고당로 **-**,,37.090206,127.545093,2022-09-01 17:41:06,동물_가축사육업.csv
이천시,영진농장,돼지,경기도 이천시 설성면 진상미로 ***-**,,37.11474,127.525349,2016-05-12 21:04:36,동물_가축사육업.csv
이천시,송암농장(2),돼지,경기도 이천시 호법면 대덕산로***번길 **-***,,37.205712,127.423571,2019-12-05 17:22:42,동물_가축사육업.csv
이천시,에스디팜,돼지,경기도 이천시 모가면 송곡리 ** 외*필지,,37.152153,127.493911,2020-01-03 15:04:37,동물_가축사육업.csv
이천시,동원농장,돼지,경기도 이천시 모가면 공원로***번길 **,,37.184696,127.464336,2023-05-25 09:30:39,동물_가축사육업.csv
이천시,스마일팜,돼지,경기도 이천시 부발읍 가산리 ***-*,,37.248123,127.503847,2025-07-08 09:24:19,동물_가축사육업.csv
이천시,돼지보러오면돼지,돼지,경기도 이천시 율면 임오산로***번길 ***-*,,37.085792,127.584028,2016-01-21 09:58:12,동물_가축사육업.csv
이천시,태화농장,돼지,경기도 이천시 대월면 다솔로***번길 **-***,,37.205813,127.523655,2018-11-29 10:33:39,동물_가축사육업.csv
이천시,일화농장,돼지,경기도 이천시 부발읍 중부대로****번길 **-***,,37.284855,127.515232,2015-12-22 13:03:18,동물_가축사육업.csv
이천시,피앤피농장,돼지,경기도 이천시 대월면 도리리 *** ***,,37.19417,127.484472,2026-01-15 13:26:23,동물_가축사육업.csv
이천시,형제농장,돼지,경기도 이천시 율면 주래본죽로***번길 ***-**,,37.072841,127.519455,2020-01-03 10:55:27,동물_가축사육업.csv
이천시,선희농장,돼지,경기도 이천시 모가면 공원로 ***,,37.183075,127.466022,2020-07-22 15:02:34,동물_가축사육업.csv
이천시,설호농장,돼지,경기도 이천시 설성면 신암로 ***,,37.143409,127.546737,2019-12-11 13:42:13,동물_가축사육업.csv
이천시,장원농장,돼지,경기도 이천시 장호원읍 이풍로 ***-**,,37.157369,127.604226,2023-01-06 12:43:26,동물_가축사육업.csv
이천시,영성팜,돼지,경기도 이천시 율면 주래본죽로 ***-***,,37.080392,127.535868,2017-10-25 20:29:30,동물_가축사육업.csv
이천시,장산농장,돼지,경기도 이천시 신둔면 원적로***번길 ***,,37.325525,127.440336,2025-03-17 10:16:02,동물_가축사육업.csv
이천시,농업회사법인 주식회사 제일,돼지,경기도 이천시 율면 고월로***번길 ***,,37.083633,127.568539,2023-04-06 11:45:22,동물_가축사육업.csv
이천시,농업회사법인(주)선진한마을 제일종축(2),돼지,경기도 이천시 부발읍 중부대로****번길 ***-**,,37.302659,127.519675,2022-03-29 14:50:01,동물_가축사육업.csv
이천시,새서울농장(2),돼지,경기도 이천시 장호원읍 복숭아로 **-**,,37.113655,127.608186,2019-12-05 17:19:42,동물_가축사육업.csv
이천시,신세계농장,돼지,경기도 이천시 설성면 대죽로**번길 ***-**,,37.131563,127.483527,2020-06-16 09:10:49,동물_가축사육업.csv
이천시,대풍농장,돼지,경기도 이천시 모가면 진상미로****번길 **,,37.193907,127.463275,2015-12-21 16:34:47,동물_가축사육업.csv
이천시,초월농장,돼지,경기도 이천시 대월면 대평로***번길 **-***,,37.208696,127.51899,2017-10-24 09:41:24,동물_가축사육업.csv
이천시,새우리농장,돼지,경기도 이천시 백사면 청백리로 ***,,37.31928,127.508673,2018-09-21 11:26:43,동물_가축사육업.csv
이천시,황돈농장,돼지,경기도 이천시 설성면 설가로 ***-**,,37.17002,127.511936,2015-12-08 16:21:42,동물_가축사육업.csv
이천시,오성농장,돼지,경기도 이천시 모가면 소고리 **-* 외 *필지,,37.18664,127.465989,2018-08-28 22:32:15,동물_가축사육업.csv
이천시,오금영농조합법인,돼지,경기도 이천시 설성면 자석로**번길 **,,37.172264,127.5573,2025-03-04 16:11:50,동물_가축사육업.csv
이천시,신청봉농장 선읍지점,돼지,경기도 이천시 장호원읍 경충대로***번길 ***-***,,37.140341,127.563277,2020-09-11 17:36:48,동물_가축사육업.csv
이천시,송갈농장,돼지,경기도 이천시 호법면 대덕산로 **,,37.198196,127.430837,2020-05-21 18:32:41,동물_가축사육업.csv
이천시,피그애팜,돼지,경기도 이천시 부발읍 황무로****번길 ***-**,,37.250122,127.505293,2025-11-10 16:14:14,동물_가축사육업.csv
이천시,펠릭스팜,돼지,경기도 이천시 대월면 군량리 ***-*,,37.182509,127.503217,2024-12-04 15:19:24,동물_가축사육업.csv
이천시,개척농장,돼지,경기도 이천시 신둔면 석동로***번길 ***,,37.332493,127.431875,2018-11-21 19:52:33,동물_가축사육업.csv
이천시,매일R&D,돼지,경기도 이천시 설성면 설가로 ***-**,,37.148326,127.513664,2021-06-04 18:21:41,동물_가축사육업.csv
이천시,백영목장,돼지,경기도 이천시 백사면 청백리로***번길 **-**,,37.320826,127.510628,2021-05-12 10:10:15,동물_가축사육업.csv
이천시,송산농장,돼지,경기도 이천시 장호원읍 서동대로****번길 **,,37.116739,127.600222,2019-12-05 17:19:58,동물_가축사육업.csv
이천시,송계농장,돼지,경기도 이천시 설성면 설가로***번길 ***-**,,37.162973,127.519592,2017-10-25 17:39:51,동물_가축사육업.csv
이천시,행진농장,돼지,경기도 이천시 장호원읍 경충대로***번길 ***-**,,37.157778,127.578303,2014-10-21 15:34:58,동물_가축사육업.csv
이천시,이천농장,돼지,경기도 이천시 대월면 대장로***번길 ***-**,,37.215393,127.478879,2022-07-06 10:47:29,동물_가축사육업.csv
이천시,와현농장,돼지,경기도 이천시 장호원읍 나래천로 **-**,,37.144004,127.601896,2017-04-05 14:29:07,동물_가축사육업.csv
이천시,청지기농장,돼지,경기도 이천시 모가면 소고리 ***-*,,37.192888,127.449669,2025-10-31 09:17:34,동물_가축사육업.csv
이천시,송암농장(1),돼지,경기도 이천시 호법면 주박리 ***-* 외 *필지,,37.2058,127.419558,2018-04-19 17:30:23,동물_가축사육업.csv
이천시,옥야농장,돼지,경기도 이천시 율면 고월로***번길 *-***,,37.081692,127.562838,2018-11-29 10:32:32,동물_가축사육업.csv
이천시,농업회사법인 유한회사 주영팜,돼지,경기도 이천시 부발읍 황무로****번길 ***-**,,37.270186,127.529538,2024-12-27 14:00:42,동물_가축사육업.csv
이천시,상승농장2,돼지,경기도 이천시 모가면 사실로 ****-**,,37.202372,127.452098,2018-12-12 14:45:40,동물_가축사육업.csv
이천시,농업회사법인 주식회사 팜스월드 대덕팜,돼지,경기도 이천시 호법면 대덕산로***번길 ***,,37.204283,127.425115,2025-03-04 16:13:06,동물_가축사육업.csv
이천시,이천축산,돼지,경기도 이천시 신둔면 증신로***번길 ***-**,,37.305902,127.433635,2017-08-04 15:22:04,동물_가축사육업.csv
이천시,에이치알 농장,돼지,경기도 이천시 호법면 대덕산로***번길 **-**,,37.212954,127.426263,2019-06-17 09:02:57,동물_가축사육업.csv
이천시,피그애플,돼지,"경기도 이천시 신둔면 도암리 **-* ,**-*,**-*,**,**-*,**,**-*,**-*,**-*",,37.328257,127.437857,2025-08-14 16:38:08,동물_가축사육업.csv
이천시,다온팜스,돼지,경기도 이천시 모가면 진상미로 ***-**,,37.149254,127.491854,2026-05-26 09:55:30,동물_가축사육업.csv
이천시,기범농장,돼지,경기도 이천시 장호원읍 설장로***번길 **-**,,37.125273,127.574069,2016-02-04 11:49:21,동물_가축사육업.csv
이천시,하늘농장,돼지,경기도 이천시 설성면 대죽리 ***-*,,37.134996,127.481416,2020-09-04 13:16:17,동물_가축사육업.csv
이천시,신송암농장,돼지,경기도 이천시 율면 고월로***번길 ***-*,,37.079702,127.56938,2020-07-17 18:26:03,동물_가축사육업.csv
이천시,리치팜제2농장,돼지,경기도 이천시 율면 고월로 **,,37.08806,127.54561,2019-06-28 10:56:13,동물_가축사육업.csv
이천시,경인농장,돼지,경기도 이천시 모가면 진상미로****번길 ***,,37.153096,127.489589,2017-11-12 10:41:08,동물_가축사육업.csv
이천시,초월농장(2),돼지,경기도 이천시 대월면 대평로***번길 **-***,,37.209225,127.519886,2015-12-21 13:06:29,동물_가축사육업.csv
이천시,다솜농장,돼지,경기도 이천시 장호원읍 이풍로 ***,,37.158825,127.60401,2019-01-17 09:55:43,동물_가축사육업.csv
이천시,더드림 농장,돼지,경기도 이천시 대월면 대월로***번길 ***-**,,37.198446,127.486904,2019-08-23 16:58:32,동물_가축사육업.csv
이천시,참존농장,돼지,경기도 이천시 설성면 대죽로***번길 ***-**,,37.14248,127.490209,2023-04-04 14:18:21,동물_가축사육업.csv
이천시,도암농장,돼지,경기도 이천시 신둔면 석동로 ***-*,,37.327636,127.43715,2025-11-10 13:13:37,동물_가축사육업.csv
이천시,수산농장,돼지,경기도 이천시 설성면 진상미로***번길 ***,,37.130578,127.502062,2023-01-31 09:30:46,동물_가축사육업.csv
이천시,그린농장,돼지,경기도 이천시 설성면 진상미로***번길 ***-**,,37.124991,127.50871,2015-12-14 19:39:49,동물_가축사육업.csv
이천시,농업회사법인(주)선진한마을 제일종축(1),돼지,경기도 이천시 부발읍 중부대로****번길 ***,,37.299512,127.517696,2022-03-29 14:47:12,동물_가축사육업.csv
이천시,소담농장,돼지,경기도 이천시 대월면 대장로***번길 ***-**,,37.213209,127.480317,2025-03-06 13:38:44,동물_가축사육업.csv
이천시,농업회사법인 주식회사 해돈,돼지,경기도 이천시 설성면 진상미로***번길 ***-**,,37.108851,127.508507,2024-10-14 10:51:38,동물_가축사육업.csv
이천시,선민농장,돼지,"경기도 이천시 대월면 다솔로 **-** (,*,*)",,37.205574,127.504449,2023-05-19 10:59:49,동물_가축사육업.csv
이천시,모전영농조합법인,돼지,경기도 이천시 백사면 이여로**번길 ***-**,,37.294463,127.476995,2025-08-12 15:53:12,동물_가축사육업.csv
이천시,대한농장,돼지,경기도 이천시 마장면 서이천로 ***-**,,37.253874,127.375861,2016-03-15 13:42:34,동물_가축사육업.csv
이천시,농업회사법인(주)선진한마을 오름설성농장,돼지,경기도 이천시 설성면 설성로***번길 ***-*,,37.160443,127.529769,2022-03-29 14:52:04,동물_가축사육업.csv
이천시,선옥농장,돼지,경기도 이천시 대월면 진상미로****번길 ***,,37.189329,127.486293,2016-07-14 16:04:50,동물_가축사육업.csv
이천시,원재농장,돼지,경기도 이천시 신둔면 이여로***번길 ***-***,,37.3064,127.45379,2019-12-05 17:20:57,동물_가축사육업.csv
이천시,태진농장,돼지,경기도 이천시 모가면 사실로 ***-**,,37.182433,127.44233,2025-10-10 14:36:22,동물_가축사육업.csv
이천시,참살이 농장,돼지,경기도 이천시 대월면 대월로***번길 ***-**,,37.198716,127.486449,2015-06-19 09:23:44,동물_가축사육업.csv
이천시,하나농장,돼지,경기도 이천시 설성면 진상미로 ***-***,,37.143187,127.48718,2020-01-03 11:28:33,동물_가축사육업.csv
이천시,엘림농장,돼지,경기도 이천시 설성면 서동대로****번길 **-***,,37.119566,127.550775,2025-04-22 11:31:29,동물_가축사육업.csv
이천시,용수농장1,돼지,경기도 이천시 설성면 대죽로 ***,,37.135999,127.4822,2025-05-19 11:01:12,동물_가축사육업.csv
이천시,삼일농장,돼지,경기도 이천시 백사면 원적로***번길 **,,37.342026,127.473761,2023-04-26 14:05:06,동물_가축사육업.csv
이천시,대원농장,돼지,경기도 이천시 신둔면 석동로 ***,,37.327793,127.437819,2026-05-22 15:10:50,동물_가축사육업.csv
이천시,유원Farmland,돼지,경기도 이천시 호법면 이섭대천로 ***,,37.220633,127.407717,2018-06-19 16:32:06,동물_가축사육업.csv
이천시,동산농장,돼지,경기도 이천시 호법면 동산로***번길 ***-**,,37.202078,127.414179,2025-12-02 11:15:36,동물_가축사육업.csv
이천시,엄일농장,돼지,경기도 이천시 대월면 대월로 ***-***,,37.190088,127.486221,2025-10-30 11:51:29,동물_가축사육업.csv
이천시,송원농장,돼지,경기도 이천시 설성면 신암로***번길 **,,37.133925,127.545917,2026-03-10 16:41:17,동물_가축사육업.csv
이천시,성지축산,돼지,경기도 이천시 모가면 진상미로****번길 ***-**,,37.164406,127.489634,2022-05-11 15:14:50,동물_가축사육업.csv
이천시,거성농장,돼지,경기도 이천시 설성면 설성로***번길 ***-**,,37.169697,127.539432,2025-04-21 13:31:30,동물_가축사육업.csv
이천시,가야농장,돼지,경기도 이천시 부발읍 중부대로****번길 **-**,,37.295757,127.516216,2024-01-08 16:45:38,동물_가축사육업.csv
이천시,반석농장,돼지,경기도 이천시 설성면 설가로 ***,,37.172059,127.512019,2021-04-29 14:30:51,동물_가축사육업.csv
이천시,개척농업회사법인 주식회사,돼지,경기도 이천시 신둔면 석동로***번길 **,,37.331253,127.431318,2022-05-04 10:07:42,동물_가축사육업.csv
이천시,울안농장,돼지,경기도 이천시 장호원읍 설장로 ***-**,,37.130375,127.58423,2017-05-17 16:34:04,동물_가축사육업.csv
이천시,석강농장,돼지,경기도 이천시 대월면 대월로***번길 ***,,37.203903,127.496038,2019-07-22 10:08:16,동물_가축사육업.csv
이천시,용회농장,돼지,경기도 이천시 모가면 송곡리 ***,,37.149998,127.489758,2015-12-13 14:23:56,동물_가축사육업.csv
이천시,동원농장,돼지,경기도 이천시 장호원읍 설장로***번길 ***,,37.123653,127.59699,2016-02-16 15:12:27,동물_가축사육업.csv
이천시,옥황농장(1),돼지,경기도 이천시 장호원읍 설장로***번길 ***,,37.134533,127.566421,2022-02-22 11:22:25,동물_가축사육업.csv
이천시,가보영농조합법인,돼지,경기도 이천시 부발읍 부발중앙로 ***,,37.274131,127.497417,2021-02-10 15:45:49,동물_가축사육업.csv
이천시,명진농장,돼지,경기도 이천시 백사면 원적로***번길 **-**,,37.344054,127.46865,2015-12-13 18:54:12,동물_가축사육업.csv
이천시,보은농장,돼지,경기도 이천시 설성면 원설로***번길 ***,,37.143503,127.456513,2020-01-03 13:59:49,동물_가축사육업.csv
이천시,율면농장,돼지,경기도 이천시 율면 고당로 **-**,,37.089989,127.545731,2020-01-03 10:59:46,동물_가축사육업.csv
이천시,문태식,돼지,경기도 이천시 신둔면 석동로 ***-*,,37.327446,127.437581,2020-10-29 10:48:19,동물_가축사육업.csv
이천시,시온농장,돼지,경기도 이천시 설성면 장능리 ***-*,,37.124282,127.534848,2016-05-12 21:10:49,동물_가축사육업.csv
이천시,수형농장,돼지,경기도 이천시 마장면 덕이로**번길 ***,,37.227408,127.374194,2023-12-21 09:02:43,동물_가축사육업.csv
이천시,진환농장,돼지,경기도 이천시 율면 신추리 ***-** 외 *필지,,37.100389,127.517173,2018-02-07 09:31:18,동물_가축사육업.csv
이천시,주민농장,돼지,경기도 이천시 장호원읍 나래천로***번길 ***-*,,37.16913,127.606247,2019-08-09 13:09:43,동물_가축사육업.csv
이천시,새신원농장,돼지,경기도 이천시 부발읍 중부대로****번길 **-**,,37.291249,127.521153,2026-03-04 09:16:46,동물_가축사육업.csv
이천시,두레영농조합법인,돼지,경기도 이천시 대월면 대월로 ***-***,,37.190847,127.485439,2024-02-01 09:05:53,동물_가축사육업.csv
이천시,농업회사법인(주)두미,돼지,경기도 이천시 모가면 사실로***번길 **-**,,37.158421,127.430745,2024-02-13 10:12:35,동물_가축사육업.csv
이천시,정훈농장,돼지,경기도 이천시 대월면 대평로 ***-**,,37.211766,127.528269,2022-05-11 15:23:27,동물_가축사육업.csv
이천시,방아골농장,돼지,경기도 이천시 대월면 대월로***번길 ***-**,,37.208835,127.485169,2021-11-12 13:51:40,동물_가축사육업.csv
이천시,진기농장,돼지,경기도 이천시 백사면 이여로***번길 **,,37.314556,127.46546,2017-09-20 17:57:28,동물_가축사육업.csv
이천시,호산나농장,돼지,경기도 이천시 부발읍 죽당로***번길 ***,,37.275638,127.529272,2019-01-28 19:27:41,동물_가축사육업.csv
이천시,청명농장,돼지,경기도 이천시 부발읍 중부대로****번길 **-**,,37.295757,127.516216,2024-01-04 10:09:29,동물_가축사육업.csv
이천시,으뜸농장,돼지,경기도 이천시 설성면 서동대로****번길 ***-**,,37.113881,127.540576,2015-12-23 08:58:24,동물_가축사육업.csv
이천시,석강양평농장,돼지,경기도 이천시 대월면 대월로***번길 ***,,37.204319,127.495469,2019-07-22 10:14:44,동물_가축사육업.csv
이천시,지구농장,돼지,경기도 이천시 모가면 원두리 ***,,37.183875,127.46475,2025-07-03 14:42:57,동물_가축사육업.csv
이천시,수자타농장,돼지,경기도 이천시 설성면 원설로***번길 **-**,,37.138105,127.461064,2026-08-11 16:10:28,동물_가축사육업.csv
이천시,양성농장(1),돼지,경기도 이천시 호법면 이섭대천로***번길 ***,,37.235515,127.399375,2018-01-11 11:58:16,동물_가축사육업.csv
이천시,농업회사법인 주식회사 월포,돼지,경기도 이천시 율면 고월로***번길 **,,37.083569,127.556171,2018-12-26 13:37:39,동물_가축사육업.csv
이천시,용수농장,돼지,경기도 이천시 설성면 대죽로 ***,,37.136192,127.479727,2023-12-12 18:37:57,동물_가축사육업.csv
이천시,농업회사법인 주식회사 대원,돼지,경기도 이천시 모가면 대월로**번길 **-**,,37.167935,127.484854,2020-12-02 17:50:56,동물_가축사육업.csv
이천시,형제농장,돼지,경기도 이천시 설성면 대죽로***번길 **,,37.137348,127.482528,2023-11-01 09:39:23,동물_가축사육업.csv
이천시,이드로농장,돼지,경기도 이천시 모가면 사실로****번길 **-**,,37.200296,127.452286,2015-12-13 14:30:38,동물_가축사육업.csv
이천시,하나농장,돼지,경기도 이천시 대월면 대월로***번길 ***-**,,37.206016,127.484765,2024-01-05 13:50:17,동물_가축사육업.csv
이천시,(사)대한한돈협회 제1검정소,돼지,경기도 이천시 마장면 서이천로 ***-**,,37.249637,127.379011,2026-05-06 11:00:09,동물_가축사육업.csv
이천시,설성농장,돼지,경기도 이천시 설성면 장천리 **-**,,37.149347,127.538553,2015-12-08 20:56:54,동물_가축사육업.csv
이천시,통미농장,돼지,경기도 이천시 장호원읍 나래천로 ***-**,,37.168043,127.596107,2022-02-22 10:58:57,동물_가축사육업.csv
이천시,세은농장,돼지,경기도 이천시 장호원읍 설장로***번길 ***,,37.136005,127.566695,2017-09-13 08:51:32,동물_가축사육업.csv
이천시,대지대삼농장,돼지,경기도 이천시 설성면 설장로***번길 ***,,37.126882,127.534892,2024-03-07 08:53:35,동물_가축사육업.csv
이천시,상승농장,돼지,경기도 이천시 모가면 공원로***번길 ***-**,,37.177042,127.459186,2024-06-20 15:32:23,동물_가축사육업.csv
이천시,진배농장,돼지,경기도 이천시 장호원읍 선읍리 *** 외*필지,,37.144768,127.56614,2015-12-26 11:12:46,동물_가축사육업.csv
이천시,단천리농장,돼지,경기도 이천시 호법면 단천리 ***-*,,37.229597,127.402825,2017-01-03 13:17:01,동물_가축사육업.csv
이천시,피그넷,돼지,경기도 이천시 설성면 진상미로***번길 **,,37.112942,127.518791,2023-05-16 13:53:49,동물_가축사육업.csv
이천시,태영농장,돼지,경기도 이천시 대월면 대평로 ***-**,,37.225241,127.507341,2026-01-06 09:29:37,동물_가축사육업.csv
이천시,부부농장,돼지,경기도 이천시 마장면 관리 ****-*,,37.264328,127.345463,2017-03-23 14:32:02,동물_가축사육업.csv
이천시,대지농장(1),돼지,경기도 이천시 모가면 공원로 ***-**,,37.178745,127.459841,2015-12-21 16:44:05,동물_가축사육업.csv
이천시,대명농장,돼지,경기도 이천시 설성면 대죽로 ***-**,,37.136743,127.484886,2021-04-07 09:03:01,동물_가축사육업.csv
이천시,백사농장,돼지,경기도 이천시 백사면 지읍로**번길 **,,37.31514,127.482117,2019-02-21 13:45:30,동물_가축사육업.csv
이천시,번성농장,돼지,경기도 이천시 설성면 대죽로 ***,,37.13627,127.483823,2020-01-03 11:30:25,동물_가축사육업.csv
이천시,주식회사 엠젠솔루션,돼지,경기도 이천시 장호원읍 경충대로***번길 **,,37.12505,127.611097,2023-04-17 09:03:36,동물_가축사육업.csv
이천시,현덕농장,돼지,경기도 이천시 설성면 설장로***번길 ***-**,,37.123735,127.536631,2018-11-29 15:22:24,동물_가축사육업.csv
이천시,한아름농장,돼지,경기도 이천시 율면 임오산로***번길 **-***,,37.085974,127.567222,2015-11-30 18:43:15,동물_가축사육업.csv
이천시,영현농장,돼지,경기도 이천시 장호원읍 선읍리 ***-* ***-*.***-*.***-*,,37.129485,127.595824,2022-03-04 17:44:27,동물_가축사육업.csv
이천시,기대축산,돼지,경기도 이천시 율면 일생로***번길 **-**,,37.064622,127.516387,2019-03-11 16:41:51,동물_가축사육업.csv
이천시,대경농장,돼지,경기도 이천시 신둔면 원적로***번길 ***,,37.333418,127.443973,2020-06-29 17:25:20,동물_가축사육업.csv
이천시,실로암농장,돼지,경기도 이천시 모가면 신갈리 ***-*,,37.196997,127.454765,2015-10-05 09:14:17,동물_가축사육업.csv
이천시,대지영농조합법인,돼지,경기도 이천시 설성면 설장로 ***-**,,37.128682,127.535914,2014-02-27 10:25:59,동물_가축사육업.csv
이천시,형제농장,돼지,경기도 이천시 설성면 대죽로***번길 **,,37.137658,127.482955,2025-01-06 13:59:45,동물_가축사육업.csv
이천시,대지영농 암산농장,돼지,경기도 이천시 설성면 설성로***번길 ***-**,,37.168048,127.539356,2014-02-27 10:29:17,동물_가축사육업.csv
이천시,누리농장,돼지,경기도 이천시 설성면 신암로***번길 **,,37.136862,127.547992,2017-09-14 13:53:28,동물_가축사육업.csv
이천시,태기농장,돼지,경기도 이천시 설성면 원설로***번길 **,,37.138813,127.462817,2025-12-04 09:12:10,동물_가축사육업.csv
이천시,이천미래팜,돼지,경기도 이천시 호법면 이섭대천로***번길 ***,,37.229865,127.402752,2024-03-12 13:41:31,동물_가축사육업.csv
이천시,영앤섭 농업회사법인 주식회사 새서울농장,돼지,경기도 이천시 율면 임오산로***번길 ***,,37.081975,127.581535,2026-02-12 13:35:08,동물_가축사육업.csv
이천시,농업회사법인 주식회사 팜스코바이오인티,돼지,경기도 이천시 부발읍 부흥로**번길 ***-**,,37.306379,127.524991,2022-01-07 13:27:41,동물_가축사육업.csv
이천시,도영농장,돼지,경기도 이천시 대월면 대월로***번길 ***-**,,37.195964,127.502792,2022-09-05 12:59:40,동물_가축사육업.csv
이천시,행진농장2농장,돼지,경기도 이천시 장호원읍 경충대로***번길 ***-**,,37.157858,127.57764,2019-12-05 17:20:18,동물_가축사육업.csv
이천시,천호농장,돼지,경기도 이천시 설성면 대죽로 ***-*,,37.134692,127.480062,2021-04-27 18:28:21,동물_가축사육업.csv
이천시,동연농장,돼지,경기도 이천시 신둔면 도암리 **-*,,37.330655,127.438599,2019-12-05 17:21:14,동물_가축사육업.csv
이천시,태송농장,돼지,경기도 이천시 백사면 원적로***번길 **-**,,37.344377,127.469342,2014-04-18 09:16:27,동물_가축사육업.csv
이천시,송말농장,돼지,경기도 이천시 백사면 원적로 ***-**,,37.34237,127.482149,2022-02-16 14:04:39,동물_가축사육업.csv
이천시,만수농장,돼지,경기도 이천시 모가면 대월로***번길 ***-**,,37.184413,127.480226,2017-06-02 10:45:10,동물_가축사육업.csv
이천시,엔도르핀농장,돼지,경기도 이천시 백사면 청백리로***번길 ***,,37.321826,127.510602,2020-03-09 17:54:04,동물_가축사육업.csv
이천시,뉴서울농장2,돼지,경기도 이천시 율면 고월로 ***,,37.087099,127.558042,2017-04-03 15:29:22,동물_가축사육업.csv
이천시,혜성농장,돼지,경기도 이천시 설성면 송계리 ***,,37.165876,127.514232,2018-08-09 15:50:15,동물_가축사육업.csv
이천시,편안농장,돼지,경기도 이천시 모가면 진상미로 ***-***,,37.151057,127.492552,2015-12-21 17:09:26,동물_가축사육업.csv
이천시,설봉영농조합법인,돼지,경기도 이천시 대월면 대월로 ***-***,,37.189824,127.485194,2017-04-05 13:39:38,동물_가축사육업.csv
이천시,은경농장,돼지,경기도 이천시 호법면 송갈로 ***-**,,37.196827,127.431291,2018-06-22 14:00:57,동물_가축사육업.csv
이천시,유원농장,돼지,경기도 이천시 설성면 진상미로***번길 ***-**,,37.126157,127.529131,2025-08-18 16:38:51,동물_가축사육업.csv
이천시,꿀꿀이농장,돼지,경기도 이천시 장호원읍 어석로***번길 ***,,37.104093,127.590614,2022-03-09 10:53:09,동물_가축사육업.csv
이천시,한얼농장,돼지,경기도 이천시 율면 신추리 ***-*,,37.093072,127.530388,2016-01-21 09:53:14,동물_가축사육업.csv
이천시,일심농장,돼지,경기도 이천시 호법면 이섭대천로***번길 ***,,37.227298,127.420624,2019-12-05 17:21:58,동물_가축사육업.csv
이천시,다우농장,돼지,"경기도 이천시 모가면 진상미로 ****, 다우농장",,37.153861,127.481921,2025-09-11 13:16:28,동물_가축사육업.csv
이천시,동양축산,돼지,경기도 이천시 장호원읍 경충대로***번길 ***-***,,37.135942,127.577088,2016-05-12 21:09:22,동물_가축사육업.csv
이천시,태현농장,돼지,경기도 이천시 호법면 대덕산로***번길 ***,,37.204104,127.424862,2023-05-19 10:57:58,동물_가축사육업.csv
이천시,샛말농장,돼지,경기도 이천시 설성면 대죽로***번길 ***,,37.142784,127.479536,2019-07-19 14:24:10,동물_가축사육업.csv
이천시,우리농장,돼지,경기도 이천시 모가면 공원로***번길 ***,,37.190218,127.465846,2024-02-13 10:09:53,동물_가축사육업.csv
이천시,현대농장,돼지,경기도 이천시 마장면 마도로***번길 ***,,37.264145,127.346321,2021-01-18 09:55:30,동물_가축사육업.csv
이천시,자유농장,돼지,경기도 이천시 마장면 마도로***번길 ***-**,,37.271975,127.346915,2017-04-04 13:19:49,동물_가축사육업.csv
이천시,지성농장,돼지,경기도 이천시 설성면 설가로 ***-*,,37.1568,127.512955,2022-03-07 18:07:18,동물_가축사육업.csv
이천시,농업회사법인(주) 선진한마을오름율면농장,돼지,경기도 이천시 율면 일생로***번길 ***-**,,37.068899,127.516889,2023-06-27 13:37:42,동물_가축사육업.csv
이천시,한울농장,돼지,경기도 이천시 율면 일생로***번길 **,,37.068402,127.514191,2024-07-08 14:54:57,동물_가축사육업.csv
이천시,영길농장,돼지,경기도 이천시 대월면 양녕로 ***-**,,37.179985,127.50575,2018-08-01 14:52:37,동물_가축사육업.csv
이천시,하경농장,돼지,경기도 이천시 백사면 내촌리 **,,37.319879,127.509795,2021-06-17 13:29:12,동물_가축사육업.csv
이천시,일우농장,돼지,경기도 이천시 모가면 사실로 ****-**,,37.201668,127.451385,2019-11-19 09:50:15,동물_가축사육업.csv
이천시,장군농장,돼지,경기도 이천시 설성면 설장로***번길 *** (장군농장),,37.128192,127.534417,2019-06-24 16:24:10,동물_가축사육업.csv
이천시,설성농장,돼지,경기도 이천시 설성면 송계리 ***-*,,37.170226,127.516049,2020-07-17 18:34:11,동물_가축사육업.csv
안성시,번성팜,돼지,경기도 안성시 죽산면 하구산길 ***,,37.100398,127.443207,2016-08-01 11:26:01,동물_가축사육업.csv
안성시,달우물농장,돼지,경기도 안성시 일죽면 일죽신동길 ***,,37.098045,127.461115,2023-12-01 13:07:38,동물_가축사육업.csv
안성시,재현농장,돼지,경기도 안성시 삼죽면 상삼로 ***,,37.093837,127.405368,2022-05-30 13:34:14,동물_가축사육업.csv
안성시,신하농장,돼지,경기도 안성시 미양면 보촌*길 ***,,36.96339,127.200856,2025-12-10 15:50:20,동물_가축사육업.csv
안성시,텃골농장,돼지,경기도 안성시 고삼면 이전봉산길 ***-**,,37.076864,127.272226,2019-07-17 16:52:01,동물_가축사육업.csv
안성시,(주)다비육종 도화농장2,돼지,경기도 안성시 죽산면 용설로 ***-**,,37.033073,127.447,2025-03-10 10:22:09,동물_가축사육업.csv
안성시,엑스피농장,돼지,경기도 안성시 일죽면 화곡길 ***-**,,37.122195,127.455946,2017-12-22 11:46:46,동물_가축사육업.csv
안성시,시영농장,돼지,경기도 안성시 삼죽면 국사봉로 ***-**,,37.040987,127.342034,2020-02-14 19:36:24,동물_가축사육업.csv
안성시,(주)농업회사법인 가율,돼지,"경기도 안성시 보개면 보개원삼로 ***-** (외 *필지(***,***-*,***,***-*,***,***-*,***-*))",,37.072695,127.309752,2021-08-03 10:11:37,동물_가축사육업.csv
안성시,바우농장,돼지,경기도 안성시 일죽면 노성로 ***-**,,37.120809,127.481311,2021-02-10 10:56:44,동물_가축사육업.csv
안성시,신흥농장2,돼지,경기도 안성시 일죽면 지내동길 **-**,,37.118135,127.477136,2025-10-22 16:32:28,동물_가축사육업.csv
안성시,비봉농장,돼지,경기도 안성시 삼죽면 상삼로 ***-**,,37.092304,127.406719,2023-02-24 07:35:05,동물_가축사육업.csv
안성시,C·F,돼지,경기도 안성시 죽산면 걸미로 ***-**,,37.04096,127.420924,2019-05-24 17:40:34,동물_가축사육업.csv
안성시,농업회사법인 (주)클론메드,돼지,경기도 안성시 일죽면 국동길 **-**,,37.110153,127.497063,2018-11-29 17:00:12,동물_가축사육업.csv
안성시,방은농장,돼지,경기도 안성시 일죽면 한다리길 **-**,,37.119583,127.422572,2021-03-25 18:59:54,동물_가축사육업.csv
안성시,신태양농장,돼지,경기도 안성시 일죽면 장암초교길 ***-**,,37.079621,127.456948,2019-09-02 20:19:49,동물_가축사육업.csv
안성시,한샘농장,돼지,경기도 안성시 고삼면 사동길 **,,37.102881,127.293098,2022-01-26 13:18:35,동물_가축사육업.csv
안성시,에이스원(주)농업회사법인,돼지,경기도 안성시 일죽면 죽화로 **-**,,37.109681,127.435939,2025-09-12 17:10:39,동물_가축사육업.csv
안성시,광림농장,돼지,경기도 안성시 공도읍 고무다리길 **-**,,36.991446,127.170148,2025-04-01 16:11:24,동물_가축사육업.csv
안성시,농업회사법인 (주) 대덕,돼지,"경기도 안성시 대덕면 신령로 ***, (외 **필지)",,37.029038,127.222957,2020-06-04 12:46:34,동물_가축사육업.csv
안성시,한성농장,돼지,경기도 안성시 원곡면 행골길 ***-**,,37.090386,127.131738,2023-08-01 11:39:29,동물_가축사육업.csv
안성시,한수농장,돼지,"경기도 안성시 죽산면 두평길 **-** (,***-*번지)",,37.065968,127.409063,2024-07-23 11:14:05,동물_가축사육업.csv
안성시,지니팜,돼지,경기도 안성시 미양면 중앙배수*길 ***-**,,36.978213,127.193855,2018-10-12 10:35:34,동물_가축사육업.csv
안성시,해돈농장,돼지,경기도 안성시 보개면 보개산로 ***-** (외 *필(***)),,37.039238,127.322068,2021-11-29 20:38:36,동물_가축사육업.csv
안성시,거니팜,돼지,경기도 안성시 서운면 신촌리 ***-* 외 *필지,,36.934535,127.259527,2025-12-11 13:07:37,동물_가축사육업.csv
안성시,신성농장,돼지,경기도 안성시 양성면 속말길 **-**,,37.030269,127.19224,2021-05-07 08:48:15,동물_가축사육업.csv
안성시,유일농장,돼지,경기도 안성시 일죽면 장암로 **-**,,37.079362,127.46375,2025-05-27 12:59:49,동물_가축사육업.csv
안성시,장성골농장,돼지,경기도 안성시 일죽면 금산리 **-* (외**필지),,37.065253,127.506944,2022-04-15 13:22:52,동물_가축사육업.csv
안성시,동부농장,돼지,경기도 안성시 삼죽면 꺽지길 **,,37.086985,127.368018,2022-09-05 14:05:05,동물_가축사육업.csv
안성시,샘골농장,돼지,경기도 안성시 미양면 갈전길 **,,36.980657,127.227862,2026-07-08 14:57:24,동물_가축사육업.csv
안성시,두오팜,돼지,경기도 안성시 죽산면 장계길 **-***,,37.057867,127.403337,2025-05-30 08:56:20,동물_가축사육업.csv
안성시,대광축산,돼지,경기도 안성시 삼죽면 삼백로 ***,,37.088312,127.373291,2022-07-01 13:44:47,동물_가축사육업.csv
안성시,지내동농장,돼지,경기도 안성시 일죽면 지내동길 **-**,,37.111917,127.481706,2024-06-18 16:16:53,동물_가축사육업.csv
안성시,덕산농장,돼지,경기도 안성시 삼죽면 삼죽초교길 ***,,37.083389,127.373123,2020-08-07 15:54:11,동물_가축사육업.csv
안성시,태광농장,돼지,경기도 안성시 대덕면 선인장길 **-*,,37.042793,127.210838,2025-05-08 17:03:11,동물_가축사육업.csv
안성시,민들레 농장,돼지,"경기도 안성시 죽산면 장계길 **-*** (외 *필지(***,***,***))",,37.054119,127.39884,2019-12-15 12:27:26,동물_가축사육업.csv
안성시,농업회사법인 주식회사 국제축산,돼지,경기도 안성시 일죽면 금일로 ***-***,,37.065485,127.483347,2022-01-28 08:20:06,동물_가축사육업.csv
안성시,반제농장,돼지,경기도 안성시 원곡면 원당로 ***,,37.027193,127.1709,2021-11-11 16:47:34,동물_가축사육업.csv
안성시,해성농장,돼지,경기도 안성시 죽산면 칠장로 ***-*,,37.024277,127.417369,2022-01-26 13:18:00,동물_가축사육업.csv
안성시,효성농장,돼지,경기도 안성시 일죽면 서동대로 ****-**,,37.099479,127.486322,2022-04-18 13:27:54,동물_가축사육업.csv
안성시,도담농장,돼지,경기도 안성시 죽산면 하구산길 ***-**,,37.103333,127.443353,2021-03-09 10:56:37,동물_가축사육업.csv
안성시,농업회사법인 동화농산(주)안성,돼지,경기도 안성시 죽산면 걸미로 ***-**,,37.020449,127.431538,2025-02-27 12:46:01,동물_가축사육업.csv
안성시,민근농장,돼지,경기도 안성시 미양면 중앙배수*길 ***-**,,36.978815,127.196784,2023-04-21 11:33:31,동물_가축사육업.csv
안성시,승문농장,돼지,"경기도 안성시 일죽면 덕현길 ** (외*필지,***-* 외*필지)",,37.124736,127.48167,2022-04-18 13:33:04,동물_가축사육업.csv
안성시,지일농장,돼지,경기도 안성시 삼죽면 국사봉로 ***,,37.056271,127.341121,2020-01-14 17:10:58,동물_가축사육업.csv
안성시,해오름농장,돼지,"경기도 안성시 서운면 서운로 ***-** (외 *필지(서운면 신촌리 ***-*, ***-**, ***-**, 산*-*))",,36.935566,127.257644,2022-04-26 16:09:30,동물_가축사육업.csv
안성시,은진농장,돼지,경기도 안성시 죽산면 장계길 **-**,,37.055451,127.404669,2025-05-15 15:12:05,동물_가축사육업.csv
안성시,윤선농장,돼지,경기도 안성시 삼죽면 국사봉로 ***-*,,37.041653,127.341662,2019-10-22 18:09:12,동물_가축사육업.csv
안성시,고바우농장,돼지,경기도 안성시 고삼면 쌍지길 **-***,,37.104346,127.277138,2017-05-11 10:02:27,동물_가축사육업.csv
안성시,(주)엑스피바이오,돼지,경기도 안성시 일죽면 화곡길 ***-**,,37.12243,127.45637,2020-08-13 16:32:16,동물_가축사육업.csv
안성시,이석농장,돼지,경기도 안성시 일죽면 한다리길 **-**,,37.11675,127.422823,2020-06-16 15:48:34,동물_가축사육업.csv
안성시,율곡농산,돼지,경기도 안성시 삼죽면 밤고개안길 ***-**,,37.103307,127.394538,2026-07-16 16:42:17,동물_가축사육업.csv
안성시,찬식농장,돼지,경기도 안성시 일죽면 장암로 ***-**,,37.066873,127.460368,2016-08-31 14:06:20,동물_가축사육업.csv
안성시,청학농장,돼지,경기도 안성시 미양면 서변*길 **-**,,36.949437,127.232382,2022-02-21 12:56:35,동물_가축사육업.csv
안성시,성돈농장,돼지,경기도 안성시 일죽면 한다리길 **,,37.118066,127.423274,2022-11-15 10:18:26,동물_가축사육업.csv
안성시,태광농장,돼지,경기도 안성시 미양면 중앙배수*길 ***-**,,36.977335,127.193749,2018-01-11 19:22:18,동물_가축사육업.csv
안성시,민진농장,돼지,경기도 안성시 죽산면 장계길 **-**,,37.05549,127.406714,2025-03-18 16:24:34,동물_가축사육업.csv
안성시,구여울농장,돼지,경기도 안성시 일죽면 내둔길 **-**,,37.081652,127.469374,2022-12-26 10:37:02,동물_가축사육업.csv
안성시,문호농장,돼지,경기도 안성시 일죽면 소라태길 **,,37.091956,127.453495,2021-01-11 16:24:21,동물_가축사육업.csv
안성시,명성농장,돼지,경기도 안성시 일죽면 오방길 **,,37.10902,127.434249,2023-03-23 13:05:22,동물_가축사육업.csv
안성시,새마을농장,돼지,경기도 안성시 일죽면 죽화로 ***,,37.105066,127.473408,2021-07-26 15:55:34,동물_가축사육업.csv
안성시,영석농장,돼지,경기도 안성시 일죽면 윗송산길 **,,37.071132,127.470157,2024-09-13 13:26:54,동물_가축사육업.csv
안성시,번영농장,돼지,경기도 안성시 보개면 보개산로 **,,37.037178,127.316381,2026-04-23 14:16:51,동물_가축사육업.csv
안성시,팜스코바이오인티 삼죽농장,돼지,경기도 안성시 삼죽면 밤고개길 **-***,,37.101099,127.396491,2026-07-03 14:32:10,동물_가축사육업.csv
안성시,대양축산,돼지,경기도 안성시 보개면 보개산로 ***,,37.03717,127.317853,2026-03-06 09:17:22,동물_가축사육업.csv
안성시,삼강농장,돼지,경기도 안성시 일죽면 죽화로 ***-**,,37.106747,127.482824,2020-03-30 11:52:10,동물_가축사육업.csv
안성시,농업회사법인(주)안성농장 장암지점,돼지,경기도 안성시 일죽면 장암로 ***-**,,37.07257,127.460777,2026-01-07 11:41:49,동물_가축사육업.csv
안성시,매산농장,돼지,경기도 안성시 죽산면 하구산길 ***-**,,37.103113,127.443028,2017-10-15 12:49:37,동물_가축사육업.csv
안성시,ND팜,돼지,경기도 안성시 보개면 보삼로 ***-*,,37.098249,127.33622,2026-04-21 16:01:41,동물_가축사육업.csv
안성시,서원농장,돼지,경기도 안성시 일죽면 장암초교길 **,,37.075333,127.462741,2025-10-01 15:08:50,동물_가축사육업.csv
안성시,해돈농장,돼지,"경기도 안성시 일죽면 화곡길 **-**, (외 **필지)",,37.112824,127.464919,2025-11-18 13:04:08,동물_가축사육업.csv
안성시,태산농장,돼지,경기도 안성시 일죽면 죽화로 ***-**,,37.109253,127.440563,2020-03-06 10:52:58,동물_가축사육업.csv
안성시,홍란농장,돼지,경기도 안성시 죽산면 능앞길 ***,,37.063348,127.400293,2024-11-18 18:18:31,동물_가축사육업.csv
안성시,농업회사법인 성원팜 주식회사,돼지,경기도 안성시 미양면 안골길 **,,36.983905,127.238565,2025-08-07 16:52:48,동물_가축사육업.csv
안성시,삼죽농장,돼지,경기도 안성시 삼죽면 상삼로 ***,,37.088947,127.403446,2023-03-13 09:27:45,동물_가축사육업.csv
안성시,청해농장,돼지,경기도 안성시 죽산면 능앞길 ***-**,,37.06266,127.401557,2024-11-01 19:48:00,동물_가축사육업.csv
안성시,삼본농장,돼지,경기도 안성시 보개면 시드물길 **-**,,37.080783,127.314904,2022-01-28 11:08:49,동물_가축사육업.csv
안성시,농업회사법인(주)국제축산(제2농장),돼지,경기도 안성시 일죽면 금일로 ***-**,,37.073567,127.476802,2019-09-30 11:56:20,동물_가축사육업.csv
안성시,한결양돈영농조합법인,돼지,경기도 안성시 고삼면 범골길 **,,37.079845,127.242664,2022-08-26 14:21:37,동물_가축사육업.csv
안성시,전진농장,돼지,경기도 안성시 양성면 지남촌길 **-***,,37.033982,127.209973,2021-03-09 10:56:59,동물_가축사육업.csv
안성시,송일농장,돼지,경기도 안성시 일죽면 죽화로 ***-**,,37.10841,127.453763,2016-09-05 19:04:22,동물_가축사육업.csv
안성시,신촌제1목장,돼지,경기도 안성시 일죽면 국동길 ***-**,,37.111656,127.49786,2026-01-07 11:26:55,동물_가축사육업.csv
안성시,장일농장,돼지,경기도 안성시 일죽면 장암로 ***-**,,37.06875,127.455651,2023-03-27 10:51:30,동물_가축사육업.csv
안성시,선유농장,돼지,경기도 안성시 일죽면 일죽신흥로 ***,,37.123337,127.471852,2025-10-15 17:52:10,동물_가축사육업.csv
안성시,진영농장,돼지,경기도 안성시 죽산면 목동길 **-**,,37.026869,127.435149,2022-02-11 07:45:07,동물_가축사육업.csv
안성시,영구농장,돼지,경기도 안성시 미양면 서변*길 **,,36.949072,127.232944,2019-01-23 21:24:18,동물_가축사육업.csv
안성시,동산농장,돼지,경기도 안성시 대덕면 동산말길 **-**,,37.052242,127.2758,2017-04-06 15:22:45,동물_가축사육업.csv
안성시,한돈사랑,돼지,경기도 안성시 보개면 동평길 **-**,,37.088528,127.320736,2026-06-05 13:30:31,동물_가축사육업.csv
안성시,진선농장,돼지,경기도 안성시 고삼면 풀무골길 **-*,,37.114995,127.286323,2026-06-23 10:15:11,동물_가축사육업.csv
안성시,우석농장,돼지,경기도 안성시 삼죽면 서동대로 ****-**,,37.044459,127.364894,2025-11-03 16:22:25,동물_가축사육업.csv
안성시,구성농장(미양점),돼지,경기도 안성시 미양면 중앙배수*길 ***-**,,36.980724,127.199483,2018-11-30 10:26:56,동물_가축사육업.csv
안성시,광무농장,돼지,"경기도 안성시 일죽면 고목남길 **-** (, -*, ***)",,37.122178,127.435929,2023-03-21 17:25:07,동물_가축사육업.csv
안성시,현득농장,돼지,"경기도 안성시 일죽면 죽화로 ***-** (외 *필지(****-*,****-*))",,37.108124,127.442507,2016-09-07 14:12:52,동물_가축사육업.csv
안성시,정현농장,돼지,경기도 안성시 대덕면 능말길 **-**,,37.046449,127.216095,2021-12-28 13:06:32,동물_가축사육업.csv
안성시,맘마농장,돼지,경기도 안성시 일죽면 한다리길 **-**,,37.117415,127.418946,2025-04-21 16:54:30,동물_가축사육업.csv
안성시,다인농장,돼지,경기도 안성시 일죽면 죽화로 **-*,,37.115984,127.435064,2022-04-15 13:35:46,동물_가축사육업.csv
안성시,동산비육장,돼지,경기도 안성시 삼죽면 상삼로 ***,,37.082937,127.400648,2022-08-19 08:36:27,동물_가축사육업.csv
안성시,녹지농장,돼지,경기도 안성시 일죽면 일생로 **-**,,37.077916,127.476869,2023-01-31 08:49:46,동물_가축사육업.csv
안성시,고은농장,돼지,경기도 안성시 일죽면 죽화로 ***-**,,37.106678,127.446442,2020-10-06 09:54:59,동물_가축사육업.csv
안성시,범민농장,돼지,경기도 안성시 일죽면 장암초교길 ***-**,,37.077377,127.460916,2023-04-17 14:48:14,동물_가축사육업.csv
안성시,다물농장,돼지,경기도 안성시 일죽면 일죽신흥로 ***-**,,37.117013,127.467696,2016-03-27 20:52:49,동물_가축사육업.csv
안성시,더존햇살코리아,돼지,경기도 안성시 미양면 중앙배수*길 ***-**,,36.9751,127.195773,2025-08-01 14:40:24,동물_가축사육업.csv
안성시,이서팜,돼지,경기도 안성시 죽산면 장계길 **-**,,37.055492,127.401908,2025-12-31 12:58:10,동물_가축사육업.csv
안성시,구일농장,돼지,"경기도 안성시 일죽면 화곡길 **, (외 *필지)",,37.115355,127.46748,2021-08-11 14:06:28,동물_가축사육업.csv
안성시,신흥농장,돼지,경기도 안성시 일죽면 덕현길 **-**,,37.119544,127.480441,2022-08-04 17:19:16,동물_가축사육업.csv
안성시,농업회사법인(주)다이팜,돼지,경기도 안성시 일죽면 장암로 ***-**,,37.071147,127.464728,2026-04-21 11:24:49,동물_가축사육업.csv
안성시,오광농장,돼지,경기도 안성시 일죽면 한다리길 **-**,,37.117197,127.421744,2020-10-06 22:38:23,동물_가축사육업.csv
안성시,바우농장,돼지,"경기도 안성시 보개면 내방상삼로 ***-** (, ***번지)",,37.032223,127.328127,2022-04-15 11:42:53,동물_가축사육업.csv
안성시,보영농장,돼지,경기도 안성시 죽산면 걸미로 ***-**,,37.060155,127.409482,2024-04-01 09:02:39,동물_가축사육업.csv
안성시,태현농장,돼지,경기도 안성시 일죽면 장암초교길 **-**,,37.079269,127.465007,2016-07-01 11:06:12,동물_가축사육업.csv
안성시,유나농장,돼지,경기도 안성시 삼죽면 서동대로 ****-***,,37.042998,127.370245,2025-11-26 13:30:10,동물_가축사육업.csv
안성시,형제농장,돼지,경기도 안성시 일죽면 한다리길 **-**,,37.115114,127.424839,2016-03-27 20:57:42,동물_가축사육업.csv
안성시,농업회사법인 허브한돈팜 주식회사,돼지,경기도 안성시 미양면 미양로 ***-***,,36.975393,127.192865,2022-11-24 15:29:28,동물_가축사육업.csv
안성시,해성농장,돼지,경기도 안성시 보개면 북좌길 **-**,,37.046733,127.330247,2022-06-13 14:26:26,동물_가축사육업.csv
안성시,장암팜,돼지,경기도 안성시 일죽면 장암로 ***-*,,37.072382,127.465112,2024-06-04 13:12:20,동물_가축사육업.csv
안성시,찬양축산,돼지,경기도 안성시 대덕면 시미실길 ***,,37.044695,127.252932,2017-12-01 21:00:40,동물_가축사육업.csv
안성시,삼죽영농조합법인,돼지,"경기도 안성시 삼죽면 삼죽초교길 ***, (외*필지)",,37.079698,127.371255,2020-08-07 15:39:30,동물_가축사육업.csv
안성시,기쁨농장,돼지,경기도 안성시 대덕면 시미실길 ***,,37.045181,127.254107,2017-12-05 15:34:03,동물_가축사육업.csv
안성시,농업회사법인(주) 팜스월드 광일농장,돼지,경기도 안성시 삼죽면 동아예대길 **,,37.061329,127.366419,2021-07-16 13:46:41,동물_가축사육업.csv
안성시,여울목영농조합법인,돼지,경기도 안성시 일죽면 주래본죽로 ***-** (외*필지),,37.087741,127.501686,2026-08-18 14:59:25,동물_가축사육업.csv
안성시,농업회사법인(주)안성,돼지,경기도 안성시 일죽면 화곡길 **,,37.118073,127.46426,2026-08-14 15:47:50,동물_가축사육업.csv
안성시,구성농장(능국),돼지,경기도 안성시 일죽면 지내동길 **,,37.114778,127.483,2025-09-11 15:41:45,동물_가축사육업.csv
안성시,대유농장,돼지,경기도 안성시 양성면 양성로 ***,,37.083614,127.205755,2022-04-18 13:31:53,동물_가축사육업.csv
안성시,대유농장,돼지,경기도 안성시 보개면 내방상삼로 ***-**,,37.029329,127.329679,2022-04-15 13:07:00,동물_가축사육업.csv
안성시,유민농장,돼지,경기도 안성시 보개면 신곡길 **-**,,37.055305,127.315519,2022-04-15 13:15:17,동물_가축사육업.csv
안성시,승빈농장,돼지,경기도 안성시 죽산면 장계길 **-**,,37.052273,127.40138,2023-01-13 11:31:02,동물_가축사육업.csv
안성시,영조농장,돼지,경기도 안성시 일죽면 장암로 **-*,,37.073421,127.467449,2026-06-04 10:28:44,동물_가축사육업.csv
안성시,계림축산,돼지,경기도 안성시 일죽면 장암초교길 ***-**,,37.078486,127.460531,2017-02-14 14:01:49,동물_가축사육업.csv
안성시,구성농장,돼지,경기도 안성시 일죽면 장암로 ***-**,,37.068207,127.464168,2021-09-10 08:51:13,동물_가축사육업.csv
안성시,신광농장,돼지,경기도 안성시 일죽면 서동대로 ****-**,,37.083086,127.43791,2022-04-16 14:52:00,동물_가축사육업.csv
안성시,부건농장,돼지,"경기도 안성시 일죽면 고목길 **-** (외 *필지(***-*, ****-*, ****-*, ****-**))",,37.128772,127.440011,2022-04-15 13:09:31,동물_가축사육업.csv
안성시,고은농장,돼지,경기도 안성시 일죽면 죽화로 ***-**,,37.108478,127.44045,2025-03-14 10:31:44,동물_가축사육업.csv
안성시,행복농장,돼지,경기도 안성시 일죽면 장암로 **,,37.074418,127.466836,2026-08-14 14:58:43,동물_가축사육업.csv
안성시,태광농장,돼지,경기도 안성시 미양면 중앙배수*길 ***-**,,36.976289,127.194778,2020-11-20 09:24:02,동물_가축사육업.csv
안성시,만희농장,돼지,경기도 안성시 죽산면 하구산길 ***-**,,37.103779,127.442231,2021-03-18 21:04:28,동물_가축사육업.csv
안성시,능국농장,돼지,경기도 안성시 일죽면 지내동길 **,,37.114414,127.482033,2023-03-21 10:56:17,동물_가축사육업.csv
안성시,도드람농장,돼지,경기도 안성시 일죽면 죽화로 ***-** (외*필지),,37.106723,127.440575,2026-08-14 15:34:06,동물_가축사육업.csv
안성시,제2문호농장,돼지,경기도 안성시 일죽면 소라태길 **,,37.089992,127.453187,2016-08-26 19:53:52,동물_가축사육업.csv
안성시,농업회사법인(유)미래에이엠씨,돼지,경기도 안성시 일죽면 서동대로 ****-** (외 *필지),,37.087527,127.445487,2022-04-18 16:58:56,동물_가축사육업.csv
안성시,에이스 안성팜,돼지,경기도 안성시 미양면 안골길 **,,36.982822,127.237788,2025-08-21 17:21:47,동물_가축사육업.csv
안성시,서울농장,돼지,경기도 안성시 미양면 양변길 ***-**,,36.962355,127.230579,2022-12-07 10:14:44,동물_가축사육업.csv
안성시,노엘농장,돼지,경기도 안성시 죽산면 두평길 *-***,,37.060642,127.404664,2021-03-31 15:26:04,동물_가축사육업.csv
안성시,동양축산,돼지,경기도 안성시 죽산면 한평길 **,,37.101928,127.43514,2022-04-16 14:49:20,동물_가축사육업.csv
안성시,민기농장,돼지,경기도 안성시 삼죽면 서동대로 ****-**,,37.043797,127.370324,2022-09-22 09:03:08,동물_가축사육업.csv
안성시,민우농장,돼지,경기도 안성시 일죽면 일생로 ***-**,,37.074162,127.498711,2022-03-10 13:10:56,동물_가축사육업.csv
안성시,씨프로팜,돼지,"경기도 안성시 보개면 상삼리 *** 외 *필지(상삼리 ***,***,***,***번지)",,37.030547,127.330195,2022-04-15 13:13:21,동물_가축사육업.csv
안성시,서흥농장,돼지,경기도 안성시 서운면 사갑*길 ***-**,,36.930835,127.250302,2026-06-18 15:17:24,동물_가축사육업.csv
안성시,대화농장,돼지,경기도 안성시 일죽면 죽화로 ***-**,,37.1099,127.453852,2023-09-08 11:19:42,동물_가축사육업.csv
안성시,학열 농장,돼지,경기도 안성시 원곡면 성주리 ***,,37.085771,127.164746,2022-04-15 11:39:44,동물_가축사육업.csv
안성시,신촌목장,돼지,경기도 안성시 일죽면 국동길 ***-**,,37.111924,127.49786,2021-02-08 20:48:46,동물_가축사육업.csv
안성시,대성농장,돼지,경기도 안성시 삼죽면 서동대로 ****-**,,37.06188,127.373869,2020-07-17 15:33:35,동물_가축사육업.csv
안성시,진성농장,돼지,경기도 안성시 고삼면 한내로 ***-**,,37.06649,127.245262,2022-04-16 14:48:37,동물_가축사육업.csv
안성시,피그로드,돼지,경기도 안성시 일죽면 장암로 **-**,,37.079063,127.469877,2024-07-24 17:39:37,동물_가축사육업.csv
안성시,사곡농장,돼지,경기도 안성시 사곡*길 **-**(사곡동),,37.040614,127.269469,2022-03-11 11:38:30,동물_가축사육업.csv
안성시,지팜얼라이언스 농업회사법인(주),돼지,경기도 안성시 일죽면 사실로 ***-**,,37.130742,127.431089,2017-09-06 12:39:42,동물_가축사육업.csv
김포시,도담축산,돼지,경기도 김포시 대곶면 대벽리 ****,,37.61577,126.566508,2024-05-13 15:31:54,동물_가축사육업.csv
김포시,미림농장,돼지,경기도 김포시 월곶면 점동로 **-**,,37.718479,126.565791,2025-08-21 14:24:31,동물_가축사육업.csv
김포시,정봉농장,돼지,경기도 김포시 대곶면 대벽리 ***,,37.613407,126.568793,2015-10-07 15:08:29,동물_가축사육업.csv
김포시,인일농장,돼지,경기도 김포시 대곶면 대곶로***번길 ***-**,,37.673423,126.549336,2015-10-07 15:58:42,동물_가축사육업.csv
김포시,한강농장,돼지,경기도 김포시 하성면 석평로 ***,,37.76183,126.648191,2025-12-10 16:59:55,동물_가축사육업.csv
김포시,안진농장,돼지,경기도 김포시 월곶면 갈산리 ***-*,,37.722162,126.569938,2018-09-11 19:19:25,동물_가축사육업.csv
김포시,순원농장,돼지,경기도 김포시 양촌읍 석모리 ***,,37.657868,126.652444,2015-10-07 15:47:41,동물_가축사육업.csv
김포시,태연농장,돼지,경기도 김포시 통진읍 고척로 ***-**,,37.721734,126.584611,2021-11-29 17:53:02,동물_가축사육업.csv
김포시,삼원농장,돼지,경기도 김포시 통진읍 고정리 ***,,37.715417,126.599115,2015-10-07 15:59:44,동물_가축사육업.csv
김포시,월곶농장,돼지,경기도 김포시 월곶면 포내로**번길 ***,,37.712146,126.523754,2016-05-19 10:45:15,동물_가축사육업.csv
김포시,벧엘농장,돼지,"경기도 김포시 통진읍 고정리 *** , **-**",,37.722117,126.584184,2024-11-21 14:23:26,동물_가축사육업.csv
김포시,미림농장,돼지,경기도 김포시 월곶면 점동로 **-**,,37.718154,126.565517,2025-08-21 14:23:46,동물_가축사육업.csv
김포시,고건농장,돼지,경기도 김포시 월곶면 고정로 **-**,,37.722961,126.579116,2021-04-19 16:49:20,동물_가축사육업.csv
김포시,대성농장,돼지,경기도 김포시 양촌읍 구래리 산 **,,37.623908,126.61717,2015-10-12 16:21:40,동물_가축사육업.csv
김포시,대현농장,돼지,경기도 김포시 대곶면 율마로 ***-**,,37.670734,126.599343,2015-10-12 16:17:55,동물_가축사육업.csv
김포시,두천농장,돼지,경기도 김포시 하성면 하사로 **,,37.696372,126.643727,2015-10-07 15:46:26,동물_가축사육업.csv
김포시,제일농장,돼지,경기도 김포시 통진읍 귀전로**번길 ***-**,,37.712127,126.606001,2015-10-12 16:16:38,동물_가축사육업.csv
김포시,새로운축산,돼지,경기도 김포시 하성면 가금로***번길 **,,37.749093,126.614086,2019-05-16 10:49:51,동물_가축사육업.csv
김포시,대벽축산,돼지,경기도 김포시 대곶면 대벽리 ***,,37.608178,126.567961,2018-09-11 20:41:18,동물_가축사육업.csv
연천군,승현농장,돼지,경기도 연천군 신서면 천덕로 **-***,,38.193086,127.080297,2020-10-12 16:15:37,동물_가축사육업.csv
연천군,연합농장,돼지,경기도 연천군 청산면 청창로***번길 ***,,38.012229,127.108878,2020-07-07 17:55:29,동물_가축사육업.csv
연천군,북부유전자,돼지,경기도 연천군 청산면 청창로 ***,,38.021195,127.123976,2016-09-06 14:24:23,동물_가축사육업.csv
연천군,미산농원,돼지,경기도 연천군 미산면 유노로 ***-**,,38.05631,126.994922,2018-07-09 10:10:57,동물_가축사육업.csv
연천군,돈앤돈스,돼지,경기도 연천군 연천읍 현문로***번길 ***-**,,38.071798,127.101019,2026-01-14 13:53:33,동물_가축사육업.csv
연천군,성진축산농장,돼지,경기도 연천군 전곡읍 양연로****번길 **,,38.000525,127.024726,2026-05-28 13:48:47,동물_가축사육업.csv
연천군,모닝팜,돼지,"경기도 연천군 왕징면 무등리 *** 외***-*, -*(*필지)",,38.050311,127.00125,2025-01-14 17:21:49,동물_가축사육업.csv
연천군,댕골농장,돼지,경기도 연천군 군남면 청정로 ****,,38.045655,127.033542,2023-10-26 14:56:16,동물_가축사육업.csv
연천군,P&J 팜스,돼지,경기도 연천군 연천읍 합내로 ***-***,,38.150238,127.078099,2016-12-16 15:28:51,동물_가축사육업.csv
연천군,노른터농장,돼지,경기도 연천군 미산면 숭의전로***번길 ***,,38.031202,126.957234,2024-02-22 11:41:36,동물_가축사육업.csv
연천군,유일농장,돼지,경기도 연천군 미산면 청정로****번길 ***-**,,38.036029,127.005257,2019-10-01 11:49:03,동물_가축사육업.csv
연천군,자연농장,돼지,경기도 연천군 미산면 백석리 ***,,38.061736,126.96544,2024-03-06 18:05:34,동물_가축사육업.csv
연천군,21세기 축산,돼지,경기도 연천군 백학면 전동리 *** ***,,38.010344,126.884382,2025-07-30 15:08:12,동물_가축사육업.csv
연천군,송실농장,돼지,"경기도 연천군 전곡읍 양원리 ***-* ***-*, ***-*",,37.998953,127.026256,2026-01-26 16:16:35,동물_가축사육업.csv
연천군,드림 백석리농장,돼지,경기도 연천군 미산면 백동로 ***-**,,38.062383,126.965603,2025-08-26 08:53:45,동물_가축사육업.csv
연천군,동부축산,돼지,경기도 연천군 백학면 노곡로 ***-**,,38.012478,126.941836,2023-10-26 14:57:59,동물_가축사육업.csv
연천군,21C 2농장,돼지,경기도 연천군 백학면 장백로 ***,,38.007816,126.883812,2020-02-14 11:32:28,동물_가축사육업.csv
연천군,한양뜰농장,돼지,경기도 연천군 백학면 노곡리 ***,,37.996338,126.913292,2020-06-30 20:39:33,동물_가축사육업.csv
연천군,호영농장,돼지,"경기도 연천군 전곡읍 양원리 ***-* , ***-*, ***-*",,38.000228,127.02373,2021-12-27 15:28:40,동물_가축사육업.csv
연천군,약산농장,돼지,경기도 연천군 백학면 노곡로 ***,,38.012874,126.939954,2025-11-07 09:09:17,동물_가축사육업.csv
연천군,한국2농장,돼지,경기도 연천군 연천읍 합내로***번길 *-**,,38.157708,127.079293,2022-12-14 16:36:26,동물_가축사육업.csv
연천군,웰빙,돼지,경기도 연천군 군남면 군자로 **,,38.061689,127.05637,2024-02-22 11:48:50,동물_가축사육업.csv
연천군,성혜농장,돼지,경기도 연천군 미산면 유노로 **,,38.044409,126.999994,2018-11-16 16:35:12,동물_가축사육업.csv
연천군,(주) 제이비팜 농업회사법인,돼지,경기도 연천군 백학면 노곡로***번길 *-**,,38.004483,126.941377,2019-09-03 15:25:36,동물_가축사육업.csv
연천군,행복농장,돼지,"경기도 연천군 백학면 노곡리 ** ,**-*,**-*,**-*,**-*,**-*,**,**-*,**-*,**-*,**,**-*,**",,38.004483,126.941377,2022-12-13 15:15:57,동물_가축사육업.csv
연천군,일학농장,돼지,경기도 연천군 군남면 황지로 ***-**,,38.053932,127.046441,2024-06-05 19:28:44,동물_가축사육업.csv
연천군,담비농장,돼지,경기도 연천군 백학면 노곡로***번길 **,,38.007974,126.93789,2019-12-19 19:46:51,동물_가축사육업.csv
연천군,파파농장2,돼지,경기도 연천군 백학면 노곡리 ***,,38.009014,126.936662,2025-04-16 09:12:21,동물_가축사육업.csv
연천군,와초리농장,돼지,경기도 연천군 연천읍 합내로***번길 ***,,38.161325,127.077418,2025-06-05 09:54:27,동물_가축사육업.csv
연천군,21c농장,돼지,경기도 연천군 백학면 전동리 ***,,38.008435,126.884291,2019-09-18 14:09:15,동물_가축사육업.csv
연천군,지성농장,돼지,경기도 연천군 미산면 청정로****번길 ***,,38.04674,126.960935,2020-07-07 17:29:54,동물_가축사육업.csv
연천군,농업회사법인 주식회사 아이엠티,돼지,"경기도 연천군 군남면 진상리 *** ,***-*, ***-*, ***, ***-*",,38.070256,127.030092,2025-10-22 14:37:01,동물_가축사육업.csv
연천군,다대농장,돼지,경기도 연천군 미산면 청정로****번길 ***-**,,38.042645,126.960208,2023-07-05 17:35:52,동물_가축사육업.csv
연천군,한국1농장,돼지,경기도 연천군 군남면 군자로 **,,38.061672,127.057128,2021-03-11 15:33:47,동물_가축사육업.csv
연천군,신천농장,돼지,경기도 연천군 신서면 윗대광길 *-**,,38.196489,127.118714,2026-06-26 10:26:07,동물_가축사육업.csv
연천군,백학농장,돼지,경기도 연천군 백학면 노곡로 ***,,38.010002,126.939414,2022-02-09 15:14:30,동물_가축사육업.csv
연천군,아미농장,돼지,경기도 연천군 미산면 숭의전로***번길 ***,,38.028862,126.955449,2020-04-27 14:59:03,동물_가축사육업.csv
연천군,성혜2농장,돼지,경기도 연천군 미산면 유노로 **-**,,38.043324,126.99715,2023-08-16 10:59:29,동물_가축사육업.csv
연천군,양주축산,돼지,경기도 연천군 군남면 군자로 ***,,38.064038,127.059617,2024-07-03 16:48:43,동물_가축사육업.csv
연천군,한빛피플,돼지,경기도 연천군 미산면 마유로***번길 ***-**,,38.044485,126.967098,2019-12-19 15:46:51,동물_가축사육업.csv
연천군,한별농장,돼지,경기도 연천군 백학면 노곡로 ***,,38.009767,126.939615,2020-07-07 17:36:30,동물_가축사육업.csv
연천군,농업회사법인 주식회사 에코팜,돼지,경기도 연천군 미산면 유노로 ***-**,,38.055954,126.995899,2021-11-30 10:05:32,동물_가축사육업.csv
연천군,순풍농장,돼지,경기도 연천군 백학면 노곡로***번길 *-***,,38.003357,126.943011,2018-07-09 17:02:05,동물_가축사육업.csv
연천군,로하스팜,돼지,경기도 연천군 청산면 청창로***번길 **,,38.010507,127.083615,2021-12-22 10:22:58,동물_가축사육업.csv
연천군,미라클팜,돼지,경기도 연천군 연천읍 합내로 ***-***,,38.159405,127.082436,2020-07-07 17:47:28,동물_가축사육업.csv
연천군,유유농장,돼지,경기도 연천군 신서면 답곡로 **,,38.188403,127.074328,2025-07-21 17:23:45,동물_가축사육업.csv
연천군,드림농장,돼지,경기도 연천군 백학면 노곡로***번길 **,,38.008791,126.942864,2025-08-22 10:49:16,동물_가축사육업.csv
연천군,농업회사법인(주)동산농장,돼지,경기도 연천군 전곡읍 양원로***번길 **,,37.978715,127.036226,2024-02-22 13:14:00,동물_가축사육업.csv
연천군,승창농장,돼지,"경기도 연천군 신서면 도신리 ***-* ,***-*,***-*,***-*",,38.164061,127.104765,2025-03-17 10:17:07,동물_가축사육업.csv
연천군,정일농장,돼지,경기도 연천군 백학면 노곡로***번길 **-**,,38.007152,126.944461,2023-05-09 17:05:30,동물_가축사육업.csv
연천군,금정농장,돼지,경기도 연천군 신서면 연신로****번길 ***,,38.212715,127.119908,2020-07-01 17:53:54,동물_가축사육업.csv
연천군,노곡리농장,돼지,경기도 연천군 백학면 노곡로***번길 ***,,38.009018,126.944287,2021-09-07 14:01:08,동물_가축사육업.csv
연천군,해오름팜,돼지,경기도 연천군 백학면 장백로***번길 ***-**,,38.015058,126.891752,2018-11-16 13:09:17,동물_가축사육업.csv
연천군,가온농장,돼지,경기도 연천군 신서면 연신로****번길 ***,,38.212052,127.119753,2020-02-14 11:45:12,동물_가축사육업.csv
연천군,농업회사법인 올랜드 주식회사,돼지,경기도 연천군 신서면 대광리 ***-*,,38.204507,127.132992,2018-09-10 10:07:21,동물_가축사육업.csv
연천군,옥계농장,돼지,경기도 연천군 군남면 연군로 ***,,38.112978,127.055412,2022-07-07 14:50:18,동물_가축사육업.csv
연천군,영빈농장,돼지,경기도 연천군 신서면 천덕로 **-***,,38.193624,127.080902,2021-12-13 14:59:34,동물_가축사육업.csv
연천군,해돈가,돼지,"경기도 연천군 연천읍 상리 ***-* ***-*, ***-*",,38.140306,127.067574,2026-06-15 13:34:07,동물_가축사육업.csv
연천군,농업회사법인 주식회사 양지,돼지,경기도 연천군 미산면 우정리 ***,,38.034136,127.007826,2024-02-13 11:09:10,동물_가축사육업.csv
연천군,부인축산,돼지,경기도 연천군 미산면 청정로****번길 ***-**,,38.038228,126.992979,2021-12-01 16:48:03,동물_가축사육업.csv
연천군,지윤농장,돼지,경기도 연천군 미산면 백석리 ***,,38.063158,126.965106,2015-10-14 16:57:59,동물_가축사육업.csv
연천군,안산농장,돼지,"경기도 연천군 백학면 노곡리 ***-* ***-*, ***-*, ***",,37.996736,126.91365,2022-01-17 16:40:15,동물_가축사육업.csv
연천군,경기유전자,돼지,경기도 연천군 왕징면 북삼리 ***-*,,38.079599,126.975665,2022-12-14 16:50:18,동물_가축사육업.csv
연천군,행복농장,돼지,경기도 연천군 연천읍 통현길 ***,,38.063883,127.088834,2020-07-01 18:43:18,동물_가축사육업.csv
연천군,재궁농장,돼지,경기도 연천군 연천읍 상리 ***-*,,38.144814,127.063298,2020-07-01 19:44:44,동물_가축사육업.csv
연천군,금호연천농장,돼지,경기도 연천군 미산면 청정로****번길 ***-**,,38.043005,126.960917,2026-04-23 15:59:14,동물_가축사육업.csv
연천군,안산이농장,돼지,경기도 연천군 미산면 청정로****번길 ***,,38.03396,127.009202,2025-05-09 09:15:41,동물_가축사육업.csv
가평군,골든피그하우스,돼지,경기도 가평군 가평읍 두밀리 ***-**,,37.809966,127.440982,2020-03-10 14:11:54,동물_가축사육업.csv
가평군,자연농장,돼지,경기도 가평군 북면 막골길 **-**,,37.898509,127.529859,2024-09-24 15:42:05,동물_가축사육업.csv
가평군,경반농장,돼지,경기도 가평군 가평읍 석봉로***번길 ***-**,,37.828458,127.490093,2025-05-02 13:11:20,동물_가축사육업.csv
가평군,송죽농장,돼지,경기도 가평군 조종면 보름골길 ***-***,,37.821434,127.373231,2021-12-09 09:03:21,동물_가축사육업.csv
양평군,피그랜드 5단지,돼지,경기도 양평군 양동면 계정샛담길 ***-**,,37.486989,127.755832,2022-03-15 15:09:19,동물_가축사육업.csv
양평군,피그랜드 4단지(광일농장),돼지,"경기도 양평군 양동면 계정리 ***-* , ***-**, ***-**, ***-**, ***-**",,37.48584,127.756836,2022-05-18 10:44:41,동물_가축사육업.csv
양평군,진원농장,돼지,"경기도 양평군 양동면 고송리 **** ,****-*, ****-*, ****번지",,37.486324,127.690804,2020-07-23 15:38:22,동물_가축사육업.csv
양평군,양돈,돼지,경기도 양평군 양동면 계정창말길 **,,37.45293,127.772045,2026-01-23 16:15:20,동물_가축사육업.csv
양평군,양평,돼지,"경기도 양평군 지평면 일신리 **** ****,****-*",,37.417571,127.677916,2025-06-09 11:43:23,동물_가축사육업.csv
양평군,호박농장,돼지,"경기도 양평군 양동면 계정리 ** 외 **필지(**-*, -*, -*, -*, -*, -*, -*, -*, -**, -**, -**)",,37.45117,127.785713,2022-03-02 14:17:47,동물_가축사육업.csv
양평군,최용선,돼지,경기도 양평군 개군면 불곡리 ***-*,,37.44513,127.54115,2021-07-15 13:53:39,동물_가축사육업.csv
양평군,김문수,돼지,"경기도 양평군 개군면 자연리 *** ,***",,37.425205,127.554281,2023-04-27 13:32:43,동물_가축사육업.csv
양평군,드림농장,돼지,경기도 양평군 양동면 밀양골길 **,,37.463155,127.777229,2023-04-27 13:33:45,동물_가축사육업.csv
양평군,삼우축산,돼지,"경기도 양평군 양동면 단석리 *** ***-*, ***-*, ***, ***, ***",,37.391136,127.747944,2022-11-17 16:18:45,동물_가축사육업.csv
양평군,진영농장,돼지,경기도 양평군 개군면 장자터길 **-*,,37.445698,127.540478,2025-06-15 19:27:01,동물_가축사육업.csv
양평군,피그랜드8단지,돼지,"경기도 양평군 양동면 계정리 ***-* ,***-*,***-*,***-**,***-**,***-*,***-*,***-*",,37.485226,127.755345,2025-01-31 13:23:38,동물_가축사육업.csv
양평군,피그랜드 1단지,돼지,"경기도 양평군 양동면 계정리 *** ***,***-*,***-*,***-*,***-*,***-*,***-*,***-*,****",,37.48623,127.759838,2024-04-03 10:47:26,동물_가축사육업.csv
양평군,피그랜드 10단지,돼지,경기도 양평군 양동면 계정리 ***-* ***,,37.48596,127.752578,2024-03-11 13:23:31,동물_가축사육업.csv
양평군,한나농장,돼지,"경기도 양평군 청운면 가현리 ***-* ,***-*,***",,37.540507,127.702799,2024-05-21 19:57:09,동물_가축사육업.csv
양평군,늘푸른농장,돼지,"경기도 양평군 용문면 삼성리 ***-* ,***-*,***-*,***-*",,37.468415,127.560448,2021-09-14 10:22:38,동물_가축사육업.csv
양평군,양평양동9단지,돼지,"경기도 양평군 양동면 계정리 ***-* ***-**,**,**,**,**,**,**",,37.484424,127.755386,2021-04-09 10:06:12,동물_가축사육업.csv
양평군,명성팜,돼지,경기도 양평군 양동면 양서동로 ***,,37.459207,127.793376,2026-02-13 10:16:25,동물_가축사육업.csv
양평군,피그랜드 3단지,돼지,"경기도 양평군 양동면 계정리 ***-* 외 *필지(***-*, ***-*, ***-**)",,37.484185,127.759179,2022-03-11 21:43:56,동물_가축사육업.csv
양평군,동광농장,돼지,"경기도 양평군 개군면 공세리 *** 외*필지, ***,***-*,***-*",,37.459792,127.547703,2021-01-27 17:47:35,동물_가축사육업.csv
양평군,우리농장,돼지,경기도 양평군 청운면 갈운리 ***-* 외*필지,,37.540473,127.77528,2016-06-27 19:09:32,동물_가축사육업.csv
양평군,양평 양돈 2단지,돼지,경기도 양평군 양동면 계정샛담길 ***-**,,37.485239,127.758904,2024-04-03 10:55:00,동물_가축사육업.csv
양평군,피그랜드 11단지,돼지,"경기도 양평군 양동면 계정리 ***-* , ***-**, ***-**, ***-*",,37.485626,127.756547,2021-12-08 17:30:44,동물_가축사육업.csv
양평군,피그랜드 6단지,돼지,"경기도 양평군 양동면 계정리 ***-* ***-*, ***-*, ***-*, ***-*, ***-*",,37.485275,127.756979,2025-01-31 13:24:39,동물_가축사육업.csv
양평군,고재용,돼지,"경기도 양평군 양동면 석곡리 ***-* ,산***-*",,37.431712,127.741644,2025-06-12 17:30:32,동물_가축사육업.csv
양평군,지연농장,돼지,"경기도 양평군 양평읍 도곡리 ***-* ,***,***-*,***,***-*,***-*,***-*,***-*,***-*",,37.480829,127.516282,2023-04-27 13:31:51,동물_가축사육업.csv
양평군,피그랜드7단지,돼지,경기도 양평군 양동면 계정리 ***,,37.457482,127.777714,2019-02-25 09:25:31,동물_가축사육업.csv
양평군,거성농장,돼지,"경기도 양평군 개군면 계전리 ** ,**,**-*",,37.427491,127.580382,2024-02-13 15:08:54,동물_가축사육업.csv
양평군,대진축산,돼지,"경기도 양평군 양평읍 창대리 **-* **-*,**-*,**-*,**-*,**-*,**-*,**-**,**,산**-*",,37.480713,127.515505,2024-08-07 15:17:55,동물_가축사육업.csv
양평군,김병수,돼지,경기도 양평군 청운면 버덩길 **-*,,37.538512,127.775478,2024-05-14 10:42:00,동물_가축사육업.csv
양평군,석강양평농장,돼지,"경기도 양평군 개군면 내리 ***-* ***-*, ***-*번지",,37.442702,127.56374,2025-12-10 15:43:26,동물_가축사육업.csv
춘천시,조양농장,돼지,강원특별자치도 춘천시 동산면 영서로 ***-**,,37.749537,127.785973,2025-01-17 11:08:43,동물_가축사육업.csv
춘천시,환희농장,돼지,강원특별자치도 춘천시 동산면 봉명*길 ***-**,,37.778014,127.802029,2020-03-24 21:32:19,동물_가축사육업.csv
춘천시,봉명농장,돼지,강원특별자치도 춘천시 동산면 원무동길 ***,,37.764328,127.787546,2023-05-11 11:10:27,동물_가축사육업.csv
춘천시,신청봉영농조합법인춘천지점,돼지,강원특별자치도 춘천시 동산면 새술막길 ***-**,,37.768864,127.728283,2021-08-03 10:45:19,동물_가축사육업.csv
춘천시,차돌농장,돼지,"강원특별자치도 춘천시 신동면 팔미길 **, 외 *필지호",,37.816842,127.692334,2018-12-27 11:59:46,동물_가축사육업.csv
춘천시,원진농장,돼지,강원특별자치도 춘천시 사북면 화악지암길 ***-**,,37.985113,127.611138,2021-11-11 11:02:18,동물_가축사육업.csv
춘천시,춘천농장,돼지,강원특별자치도 춘천시 동산면 가암길 ***-**,,37.78158,127.784792,2023-01-27 10:10:23,동물_가축사육업.csv
춘천시,주호농장,돼지,"강원특별자치도 춘천시 동산면 조양길 ***-**, 외 *필지",,37.742827,127.799314,2020-03-13 14:23:08,동물_가축사육업.csv
원주시,은혜농장,돼지,강원특별자치도 원주시 부론면 손곡로 **,,37.235788,127.798732,2024-07-12 09:03:21,동물_가축사육업.csv
원주시,바다농장,돼지,강원특별자치도 원주시 문막읍 견훤로 ***-**,,37.279636,127.797009,2020-06-15 19:19:51,동물_가축사육업.csv
원주시,두두농장,돼지,강원특별자치도 원주시 호저면 우무개로 ***,,37.363205,127.915791,2023-03-10 09:27:00,동물_가축사육업.csv
원주시,신청봉영농조합법인 소초지점,돼지,강원특별자치도 원주시 소초면 도도리길 **,,37.408151,128.002239,2023-07-19 20:04:21,동물_가축사육업.csv
원주시,만종농장,돼지,강원특별자치도 원주시 호저면 우무개로 ***,,37.363205,127.915791,2024-03-11 10:54:48,동물_가축사육업.csv
원주시,가곡농장,돼지,강원특별자치도 원주시 지정면 가곡새말길 **-**,,37.360675,127.865113,2026-07-10 14:13:19,동물_가축사육업.csv
원주시,대광농장,돼지,강원특별자치도 원주시 지정면 삼태울길 ***,,37.37796,127.802405,2018-03-14 15:55:29,동물_가축사육업.csv
원주시,창일농장,돼지,강원특별자치도 원주시 판부면 용수골길 **-**,,37.302799,127.93696,2024-01-20 15:47:54,동물_가축사육업.csv
원주시,정이농장,돼지,강원특별자치도 원주시 부론면 노숲길 **-**,,37.25732,127.787276,2024-05-23 09:08:45,동물_가축사육업.csv
원주시,대현농장,돼지,강원특별자치도 원주시 호저면 광학로 ***-**,,37.459102,127.939881,2024-01-29 10:49:11,동물_가축사육업.csv
원주시,영서고등학교,돼지,강원특별자치도 원주시 치악로 **** (반곡동),,37.313701,127.980452,2015-02-11 10:18:48,동물_가축사육업.csv
원주시,거목농장,돼지,강원특별자치도 원주시 지정면 질마재로 ***,,37.354901,127.866809,2017-01-30 16:15:47,동물_가축사육업.csv
원주시,태원농장,돼지,강원특별자치도 원주시 문막읍 뒤일길 ***-**,,37.282023,127.833105,2025-03-28 09:38:51,동물_가축사육업.csv
원주시,진정농장,돼지,강원특별자치도 원주시 부론면 견훤로 ***-**,,37.265999,127.783218,2020-02-12 10:02:42,동물_가축사육업.csv
원주시,신평농장,돼지,강원특별자치도 원주시 지정면 저금어지길 ***-**,,37.388851,127.906993,2019-08-19 19:28:37,동물_가축사육업.csv
원주시,번성농장,돼지,강원특별자치도 원주시 부론면 부귀로 ***-**,,37.195897,127.764612,2023-03-10 09:28:09,동물_가축사육업.csv
원주시,새한림축산,돼지,강원특별자치도 원주시 부론면 두둑말길 **,,37.241224,127.774931,2025-09-12 10:26:27,동물_가축사육업.csv
원주시,간현농장,돼지,강원특별자치도 원주시 지정면 작압길 ***,,37.349575,127.859764,2020-04-21 10:26:47,동물_가축사육업.csv
원주시,가나다농장,돼지,강원특별자치도 원주시 귀래면 귀운길 **,,37.219528,127.877296,2026-02-09 09:02:56,동물_가축사육업.csv
원주시,북원피그몰,돼지,강원특별자치도 원주시 부론면 손곡새말길 **-**,,37.230401,127.809595,2019-03-22 17:34:42,동물_가축사육업.csv
원주시,다담농장,돼지,강원특별자치도 원주시 문막읍 뒤일길 ***,,37.286508,127.832308,2014-09-25 09:43:44,동물_가축사육업.csv
원주시,보천농장,돼지,강원특별자치도 원주시 문막읍 작달막길 ***,,37.341666,127.789333,2024-09-20 17:25:09,동물_가축사육업.csv
원주시,영서고등학교,돼지,강원특별자치도 원주시 치악로 **** (반곡동),,37.313701,127.980452,2014-03-24 22:47:51,동물_가축사육업.csv
원주시,예덴농장,돼지,강원특별자치도 원주시 호저면 칠봉로 ***,,37.418406,127.904626,2016-01-29 14:10:31,동물_가축사육업.csv
원주시,이레농장,돼지,강원특별자치도 원주시 판부면 용수골길 **,,37.303203,127.935843,2020-06-15 21:42:12,동물_가축사육업.csv
원주시,소초농장,돼지,강원특별자치도 원주시 소초면 북원로 ****-**,,37.430949,127.976667,2020-06-15 19:56:27,동물_가축사육업.csv
원주시,이레농장 2,돼지,강원특별자치도 원주시 판부면 백운정길 *-**,,37.295646,127.935662,2018-01-10 10:53:13,동물_가축사육업.csv
원주시,주원농장,돼지,강원특별자치도 원주시 문막읍 사자골길 ***,,37.30052,127.76605,2020-02-24 18:10:11,동물_가축사육업.csv
원주시,지민농장,돼지,강원특별자치도 원주시 소초면 도도리길 **,,37.410454,128.000655,2014-06-01 14:02:44,동물_가축사육업.csv
원주시,농업회사법인(주)금돈,돼지,강원특별자치도 원주시 지정면 자작길 **,,37.369336,127.855364,2024-11-20 13:17:53,동물_가축사육업.csv
원주시,동인팜영농조합법인,돼지,강원특별자치도 원주시 부론면 학고개길 **,,37.194085,127.784461,2025-03-22 11:03:49,동물_가축사육업.csv
원주시,양성축산,돼지,강원특별자치도 원주시 소초면 치악로 ***,,37.408603,127.999165,2019-11-09 14:18:07,동물_가축사육업.csv
강릉시,주문축산,돼지,강원특별자치도 강릉시 구정면 미륵굼길 **,,37.707922,128.89715,2021-07-26 10:46:57,동물_가축사육업.csv
강릉시,모전농장,돼지,강원특별자치도 강릉시 강동면 모전리 ***-*,,37.712733,128.954958,2019-10-04 10:02:30,동물_가축사육업.csv
강릉시,명인농장,돼지,"강원특별자치도 강릉시 강동면 아래장작골길 ***, 외 *필지",,37.714703,128.965511,2026-06-26 15:11:08,동물_가축사육업.csv
강릉시,동해영농조합법인,돼지,강원특별자치도 강릉시 강동면 임곡로 ***-**,,37.693861,128.989796,2025-07-21 15:23:18,동물_가축사육업.csv
강릉시,홍가네농장,돼지,강원특별자치도 강릉시 주문진읍 장덕고개길 ***-**,,37.865614,128.796328,2025-06-16 11:29:45,동물_가축사육업.csv
강릉시,유성농장,돼지,강원특별자치도 강릉시 구정면 칠성로 ***,,37.70125,128.902155,2026-07-30 10:30:34,동물_가축사육업.csv
강릉시,주남영농조합법인,돼지,강원특별자치도 강릉시 강동면 임곡로 ***-**,,37.695043,128.976914,2025-06-16 10:54:35,동물_가축사육업.csv
강릉시,주문진희망농장,돼지,강원특별자치도 강릉시 주문진읍 거문동길 ***-**,,37.890129,128.786221,2018-09-05 16:08:27,동물_가축사육업.csv
강릉시,피내농장,돼지,강원특별자치도 강릉시 강동면 율곡로 ***,,37.645872,129.007015,2026-01-22 18:51:19,동물_가축사육업.csv
강릉시,태완농장,돼지,강원특별자치도 강릉시 강동면 임곡로 ***-**,,37.718237,128.981347,2024-02-15 14:54:17,동물_가축사육업.csv
강릉시,신국선,돼지,강원특별자치도 강릉시 옥계면 남양*길 ***,,37.554536,129.001396,2025-12-21 12:21:33,동물_가축사육업.csv
강릉시,구라미농장,돼지,강원특별자치도 강릉시 사천면 구라미길 ***,,37.836734,128.812902,2020-11-13 14:19:39,동물_가축사육업.csv
강릉시,영동 해피 팜,돼지,강원특별자치도 강릉시 강동면 율곡로 ***-**,,37.660244,129.014255,2020-10-13 18:04:04,동물_가축사육업.csv
강릉시,주남영농조합법인 2농장,돼지,강원특별자치도 강릉시 강동면 임곡로 ****,,37.657626,128.962744,2025-03-07 15:45:07,동물_가축사육업.csv
강릉시,하슬라농장,돼지,강원특별자치도 강릉시 강동면 아래장작골길 **-**,,37.717348,128.962598,2022-08-25 11:13:27,동물_가축사육업.csv
태백시,번영농장,돼지,강원특별자치도 태백시 사배리길 **-** (문곡동),,37.128686,128.989492,2020-01-29 13:41:01,동물_가축사육업.csv
삼척시,임마누엘 농장,돼지,강원특별자치도 삼척시 미로면 동산길 ***-**,,37.393781,129.084141,2020-07-01 16:41:16,동물_가축사육업.csv
삼척시,재덕농장,돼지,강원특별자치도 삼척시 원덕읍 삼척로 ***,,37.214147,129.334463,2020-02-26 16:04:35,동물_가축사육업.csv
삼척시,정원농장,돼지,강원특별자치도 삼척시 근덕면 삼척로 ****-**,,37.349767,129.241699,2022-03-23 14:31:19,동물_가축사육업.csv
삼척시,궁촌흑돼지,돼지,강원특별자치도 삼척시 근덕면 궁촌*길 ***,,37.303913,129.27908,2021-03-08 14:28:00,동물_가축사육업.csv
홍천군,선진농장,돼지,강원특별자치도 홍천군 북방면 성동로 **** (외 *필지),,37.783926,127.867708,2022-03-31 17:57:32,동물_가축사육업.csv
홍천군,남양약수농장,돼지,"강원특별자치도 홍천군 남면 시동리 ***-* , ****",,37.58591,127.829664,2024-01-24 10:23:41,동물_가축사육업.csv
홍천군,에코농장,돼지,강원특별자치도 홍천군 영귀미면 월운로 ***-** (외 *필지),,37.663819,127.931017,2025-06-24 14:40:02,동물_가축사육업.csv
홍천군,선영농장,돼지,강원특별자치도 홍천군 영귀미면 약바터길 **-*,,37.66426,128.006107,2021-02-04 17:28:32,동물_가축사육업.csv
홍천군,솔밭농장,돼지,강원특별자치도 홍천군 남면 신대로 ***-** (외*필지),,37.577462,127.820085,2025-10-29 15:37:06,동물_가축사육업.csv
홍천군,산우리농장,돼지,강원특별자치도 홍천군 화촌면 도심리길 ***,,37.801816,127.880898,2020-07-30 18:01:04,동물_가축사육업.csv
홍천군,낙원농장,돼지,강원특별자치도 홍천군 내촌면 동창로 ***,,37.78189,128.168013,2019-04-02 09:46:46,동물_가축사육업.csv
홍천군,유환농장,돼지,강원특별자치도 홍천군 남면 시동안로***번길 **-**,,37.59276,127.830519,2022-12-28 11:08:31,동물_가축사육업.csv
홍천군,희망축산,돼지,강원특별자치도 홍천군 화촌면 야시대로 **-**,,37.781439,127.970397,2020-12-22 08:16:08,동물_가축사육업.csv
홍천군,재현농장,돼지,강원특별자치도 홍천군 남면 향화터길 ***-*,,37.569448,127.851653,2021-08-01 11:46:15,동물_가축사육업.csv
홍천군,농업회사법인 홍천양돈주식회사,돼지,강원특별자치도 홍천군 남면 양지골길 ***,,37.572639,127.869016,2025-06-20 10:38:35,동물_가축사육업.csv
홍천군,자연생명,돼지,강원특별자치도 홍천군 남면 용수길 ***,,37.654172,127.741868,2025-09-04 10:45:36,동물_가축사육업.csv
홍천군,덕치농장,돼지,강원특별자치도 홍천군 영귀미면 덕치길 **,,37.692665,127.932613,2020-06-10 09:36:38,동물_가축사육업.csv
홍천군,산우리농장2,돼지,강원특별자치도 홍천군 화촌면 구성포리 ****,,37.801816,127.880898,2020-07-30 18:03:48,동물_가축사육업.csv
횡성군,우리들농장,돼지,강원특별자치도 횡성군 공근면 창봉*길 **,,37.573403,127.933449,2018-10-25 10:31:40,동물_가축사육업.csv
횡성군,정진영농조합법인,돼지,강원특별자치도 횡성군 공근면 창봉*길 **,,37.573143,127.933355,2019-05-08 14:40:24,동물_가축사육업.csv
횡성군,민경농장,돼지,강원특별자치도 횡성군 갑천면 대관대리 ***-*,,37.551882,128.031461,2020-08-08 13:31:28,동물_가축사육업.csv
횡성군,서원농장,돼지,강원특별자치도 횡성군 서원면 창촌리 **-**,,37.488279,127.877221,2019-08-22 17:25:28,동물_가축사육업.csv
횡성군,진흥농장,돼지,강원특별자치도 횡성군 안흥면 봉화로소사*길 ***,,37.46971,128.150197,2020-08-26 15:47:54,동물_가축사육업.csv
횡성군,승호농장,돼지,강원특별자치도 횡성군 안흥면 덧재로 ***-**,,37.450303,128.157498,2019-05-24 16:24:38,동물_가축사육업.csv
횡성군,환희농장,돼지,강원특별자치도 횡성군 안흥면 봉화로소사*길 **,,37.466314,128.142348,2023-05-23 09:47:43,동물_가축사육업.csv
횡성군,신청봉영농조합법인,돼지,강원특별자치도 횡성군 안흥면 덧재로***번길 **,,37.454642,128.161853,2020-08-13 17:05:21,동물_가축사육업.csv
횡성군,동성축산,돼지,강원특별자치도 횡성군 우천면 서동로백달*길 **,,37.440892,128.073392,2026-02-19 14:31:26,동물_가축사육업.csv
횡성군,산전농장,돼지,강원특별자치도 횡성군 우천면 산전리 ***-*,,37.497488,128.089571,2019-08-22 13:00:23,동물_가축사육업.csv
횡성군,신청봉영농조합법인,돼지,강원특별자치도 횡성군 강림면 태종로 ***,,37.350873,128.12318,2019-02-26 11:08:46,동물_가축사육업.csv
횡성군,신태양 농원,돼지,"강원특별자치도 횡성군 우천면 상하가리 *** , ***-**, ***-*, ***-*, ***-*, ***-*",,37.483253,128.072671,2025-10-16 09:40:41,동물_가축사육업.csv
횡성군,신청봉농장,돼지,강원특별자치도 횡성군 안흥면 소사리 ****-*,,37.458236,128.153357,2020-08-13 17:36:05,동물_가축사육업.csv
횡성군,티에스에프,돼지,강원특별자치도 횡성군 우천면 정금서*길 **,,37.509066,128.081873,2025-09-23 11:15:33,동물_가축사육업.csv
횡성군,길목축산,돼지,강원특별자치도 횡성군 공근면 초원안길 **-**,,37.533972,127.920759,2025-04-28 13:12:31,동물_가축사육업.csv
횡성군,도곡농장,돼지,강원특별자치도 횡성군 공근면 도곡로 ***,,37.549969,127.944852,2020-07-07 16:36:58,동물_가축사육업.csv
횡성군,우람농장,돼지,강원특별자치도 횡성군 둔내면 현천남길 ***-*,,37.471772,128.185588,2020-01-29 15:09:22,동물_가축사육업.csv
횡성군,은행나무농장,돼지,강원특별자치도 횡성군 안흥면 송한리 **-*,,37.43011,128.142577,2025-12-22 17:00:02,동물_가축사육업.csv
영월군,명성농장,돼지,강원특별자치도 영월군 북면 연덕리 ***,,37.289113,128.429148,2024-07-29 13:18:43,동물_가축사육업.csv
영월군,부흥농장,돼지,강원특별자치도 영월군 남면 배나무길 **-*,,37.141607,128.419211,2026-08-03 14:27:01,동물_가축사육업.csv
영월군,푸른농장,돼지,강원특별자치도 영월군 김삿갓면 예밀촌길 ***-** (외 *필지),,37.140891,128.59708,2024-01-15 15:55:44,동물_가축사육업.csv
영월군,우인호 농장,돼지,강원특별자치도 영월군 산솔면 응고개길 ***-**,,37.135355,128.696985,2026-07-13 09:21:27,동물_가축사육업.csv
영월군,운학토종농원,돼지,강원특별자치도 영월군 무릉도원면 운학리 ****-*,,37.355822,128.192089,2026-07-13 09:21:54,동물_가축사육업.csv
평창군,송정농장,돼지,강원특별자치도 평창군 진부면 윗쌀면길 **-**,,37.62139,128.562182,2021-10-27 16:46:19,동물_가축사육업.csv
평창군,이화영농조합법인,돼지,강원특별자치도 평창군 용평면 경강로 ****-**,,37.613246,128.474209,2023-02-17 14:45:44,동물_가축사육업.csv
평창군,환영농장,돼지,강원특별자치도 평창군 평창읍 천동*길 **,,37.33656,128.382264,2023-01-19 17:18:07,동물_가축사육업.csv
평창군,농업회사법인(주) 상월,돼지,강원특별자치도 평창군 진부면 상월거문로 ***-***,,37.627288,128.513266,2026-04-13 11:00:54,동물_가축사육업.csv
평창군,이시돌영농조합법인,돼지,강원특별자치도 평창군 진부면 상월거문로 ***-***,,37.617194,128.526564,2023-03-30 16:26:02,동물_가축사육업.csv
평창군,재승농장,돼지,강원특별자치도 평창군 대화면 평창대로 ***-**,,37.479753,128.451146,2026-01-16 11:33:48,동물_가축사육업.csv
철원군,동원농장 2,돼지,강원특별자치도 철원군 갈말읍 중군봉길 *,,38.119885,127.292563,2024-09-20 15:50:36,동물_가축사육업.csv
철원군,호황농장,돼지,강원특별자치도 철원군 서면 태봉로 ***-**,,38.165836,127.44144,2022-05-12 13:37:24,동물_가축사육업.csv
철원군,복돈(주),돼지,강원특별자치도 철원군 동송읍 오지로 ***-**,,38.187563,127.249663,2019-09-23 14:52:05,동물_가축사육업.csv
철원군,광민농장,돼지,강원특별자치도 철원군 갈말읍 호국로 ****-*,,38.190275,127.33628,2021-09-09 14:14:37,동물_가축사육업.csv
철원군,금강농장,돼지,강원특별자치도 철원군 김화읍 망경동길 **-*,,38.24237,127.399524,2021-08-19 10:35:29,동물_가축사육업.csv
철원군,이사야농업회사법인주식회사,돼지,강원특별자치도 철원군 갈말읍 중군봉길 ***,,38.128762,127.289209,2025-07-07 14:45:15,동물_가축사육업.csv
철원군,골드피그팜,돼지,강원특별자치도 철원군 동송읍 두루미로 ****-***,,38.263542,127.267221,2024-01-24 16:21:32,동물_가축사육업.csv
철원군,대광농장,돼지,강원특별자치도 철원군 동송읍 오지리 ****-**,,38.177751,127.222249,2022-05-12 13:33:03,동물_가축사육업.csv
철원군,다니엘농장,돼지,강원특별자치도 철원군 김화읍 청하골길 ***,,38.226263,127.389024,2025-03-06 10:16:52,동물_가축사육업.csv
철원군,싱싱팜농장,돼지,강원특별자치도 철원군 동송읍 금강산로 ***,,38.258003,127.264421,2023-12-13 16:17:43,동물_가축사육업.csv
철원군,삼화농장,돼지,강원특별자치도 철원군 동송읍 금학산로 **-**,,38.179127,127.225046,2025-03-12 10:33:15,동물_가축사육업.csv
철원군,태봉농장,돼지,강원특별자치도 철원군 철원읍 독서당길 **-*,,38.240961,127.186819,2021-10-26 11:24:46,동물_가축사육업.csv
철원군,대원농장,돼지,강원특별자치도 철원군 철원읍 대마*길 ***,,38.248767,127.152325,2026-08-04 11:01:14,동물_가축사육업.csv
철원군,철원농장(신신),돼지,강원특별자치도 철원군 갈말읍 호국로 ****,,38.224689,127.343149,2021-05-24 11:39:25,동물_가축사육업.csv
철원군,주현농장,돼지,강원특별자치도 철원군 동송읍 왜매길 ***-**,,38.172243,127.262081,2018-09-10 17:04:32,동물_가축사육업.csv
철원군,민이농장2,돼지,강원특별자치도 철원군 서면 조막동길 **-**,,38.159249,127.411832,2019-08-30 15:24:03,동물_가축사육업.csv
철원군,에이스농장,돼지,강원특별자치도 철원군 갈말읍 능곡길 **,,38.180133,127.389778,2014-08-05 12:46:22,동물_가축사육업.csv
철원군,마니농장2,돼지,강원특별자치도 철원군 동송읍 금강산로 ***,,38.259013,127.25978,2022-05-12 13:29:58,동물_가축사육업.csv
철원군,한세종축,돼지,강원특별자치도 철원군 동송읍 오대로 ***,,38.215899,127.25183,2026-01-08 13:38:28,동물_가축사육업.csv
철원군,농업회사법인 유한회사 동행원,돼지,강원특별자치도 철원군 갈말읍 호국로 ****-**,,38.17018,127.325755,2017-09-27 13:41:57,동물_가축사육업.csv
철원군,상일농장,돼지,강원특별자치도 철원군 서면 조막동길 **,,38.160258,127.411694,2020-02-14 11:43:44,동물_가축사육업.csv
철원군,농업회사법인 행복농장(유),돼지,강원특별자치도 철원군 동송읍 왜매길 ***-***,,38.172979,127.262805,2019-06-01 10:18:02,동물_가축사육업.csv
철원군,우보축산,돼지,강원특별자치도 철원군 동송읍 구수동*길 **,,38.181955,127.262064,2020-04-13 10:37:15,동물_가축사육업.csv
철원군,농업회사법인(유) 신성농장,돼지,강원특별자치도 철원군 동송읍 금강산로 ***,,38.258414,127.264128,2021-01-22 17:17:51,동물_가축사육업.csv
철원군,돈돈팜스,돼지,강원특별자치도 철원군 동송읍 왜매길 ***-***,,38.17496,127.261604,2017-11-08 14:31:11,동물_가축사육업.csv
철원군,철원농장,돼지,강원특별자치도 철원군 갈말읍 호국로 ****,,38.218574,127.344903,2022-05-12 13:21:26,동물_가축사육업.csv
철원군,삼화농장2,돼지,강원특별자치도 철원군 동송읍 금학산로 **-**,,38.179928,127.224434,2025-03-12 10:25:53,동물_가축사육업.csv
철원군,천일농장,돼지,강원특별자치도 철원군 동송읍 금학산로 **-*,,38.17691,127.223084,2021-05-28 10:10:28,동물_가축사육업.csv
철원군,다니엘2농장,돼지,강원특별자치도 철원군 근남면 호국로 ****-**,,38.256523,127.476823,2025-02-20 09:25:45,동물_가축사육업.csv
철원군,도담농장,돼지,강원특별자치도 철원군 동송읍 상노로 ***,,38.16209,127.226342,2020-11-19 10:29:05,동물_가축사육업.csv
철원군,한세농장2,돼지,강원특별자치도 철원군 동송읍 오지로 ***,,38.184629,127.252558,2020-02-04 09:57:24,동물_가축사육업.csv
철원군,철원농장,돼지,강원특별자치도 철원군 김화읍 망경동길 *-** (외*필),,38.245961,127.399064,2019-02-28 16:55:28,동물_가축사육업.csv
철원군,대광농장,돼지,강원특별자치도 철원군 동송읍 금학산로 **-**,,38.177877,127.224736,2026-07-09 09:50:22,동물_가축사육업.csv
철원군,가나안농장,돼지,강원특별자치도 철원군 갈말읍 호국로 ****-**,,38.225521,127.346547,2018-03-21 15:20:43,동물_가축사육업.csv
철원군,청양농장,돼지,강원특별자치도 철원군 김화읍 김화로 ***,,38.249998,127.366908,2017-05-04 15:33:43,동물_가축사육업.csv
철원군,청아농장,돼지,강원특별자치도 철원군 김화읍 청하골길 ***,,38.227219,127.387062,2021-11-09 13:03:58,동물_가축사육업.csv
철원군,미래농장,돼지,강원특별자치도 철원군 동송읍 금학산로 **-**,,38.177806,127.225111,2020-04-29 11:25:06,동물_가축사육업.csv
철원군,선녀농장,돼지,"강원특별자치도 철원군 근남면 호국로 ****-**, 선녀농장",,38.257131,127.477892,2017-12-26 15:00:55,동물_가축사육업.csv
철원군,농업회사법인 주식회사 금학축산,돼지,강원특별자치도 철원군 동송읍 상노로 ***-**,,38.167324,127.220592,2025-03-11 09:26:10,동물_가축사육업.csv
철원군,천마농장,돼지,강원특별자치도 철원군 동송읍 골말길 **-**,,38.178991,127.257091,2019-05-27 14:25:23,동물_가축사육업.csv
철원군,마린팜,돼지,강원특별자치도 철원군 동송읍 왜매길 ***-***,,38.172211,127.263997,2023-11-21 13:57:30,동물_가축사육업.csv
철원군,한세농장,돼지,강원특별자치도 철원군 동송읍 오지로 ***,,38.18494,127.252951,2019-12-26 13:30:06,동물_가축사육업.csv
철원군,나라축산,돼지,강원특별자치도 철원군 서면 와수로**번길 **,,38.222332,127.439001,2020-03-25 13:33:19,동물_가축사육업.csv
철원군,동산 제3농장,돼지,강원특별자치도 철원군 갈말읍 문혜리 ***-*,,38.193287,127.357016,2014-02-21 17:37:22,동물_가축사육업.csv
철원군,이사야35농장1,돼지,강원특별자치도 철원군 김화읍 청하골길 ***,,38.225304,127.388651,2025-01-24 17:11:47,동물_가축사육업.csv
철원군,농업회사법인새여리팜주식회사,돼지,강원특별자치도 철원군 동송읍 금강산로 ***,,38.260829,127.255629,2019-10-31 14:38:22,동물_가축사육업.csv
철원군,웰빙농장,돼지,"강원특별자치도 철원군 동송읍 금학산로 **-*, 웰빙농장",,38.179162,127.224123,2025-12-11 10:58:29,동물_가축사육업.csv
철원군,돈돈농장,돼지,강원특별자치도 철원군 갈말읍 태봉로 ****,,38.189937,127.352733,2023-01-12 10:57:04,동물_가축사육업.csv
철원군,한양종돈,돼지,강원특별자치도 철원군 갈말읍 신동막길 ***,,38.244369,127.290879,2021-11-30 14:00:51,동물_가축사육업.csv
철원군,한양농장,돼지,강원특별자치도 철원군 갈말읍 도창로 ***-**,,38.251471,127.352497,2026-01-08 13:32:31,동물_가축사육업.csv
철원군,이사야35농장2,돼지,강원특별자치도 철원군 김화읍 청하골길 ***,,38.225926,127.388482,2025-01-24 16:32:58,동물_가축사육업.csv
철원군,늘푸른농장,돼지,강원특별자치도 철원군 서면 와수리 ****,,38.261789,127.437573,2024-09-20 13:00:49,동물_가축사육업.csv
철원군,산성농장,돼지,강원특별자치도 철원군 갈말읍 지포리 ***,,38.139486,127.29883,2022-05-12 13:38:58,동물_가축사육업.csv
철원군,부흥농장,돼지,강원특별자치도 철원군 근남면 하오재로 ****,,38.255506,127.471864,2021-05-25 12:54:28,동물_가축사육업.csv
철원군,농업회사법인(유) 제이엠팜,돼지,강원특별자치도 철원군 동송읍 왜매길 ***-***,,38.175158,127.261278,2023-03-07 16:36:16,동물_가축사육업.csv
철원군,한양종돈 2,돼지,강원특별자치도 철원군 갈말읍 여우냇길 **,,38.156232,127.324313,2024-09-20 13:03:16,동물_가축사육업.csv
철원군,동원농장,돼지,강원특별자치도 철원군 갈말읍 강포리 ***외,,38.073183,127.364833,2023-01-09 17:52:50,동물_가축사육업.csv
철원군,시온농장,돼지,강원특별자치도 철원군 갈말읍 갈말로 ***,,38.189661,127.310678,2019-12-04 09:50:43,동물_가축사육업.csv
철원군,대광농장2,돼지,강원특별자치도 철원군 갈말읍 신동막길 ***,,38.243716,127.292939,2020-07-17 16:45:07,동물_가축사육업.csv
철원군,송원농장,돼지,"강원특별자치도 철원군 갈말읍 호국로 ****, 송원농장",,38.19244,127.333358,2021-09-09 13:56:07,동물_가축사육업.csv
철원군,농업회사법인 광성농장 주식회사,돼지,강원특별자치도 철원군 서면 금강로 ****,,38.185954,127.42156,2023-06-05 11:31:49,동물_가축사육업.csv
철원군,오렌지 농장,돼지,강원특별자치도 철원군 동송읍 오지로 **-***,,38.175175,127.259211,2019-03-21 09:06:46,동물_가축사육업.csv
화천군,(주)청운농업회사법인,돼지,강원특별자치도 화천군 사내면 박달로 ***-**,,38.106819,127.510715,2026-03-06 15:20:19,동물_가축사육업.csv
화천군,유창수,돼지,강원특별자치도 화천군 상서면 마산동길 **-**,,38.199513,127.666289,2019-06-10 11:30:18,동물_가축사육업.csv
화천군,자연농장,돼지,강원특별자치도 화천군 상서면 다목*길 **,,38.175613,127.584481,2023-03-30 15:18:47,동물_가축사육업.csv
화천군,양지농장,돼지,강원특별자치도 화천군 하남면 영서로 ****,,38.063096,127.658205,2025-10-08 15:04:10,동물_가축사육업.csv
화천군,재원농장,돼지,강원특별자치도 화천군 간동면 버덩말길 **-**,,38.039136,127.811606,2019-05-09 14:21:17,동물_가축사육업.csv
화천군,천지림팜,돼지,강원특별자치도 화천군 간동면 온수길 **,,38.050473,127.791596,2018-09-12 15:21:39,동물_가축사육업.csv
화천군,경기양돈,돼지,강원특별자치도 화천군 사내면 도일길 ***-**,,38.085016,127.493009,2026-02-06 09:59:41,동물_가축사육업.csv
화천군,돈그레팜,돼지,강원특별자치도 화천군 사내면 사내로*길 ***-* (장안농장),,38.072038,127.507836,2025-09-30 15:00:58,동물_가축사육업.csv
화천군,용담농장,돼지,강원특별자치도 화천군 사내면 사내천로 ***-**,,38.059092,127.554262,2023-12-13 16:45:45,동물_가축사육업.csv
화천군,수밀농장,돼지,강원특별자치도 화천군 사내면 수밀리길 ***,,38.046753,127.500974,2025-03-12 18:55:38,동물_가축사육업.csv
화천군,대지농장,돼지,강원특별자치도 화천군 사내면 햇골길 ***,,38.066389,127.5096,2025-02-27 09:27:04,동물_가축사육업.csv
화천군,천지림팜 사내점,돼지,강원특별자치도 화천군 사내면 도일길 ***-**,,38.083398,127.492494,2026-04-09 18:55:22,동물_가축사육업.csv
화천군,부광농장-2,돼지,강원특별자치도 화천군 상서면 다파로 ***-*,,38.190853,127.587573,2018-05-29 09:20:55,동물_가축사육업.csv
양구군,만우,돼지,강원특별자치도 양구군 방산면 평화로 ****,,38.228959,127.877503,2019-10-07 12:10:46,동물_가축사육업.csv
양구군,산처럼영농조합법인,돼지,강원특별자치도 양구군 동면 후곡리 ***,,38.171248,128.054328,2019-12-26 16:11:29,동물_가축사육업.csv
인제군,금빛농장,돼지,강원특별자치도 인제군 남면 설악로 ***-**,,37.936868,128.066318,2024-09-24 11:10:37,동물_가축사육업.csv
인제군,남전 양돈,돼지,강원특별자치도 인제군 기린면 북리 ***,,37.987584,128.321162,2021-09-01 17:55:55,동물_가축사육업.csv
인제군,농업회사법인 (유)도담피그몰,돼지,강원특별자치도 인제군 북면 풍전동길 **-**,,38.162897,128.190611,2022-02-10 17:32:26,동물_가축사육업.csv
인제군,해밀농장,돼지,강원특별자치도 인제군 인제읍 한석산로 ****-**,,38.054387,128.335749,2024-07-19 17:48:37,동물_가축사육업.csv
고성군,영수가 키운 흑돼지 농장,돼지,강원특별자치도 고성군 죽왕면 선유담북길 ***-*,,38.357242,128.49134,2024-01-08 17:11:00,동물_가축사육업.csv
고성군,금강농장,돼지,강원특별자치도 고성군 현내면 죽화로 **,,38.471411,128.41841,2023-01-11 19:21:18,동물_가축사육업.csv
고성군,창성농장,돼지,강원특별자치도 고성군 토성면 백촌*길 **,,38.291018,128.529525,2026-05-14 13:40:11,동물_가축사육업.csv
고성군,산우리축산,돼지,강원특별자치도 고성군 간성읍 건봉사로 ***-**,,38.385624,128.414751,2025-07-30 15:59:55,동물_가축사육업.csv
양양군,우정피그몰,돼지,강원특별자치도 양양군 손양면 동막골길 ***,,38.021922,128.638953,2020-10-12 16:44:39,동물_가축사육업.csv
양양군,이언농장,돼지,강원특별자치도 양양군 손양면 동막골길 ***,,38.021313,128.639113,2021-01-29 16:17:13,동물_가축사육업.csv
양양군,가든농장,돼지,강원특별자치도 양양군 손양면 삽존리 **,,38.020257,128.642665,2025-05-29 10:47:26,동물_가축사육업.csv
양양군,농업회사법인주식회사돈이월드,돼지,"강원특별자치도 양양군 손양면 삽존리 * *-*, **",,38.024619,128.643461,2020-12-23 14:12:46,동물_가축사육업.csv
양양군,채움농장2,돼지,강원특별자치도 양양군 손양면 동막골길 ***,,38.022228,128.635997,2021-08-06 11:29:03,동물_가축사육업.csv
양양군,채움농장,돼지,강원특별자치도 양양군 손양면 삽존리 **,,38.021963,128.63708,2018-01-18 09:03:07,동물_가축사육업.csv
양양군,조산목장,돼지,강원특별자치도 양양군 양양읍 포월리 ***,,38.107763,128.628027,2015-06-03 16:15:44,동물_가축사육업.csv
양양군,단성축산,돼지,강원특별자치도 양양군 손양면 삽존리 **,,38.022951,128.640828,2020-01-21 09:51:54,동물_가축사육업.csv
충주시,어래산농장,돼지,"충청북도 충주시 주덕읍 삼청리 *** 외(**,**)",,36.954397,127.790954,2023-12-01 13:44:05,동물_가축사육업.csv
충주시,민영축산,돼지,충청북도 충주시 신니면 모남*길 ***,,37.010818,127.663536,2019-12-04 17:27:11,동물_가축사육업.csv
충주시,중전 멧돼지농장,돼지,충청북도 충주시 앙성면 저전*길 **,,37.169117,127.730361,2017-10-12 09:55:42,동물_가축사육업.csv
충주시,다산농장,돼지,충청북도 충주시 동량면 대전리*길 ***-**,,37.04155,127.95107,2017-08-17 19:32:48,동물_가축사육업.csv
충주시,효동농장,돼지,충청북도 충주시 소태면 조기암길 **-**,,37.127331,127.808826,2021-11-12 11:28:34,동물_가축사육업.csv
충주시,덕인농장,돼지,충청북도 충주시 주덕읍 솔고개로 ***,,37.018758,127.772709,2019-03-28 13:18:30,동물_가축사육업.csv
충주시,대부농장,돼지,충청북도 충주시 신니면 신의수청길 **,,37.006123,127.736505,2025-12-12 18:08:05,동물_가축사육업.csv
충주시,제일축산영농조합법인,돼지,충청북도 충주시 주덕읍 안터길 **-**,,36.995089,127.793612,2021-04-19 17:05:17,동물_가축사육업.csv
충주시,한돈농장,돼지,충청북도 충주시 대소원면 음지말길 **,,36.969854,127.855605,2026-04-17 17:16:35,동물_가축사육업.csv
충주시,큰나무농장,돼지,충청북도 충주시 노은면 덕고개로 ***-*,,37.036236,127.739935,2019-05-15 13:36:09,동물_가축사육업.csv
충주시,법현앙성농장,돼지,충청북도 충주시 앙성면 앙암로 ***,,37.15213,127.744583,2022-01-24 10:02:07,동물_가축사육업.csv
충주시,농업회사법인(주)원산종돈 다원농장,돼지,충청북도 충주시 동량면 대전리*길 ***-**,,37.042149,127.957675,2024-03-15 10:22:58,동물_가축사육업.csv
충주시,남해농장,돼지,충청북도 충주시 주덕읍 삼청리 **-*,,36.956528,127.787922,2018-07-05 10:22:11,동물_가축사육업.csv
충주시,박사농장,돼지,충청북도 충주시 신니면 하랭이길 **,,36.995715,127.723716,2025-01-06 18:25:51,동물_가축사육업.csv
충주시,농업회사법인 동현(주),돼지,충청북도 충주시 주덕읍 창밭길 **,,36.976328,127.768774,2020-07-03 10:11:09,동물_가축사육업.csv
충주시,요셉농장2,돼지,충청북도 충주시 신니면 덕고개로 ***-**,,37.007528,127.735247,2018-07-26 19:44:24,동물_가축사육업.csv
충주시,수안보농장,돼지,충청북도 충주시 수안보면 큰갓골길 **,,36.88017,127.993646,2026-07-30 18:11:21,동물_가축사육업.csv
충주시,농업회사법인(주) 다비육종,돼지,충청북도 충주시 중앙탑면 묘곡내동길 ***,,37.044265,127.846833,2025-05-01 10:28:54,동물_가축사육업.csv
충주시,덕인농장,돼지,충청북도 충주시 주덕읍 안음골길 **,,37.008557,127.786512,2024-11-29 13:37:05,동물_가축사육업.csv
충주시,농업회사법인(주)다참,돼지,충청북도 충주시 신니면 하랭이길 **,,36.995646,127.724741,2019-03-26 17:46:52,동물_가축사육업.csv
충주시,요셉농장,돼지,충청북도 충주시 신니면 신의수청길 **,,37.004343,127.737962,2016-01-13 08:07:48,동물_가축사육업.csv
충주시,청화양돈,돼지,충청북도 충주시 금가면 금가중앙*길 ***-**,,37.025616,127.907679,2016-01-19 16:51:57,동물_가축사육업.csv
충주시,농업회사법인 (주)법현,돼지,충청북도 충주시 중앙탑면 첨단산업로 ***-*,,37.015217,127.843372,2021-01-26 17:50:06,동물_가축사육업.csv
충주시,우일농장,돼지,충청북도 충주시 중앙탑면 묘곡내동길 ***,,37.064093,127.832511,2025-01-06 18:30:39,동물_가축사육업.csv
충주시,153농장,돼지,충청북도 충주시 주덕읍 창전길 **-**,,36.975218,127.77036,2025-04-24 12:44:19,동물_가축사육업.csv
충주시,베일러농장,돼지,"충청북도 충주시 주덕읍 창전리 *** , ***-*",,36.974928,127.770469,2025-04-24 09:10:48,동물_가축사육업.csv
충주시,주덕 우일농장,돼지,충청북도 충주시 주덕읍 대창길 ***-**,,36.968373,127.766968,2017-08-17 19:34:10,동물_가축사육업.csv
충주시,솔이농장,돼지,충청북도 충주시 엄정면 동막강현길 ***,,37.09622,127.895787,2018-02-14 16:54:31,동물_가축사육업.csv
제천시,영일농장,돼지,충청북도 제천시 금성면 신담*길 ** (외*필지),,37.053419,128.190368,2020-04-08 14:38:01,동물_가축사육업.csv
제천시,지민농장,돼지,충청북도 제천시 금성면 청풍호로**길 **-**,,37.067943,128.174268,2019-08-29 09:13:39,동물_가축사육업.csv
제천시,선경농장,돼지,충청북도 제천시 백운면 애련로 ***,,37.108152,128.051172,2026-01-11 07:40:46,동물_가축사육업.csv
제천시,대영농장,돼지,충청북도 제천시 송학면 송학주천로**길 **,,37.204338,128.239891,2026-06-26 14:47:53,동물_가축사육업.csv
제천시,아름농장,돼지,충청북도 제천시 봉양읍 국사봉로 ***,,37.096421,128.103024,2026-06-10 15:38:49,동물_가축사육업.csv
제천시,보래농장,돼지,충청북도 제천시 봉양읍 앞산로 *** (외*필지),,37.119242,128.123552,2025-07-10 13:18:09,동물_가축사육업.csv
제천시,오형제농장,돼지,충청북도 제천시 송학면 시곡포전로 ***,,37.191103,128.254412,2025-04-18 17:29:52,동물_가축사육업.csv
제천시,선경농장,돼지,충청북도 제천시 금성면 위림리 ** 외 *필지(**-*,,37.070033,128.178765,2021-09-29 10:47:43,동물_가축사육업.csv
제천시,성림양돈,돼지,충청북도 제천시 수산면 인삼로 ***,,36.913667,128.210368,2023-04-29 08:37:17,동물_가축사육업.csv
제천시,대원축산,돼지,충청북도 제천시 백운면 애련로 ***-* (외*필지),,37.113059,128.048312,2016-08-04 08:50:49,동물_가축사육업.csv
제천시,부성농장,돼지,충청북도 제천시 단양로*안길 ** (고명동),,37.106137,128.252062,2026-08-03 13:25:42,동물_가축사육업.csv
제천시,이레농장,돼지,충청북도 제천시 금성면 국사봉로**길 ***-**,,37.073283,128.164397,2023-02-23 09:54:26,동물_가축사육업.csv
제천시,송왕농장,돼지,충청북도 제천시 송학면 도화로**길 ** (외*필지),,37.187097,128.253133,2017-08-14 18:02:50,동물_가축사육업.csv
제천시,애련농장,돼지,충청북도 제천시 백운면 애련로 ***,,37.11485,128.033703,2024-05-09 09:11:29,동물_가축사육업.csv
제천시,진솔5팜,돼지,충청북도 제천시 봉양읍 논골로*길 **,,37.108065,128.116703,2025-04-07 14:40:13,동물_가축사육업.csv
제천시,적덕농장,돼지,충청북도 제천시 금성면 국사봉로**길 ** (외*필지),,37.068509,128.157594,2020-02-11 14:23:16,동물_가축사육업.csv
제천시,마루축산,돼지,충청북도 제천시 송학면 선돌로*길 **,,37.201539,128.304711,2020-02-20 10:24:17,동물_가축사육업.csv
제천시,비봉토종농장,돼지,충청북도 제천시 청풍면 신리 ***-* 외*필지,,37.005789,128.150035,2005-03-07 10:11:32,동물_가축사육업.csv
보은군,구티농장,돼지,충청북도 보은군 산외면 내북산외로 ****-**,,36.554467,127.73186,2022-12-06 16:41:05,동물_가축사육업.csv
보은군,금옥농장,돼지,충청북도 보은군 보은읍 강신종곡길 ***-**,,36.512128,127.751541,2024-02-14 14:13:24,동물_가축사육업.csv
보은군,천남농장,돼지,충청북도 보은군 삼승면 삼승탄부로 ***-*,,36.404694,127.750211,2026-01-30 11:17:09,동물_가축사육업.csv
보은군,선규농장,돼지,충청북도 보은군 마로면 수문불목로 **,,36.444067,127.81322,2025-12-08 17:41:52,동물_가축사육업.csv
보은군,농업회사법인(주)큐2농장,돼지,충청북도 보은군 삼승면 원남장암로 **-**,,36.408021,127.733043,2024-02-14 13:12:03,동물_가축사육업.csv
보은군,근농축산,돼지,충청북도 보은군 보은읍 송산길 ***,,36.478279,127.736334,2024-02-14 10:34:41,동물_가축사육업.csv
보은군,대야농장,돼지,충청북도 보은군 보은읍 대야길 **-*,,36.491613,127.748961,2024-02-14 13:15:26,동물_가축사육업.csv
보은군,연암농장,돼지,충청북도 보은군 보은읍 풍취감동길 ***-**,,36.508743,127.731294,2024-02-14 14:14:27,동물_가축사육업.csv
보은군,우종선농장,돼지,충청북도 보은군 회인면 애곡로 **,,36.482647,127.620869,2024-02-14 10:29:38,동물_가축사육업.csv
보은군,김인현 농장,돼지,"충청북도 보은군 보은읍 강신리 ***-* , 성족리 **번지",,36.511933,127.74781,2024-02-14 14:12:29,동물_가축사육업.csv
보은군,현지농장,돼지,충청북도 보은군 내북면 화전*길 **,,36.573137,127.649448,2022-06-10 17:07:37,동물_가축사육업.csv
보은군,이레팜,돼지,충청북도 보은군 보은읍 둔덕수정로 ***-**,,36.462728,127.71953,2024-02-14 13:13:01,동물_가축사육업.csv
보은군,김주섭 농장,돼지,충청북도 보은군 장안면 봉비길 ***-**,,36.461913,127.804528,2024-02-14 14:19:19,동물_가축사육업.csv
보은군,황금돼지농장,돼지,충청북도 보은군 탄부면 덕동고승로 ***,,36.449575,127.739939,2024-02-14 13:08:07,동물_가축사육업.csv
보은군,수한농장,돼지,충청북도 보은군 수한면 성리 **-*,,36.463815,127.696701,2024-02-14 10:22:00,동물_가축사육업.csv
보은군,둥지축산,돼지,충청북도 보은군 탄부면 덕동매화길 **,,36.426729,127.767205,2020-01-13 08:49:00,동물_가축사육업.csv
보은군,별마을농장,돼지,충청북도 보은군 수한면 성리길 ***,,36.461844,127.693259,2026-07-09 10:05:19,동물_가축사육업.csv
보은군,신호진농장,돼지,충청북도 보은군 장안면 봉비길 ***-**,,36.460902,127.804456,2024-02-14 13:14:04,동물_가축사육업.csv
옥천군,요셉농장,돼지,충청북도 옥천군 청산면 판수길 *** (축사),,36.320823,127.804307,2023-08-10 18:07:25,동물_가축사육업.csv
옥천군,금강농원,돼지,충청북도 옥천군 청산면 의지길 ***,,36.330054,127.822756,2026-07-09 10:22:30,동물_가축사육업.csv
옥천군,농업회사법인 주식회사 다산,돼지,충청북도 옥천군 청산면 판수길 ***,,36.320347,127.80429,2026-07-14 14:25:26,동물_가축사육업.csv
옥천군,농업회사법인 주식회사 새한울,돼지,"충청북도 옥천군 이원면 윤정*길 **-**, 축사",,36.228145,127.616732,2026-07-13 09:11:34,동물_가축사육업.csv
옥천군,이시골 목장2,돼지,충청북도 옥천군 이원면 이원심천로 ***,,36.241719,127.689645,2025-11-28 17:30:54,동물_가축사육업.csv
옥천군,향토목장,돼지,충청북도 옥천군 청성면 조천길 ***-*,,36.27972,127.754481,2025-12-16 15:51:22,동물_가축사육업.csv
영동군,문창농장,돼지,충청북도 영동군 황간면 소난곡*길 **,,36.257161,127.923862,2020-04-21 11:23:58,동물_가축사육업.csv
영동군,맛지(금계농장),돼지,충청북도 영동군 황간면 황간로 ***,,36.268027,127.862766,2025-04-02 10:46:54,동물_가축사육업.csv
영동군,우래부농장,돼지,충청북도 영동군 양강면 금강로 ****-**,,36.143544,127.698606,2020-02-10 10:40:01,동물_가축사육업.csv
영동군,문경양돈 추풍령농장(양돈),돼지,충청북도 영동군 추풍령면 신안로 ***,,36.241898,128.012807,2023-02-23 14:56:31,동물_가축사육업.csv
영동군,농업회사법인 주식회사 영동팜스,돼지,충청북도 영동군 용산면 매남*길 **-**,,36.292367,127.829065,2025-06-24 14:53:27,동물_가축사육업.csv
영동군,고구름영농조합양돈장,돼지,"충청북도 영동군 추풍령면 작점로 *** (, ***번지, ***-*번지)",,36.207668,128.04324,2014-10-06 17:29:50,동물_가축사육업.csv
영동군,팜 우래부,돼지,충청북도 영동군 황간면 황간로 ***-**,,36.259043,127.866844,2026-08-06 15:32:34,동물_가축사육업.csv
진천군,만승농장,돼지,충청북도 진천군 광혜원면 진광로 ****-**,,37.007731,127.442481,2025-05-27 20:34:34,동물_가축사육업.csv
진천군,애니피그,돼지,충청북도 진천군 문백면 파재로 ***,,36.829777,127.445331,2021-03-05 15:26:59,동물_가축사육업.csv
진천군,송가네농장,돼지,충청북도 진천군 이월면 미잠길 **,,36.9405,127.461038,2026-07-03 10:48:25,동물_가축사육업.csv
진천군,사곡리농장,돼지,충청북도 진천군 이월면 사곡리 산 **-*,,36.893018,127.41766,2006-04-06 09:11:18,동물_가축사육업.csv
진천군,근원농장,돼지,충청북도 진천군 초평면 용산리 ***,,36.784804,127.536751,2004-11-18 09:12:15,동물_가축사육업.csv
진천군,구산농장,돼지,충청북도 진천군 이월면 삼양로 ***-**,,36.943798,127.463431,2014-10-29 11:27:05,동물_가축사육업.csv
진천군,농업회사법인 주식회사 돈우정(가을농장 지점),돼지,충청북도 진천군 덕산읍 도장길 ***-**,,36.874852,127.527183,2023-09-13 16:50:52,동물_가축사육업.csv
진천군,성산농장,돼지,충청북도 진천군 덕산읍 신척*길 **,,36.9258,127.49175,2017-09-12 17:51:51,동물_가축사육업.csv
진천군,농업회사법인 (주) 선진한마을 유전자원,돼지,충청북도 진천군 진천읍 백곡로 ****-**,,36.876801,127.421809,2022-08-24 13:05:32,동물_가축사육업.csv
진천군,농업회사법인(주)다산육종 지암농장,돼지,충청북도 진천군 진천읍 송강로 ***-**,,36.807146,127.416074,2025-12-29 10:48:33,동물_가축사육업.csv
진천군,정선농장,돼지,충청북도 진천군 문백면 봉죽길 **-**,,36.792103,127.432219,2022-09-26 11:03:44,동물_가축사육업.csv
진천군,지원농장,돼지,충청북도 진천군 이월면 장수로 ***,,36.885996,127.424437,2025-11-25 09:11:20,동물_가축사육업.csv
진천군,형제종축,돼지,충청북도 진천군 문백면 옥성*길 *-**,,36.8079,127.454277,2019-08-08 15:29:58,동물_가축사육업.csv
진천군,민수농장,돼지,충청북도 진천군 문백면 계산*길 **,,36.763209,127.420189,2018-02-22 09:08:03,동물_가축사육업.csv
진천군,삼용농장,돼지,충청북도 진천군 이월면 산삼로 ***-*,,36.901005,127.465792,2018-07-27 11:30:21,동물_가축사육업.csv
진천군,해승 농장2,돼지,충청북도 진천군 이월면 수평*길 ***-*,,36.900768,127.424312,2022-01-25 16:41:02,동물_가축사육업.csv
진천군,풍년농장,돼지,충청북도 진천군 덕산읍 귀농*길 ***,,36.88339,127.498974,2021-07-07 15:55:26,동물_가축사육업.csv
진천군,광혜원농장,돼지,충청북도 진천군 광혜원면 진광로 ****-***,,37.004455,127.445427,2021-02-04 18:04:54,동물_가축사육업.csv
진천군,진천국사,돼지,충청북도 진천군 진천읍 송강로 ***-**,,36.80751,127.415056,2026-07-28 08:41:40,동물_가축사육업.csv
진천군,대복농장,돼지,충청북도 진천군 이월면 밤디길 ***,,36.929301,127.456668,2016-07-28 13:00:44,동물_가축사육업.csv
진천군,송현 농장,돼지,충청북도 진천군 백곡면 문사로 ***,,36.859084,127.380587,2018-12-21 12:39:35,동물_가축사육업.csv
진천군,농업회사법인(주)삼성종돈,돼지,충청북도 진천군 문백면 도하*길 ***,,36.769841,127.426262,2026-07-16 06:51:50,동물_가축사육업.csv
진천군,금호진천농장,돼지,충청북도 진천군 이월면 중복길 **-**,,36.913156,127.443876,2026-04-29 15:44:00,동물_가축사육업.csv
진천군,부강농장,돼지,충청북도 진천군 문백면 평산*길 **,,36.805653,127.472437,2020-04-14 10:46:52,동물_가축사육업.csv
진천군,제이엔농장,돼지,충청북도 진천군 백곡면 대문새터길 **-**,,36.87095,127.321663,2018-02-22 08:56:49,동물_가축사육업.csv
진천군,원산농장,돼지,"충청북도 진천군 초평면 금성길 **-**, 원산농장(충북대학교 협력농장)-돈사",,36.787006,127.534822,2018-09-07 15:34:29,동물_가축사육업.csv
진천군,명성,돼지,충청북도 진천군 이월면 산삼로 ***-*,,36.909548,127.455632,2016-02-03 15:47:14,동물_가축사육업.csv
진천군,유림농장,돼지,충청북도 진천군 문백면 계산리 ***,,36.782691,127.408165,2025-08-05 09:09:20,동물_가축사육업.csv
진천군,서산농장,돼지,충청북도 진천군 덕산읍 덕금로 ***-**,,36.872077,127.481175,2019-03-18 13:59:21,동물_가축사육업.csv
진천군,삼부농장,돼지,충청북도 진천군 덕산읍 귀농*길 ***-**,,36.885192,127.503696,2023-03-02 10:16:49,동물_가축사육업.csv
진천군,정임농장,돼지,충청북도 진천군 백곡면 백곡로 ***-**,,36.88298,127.344896,2016-02-03 15:31:50,동물_가축사육업.csv
진천군,태농농장,돼지,충청북도 진천군 덕산읍 귀농*길 ***,,36.880883,127.502723,2021-03-05 15:26:02,동물_가축사육업.csv
진천군,대영농장,돼지,충청북도 진천군 초평면 용전*길 *-*,,36.78243,127.546625,2024-07-18 16:27:23,동물_가축사육업.csv
진천군,남경농장,돼지,충청북도 진천군 이월면 산삼로 ***-*,,36.900954,127.465164,2019-03-20 07:42:45,동물_가축사육업.csv
진천군,농업회사법인(주)다산육종 지암농장,돼지,충청북도 진천군 진천읍 송강로 ***-**,,36.806373,127.414985,2025-12-29 10:37:20,동물_가축사육업.csv
진천군,동골농장,돼지,충청북도 진천군 진천읍 문사로 ***-**,,36.851359,127.39023,2024-10-15 13:10:53,동물_가축사육업.csv
진천군,미잠농장,돼지,충청북도 진천군 이월면 물미길 ***,,36.9279,127.460688,2018-12-04 17:47:30,동물_가축사육업.csv
진천군,오갑농장,돼지,"충청북도 진천군 초평면 석탄길 **, 오갑농장",,36.839686,127.503641,2023-06-28 09:46:22,동물_가축사육업.csv
진천군,한국돈농장,돼지,충청북도 진천군 이월면 중복길 **,,36.915403,127.442274,2011-03-29 09:30:14,동물_가축사육업.csv
진천군,성지농장,돼지,충청북도 진천군 이월면 산삼로 ***-**,,36.904567,127.456432,2018-02-22 09:08:35,동물_가축사육업.csv
진천군,청림농장,돼지,충청북도 진천군 덕산읍 옥동*길 **,,36.899819,127.512133,2019-12-17 20:22:49,동물_가축사육업.csv
진천군,국민농장,돼지,충청북도 진천군 문백면 봉죽길 ***-**,,36.794584,127.427729,2019-10-22 13:55:19,동물_가축사육업.csv
진천군,농업회사법인 새이리팜 주식회사,돼지,충청북도 진천군 이월면 산삼로 ***-**,,36.909655,127.457869,2021-12-21 19:58:54,동물_가축사육업.csv
진천군,해승 농장,돼지,충청북도 진천군 이월면 수평*길 ***-*,,36.90033,127.424782,2025-03-31 09:27:18,동물_가축사육업.csv
진천군,농업회사법인 주식회사 해돈,돼지,충청북도 진천군 문백면 도하*길 *** ((도하리 ***-*외 *필지)),,36.766606,127.428183,2023-10-19 16:32:34,동물_가축사육업.csv
진천군,문봉리농장,돼지,충청북도 진천군 진천읍 문봉*길 **,,36.83892,127.397158,2021-04-21 13:03:29,동물_가축사육업.csv
진천군,기빈농장,돼지,충청북도 진천군 이월면 중복길 **-**,,36.91393,127.442582,2022-05-25 17:35:21,동물_가축사육업.csv
진천군,오가피 흑돼지 농장,돼지,충청북도 진천군 덕산읍 옥동리 **-**,,36.897268,127.519124,2006-03-06 10:42:39,동물_가축사육업.csv
진천군,엘림농장,돼지,충청북도 진천군 광혜원면 살천이길 **-**,,36.95292,127.443279,2021-02-25 17:39:27,동물_가축사육업.csv
진천군,행복한 돼지 대영농장,돼지,충청북도 진천군 초평면 용전*길 **,,36.782127,127.545934,2018-12-11 10:51:19,동물_가축사육업.csv
진천군,우리농장,돼지,충청북도 진천군 이월면 서당길 ***-**,,36.916137,127.414385,2017-07-19 17:31:38,동물_가축사육업.csv
진천군,라온팜스,돼지,충청북도 진천군 이월면 산삼로 ***-**,,36.904189,127.456134,2022-03-04 15:05:13,동물_가축사육업.csv
진천군,진천농장,돼지,"충청북도 진천군 이월면 중복길 **-**, **, **, **, **, ***, ***",,36.915027,127.441224,2024-07-05 10:46:34,동물_가축사육업.csv
진천군,민수농장,돼지,충청북도 진천군 문백면 계산리 *-** 외*필지(*-**),,36.773711,127.422588,2026-07-07 11:02:53,동물_가축사육업.csv
진천군,가보농장,돼지,충청북도 진천군 백곡면 백곡로 ***-**,,36.883967,127.342161,2026-07-03 10:41:41,동물_가축사육업.csv
진천군,산수농장,돼지,충청북도 진천군 덕산읍 인화길 **,,36.88018,127.485458,2025-05-27 20:41:14,동물_가축사육업.csv
진천군,사석농장,돼지,충청북도 진천군 진천읍 사석*길 **,,36.834288,127.40657,2018-12-05 17:34:20,동물_가축사육업.csv
진천군,대원농장,돼지,충청북도 진천군 문백면 계산*길 **-** (외 ***-*번지),,36.775618,127.419676,2021-12-08 17:56:18,동물_가축사육업.csv
진천군,송두리농장,돼지,충청북도 진천군 진천읍 송두*길 ***-**,,36.873,127.460378,2009-11-02 11:04:33,동물_가축사육업.csv
진천군,일비농장,돼지,충청북도 진천군 진천읍 송강로 ***-**,,36.807146,127.416074,2021-03-17 15:50:08,동물_가축사육업.csv
진천군,큰사람농장,돼지,충청북도 진천군 초평면 용산리길 ***,,36.798583,127.538707,2024-07-03 14:30:26,동물_가축사육업.csv
진천군,신정농장,돼지,충청북도 진천군 덕산읍 신척리 ***,,36.925214,127.493599,2005-12-15 10:39:51,동물_가축사육업.csv
진천군,석장농장,돼지,충청북도 진천군 덕산읍 석장로 **-**,,36.893578,127.517394,2024-08-27 14:20:32,동물_가축사육업.csv
괴산군,대성농장,돼지,충청북도 괴산군 소수면 원소로 *** (외*필지),,36.843404,127.711569,2024-04-24 14:30:41,동물_가축사육업.csv
괴산군,청하농장,돼지,충청북도 괴산군 감물면 감물로백양*길 **,,36.8494,127.881345,2019-01-28 16:26:27,동물_가축사육업.csv
괴산군,엘디팜영농조합법인,돼지,충청북도 괴산군 사리면 사리로 ***-**,,36.824971,127.645897,2026-05-06 10:37:51,동물_가축사육업.csv
괴산군,농업회사법인 비앤에이(주),돼지,"충청북도 괴산군 사리면 화산재로 ***-**, ***-**",,36.817114,127.735243,2026-06-29 15:43:40,동물_가축사육업.csv
괴산군,희자일농장,돼지,충청북도 괴산군 청안면 금신로*길 **,,36.767027,127.631562,2023-12-15 17:22:41,동물_가축사육업.csv
괴산군,문광농장 제2농장,돼지,충청북도 괴산군 문광면 호국로*길 **,,36.782451,127.781291,2020-04-24 17:06:18,동물_가축사육업.csv
괴산군,다미농장,돼지,충청북도 괴산군 청안면 금신로*길 ** (외*),,36.768571,127.635051,2023-03-16 21:04:06,동물_가축사육업.csv
괴산군,진솔농장2,돼지,충청북도 괴산군 소수면 수리 ***-*,,36.858632,127.756872,2021-09-01 11:01:44,동물_가축사육업.csv
괴산군,도야농장,돼지,충청북도 괴산군 사리면 사리로사담*길 **-**,,36.821429,127.645969,2025-04-23 13:24:56,동물_가축사육업.csv
괴산군,농업회사법인(주)다산육종,돼지,충청북도 괴산군 소수면 원소로신촌*길 ** (외*필지),,36.847085,127.711054,2021-12-06 14:41:44,동물_가축사육업.csv
괴산군,개신농장2,돼지,충청북도 괴산군 청안면 청안읍내로*길 ***-**,,36.76839,127.648363,2020-04-01 08:58:14,동물_가축사육업.csv
괴산군,반석농장,돼지,"충청북도 괴산군 괴산읍 문무로 ***-**, 문무로 ***-**",,36.829783,127.821814,2025-11-21 17:22:34,동물_가축사육업.csv
괴산군,솔마루농장,돼지,충청북도 괴산군 사리면 하도길 **-**,,36.815959,127.654632,2023-03-16 21:19:36,동물_가축사육업.csv
괴산군,사리농장,돼지,충청북도 괴산군 사리면 사리로사담*길 **,,36.820447,127.639162,2018-08-29 11:20:05,동물_가축사육업.csv
괴산군,정원농장,돼지,충청북도 괴산군 소수면 원소로 ****-**,,36.833982,127.743384,2023-03-16 21:14:44,동물_가축사육업.csv
괴산군,문광농장 제1농장,돼지,"충청북도 괴산군 문광면 괴산로 ****-**, 문광농장",,36.78643,127.76831,2020-03-11 10:07:23,동물_가축사육업.csv
괴산군,화양농장2,돼지,충청북도 괴산군 청천면 거봉*길 **,,36.71707,127.787294,2025-09-23 17:16:42,동물_가축사육업.csv
괴산군,진솔농장,돼지,충청북도 괴산군 소수면 수리 ***,,36.860178,127.750822,2023-03-16 21:30:22,동물_가축사육업.csv
괴산군,봉성축산,돼지,충청북도 괴산군 청안면 조천로*길 **,,36.789332,127.665624,2023-03-16 21:11:17,동물_가축사육업.csv
괴산군,백양농장,돼지,충청북도 괴산군 감물면 감물로 ***,,36.852215,127.878952,2023-03-16 21:17:52,동물_가축사육업.csv
괴산군,아람농장,돼지,충청북도 괴산군 청안면 금신로*길 **-**,,36.764693,127.635278,2025-09-23 10:46:58,동물_가축사육업.csv
괴산군,호영농장,돼지,충청북도 괴산군 청안면 청안읍내로 ***,,36.790007,127.639267,2023-03-17 20:27:15,동물_가축사육업.csv
괴산군,해종농장,돼지,충청북도 괴산군 청안면 금신로*길 **,,36.760184,127.629592,2023-03-16 21:12:50,동물_가축사육업.csv
괴산군,서울농장,돼지,충청북도 괴산군 청천면 후평도원로 *** (외*필지),,36.654122,127.777568,2023-03-16 21:14:21,동물_가축사육업.csv
괴산군,경향농장,돼지,"충청북도 괴산군 청안면 금신리 *** 외 *필지(***-*,***-*)",,36.7626,127.633897,2018-06-25 10:57:51,동물_가축사육업.csv
괴산군,승리농장,돼지,"충청북도 괴산군 사리면 이곡리 *** 외 *필지(***, ***-*, ***, ***)",,36.79449,127.714844,2018-07-31 12:49:30,동물_가축사육업.csv
괴산군,감물농장,돼지,충청북도 괴산군 감물면 맹이재로 ***,,36.815214,127.877278,2025-07-14 16:32:46,동물_가축사육업.csv
괴산군,연풍영농조합법인,돼지,충청북도 괴산군 연풍면 연풍로 ****,,36.766055,127.974745,2018-04-20 11:15:27,동물_가축사육업.csv
괴산군,한국농장,돼지,충청북도 괴산군 소수면 원소로 *** (외*필지),,36.843404,127.711569,2023-03-17 20:37:42,동물_가축사육업.csv
괴산군,농업회사법인 여리 주식회사,돼지,충청북도 괴산군 청안면 칠보로 ***-**,,36.742994,127.643441,2020-06-24 10:50:15,동물_가축사육업.csv
괴산군,우진팜스,돼지,충청북도 괴산군 불정면 문무로 ***-**,,36.849245,127.834246,2020-04-01 16:03:37,동물_가축사육업.csv
괴산군,해강축산,돼지,"충청북도 괴산군 사리면 하도*길 **-*, 사담소매길 **",,36.818084,127.653472,2025-04-18 18:09:12,동물_가축사육업.csv
괴산군,주호농장,돼지,충청북도 괴산군 사리면 사리로 *** (외 *필지),,36.831833,127.651287,2022-01-06 09:56:50,동물_가축사육업.csv
괴산군,감물농장제2농장,돼지,충청북도 괴산군 감물면 맹이재로 ***,,36.811628,127.875742,2023-03-16 21:12:26,동물_가축사육업.csv
괴산군,자우,돼지,충청북도 괴산군 청안면 광장로금계길 **-**,,36.777831,127.632061,2025-11-04 15:06:19,동물_가축사육업.csv
괴산군,수현농장,돼지,충청북도 괴산군 청안면 질마로 ****,,36.739293,127.70554,2019-07-31 17:55:40,동물_가축사육업.csv
괴산군,이곡농장,돼지,충청북도 괴산군 사리면 모래재로이곡*길 ***,,36.820117,127.705326,2021-09-10 10:32:23,동물_가축사육업.csv
괴산군,백마농장,돼지,충청북도 괴산군 사리면 사리로 *** (외*필지),,36.830955,127.651618,2019-07-10 21:17:37,동물_가축사육업.csv
괴산군,도도1농장,돼지,충청북도 괴산군 청안면 장암로 ***,,36.762069,127.71203,2024-07-17 14:21:24,동물_가축사육업.csv
괴산군,자연농장,돼지,충청북도 괴산군 칠성면 칠성로*길 **,,36.781176,127.854426,2023-03-17 20:04:44,동물_가축사육업.csv
괴산군,드림팜코리아,돼지,충청북도 괴산군 장연면 광진조곡로 ***,,36.878993,127.898094,2023-03-17 19:25:08,동물_가축사육업.csv
괴산군,진솔3농장,돼지,충청북도 괴산군 청천면 신후평*길 **,,36.658994,127.776797,2024-03-15 11:01:17,동물_가축사육업.csv
괴산군,개신농장,돼지,"충청북도 괴산군 청안면 청안읍내로*길 ***, 개신농장(외 *필지(***-*,***-*,***-*,***-*))",,36.771727,127.652071,2022-03-03 13:50:54,동물_가축사육업.csv
괴산군,도도2농장,돼지,충청북도 괴산군 문광면 괴산로 ****,,36.749381,127.726785,2023-05-25 14:12:11,동물_가축사육업.csv
괴산군,영농조합법인도야지친구들,돼지,충청북도 괴산군 장연면 미선로 ***,,36.784175,127.917592,2026-04-02 13:13:26,동물_가축사육업.csv
음성군,덕곡농축,돼지,충청북도 음성군 금왕읍 일생로 ***-**,,37.045894,127.540511,2017-10-09 14:13:13,동물_가축사육업.csv
음성군,유림음성,돼지,충청북도 음성군 생극면 임곡길 ***-**,,37.061497,127.594159,2021-08-12 16:22:45,동물_가축사육업.csv
음성군,큰산농장,돼지,"충청북도 음성군 원남면 주봉로 ***-** (외 *필지(***-*,***))",,36.859015,127.67699,2022-01-14 20:46:55,동물_가축사육업.csv
음성군,대자축산,돼지,충청북도 음성군 삼성면 대덕로 **-**,,37.026684,127.507509,2026-02-15 13:00:54,동물_가축사육업.csv
음성군,영진제2농장,돼지,충청북도 음성군 맹동면 덕금로 ***,,36.927473,127.54992,2024-05-09 11:00:22,동물_가축사육업.csv
음성군,삼성농장,돼지,충청북도 음성군 삼성면 대성로 ***,,36.990345,127.5002,2024-05-09 16:52:21,동물_가축사육업.csv
음성군,생극농장,돼지,충청북도 음성군 생극면 임곡길 ***-**,,37.06515,127.592079,2026-04-10 10:06:39,동물_가축사육업.csv
음성군,한삼농장,돼지,충청북도 음성군 금왕읍 유삼길**번길 *-** (외 *필지),,36.957248,127.546534,2026-02-23 17:53:59,동물_가축사육업.csv
음성군,농업회사법인 주식회사 주암,돼지,충청북도 음성군 대소읍 대금로***번길 **-**,,36.97389,127.503001,2021-04-06 13:44:58,동물_가축사육업.csv
음성군,백운농장,돼지,충청북도 음성군 삼성면 대성로 ***,,37.005487,127.493609,2022-09-06 09:05:28,동물_가축사육업.csv
음성군,산돌팜,돼지,충청북도 음성군 삼성면 하이텍산단로 **,,37.006578,127.463813,2021-01-22 12:02:03,동물_가축사육업.csv
음성군,광명,돼지,충청북도 음성군 생극면 음성로 ****-**,,37.06254,127.604004,2017-09-08 14:44:07,동물_가축사육업.csv
음성군,계림2축산,돼지,충청북도 음성군 삼성면 덕정로***번길 ***-**,,37.010059,127.503302,2021-01-01 20:58:18,동물_가축사육업.csv
음성군,계림축산,돼지,충청북도 음성군 삼성면 금일로 ***,,37.015527,127.515457,2017-01-04 14:21:16,동물_가축사육업.csv
음성군,야곱농장,돼지,충청북도 음성군 생극면 생오로 ***,,37.009887,127.642481,2024-04-12 10:11:30,동물_가축사육업.csv
음성군,연제축산,돼지,충청북도 음성군 삼성면 새미실길**번길 **-**,,36.983271,127.48756,2026-03-09 13:03:10,동물_가축사육업.csv
음성군,영림축산,돼지,충청북도 음성군 소이면 충청대로 ****-**,,36.940177,127.734312,2020-05-19 11:55:28,동물_가축사육업.csv
음성군,진기자돈,돼지,충청북도 음성군 대소읍 오류리 ***,,36.979152,127.474229,2019-11-09 18:13:55,동물_가축사육업.csv
음성군,우리농장,돼지,충청북도 음성군 생극면 생오로 ***,,37.013068,127.639683,2020-07-09 09:45:19,동물_가축사육업.csv
음성군,농업회사법인 동화농산(주)음성,돼지,충청북도 음성군 금왕읍 금율로 ***-**,,37.04379,127.544448,2025-01-03 17:51:30,동물_가축사육업.csv
음성군,유일농장,돼지,충청북도 음성군 생극면 임곡길***번길 **,,37.063445,127.585544,2019-10-15 10:36:26,동물_가축사육업.csv
음성군,백운농장,돼지,충청북도 음성군 삼성면 마재길 **-**,,37.008691,127.481629,2017-09-04 10:01:03,동물_가축사육업.csv
음성군,농업회사법인 (주)행복,돼지,충청북도 음성군 대소읍 삼양로 ***,,36.949353,127.454374,2017-12-20 11:45:29,동물_가축사육업.csv
음성군,다은농장,돼지,충청북도 음성군 삼성면 대양로 **-**,,37.039598,127.481645,2025-12-02 09:22:08,동물_가축사육업.csv
음성군,삼정농장,돼지,충청북도 음성군 대소읍 오태로***번길 **-**,,36.960415,127.485574,2022-10-06 14:29:39,동물_가축사육업.csv
음성군,옥야농장,돼지,충청북도 음성군 금왕읍 생삼로 ***,,37.03654,127.552763,2017-01-25 09:37:53,동물_가축사육업.csv
음성군,비산농장,돼지,충청북도 음성군 소이면 충청대로 ****-**,,36.953481,127.75236,2020-08-27 20:26:54,동물_가축사육업.csv
음성군,법현농장,돼지,충청북도 음성군 삼성면 하이텍산단로 **-**,,37.004985,127.468996,2020-03-26 11:50:35,동물_가축사육업.csv
음성군,대자2축산,돼지,충청북도 음성군 생극면 병암길 *** (외 *필지),,37.029924,127.592862,2026-02-13 18:59:08,동물_가축사육업.csv
음성군,서림농장,돼지,충청북도 음성군 삼성면 대성로 ***,,37.004246,127.494046,2017-10-09 13:29:36,동물_가축사육업.csv
단양군,어진농장,돼지,충청북도 단양군 어상천면 연곡심곡로 **-**,,37.069814,128.335087,2026-02-03 16:36:12,동물_가축사육업.csv
단양군,정 우,돼지,충청북도 단양군 어상천면 대전*길 **,,37.139639,128.339827,2024-01-04 18:06:02,동물_가축사육업.csv
단양군,안구학,돼지,충청북도 단양군 적성면 금수산로 ***-*,,36.997036,128.2899,2023-03-13 16:42:26,동물_가축사육업.csv
천안시,성훈농장,돼지,충청남도 천안시 동남구 동면 충절로 ****-*,,36.769656,127.331845,2016-03-08 11:30:18,동물_가축사육업.csv
천안시,호원농장,돼지,충청남도 천안시 서북구 입장면 호계길 **-*,,36.883744,127.235615,2022-07-08 13:44:30,동물_가축사육업.csv
천안시,가나안농장,돼지,충청남도 천안시 동남구 병천면 봉항*길 **,,36.833895,127.313561,2023-05-02 16:33:57,동물_가축사육업.csv
천안시,성원농산,돼지,충청남도 천안시 동남구 동면 용두천길 **-** (외*필지),,36.777027,127.38695,2020-07-16 10:41:37,동물_가축사육업.csv
천안시,부대동면농장,돼지,충청남도 천안시 동남구 동면 화복로 *-**,,36.785893,127.365194,2024-02-17 11:13:20,동물_가축사육업.csv
천안시,삼화양돈(2),돼지,"충청남도 천안시 동남구 풍세면 용정리 *** 외 *필지(***-*, ***)",,36.744149,127.10853,2023-02-14 21:24:03,동물_가축사육업.csv
천안시,해성팜스,돼지,충청남도 천안시 동남구 동면 구도*길 ***-**,,36.755089,127.347081,2020-10-28 17:34:54,동물_가축사육업.csv
천안시,제일농장,돼지,충청남도 천안시 동남구 동면 장송죽계길 **-**,,36.779022,127.372875,2022-04-25 16:18:55,동물_가축사육업.csv
천안시,진왕영농조합법인,돼지,충청남도 천안시 동남구 성남면 천정*길 **-**,,36.757069,127.200259,2021-12-04 14:53:13,동물_가축사육업.csv
천안시,부대농장,돼지,충청남도 천안시 동남구 동면 화복로 *-**,,36.78527,127.364169,2022-07-19 17:13:33,동물_가축사육업.csv
천안시,주식회사 농업회사법인 정원팜스(3),돼지,충청남도 천안시 동남구 수신면 장산동길 ***-**,,36.7488,127.306082,2024-12-24 15:31:50,동물_가축사육업.csv
천안시,농업회사법인 주식회사 돈우정(행암농장지점),돼지,충청남도 천안시 동남구 동면 행암길 **,,36.800384,127.349491,2025-11-19 16:48:17,동물_가축사육업.csv
천안시,그린농장,돼지,충청남도 천안시 서북구 성환읍 연암율금로 ***,,36.896725,127.104984,2022-06-21 10:12:25,동물_가축사육업.csv
천안시,원진축산,돼지,충청남도 천안시 서북구 입장면 양령*길 ***,,36.96164,127.175587,2020-11-05 10:23:48,동물_가축사육업.csv
천안시,청산축산,돼지,충청남도 천안시 동남구 성남면 봉양*길 ***-**,,36.702965,127.258925,2025-05-01 18:56:16,동물_가축사육업.csv
천안시,세민농장,돼지,충청남도 천안시 서북구 입장면 위례산길 ***-*,,36.892451,127.231602,2017-02-24 11:22:06,동물_가축사육업.csv
천안시,연암대학교 양돈유전자원센터,돼지,충청남도 천안시 서북구 성환읍 율금*길 *** (연암양돈유전자원센터),,36.900853,127.095462,2026-04-17 10:47:23,동물_가축사육업.csv
천안시,충무농장,돼지,충청남도 천안시 동남구 성남면 신사*길 **-** (외 *필지(***-*.*.**.**)),,36.745874,127.240367,2023-02-28 10:59:46,동물_가축사육업.csv
천안시,해성2농장,돼지,충청남도 천안시 동남구 동면 구도*길 **-**,,36.758271,127.350771,2015-11-06 17:01:19,동물_가축사육업.csv
천안시,문화농장,돼지,충청남도 천안시 동남구 목천읍 주락골길 ** (외 *필지),,36.744327,127.182968,2023-07-31 09:36:14,동물_가축사육업.csv
천안시,일화농장,돼지,충청남도 천안시 서북구 직산읍 부송*길 ** (외 *필지),,36.87632,127.129884,2021-09-24 16:19:35,동물_가축사육업.csv
천안시,대길2농장,돼지,충청남도 천안시 동남구 병천면 봉항로 ***,,36.820978,127.315761,2015-10-07 08:14:36,동물_가축사육업.csv
천안시,세아농장,돼지,충청남도 천안시 동남구 병천면 관성*길 ***-* (외 *필지),,36.810885,127.334311,2026-08-20 10:04:57,동물_가축사육업.csv
천안시,일헌농원,돼지,충청남도 천안시 서북구 성환읍 방축길 ***,,36.943909,127.088362,2020-10-15 17:54:25,동물_가축사육업.csv
천안시,보람축산,돼지,충청남도 천안시 동남구 병천면 개목고개길 ***,,36.781408,127.296469,2015-07-07 10:37:24,동물_가축사육업.csv
천안시,효성농장,돼지,충청남도 천안시 동남구 병천면 관성*길 ** (외 *필지),,36.818724,127.322131,2015-02-16 18:19:52,동물_가축사육업.csv
천안시,늘푸른농장,돼지,충청남도 천안시 동남구 성남면 봉양*길 ***-** (외*필지(***-*)),,36.7019,127.256987,2026-04-01 10:20:43,동물_가축사육업.csv
천안시,마루농장,돼지,충청남도 천안시 동남구 동면 충절로 ****-*,,36.769508,127.33109,2016-07-29 18:12:32,동물_가축사육업.csv
천안시,현수농장,돼지,충청남도 천안시 동남구 광덕면 검단리길 **-** (외 *필지),,36.668505,127.056256,2015-04-21 17:26:37,동물_가축사육업.csv
천안시,근묵농장,돼지,충청남도 천안시 동남구 동면 수남*길 **,,36.771721,127.371135,2020-07-29 09:25:20,동물_가축사육업.csv
천안시,대웅돈유전자1,돼지,충청남도 천안시 동남구 성남면 신사운전길 ***,,36.753573,127.243839,2019-12-11 11:37:08,동물_가축사육업.csv
천안시,충남농장,돼지,충청남도 천안시 서북구 성환읍 신방로 ***-***,,36.934549,127.130381,2019-02-26 15:15:14,동물_가축사육업.csv
천안시,신촌농장,돼지,충청남도 천안시 동남구 병천면 개목고개길 **-* (외 *필지),,36.771017,127.304657,2022-04-28 14:40:33,동물_가축사육업.csv
천안시,화성농장,돼지,충청남도 천안시 동남구 풍세면 삼태리 ***-*,,36.740922,127.091391,2015-11-09 16:21:03,동물_가축사육업.csv
천안시,화성양돈,돼지,충청남도 천안시 동남구 성남면 세성로 ***,,36.750083,127.259525,2023-02-09 09:40:55,동물_가축사육업.csv
천안시,오성농장,돼지,충청남도 천안시 동남구 풍세면 봉강천로 ***,,36.751614,127.113301,2022-07-19 18:23:30,동물_가축사육업.csv
천안시,정현농장(양돈),돼지,충청남도 천안시 동남구 광덕면 당하길 **-**,,36.710483,127.117586,2025-05-01 19:06:02,동물_가축사육업.csv
천안시,진솔2농장,돼지,충청남도 천안시 동남구 수신면 장산동길 ***-**,,36.743741,127.305348,2024-12-16 13:56:10,동물_가축사육업.csv
천안시,농업회사법인천안농산주식회사,돼지,충청남도 천안시 동남구 목천읍 충절로 ****,,36.775914,127.223331,2026-07-20 13:12:55,동물_가축사육업.csv
천안시,풍일농장,돼지,충청남도 천안시 서북구 성환읍 송덕*길 **,,36.915652,127.114813,2015-01-08 15:01:30,동물_가축사육업.csv
천안시,대웅돈 유전자,돼지,충청남도 천안시 동남구 성남면 신사운전길 ***,,36.755603,127.2435,2023-12-05 11:06:56,동물_가축사육업.csv
천안시,성호영농조합법인,돼지,충청남도 천안시 동남구 풍세면 용두*길 **,,36.749417,127.106985,2026-02-04 15:41:15,동물_가축사육업.csv
천안시,동남농장,돼지,충청남도 천안시 동남구 병천면 관성*길 ***-**,,36.815275,127.322232,2024-03-15 14:44:28,동물_가축사육업.csv
천안시,농업회사법인 주식회사 서연농장 지점(관성농장),돼지,충청남도 천안시 동남구 병천면 관성*길 ** (외 *필지),,36.819547,127.31959,2025-02-14 10:01:39,동물_가축사육업.csv
천안시,연암대학교,돼지,충청남도 천안시 서북구 성환읍 연암로 *** (천안연암대학교),,36.947932,127.15606,2025-08-22 13:43:22,동물_가축사육업.csv
천안시,한진1농장,돼지,충청남도 천안시 서북구 성환읍 임리길 **-**,,36.925843,127.088118,2020-01-30 20:17:37,동물_가축사육업.csv
천안시,주식회사 농업회사법인 정원팜스(1),돼지,충청남도 천안시 동남구 성남면 대흥*길 ***-**,,36.724816,127.219298,2024-12-24 15:32:38,동물_가축사육업.csv
천안시,청수농장,돼지,충청남도 천안시 서북구 직산읍 마정*길 ***,,36.870804,127.088369,2023-12-05 15:21:40,동물_가축사육업.csv
천안시,충무3농장,돼지,충청남도 천안시 동남구 풍세면 태학산로 ***,,36.735143,127.084982,2023-03-08 14:02:47,동물_가축사육업.csv
천안시,농업회사법인 투게더팜주식회사,돼지,충청남도 천안시 동남구 병천면 개목고개길 ***,,36.784005,127.296983,2026-07-20 13:23:40,동물_가축사육업.csv
천안시,부복농장,돼지,충청남도 천안시 동남구 동면 화복로 *-**,,36.785355,127.364784,2016-03-23 09:20:00,동물_가축사육업.csv
천안시,한진2농장,돼지,충청남도 천안시 서북구 성환읍 각금*길 ***-**,,36.919652,127.092718,2022-02-24 13:33:06,동물_가축사육업.csv
천안시,명은농장,돼지,충청남도 천안시 서북구 직산읍 돌실길 **-** (외 *필지),,36.885411,127.097627,2023-11-23 20:01:39,동물_가축사육업.csv
천안시,해성농장,돼지,충청남도 천안시 동남구 동면 구도*길 ***-**,,36.756526,127.345328,2023-02-13 09:51:51,동물_가축사육업.csv
천안시,해성4농장,돼지,충청남도 천안시 동남구 동면 구도*길 ***-**,,36.763125,127.324504,2025-09-11 10:07:00,동물_가축사육업.csv
천안시,성원농산2농장,돼지,충청남도 천안시 동남구 동면 장송리 ***-*,,36.779398,127.392663,2020-05-18 13:44:14,동물_가축사육업.csv
천안시,마글론농장,돼지,충청남도 천안시 동남구 성남면 화성리 *** 외 **필지,,36.748511,127.270903,2023-02-23 17:17:19,동물_가축사육업.csv
천안시,신기농장,돼지,충청남도 천안시 동남구 목천읍 도장리 ** 외*필지,,36.751945,127.192714,2023-12-04 14:18:22,동물_가축사육업.csv
천안시,병준농장,돼지,충청남도 천안시 서북구 입장면 시장리 ***-*,,36.893121,127.229115,2016-03-22 10:20:27,동물_가축사육업.csv
천안시,대전충남양돈농협인공수정센터,돼지,충청남도 천안시 동남구 목천읍 천정*길 **,,36.759754,127.208876,2020-03-26 16:11:49,동물_가축사육업.csv
천안시,팜스월드지지피천안 유전자연구소,돼지,충청남도 천안시 동남구 병천면 *산단로 ***-***,,36.761336,127.261303,2020-04-01 16:25:18,동물_가축사육업.csv
천안시,성인농장,돼지,충청남도 천안시 동남구 병천면 봉항로 ***,,36.842,127.316527,2021-01-22 17:48:28,동물_가축사육업.csv
천안시,충무농업회사 법인주식회사,돼지,충청남도 천안시 동남구 병천면 관성리 *** 외 **필지,,36.822696,127.32212,2023-03-08 14:02:23,동물_가축사육업.csv
천안시,주식회사 농업회사법인 정원팜스(2),돼지,충청남도 천안시 동남구 성남면 대흥*길 ***-*,,36.725051,127.220448,2024-12-24 15:32:20,동물_가축사육업.csv
천안시,소망농장,돼지,"충청남도 천안시 서북구 입장면 호당리 *** 외 *필지(***,***-*,***,***-*)",,36.891742,127.231454,2021-06-23 13:58:26,동물_가축사육업.csv
천안시,만나축산,돼지,충청남도 천안시 동남구 수신면 수신로 ***-*,,36.71724,127.277675,2021-12-04 15:31:32,동물_가축사육업.csv
천안시,석현1농장,돼지,충청남도 천안시 동남구 광덕면 당하길 **,,36.708274,127.114915,2019-10-31 15:04:38,동물_가축사육업.csv
천안시,대영농장,돼지,충청남도 천안시 동남구 동면 화복로 ***-**,,36.764988,127.400065,2026-02-20 13:37:56,동물_가축사육업.csv
천안시,영조농장,돼지,충청남도 천안시 서북구 직산읍 모시*길 **-**,,36.867055,127.135075,2019-02-11 15:49:31,동물_가축사육업.csv
천안시,피그텔,돼지,"충청남도 천안시 동남구 병천면 봉항리 ***-* 외 *필지(***-*, 산 ***, ***, ***-*, -*, ***-*, -*)",,36.824385,127.302053,2025-05-01 19:04:32,동물_가축사육업.csv
천안시,매산양돈 영농조합법인,돼지,충청남도 천안시 동남구 병천면 관성*길 **,,36.820787,127.319459,2024-01-29 18:31:17,동물_가축사육업.csv
천안시,부대병천농장,돼지,충청남도 천안시 동남구 병천면 관성*길 **,,36.818388,127.322129,2025-05-08 14:25:47,동물_가축사육업.csv
천안시,농업회사법인 주식회사 서연농장,돼지,충청남도 천안시 동남구 수신면 장산동길 ** (외 *필지),,36.734784,127.300472,2025-02-14 10:00:54,동물_가축사육업.csv
천안시,상훈2농장,돼지,충청남도 천안시 서북구 직산읍 부송*길 **,,36.872187,127.134424,2022-09-23 15:33:28,동물_가축사육업.csv
천안시,국립축산과학원 축산자원개발부,돼지,충청남도 천안시 서북구 성환읍 신방*길 *** (농촌진흥청축산연구소),,36.931583,127.102397,2021-12-04 14:32:15,동물_가축사육업.csv
천안시,별빛축산,돼지,충청남도 천안시 동남구 병천면 봉항로 ***,,36.81999,127.315429,2025-05-01 18:59:59,동물_가축사육업.csv
천안시,대성농원,돼지,충청남도 천안시 서북구 성환읍 왕지*길 **,,36.906981,127.091291,2016-07-05 10:14:36,동물_가축사육업.csv
천안시,송림양돈,돼지,충청남도 천안시 서북구 직산읍 부송로 ***,,36.875475,127.132598,2025-06-24 17:30:47,동물_가축사육업.csv
천안시,금호농장,돼지,충청남도 천안시 동남구 목천읍 도전마을길 **-*,,36.750963,127.174066,2020-06-19 09:39:31,동물_가축사육업.csv
천안시,삼화양돈,돼지,충청남도 천안시 동남구 풍세면 태학산로 ***,,36.745146,127.106789,2025-08-21 11:28:21,동물_가축사육업.csv
천안시,농업회사법인 동화농산 주식회사,돼지,충청남도 천안시 동남구 광덕면 차령로 ****,,36.671168,127.146951,2026-07-20 13:15:49,동물_가축사육업.csv
천안시,정우농장,돼지,"충청남도 천안시 동남구 풍세면 용정리 **-* 외 *필지(**-*,***-**,***-**,***-*)",,36.751188,127.111822,2025-08-21 12:36:08,동물_가축사육업.csv
공주시,미성,돼지,충청남도 공주시 계룡면 구부내로 ***,,36.355616,127.107336,2015-02-27 10:27:35,동물_가축사육업.csv
공주시,태영농장,돼지,충청남도 공주시 이인면 선근리*길 **,,36.377766,127.065123,2017-12-20 08:44:51,동물_가축사육업.csv
공주시,금강팜,돼지,충청남도 공주시 우성면 동대뒷골길 ***,,36.486523,127.059861,2019-05-29 09:28:19,동물_가축사육업.csv
공주시,자연 농원,돼지,충청남도 공주시 계룡면 거사막길 **,,36.399575,127.147817,2018-02-06 11:41:36,동물_가축사육업.csv
공주시,평화,돼지,충청남도 공주시 정안면 장원길 ***,,36.57307,127.13547,2020-08-18 20:43:08,동물_가축사육업.csv
공주시,금강포크,돼지,충청남도 공주시 우성면 동대리 ***-*,,36.483625,127.058362,2019-05-29 10:17:48,동물_가축사육업.csv
공주시,신영농장,돼지,충청남도 공주시 이인면 사당말*길 **,,36.332078,127.084593,2020-03-18 11:36:08,동물_가축사육업.csv
공주시,복지,돼지,충청남도 공주시 반포면 과수원길 **,,36.398703,127.230467,2014-11-21 10:42:39,동물_가축사육업.csv
공주시,해성농장,돼지,"충청남도 공주시 이인면 초봉리 *** ,***번지",,36.378211,127.062985,2018-06-19 09:52:35,동물_가축사육업.csv
공주시,텃골,돼지,충청남도 공주시 우성면 보흥*길 **-**,,36.452912,127.039156,2017-10-27 14:58:15,동물_가축사육업.csv
공주시,피그앤팜,돼지,충청남도 공주시 우성면 동곡리 ***-*,,36.502485,127.099994,2016-11-03 11:01:14,동물_가축사육업.csv
공주시,윤성농장,돼지,충청남도 공주시 정안면 율속길 **-***,,36.550908,127.118221,2017-06-05 08:50:21,동물_가축사육업.csv
공주시,남양,돼지,충청남도 공주시 장기면 봉안리 **,,36.499531,127.222985,2004-09-30 16:30:35,동물_가축사육업.csv
공주시,윤성본농장,돼지,충청남도 공주시 정안면 상수절덕길 **,,36.583723,127.12947,2021-01-05 09:38:16,동물_가축사육업.csv
공주시,남산농장,돼지,충청남도 공주시 탄천면 산골*길 **,,36.29735,127.034422,2021-08-25 13:21:44,동물_가축사육업.csv
공주시,해오름농장,돼지,충청남도 공주시 이인면 달밭*길 **-**,,36.35631,127.043207,2021-01-13 10:16:29,동물_가축사육업.csv
공주시,화백농장,돼지,충청남도 공주시 사곡면 계실길 ***,,36.507681,127.042966,2014-01-16 16:29:09,동물_가축사육업.csv
공주시,웅진농장,돼지,충청남도 공주시 사곡면 계실길 ***-**,,36.517272,127.039537,2025-01-17 10:45:12,동물_가축사육업.csv
공주시,팜랜드,돼지,충청남도 공주시 우성면 동대리 ***-*,,36.483038,127.055264,2025-03-31 10:51:45,동물_가축사육업.csv
공주시,한돈산업,돼지,충청남도 공주시 장기면 대교리 ***,,36.499409,127.211082,2011-12-26 12:35:18,동물_가축사육업.csv
공주시,정모,돼지,충청남도 공주시 정안면 차령고개로 **-**,,36.634512,127.120412,2015-07-13 08:52:51,동물_가축사육업.csv
공주시,대성,돼지,충청남도 공주시 계룡면 경천리 ***-**,,36.317997,127.157404,2016-11-25 09:27:11,동물_가축사육업.csv
공주시,화백제2농장,돼지,충청남도 공주시 이인면 금광로 ***,,36.350237,127.066573,2020-09-17 15:28:48,동물_가축사육업.csv
공주시,해오름2농장,돼지,충청남도 공주시 이인면 달밭외길 **,,36.354951,127.050379,2021-01-13 10:19:18,동물_가축사육업.csv
공주시,안양농장,돼지,충청남도 공주시 우성면 덕바위길 **-**,,36.449699,127.014109,2026-07-10 13:53:00,동물_가축사육업.csv
공주시,태성농장,돼지,충청남도 공주시 정안면 장원길 ***,,36.57469,127.143297,2025-04-09 10:56:58,동물_가축사육업.csv
공주시,목화,돼지,충청남도 공주시 이인면 이인리 **-*,,36.351819,127.063802,2023-10-19 10:28:17,동물_가축사육업.csv
공주시,목화,돼지,충청남도 공주시 이인면 이인리 **,,36.349473,127.06642,2024-02-22 17:36:46,동물_가축사육업.csv
공주시,금강파크,돼지,충청남도 공주시 우성면 동대뒷골길 ***,,36.486066,127.059195,2026-08-13 09:10:46,동물_가축사육업.csv
공주시,해강,돼지,충청남도 공주시 이인면 달밭*길 **,,36.3613,127.041331,2023-03-30 13:27:05,동물_가축사육업.csv
공주시,공주생명과학고 제2농장,돼지,충청남도 공주시 신기동 ***-*,,36.4321,127.138048,2026-02-20 15:34:20,동물_가축사육업.csv
공주시,유일 농장,돼지,충청남도 공주시 신풍면 대룡조평길 ***-**,,36.509977,126.938725,2015-07-17 14:58:40,동물_가축사육업.csv
공주시,동원축산,돼지,충청남도 공주시 신풍면 만천길 ***,,36.529282,126.955203,2016-07-21 17:51:16,동물_가축사육업.csv
공주시,안골농장,돼지,"충청남도 공주시 탄천면 안골길 **-** (***,***)",,36.283901,127.030736,2026-04-01 15:43:30,동물_가축사육업.csv
공주시,남경농장,돼지,충청남도 공주시 정안면 상룡길 ***-**,,36.535268,127.106336,2014-02-22 13:36:15,동물_가축사육업.csv
공주시,장선,돼지,충청남도 공주시 탄천면 상수문길 ***,,36.307188,127.079944,2016-01-07 19:39:59,동물_가축사육업.csv
공주시,대흥,돼지,충청남도 공주시 탄천면 국사봉로 ***-*,,36.350179,127.018173,2026-07-01 15:08:47,동물_가축사육업.csv
공주시,청하농장,돼지,충청남도 공주시 계룡면 뒤암마루길 **-**,,36.332793,127.171697,2022-08-02 10:54:19,동물_가축사육업.csv
공주시,이인농장,돼지,충청남도 공주시 이인면 달밭외길 **,,36.355677,127.055552,2018-01-17 09:43:31,동물_가축사육업.csv
공주시,지강농장,돼지,"충청남도 공주시 이인면 선근리*길 **-* (***,***)",,36.377325,127.064451,2014-11-28 09:12:08,동물_가축사육업.csv
공주시,목동농장,돼지,충청남도 공주시 이인면 군두리길 **,,36.377768,127.088778,2015-10-27 08:25:29,동물_가축사육업.csv
공주시,행복농장,돼지,충청남도 공주시 이인면 달밭*길 **,,36.353351,127.04452,2019-02-11 17:17:15,동물_가축사육업.csv
공주시,예성농장,돼지,충청남도 공주시 탄천면 남산리 ***-*,,36.289031,127.036136,2017-07-28 10:21:18,동물_가축사육업.csv
공주시,다산농장,돼지,충청남도 공주시 정안면 장원오얏골길 **,,36.577283,127.132835,2014-06-16 16:59:40,동물_가축사육업.csv
공주시,양화농장,돼지,충청남도 공주시 계룡면 뒤암마루길 **-**,,36.33287,127.172451,2016-03-03 19:07:56,동물_가축사육업.csv
공주시,농업회사법인 주식회사 이화,돼지,충청남도 공주시 이인면 금광로 ***-* (외 *필지),,36.347963,127.068188,2026-06-30 09:26:48,동물_가축사육업.csv
공주시,공주,돼지,충청남도 공주시 왕촌길 *** (상왕동),,36.424938,127.173064,2005-07-11 14:07:37,동물_가축사육업.csv
공주시,성원농장,돼지,충청남도 공주시 의당면 의당전의로 ***,,36.551174,127.185364,2026-01-27 10:13:52,동물_가축사육업.csv
공주시,태건농장,돼지,충청남도 공주시 이인면 선근리*길 **-*,,36.377369,127.064771,2022-06-02 15:10:16,동물_가축사육업.csv
공주시,보라농장,돼지,충청남도 공주시 탄천면 산디길 *-**,,36.313623,127.074725,2014-01-31 12:53:06,동물_가축사육업.csv
공주시,월미농장,돼지,충청남도 공주시 우성면 나무골길 **,,36.451812,127.061939,2024-01-18 11:31:02,동물_가축사육업.csv
공주시,가나안,돼지,충청남도 공주시 반포면 밤고개길 **,,36.400042,127.228358,2017-01-24 09:47:55,동물_가축사육업.csv
공주시,금강축산,돼지,충청남도 공주시 우성면 단지리 ** 외 *필지 / 공주시 동대리 *** 외 *필지,,36.48017,127.062474,2025-12-04 16:13:29,동물_가축사육업.csv
공주시,돈복,돼지,충청남도 공주시 의당면 유계학골길 **-**,,36.514396,127.17042,2024-02-28 13:46:31,동물_가축사육업.csv
공주시,청해농장,돼지,충청남도 공주시 정안면 고성*길 ***,,36.588984,127.079069,2022-07-07 17:27:51,동물_가축사육업.csv
공주시,평안농장,돼지,충청남도 공주시 정안면 장원길 ***-**,,36.571405,127.134245,2026-04-15 14:52:51,동물_가축사육업.csv
공주시,청우농장,돼지,충청남도 공주시 정안면 쇄내골길 **,,36.596854,127.139007,2022-02-17 15:42:01,동물_가축사육업.csv
공주시,두레농장,돼지,충청남도 공주시 계룡면 거사막길 **,,36.399444,127.14754,2026-08-18 15:04:54,동물_가축사육업.csv
공주시,농업회사법인 주식회사 대덕농장,돼지,충청남도 공주시 유구읍 안양골*길 ***,,36.542186,126.93458,2023-02-28 14:43:03,동물_가축사육업.csv
공주시,봉주,돼지,충청남도 공주시 우성면 동대*길 **,,36.473932,127.051294,2005-05-12 17:14:37,동물_가축사육업.csv
공주시,태림농장,돼지,충청남도 공주시 우성면 나무골길 **,,36.451744,127.062704,2026-01-07 14:17:02,동물_가축사육업.csv
공주시,목동농장,돼지,충청남도 공주시 이인면 군두리길 **,,36.377768,127.088778,2018-02-28 14:47:35,동물_가축사육업.csv
공주시,순자,돼지,충청남도 공주시 탄천면 장선리 ***-**,,36.312275,127.074401,2019-07-24 09:27:03,동물_가축사육업.csv
공주시,마매든농장,돼지,충청남도 공주시 탄천면 금백로 **** (***-*),,36.297079,127.036911,2021-04-15 16:50:35,동물_가축사육업.csv
공주시,미성농장,돼지,충청남도 공주시 계룡면 구부내로 ***,,36.356145,127.106385,2015-12-03 09:36:00,동물_가축사육업.csv
공주시,대성,돼지,충청남도 공주시 우성면 대성길 ***,,36.459886,127.071367,2021-01-05 09:35:42,동물_가축사육업.csv
공주시,부자농장,돼지,충청남도 공주시 이인면 금광로 ***,,36.352101,127.065484,2018-02-28 14:39:06,동물_가축사육업.csv
보령시,새봄농장,돼지,충청남도 보령시 천북면 장은리 ***-*,,36.506803,126.505387,2017-07-26 09:53:22,동물_가축사육업.csv
보령시,구룡농장,돼지,충청남도 보령시 주산면 대창증산로 ***-**,,36.203007,126.576426,2019-01-31 10:14:14,동물_가축사육업.csv
보령시,창원농장,돼지,충청남도 보령시 천북면 궁포리 *** 외 **필지,,36.49098,126.55431,2025-05-09 10:51:00,동물_가축사육업.csv
보령시,꿈돼지1농장,돼지,충청남도 보령시 천북면 천광로 ***-**,,36.495752,126.589241,2023-04-04 10:03:55,동물_가축사육업.csv
보령시,희헌농장,돼지,충청남도 보령시 천북면 궁포리 ***-*,,36.494742,126.542809,2017-08-07 08:31:08,동물_가축사육업.csv
보령시,신현농장,돼지,충청남도 보령시 천북면 신죽리 **,,36.487256,126.58797,2021-07-21 15:12:38,동물_가축사육업.csv
보령시,오로라팜 2,돼지,충청남도 보령시 웅천읍 성동리 ****,,36.244536,126.611063,2026-06-29 09:31:03,동물_가축사육업.csv
보령시,흠선농장,돼지,충청남도 보령시 천북면 화곡*길 **,,36.475838,126.537828,2017-07-26 09:54:09,동물_가축사육업.csv
보령시,성진농장,돼지,충청남도 보령시 천북면 낙동리 ****-*,,36.48518,126.565378,2019-03-14 09:45:46,동물_가축사육업.csv
보령시,도요농장,돼지,"충청남도 보령시 청소면 죽림리 ***,-*,*,*,*,*,*,*",,36.470778,126.613594,2018-03-09 16:41:50,동물_가축사육업.csv
보령시,부자목장,돼지,충청남도 보령시 천북면 사호장은로 ***-**,,36.494271,126.485475,2021-12-14 10:18:09,동물_가축사육업.csv
보령시,솔로몬농장,돼지,충청남도 보령시 천북면 하만리 ***-*,,36.4782,126.529755,2018-07-26 13:27:43,동물_가축사육업.csv
보령시,하늘농장,돼지,충청남도 보령시 천북면 동막원안길 ***,,36.494483,126.575818,2020-02-06 16:56:45,동물_가축사육업.csv
보령시,새봄팜,돼지,충청남도 보령시 천북면 송현길 **-***,,36.472929,126.546746,2019-07-22 10:23:18,동물_가축사육업.csv
보령시,준농장,돼지,"충청남도 보령시 천북면 하만리 ***,***,***",,36.467592,126.524916,2018-12-21 11:13:29,동물_가축사육업.csv
보령시,정필농장,돼지,충청남도 보령시 천북면 궁포리 ***,,36.490277,126.555517,2016-02-22 08:58:06,동물_가축사육업.csv
보령시,오로라팜 1,돼지,충청남도 보령시 주산면 주산벚꽃로 ***-**,,36.209395,126.635419,2026-06-29 09:30:27,동물_가축사육업.csv
보령시,농현농장,돼지,충청남도 보령시 천북면 신죽리 **-*,,36.485883,126.594386,2016-03-12 22:57:02,동물_가축사육업.csv
보령시,녹색농장,돼지,충청남도 보령시 천북면 신죽리 ***-*,,36.488333,126.59113,2025-05-29 16:30:53,동물_가축사육업.csv
보령시,푸른농장,돼지,충청남도 보령시 천북면 낙동리 ****-*,,36.467524,126.538569,2026-04-30 11:18:14,동물_가축사육업.csv
보령시,영일농장,돼지,충청남도 보령시 천북면 봉산길 **-**,,36.477515,126.514918,2022-04-27 09:47:46,동물_가축사육업.csv
보령시,신진농장2,돼지,충청남도 보령시 천북면 낙동리 ***-** 외 *필지(***-**),,36.484699,126.570032,2019-09-24 16:02:31,동물_가축사육업.csv
보령시,장풍목장,돼지,충청남도 보령시 천북면 숨은개길 **,,36.508314,126.514024,2017-07-26 09:33:31,동물_가축사육업.csv
보령시,세풍농장,돼지,충청남도 보령시 천북면 천광로 ***-**,,36.487857,126.545111,2026-02-02 21:04:44,동물_가축사육업.csv
보령시,사호축산영농조합법인(비육장),돼지,충청남도 보령시 천북면 학성리 ***-*,,36.452651,126.504361,2026-07-02 12:50:01,동물_가축사육업.csv
보령시,농업회사법인(주)대덕농장,돼지,"충청남도 보령시 천북면 낙동리 ****-* ,****-*, ****-*",,36.473799,126.548784,2025-04-10 10:10:01,동물_가축사육업.csv
보령시,안태농장,돼지,충청남도 보령시 천북면 낙동리 ***-*,,36.475784,126.542838,2023-05-18 14:50:42,동물_가축사육업.csv
보령시,농업회사법인(주)삼화육종 본궁농장,돼지,충청남도 보령시 천북면 천광로 ***,,36.483146,126.54081,2025-05-28 15:51:17,동물_가축사육업.csv
보령시,정호농장,돼지,"충청남도 보령시 천북면 신죽리 **-* ,**-*,**,**-*,**-*,**",,36.483917,126.596246,2024-03-18 15:36:58,동물_가축사육업.csv
보령시,꿈돼지보령농장,돼지,충청남도 보령시 천북면 신죽리 ***-*,,36.491734,126.585456,2021-12-24 09:18:11,동물_가축사육업.csv
보령시,상원농장,돼지,충청남도 보령시 천북면 숨은개길 *-**,,36.509994,126.513496,2021-02-09 11:09:57,동물_가축사육업.csv
보령시,한영수농장,돼지,"충청남도 보령시 천북면 장은리 **-* 외 *필지(**, **-*)",,36.492789,126.53136,2022-10-21 10:56:09,동물_가축사육업.csv
보령시,구항농장,돼지,충청남도 보령시 천북면 하학로 ***,,36.466222,126.513558,2022-06-03 15:24:01,동물_가축사육업.csv
보령시,천수만농장,돼지,충청남도 보령시 천북면 사호장은로 ***,,36.474223,126.494424,2022-06-06 14:33:09,동물_가축사육업.csv
보령시,남포농장,돼지,충청남도 보령시 남포면 양항리 ***-* -외 *필지,,36.27675,126.554843,2022-01-25 15:54:40,동물_가축사육업.csv
보령시,수철농장,돼지,충청남도 보령시 천북면 무시점길 **-**,,36.510044,126.518126,2021-02-03 10:17:39,동물_가축사육업.csv
보령시,한일농장,돼지,충청남도 보령시 천북면 궁포리 ***-**,,36.496836,126.536671,2024-09-09 12:34:20,동물_가축사육업.csv
보령시,신송농장,돼지,충청남도 보령시 청소면 신송리 ***,,36.465696,126.580638,2021-02-05 14:41:03,동물_가축사육업.csv
보령시,근호농장,돼지,충청남도 보령시 청라면 대청로 ****,,36.403156,126.689611,2022-12-16 18:01:36,동물_가축사육업.csv
보령시,정상골농장,돼지,충청남도 보령시 천북면 홍보로 ***-***,,36.49416,126.51238,2019-09-16 14:45:04,동물_가축사육업.csv
보령시,앞서가는 농장,돼지,"충청남도 보령시 천북면 신죽리 ***-*,***-*,***,***,***,",,36.487256,126.58797,2017-12-06 18:04:59,동물_가축사육업.csv
보령시,장풍쏘는 돼지,돼지,충청남도 보령시 천북면 숨은개길 **,,36.508149,126.511592,2021-03-23 17:37:43,동물_가축사육업.csv
보령시,서해2농장,돼지,충청남도 보령시 주교면 척골길 ***-**,,36.391768,126.530562,2018-09-14 13:44:33,동물_가축사육업.csv
보령시,도담농장,돼지,충청남도 보령시 천북면 신덕리 ***-* 외 *필지,,36.497437,126.576721,2022-04-25 16:40:12,동물_가축사육업.csv
보령시,민웅농장,돼지,충청남도 보령시 천북면 무시점길 **-*,,36.510312,126.515435,2017-10-26 12:55:21,동물_가축사육업.csv
보령시,서해5농장,돼지,충청남도 보령시 주교면 송학리 **-*,,36.391586,126.528971,2018-09-14 14:23:05,동물_가축사육업.csv
보령시,사호축산영농조합법인(번식장),돼지,충청남도 보령시 천북면 사호장은로 ***-***,,36.470105,126.506062,2026-07-02 12:49:27,동물_가축사육업.csv
보령시,천수축산,돼지,충청남도 보령시 천북면 천궁안길 **,,36.49847,126.546416,2025-04-01 13:58:58,동물_가축사육업.csv
보령시,송학형제농장,돼지,충청남도 보령시 주교면 척골길 **-**,,36.387596,126.527522,2022-12-12 16:57:29,동물_가축사육업.csv
보령시,농업회사법인(주) 삼화육종,돼지,충청남도 보령시 천북면 삼산농현길 **-** (천광로 ***-**),,36.489287,126.600396,2025-05-28 15:50:41,동물_가축사육업.csv
보령시,영농조합법인 만해농장,돼지,충청남도 보령시 청소면 충서로 ****-**,,36.466381,126.598218,2021-12-14 17:47:29,동물_가축사육업.csv
보령시,오륜농장,돼지,충청남도 보령시 청라면 향천*길 **-***,,36.363266,126.645194,2022-11-09 11:23:11,동물_가축사육업.csv
보령시,신영농장,돼지,충청남도 보령시 천북면 덕머리길 **,,36.500481,126.579137,2021-07-21 12:51:29,동물_가축사육업.csv
보령시,방앤피그,돼지,충청남도 보령시 청라면 당안길 ***,,36.408583,126.667431,2024-10-22 10:14:10,동물_가축사육업.csv
보령시,(주)삼화육종 산성농장,돼지,충청남도 보령시 천북면 삼산농현길 ***,,36.478427,126.596648,2025-05-28 15:51:46,동물_가축사육업.csv
보령시,우리농장,돼지,충청남도 보령시 오천면 김신길 **-**,,36.426289,126.543094,2024-04-12 13:44:35,동물_가축사육업.csv
보령시,성원농장,돼지,충청남도 보령시 천북면 학성리 ***-* 외 *필지,,36.465941,126.501146,2021-07-21 15:38:19,동물_가축사육업.csv
보령시,오천농장,돼지,"충청남도 보령시 오천면 교성리 *-*,-*,-*,-*,*-**,-**,-**",,36.425536,126.545891,2019-04-01 21:02:09,동물_가축사육업.csv
보령시,고잠농장,돼지,충청남도 보령시 청소면 신송리 ***-**,,36.465004,126.584687,2021-11-11 11:24:37,동물_가축사육업.csv
보령시,푸른농장,돼지,충청남도 보령시 천북면 신죽리 ***,,36.48819,126.578963,2017-11-09 19:40:41,동물_가축사육업.csv
보령시,학성농장축산영농조합법인,돼지,충청남도 보령시 천북면 학성리 ***-* 외 *필지,,36.464708,126.500928,2022-10-14 17:15:13,동물_가축사육업.csv
보령시,농업회사법인(주)다우농장,돼지,"충청남도 보령시 청소면 신송리 ***-** 외 *필지(***-**, ***-**, ***-**)",,36.463742,126.588882,2024-03-18 17:19:45,동물_가축사육업.csv
보령시,작은통개농장,돼지,충청남도 보령시 천북면 사호리 ***-*,,36.481494,126.499187,2025-07-15 09:27:26,동물_가축사육업.csv
보령시,피그빌 2,돼지,충청남도 보령시 오천면 향교길 ***-**,,36.41274,126.544823,2021-03-24 09:55:55,동물_가축사육업.csv
보령시,새봄월드,돼지,충청남도 보령시 천북면 봉산길 **-*,,36.477352,126.516816,2026-07-14 09:15:28,동물_가축사육업.csv
보령시,상주농장,돼지,충청남도 보령시 청소면 죽림리 ***,,36.464883,126.612849,2022-05-10 09:31:30,동물_가축사육업.csv
보령시,원팜,돼지,충청남도 보령시 천북면 낙동리 ****-* 외 *필지(****-*),,36.473798,126.549489,2021-12-22 10:28:25,동물_가축사육업.csv
보령시,부자농장,돼지,"충청남도 보령시 천북면 사호리 ***-*,***",,36.484979,126.498808,2020-02-06 17:22:52,동물_가축사육업.csv
보령시,장미농장2,돼지,충청남도 보령시 천북면 낙동리 ***-*,,36.484601,126.568992,2021-02-23 10:04:45,동물_가축사육업.csv
보령시,도뜰보령농장,돼지,충청남도 보령시 천북면 사호리 *** 외 **필지,,36.479913,126.491541,2024-03-12 12:27:46,동물_가축사육업.csv
보령시,보령양돈장,돼지,충청남도 보령시 천북면 신죽리 ***-*,,36.485899,126.592067,2018-09-28 17:29:14,동물_가축사육업.csv
보령시,세종농장,돼지,충청남도 보령시 천북면 신덕리 ***,,36.502373,126.574996,2017-07-26 09:40:43,동물_가축사육업.csv
보령시,학성농장,돼지,충청남도 보령시 천북면 학성리 ***,,36.452651,126.504361,2017-10-25 16:19:53,동물_가축사육업.csv
보령시,피그빌 1,돼지,충청남도 보령시 웅천읍 장마*길 **,,36.227313,126.567897,2018-06-28 15:38:34,동물_가축사육업.csv
보령시,상주농장 2,돼지,충청남도 보령시 청소면 충서로 ****-**,,36.47385,126.61439,2020-02-06 16:51:35,동물_가축사육업.csv
보령시,종식농장,돼지,충청남도 보령시 천북면 신죽리 ***,,36.481925,126.592128,2020-02-06 17:18:09,동물_가축사육업.csv
보령시,서해1농장,돼지,충청남도 보령시 주교면 용모길 **-**,,36.388891,126.547379,2018-02-28 10:48:42,동물_가축사육업.csv
보령시,알앤에프 보령농장,돼지,충청남도 보령시 천북면 하학로 ***,,36.460581,126.50808,2023-05-25 11:30:16,동물_가축사육업.csv
보령시,봉화산축산영농조합법인,돼지,충청남도 보령시 천북면 사호리 ***-*,,36.484773,126.497597,2022-04-25 18:10:44,동물_가축사육업.csv
보령시,여명축산,돼지,충청남도 보령시 천북면 신죽리 ***-*,,36.489215,126.586514,2026-04-30 14:09:58,동물_가축사육업.csv
보령시,마동농장,돼지,충청남도 보령시 청소면 충서로 ****-**,,36.469629,126.602422,2024-04-12 13:43:01,동물_가축사육업.csv
보령시,절골농장,돼지,충청남도 보령시 천북면 선악골길 ***-*,,36.482816,126.512894,2020-02-06 17:00:49,동물_가축사육업.csv
보령시,농업회사법인 주식회사 리치월드,돼지,충청남도 보령시 천북면 송현길 **-**,,36.47764,126.545803,2024-12-05 12:50:12,동물_가축사육업.csv
보령시,산성농장,돼지,충청남도 보령시 천북면 숙굴길 ***-*,,36.500995,126.588137,2025-09-09 15:02:02,동물_가축사육업.csv
보령시,청호농장,돼지,충청남도 보령시 천북면 말마지길 **,,36.486892,126.581276,2026-08-10 15:08:33,동물_가축사육업.csv
보령시,봉골농장,돼지,충청남도 보령시 천북면 사호리 ***-**,,36.483609,126.497932,2025-07-15 09:29:30,동물_가축사육업.csv
보령시,은수농장,돼지,충청남도 보령시 천북면 사호리 ***-**,,36.475592,126.510289,2021-06-11 15:46:04,동물_가축사육업.csv
보령시,은진농장,돼지,충청남도 보령시 천북면 홍보로 ***-**,,36.488118,126.521468,2020-03-16 09:52:25,동물_가축사육업.csv
보령시,장미농장,돼지,충청남도 보령시 천북면 천광로 ***-**,,36.492622,126.576496,2026-01-21 09:03:17,동물_가축사육업.csv
보령시,해우리팜 3농장,돼지,충청남도 보령시 청소면 김좌진로 **-**,,36.458791,126.610711,2023-06-09 11:17:01,동물_가축사육업.csv
보령시,오뚜기농장,돼지,"충청남도 보령시 천북면 낙동리 ***-* ,외 *필지",,36.478963,126.554281,2019-12-13 13:47:31,동물_가축사육업.csv
보령시,경주농장,돼지,충청남도 보령시 천북면 궁포리 ***,,36.493646,126.546453,2026-04-10 11:17:50,동물_가축사육업.csv
보령시,우리돈농장,돼지,충청남도 보령시 천북면 낙동리 ***-*,,36.475592,126.539478,2023-06-30 11:34:56,동물_가축사육업.csv
보령시,태영농장,돼지,충청남도 보령시 천북면 사호리 ***,,36.472766,126.48868,2020-05-14 16:57:15,동물_가축사육업.csv
보령시,농업회사법인(주)표준농장,돼지,충청남도 보령시 천북면 사호장은로 ***-**,,36.48852,126.487056,2022-06-06 14:08:31,동물_가축사육업.csv
보령시,케이팜(주)농업회사법인,돼지,"충청남도 보령시 천북면 동산동길 ***-**, (사호리 **-*, **,**-*,**-*,**-*)",,36.487313,126.513732,2025-12-19 18:06:09,동물_가축사육업.csv
보령시,후계자농장,돼지,충청남도 보령시 천북면 동산동길 ***,,36.481747,126.520541,2025-09-24 14:04:45,동물_가축사육업.csv
보령시,보령시멘스유전자,돼지,충청남도 보령시 주포면 충청수영로 **-**,,36.42315,126.582938,2019-04-01 19:29:34,동물_가축사육업.csv
보령시,하만농장,돼지,"충청남도 보령시 천북면 하만리 ***-* ,***-**,***-**",,36.48443,126.526523,2024-05-02 16:17:52,동물_가축사육업.csv
보령시,샘농장,돼지,충청남도 보령시 천북면 하만리 ***-**,,36.475161,126.519618,2020-02-06 17:27:56,동물_가축사육업.csv
보령시,한우리농장,돼지,충청남도 보령시 천북면 신죽리 *** 외,,36.482458,126.591472,2019-04-01 20:45:37,동물_가축사육업.csv
보령시,태흥농장,돼지,충청남도 보령시 천북면 하학로 ***,,36.455826,126.504386,2021-09-06 13:16:45,동물_가축사육업.csv
보령시,來 pig Farm,돼지,충청남도 보령시 천북면 숙굴길 ***-**,,36.503557,126.588756,2020-05-04 11:20:15,동물_가축사육업.csv
보령시,학성(2)농장 축산영농조합법인,돼지,충청남도 보령시 천북면 하만리 ***-* 외 *필지,,36.463729,126.51327,2026-08-12 16:35:00,동물_가축사육업.csv
보령시,정일농장,돼지,충청남도 보령시 천북면 밀파실길 **,,36.502573,126.50306,2026-08-24 10:43:24,동물_가축사육업.csv
보령시,농업회사법인 신현축산(주),돼지,"충청남도 보령시 천북면 신죽리 ***-*,***-*",,36.487256,126.58797,2023-06-15 09:21:33,동물_가축사육업.csv
보령시,선진농장,돼지,충청남도 보령시 천북면 말마지길 ***-**,,36.487854,126.576815,2018-05-14 10:32:43,동물_가축사육업.csv
보령시,(주)해누리,돼지,"충청남도 보령시 천북면 궁포리 ***-* , ***번지 **호",,36.500921,126.541826,2018-06-19 14:21:34,동물_가축사육업.csv
아산시,요아킴농장,돼지,충청남도 아산시 염치읍 산양리 ***,,36.825361,126.909481,2014-01-10 15:03:07,동물_가축사육업.csv
아산시,두원농장,돼지,충청남도 아산시 영인면 백석포리 ****-*,,36.883535,126.947189,2014-10-22 16:18:51,동물_가축사육업.csv
아산시,백암농장,돼지,충청남도 아산시 염치읍 백암리 ***-**,,36.796763,127.035881,2015-03-10 19:43:03,동물_가축사육업.csv
아산시,대성농장,돼지,충청남도 아산시 둔포면 산전리 ***-*,,36.893994,127.044767,2020-05-01 13:46:25,동물_가축사육업.csv
아산시,만민농장,돼지,충청남도 아산시 신창면 가내길 ***-**,,36.795225,126.89822,2015-02-10 16:42:04,동물_가축사육업.csv
아산시,금오영농조합법인(영인단지),돼지,충청남도 아산시 영인면 신봉길***번길 **,,36.89332,126.99874,2015-03-10 10:47:06,동물_가축사육업.csv
아산시,승농장,돼지,충청남도 아산시 영인면 신운리 ***,,36.880138,126.946648,2025-03-19 17:03:40,동물_가축사육업.csv
아산시,햇살농장,돼지,충청남도 아산시 음봉면 의식리 ***,,36.899832,127.079103,2021-02-02 15:41:31,동물_가축사육업.csv
아산시,학성농장,돼지,충청남도 아산시 선장면 학성로 ***-*,,36.779126,126.90908,2020-02-19 14:43:24,동물_가축사육업.csv
아산시,금화농장,돼지,충청남도 아산시 배방읍 휴대세교길 ***,,36.772193,127.105133,2026-04-03 17:34:52,동물_가축사육업.csv
아산시,할렐루야농장,돼지,충청남도 아산시 음봉면 음봉로 ***-**,,36.841708,127.0554,2014-10-21 11:44:13,동물_가축사육업.csv
아산시,농업회사법인초록농장주식회사,돼지,충청남도 아산시 선장면 서들남로***번길 **-***,,36.75241,126.842549,2025-04-21 16:13:02,동물_가축사육업.csv
아산시,향촌양돈장,돼지,충청남도 아산시 신창면 순천향로***번길 **,,36.769137,126.959612,2022-05-16 13:21:17,동물_가축사육업.csv
아산시,방현농장,돼지,충청남도 아산시 염치읍 충무로***번길 ** (외*필지),,36.811197,127.009424,2022-08-30 17:17:19,동물_가축사육업.csv
아산시,만수농장,돼지,충청남도 아산시 신창면 서부북로***번길 **-*,,36.80581,126.89983,2026-05-26 10:42:44,동물_가축사육업.csv
아산시,왕호농장,돼지,충청남도 아산시 음봉면 율금*길 **,,36.898899,127.086334,2018-03-27 16:26:24,동물_가축사육업.csv
아산시,청송농장,돼지,충청남도 아산시 음봉면 이화서길 ***-**,,36.900982,127.075272,2025-12-30 13:05:13,동물_가축사육업.csv
아산시,철수농장,돼지,충청남도 아산시 염치읍 석정리 ***-**,,36.80179,126.990538,2005-05-30 15:17:55,동물_가축사육업.csv
아산시,할렐루야 제2농장,돼지,충청남도 아산시 신창면 가덕리 ***,,36.819669,126.916733,2025-05-05 09:18:19,동물_가축사육업.csv
아산시,가실농장,돼지,충청남도 아산시 배방읍 세출리 ***,,36.746508,127.082686,2020-02-07 15:42:19,동물_가축사육업.csv
아산시,흥명농장,돼지,충청남도 아산시 신창면 가내리 **,,36.795599,126.901438,2021-10-27 11:34:04,동물_가축사육업.csv
아산시,아람나라농원,돼지,충청남도 아산시 인주면 공세리 ***-*,,36.888559,126.911753,2015-07-22 17:33:39,동물_가축사육업.csv
아산시,둔포농장,돼지,충청남도 아산시 둔포면 운교길 **-**,,36.914304,127.041806,2017-03-27 09:42:45,동물_가축사육업.csv
아산시,화성양돈,돼지,충청남도 아산시 선장면 아산만로 ***-**,,36.804587,126.871878,2024-08-01 12:58:50,동물_가축사육업.csv
아산시,선우목장,돼지,충청남도 아산시 신창면 서부북로***번길 **,,36.806469,126.900071,2020-05-05 16:41:54,동물_가축사육업.csv
아산시,에덴목장,돼지,충청남도 아산시 둔포면 염작리 ***-**,,36.921965,127.076444,2019-08-01 10:58:44,동물_가축사육업.csv
아산시,광우농장,돼지,충청남도 아산시 신창면 서부북로***번길 **,,36.806915,126.900998,2020-05-01 13:34:05,동물_가축사육업.csv
아산시,수산나농장,돼지,충청남도 아산시 둔포면 신법리 **-*,,36.915009,127.017879,2025-04-21 15:30:03,동물_가축사육업.csv
아산시,푸른농장,돼지,충청남도 아산시 선장면 가산리 ***-*,,36.811746,126.868008,2015-02-09 21:54:43,동물_가축사육업.csv
아산시,신우농장,돼지,충청남도 아산시 선장면 부엉산길***번길 **-**,,36.799322,126.885466,2019-01-29 09:05:58,동물_가축사육업.csv
아산시,아람종축,돼지,충청남도 아산시 신창면 궁화리 ***-*,,36.798493,126.90596,2022-12-08 14:52:33,동물_가축사육업.csv
아산시,쌍용농축,돼지,충청남도 아산시 음봉면 연암율금로***번길 **,,36.879513,127.079027,2024-11-11 17:47:49,동물_가축사육업.csv
아산시,진수농장,돼지,충청남도 아산시 신창면 남성길***번길 **-*,,36.796307,126.956416,2026-06-19 20:41:09,동물_가축사육업.csv
아산시,가꿀농장,돼지,충청남도 아산시 신창면 서부북로***번길 **,,36.793349,126.943291,2019-09-09 22:09:18,동물_가축사육업.csv
아산시,부흥목장,돼지,충청남도 아산시 염치읍 동정길 ***-*,,36.825885,126.99344,2005-06-04 12:08:26,동물_가축사육업.csv
아산시,광진농장,돼지,충청남도 아산시 신창면 배미로**번길 **-**,,36.79978,126.972256,2020-09-16 10:45:36,동물_가축사육업.csv
아산시,대성농장,돼지,충청남도 아산시 둔포면 산전리 ***-*,,36.894885,127.044892,2020-05-01 10:52:25,동물_가축사육업.csv
아산시,영성농장,돼지,충청남도 아산시 둔포면 염작리 ***-*,,36.923481,127.076648,2020-01-13 16:05:45,동물_가축사육업.csv
아산시,청양농장,돼지,충청남도 아산시 도고면 벚꽃로***번길 **-*,,36.736852,126.868064,2025-04-21 16:13:43,동물_가축사육업.csv
아산시,늘봄농장,돼지,충청남도 아산시 둔포면 염작리 ***-**,,36.925073,127.071326,2026-06-19 20:39:22,동물_가축사육업.csv
아산시,(주)푸른에프앤디,돼지,충청남도 아산시 음봉면 신수리길 ***-**,,36.842084,126.984469,2014-03-13 22:00:33,동물_가축사육업.csv
아산시,대흥농장,돼지,충청남도 아산시 무궁화로 **-** (초사동),,36.74904,126.979329,2026-03-11 15:41:05,동물_가축사육업.csv
아산시,마산농장,돼지,충청남도 아산시 득산로**번길 *-** (득산동),,36.777692,126.97171,2024-02-01 11:35:17,동물_가축사육업.csv
아산시,늘왕농장,돼지,충청남도 아산시 도고면 도고산로***번길 **-*,,36.728142,126.913984,2019-04-24 10:08:12,동물_가축사육업.csv
아산시,승지목장,돼지,충청남도 아산시 선장면 아산만로***번길 **,,36.796127,126.868201,2005-12-16 16:59:43,동물_가축사육업.csv
아산시,민축산,돼지,충청남도 아산시 신창면 오목안길 **-**,,36.797535,126.928577,2024-12-12 09:09:04,동물_가축사육업.csv
아산시,금돈농장,돼지,충청남도 아산시 신창면 가내리 ***,,36.804061,126.886309,2025-01-06 16:37:41,동물_가축사육업.csv
아산시,초록농장,돼지,충청남도 아산시 신창면 남성리 ***-*,,36.791178,126.94337,2026-01-28 16:43:28,동물_가축사육업.csv
아산시,성덕농장,돼지,충청남도 아산시 배방읍 휴대세교길 ***,,36.761662,127.106023,2016-08-10 10:19:31,동물_가축사육업.csv
아산시,도고양돈,돼지,충청남도 아산시 도고면 아산만로 **-**,,36.752285,126.860079,2023-11-13 09:18:27,동물_가축사육업.csv
아산시,중암농장,돼지,충청남도 아산시 음봉면 연암율금로 ***-**,,36.863516,127.048024,2014-02-25 14:49:49,동물_가축사육업.csv
아산시,영진농장,돼지,충청남도 아산시 둔포면 이화길***번길 **-**,,36.923457,127.076148,2020-01-13 16:09:23,동물_가축사육업.csv
아산시,백암준농장,돼지,충청남도 아산시 염치읍 백암길**번길 **-**,,36.797957,127.033552,2021-01-08 11:16:42,동물_가축사육업.csv
아산시,도고농장,돼지,충청남도 아산시 도고면 도고면로 **-**,,36.755471,126.876471,2015-06-16 14:45:33,동물_가축사육업.csv
아산시,할렐루야농장,돼지,충청남도 아산시 음봉면 동암리 ***,,36.842207,127.054698,2020-02-14 15:46:34,동물_가축사육업.csv
아산시,신농 씨앤피,돼지,충청남도 아산시 신창면 수장로 ***-**,,36.811694,126.958331,2021-12-15 13:51:50,동물_가축사육업.csv
아산시,준구농장,돼지,충청남도 아산시 영인면 신운리 ***-**,,36.880391,126.943174,2021-01-06 11:11:49,동물_가축사육업.csv
아산시,동방농장,돼지,충청남도 아산시 도고면 효자리 **-*,,36.736323,126.867102,2017-03-16 15:13:02,동물_가축사육업.csv
아산시,농업회사 벼락농산,돼지,충청남도 아산시 배방읍 호서로***번길 **-**,,36.751717,127.068938,2020-10-26 21:14:44,동물_가축사육업.csv
아산시,유성농장,돼지,충청남도 아산시 영인면 역리 ***-*,,36.876246,126.964028,2017-08-18 17:36:26,동물_가축사육업.csv
아산시,삼부자농장,돼지,충청남도 아산시 초사동 ***-*,,36.74791,126.970436,2017-12-06 14:08:22,동물_가축사육업.csv
아산시,푸른영농조합법인,돼지,충청남도 아산시 음봉면 신수리 ***,,36.84398,126.982224,2025-04-21 16:42:54,동물_가축사육업.csv
아산시,형제농원,돼지,충청남도 아산시 음봉면 월랑리 산 **-*,,36.862564,127.086919,2006-05-30 10:13:08,동물_가축사육업.csv
아산시,대성농장,돼지,충청남도 아산시 둔포면 산전길**번길 *-**,,36.900757,127.050785,2015-07-27 10:51:39,동물_가축사육업.csv
아산시,부흥농장,돼지,충청남도 아산시 염치읍 방현리 ***,,36.814516,127.015794,2025-04-21 15:23:08,동물_가축사육업.csv
아산시,개선농장,돼지,충청남도 아산시 배방읍 세교리 ***,,36.76246,127.105576,2022-12-09 10:23:07,동물_가축사육업.csv
아산시,영제농장,돼지,충청남도 아산시 신창면 창암황산길 ***-**,,36.759358,126.954033,2017-12-06 13:50:37,동물_가축사육업.csv
아산시,득산농장,돼지,충청남도 아산시 신창면 온천대로****번길 **-**,,36.781836,126.962576,2016-10-18 10:02:44,동물_가축사육업.csv
아산시,가야농장,돼지,충청남도 아산시 선장면 부엉산길***번길 **-**,,36.798119,126.886979,2009-08-28 15:13:18,동물_가축사육업.csv
아산시,대형농장,돼지,충청남도 아산시 영인면 윤보선로***번길 **,,36.894424,127.009772,2025-03-19 19:43:40,동물_가축사육업.csv
아산시,운교농장,돼지,충청남도 아산시 둔포면 운교길 **-*,,36.917659,127.039369,2016-06-30 16:59:04,동물_가축사육업.csv
아산시,효자농장,돼지,충청남도 아산시 도고면 벚꽃로***번길 **,,36.737685,126.866686,2021-08-18 16:28:45,동물_가축사육업.csv
아산시,한별축산,돼지,충청남도 아산시 도고면 도고산로***번길 **,,36.714448,126.921885,2024-01-16 17:58:19,동물_가축사육업.csv
아산시,일성농장,돼지,충청남도 아산시 둔포면 시포리 ***-*,,36.924882,127.021064,2015-02-27 15:06:23,동물_가축사육업.csv
아산시,예산농장,돼지,충청남도 아산시 도고면 효자리 *-*,,36.739851,126.874023,2011-06-13 18:12:24,동물_가축사육업.csv
아산시,동천농장,돼지,충청남도 아산시 득산로**번길 **-** (득산동),,36.778997,126.970758,2015-12-28 11:07:27,동물_가축사육업.csv
아산시,신남농장,돼지,충청남도 아산시 둔포면 윤보선로 ***,,36.903558,127.016076,2024-05-13 16:45:48,동물_가축사육업.csv
아산시,한빛축산,돼지,충청남도 아산시 도고면 도고산로***번길 *,,36.712454,126.921021,2025-02-17 10:20:05,동물_가축사육업.csv
아산시,도담농장,돼지,충청남도 아산시 신창면 서부북로 ***-**,,36.808552,126.905461,2017-02-09 10:53:10,동물_가축사육업.csv
아산시,조이팜(Joy Farm),돼지,충청남도 아산시 선장면 서부북로 **-**,,36.803977,126.87786,2020-01-08 09:20:15,동물_가축사육업.csv
아산시,승농장,돼지,충청남도 아산시 영인면 영인로***번길 **,,36.880922,126.944671,2015-02-09 22:42:10,동물_가축사육업.csv
아산시,청양농장,돼지,충청남도 아산시 도고면 벚꽃로***번길 **,,36.736635,126.86743,2020-11-17 11:07:51,동물_가축사육업.csv
아산시,삼부농장,돼지,충청남도 아산시 배방읍 휴대세교길 ***,,36.762082,127.105785,2025-07-21 10:22:06,동물_가축사육업.csv
아산시,덕암농장,돼지,충청남도 아산시 도고면 덕암리 ***,,36.741495,126.938066,2005-12-22 08:53:03,동물_가축사육업.csv
아산시,강원농장,돼지,"충청남도 아산시 도고면 석당리 ***-* 외 *필지(***-*, ***)",,36.748484,126.923805,2025-04-21 16:14:21,동물_가축사육업.csv
아산시,금오영농조합법인(신창단지),돼지,충청남도 아산시 신창면 서부북로 ***-**,,36.806982,126.907491,2023-05-15 11:07:55,동물_가축사육업.csv
서산시,삼송농장,돼지,충청남도 서산시 해미면 해운로 ***-**,,36.73701,126.558472,2021-11-16 17:45:51,동물_가축사육업.csv
서산시,영농조합법인 야곱팜스,돼지,충청남도 서산시 해미면 삼송학당길 *-**,,36.730436,126.560179,2021-01-15 16:36:47,동물_가축사육업.csv
서산시,서룡양돈 영농법인,돼지,충청남도 서산시 고북면 용암휴암길 ***-**,,36.69858,126.553668,2021-12-20 18:43:28,동물_가축사육업.csv
서산시,용연농장,돼지,충청남도 서산시 인지면 차리 ***-*,,36.766499,126.394816,2019-05-08 10:50:58,동물_가축사육업.csv
서산시,영락농원 -6,돼지,충청남도 서산시 운산면 고풍리 산 **,,36.793911,126.606587,2004-11-19 12:44:30,동물_가축사육업.csv
서산시,정수농장,돼지,충청남도 서산시 성연면 일람리 ***,,36.803867,126.442404,2016-03-07 11:33:52,동물_가축사육업.csv
서산시,영락농원 -12,돼지,충청남도 서산시 운산면 고풍리 산 **,,36.793911,126.606587,2018-08-03 10:24:29,동물_가축사육업.csv
서산시,우리돈영농조합,돼지,충청남도 서산시 고북면 가구리 ***-**,,36.67065,126.543859,2013-11-08 14:58:18,동물_가축사육업.csv
서산시,천수축산,돼지,충청남도 서산시 해미면 기지*길 **-**,,36.712063,126.505217,2015-04-26 10:04:25,동물_가축사육업.csv
서산시,피그팜 피오,돼지,충청남도 서산시 고북면 고북*로 ***-**,,36.654966,126.500614,2026-07-09 07:53:30,동물_가축사육업.csv
서산시,영락농원 -4,돼지,충청남도 서산시 운산면 고풍리 산 **,,36.793911,126.606587,2004-11-19 15:12:52,동물_가축사육업.csv
서산시,홍원축산,돼지,충청남도 서산시 음암면 신장리 ***,,36.758141,126.502742,2020-02-26 14:18:11,동물_가축사육업.csv
서산시,성우농장,돼지,충청남도 서산시 운산면 수평리 ***-*,,36.791222,126.621715,2020-02-26 15:59:17,동물_가축사육업.csv
서산시,영락농원 -10,돼지,충청남도 서산시 운산면 고풍리 산 **-*,,36.792576,126.606434,2017-04-12 14:23:36,동물_가축사육업.csv
서산시,대황농장,돼지,충청남도 서산시 팔봉면 대황*길 **-**,,36.836121,126.364894,2020-04-23 14:28:26,동물_가축사육업.csv
서산시,금오농장,돼지,충청남도 서산시 고북면 용암리 ***-*,,36.691783,126.547743,2019-03-13 21:06:29,동물_가축사육업.csv
서산시,예주농장,돼지,충청남도 서산시 운산면 군장동대길 ***-*,,36.79273,126.606837,2024-11-01 15:27:28,동물_가축사육업.csv
서산시,다운농장,돼지,충청남도 서산시 부석면 고잠*길 ***-**,,36.66867,126.391003,2021-04-12 08:22:35,동물_가축사육업.csv
서산시,수농장,돼지,충청남도 서산시 인지면 차리 ***-*,,36.768836,126.399395,2026-07-01 09:12:18,동물_가축사육업.csv
서산시,영락농원 -5,돼지,충청남도 서산시 운산면 고풍리 산 **,,36.793911,126.606587,2004-11-18 23:49:25,동물_가축사육업.csv
서산시,대진축산,돼지,충청남도 서산시 고북면 신정리 ***-**,,36.691699,126.507518,2025-07-14 09:19:13,동물_가축사육업.csv
서산시,동신팜스 영농조합법인,돼지,충청남도 서산시 부석면 강당동미길 ***-*,,36.646478,126.407263,2021-12-16 09:25:17,동물_가축사육업.csv
서산시,선일농장,돼지,충청남도 서산시 성연면 명천리 ***-*,,36.839758,126.497117,2023-09-05 10:58:33,동물_가축사육업.csv
서산시,CAMP NO.1,돼지,충청남도 서산시 해미면 삼송리 ***,,36.74557,126.56277,2023-08-18 10:01:38,동물_가축사육업.csv
서산시,대흥농장,돼지,충청남도 서산시 지곡면 환성*길 **,,36.917634,126.427238,2019-06-20 16:18:22,동물_가축사육업.csv
서산시,중원농장,돼지,충청남도 서산시 운산면 원평리 *** 외 *필지(***-*),,36.749852,126.63081,2025-06-12 14:28:04,동물_가축사육업.csv
서산시,버글양돈장,돼지,충청남도 서산시 인지면 당률*길 **,,36.747405,126.41923,2014-12-02 10:55:17,동물_가축사육업.csv
논산시,아이엠팜영농조합법인,돼지,충청남도 논산시 광석면 사계로 ***,,36.246267,127.058069,2026-07-31 18:04:26,동물_가축사육업.csv
논산시,시현농장,돼지,충청남도 논산시 연무읍 노루목길 **,,36.101762,127.082622,2022-11-21 10:28:53,동물_가축사육업.csv
논산시,용성농장,돼지,충청남도 논산시 연무읍 연무로***번길 *,,36.110738,127.126761,2023-01-25 17:18:28,동물_가축사육업.csv
논산시,비오농장,돼지,충청남도 논산시 연무읍 양지*길 **-**,,36.11812,127.142581,2023-05-11 17:47:26,동물_가축사육업.csv
논산시,대박농장,돼지,충청남도 논산시 연무읍 행정*길 **-*,,36.13287,127.120828,2022-01-04 13:16:57,동물_가축사육업.csv
논산시,연합농장,돼지,충청남도 논산시 양촌면 대둔로 ***-**,,36.165965,127.217205,2014-02-18 16:59:26,동물_가축사육업.csv
논산시,하늘농장8,돼지,충청남도 논산시 광석면 율리 ***-**,,36.270602,127.078244,2022-04-12 11:23:39,동물_가축사육업.csv
논산시,농장,돼지,충청남도 논산시 연무읍 행정*길 ** (외 *필지),,36.131925,127.12393,2025-12-31 10:31:10,동물_가축사육업.csv
논산시,마산양돈장,돼지,충청남도 논산시 연무읍 행정*길 **,,36.13129,127.123314,2023-01-02 14:20:23,동물_가축사육업.csv
논산시,대광농장,돼지,"충청남도 논산시 광석면 중리 ***-** ,**호",,36.244929,127.059557,2014-02-18 16:52:27,동물_가축사육업.csv
논산시,대인농장,돼지,충청남도 논산시 광석면 장마루로***번길 **-*,,36.269947,127.079076,2023-02-16 11:34:16,동물_가축사육업.csv
논산시,동옥농장,돼지,충청남도 논산시 성동면 월성*길 **-**,,36.201789,127.012101,2022-11-03 09:51:30,동물_가축사육업.csv
논산시,하늘농장3,돼지,충청남도 논산시 광석면 장마루로***번길 **,,36.271142,127.078596,2022-04-07 09:24:26,동물_가축사육업.csv
논산시,대광농장2,돼지,충청남도 논산시 광석면 사계로 ***-**,,36.2462,127.059124,2023-04-28 14:01:13,동물_가축사육업.csv
논산시,하나농장2,돼지,충청남도 논산시 광석면 장마루로***번길 **-*[*미고시],,36.270557,127.077279,2018-02-02 14:25:24,동물_가축사육업.csv
논산시,명현농장,돼지,충청남도 논산시 연무읍 행정*길 **-** (외 *필지),,36.134619,127.119341,2014-02-18 17:01:21,동물_가축사육업.csv
논산시,하나농장,돼지,충청남도 논산시 광석면 장마루로***번길 *,,36.269093,127.077721,2017-03-20 12:05:13,동물_가축사육업.csv
논산시,대인농장3,돼지,충청남도 논산시 광석면 장마루로***번길 **-*,,36.269947,127.079076,2023-02-27 16:50:34,동물_가축사육업.csv
논산시,득윤농장,돼지,충청남도 논산시 광석면 논산평야로***번길 **-**,,36.23327,127.04449,2016-03-22 15:54:07,동물_가축사육업.csv
논산시,어곡농장,돼지,충청남도 논산시 벌곡면 만어길 ***-*,,36.22239,127.307857,2020-01-13 15:14:26,동물_가축사육업.csv
논산시,상현농장1,돼지,충청남도 논산시 광석면 장마루로***번길 **,,36.272112,127.080166,2022-03-21 10:23:53,동물_가축사육업.csv
논산시,다인팜,돼지,충청남도 논산시 벌곡면 만어*길 **,,36.193378,127.312211,2025-07-18 11:01:16,동물_가축사육업.csv
논산시,명천농장,돼지,충청남도 논산시 연무읍 마봉로 ***,,36.101184,127.07809,2025-08-14 11:50:22,동물_가축사육업.csv
논산시,해성농장,돼지,충청남도 논산시 광석면 사계로***번길 **,,36.239843,127.068534,2024-05-08 10:27:32,동물_가축사육업.csv
논산시,중리농장,돼지,충청남도 논산시 광석면 사계로 ***-**,,36.246678,127.05834,2019-11-22 16:27:38,동물_가축사육업.csv
논산시,한국 축산 농원,돼지,충청남도 논산시 노성면 노성로 ***-***,,36.279074,127.125837,2026-04-22 09:43:47,동물_가축사육업.csv
논산시,다미농장,돼지,충청남도 논산시 노성면 호월로 ***-*,,36.318348,127.10202,2025-03-18 15:06:16,동물_가축사육업.csv
논산시,노아농장,돼지,충청남도 논산시 연무읍 양지*길 **-**,,36.117136,127.142148,2015-03-24 16:24:14,동물_가축사육업.csv
논산시,홍현농장,돼지,충청남도 논산시 연무읍 양지*길 **-**,,36.117853,127.143339,2022-12-01 16:56:24,동물_가축사육업.csv
논산시,농업회사법인(주)봉동농장,돼지,충청남도 논산시 연무읍 마봉로 ***,,36.102629,127.074479,2024-04-19 11:21:22,동물_가축사육업.csv
논산시,용범농장,돼지,충청남도 논산시 채운면 채운로***번길 **,,36.145925,127.080475,2022-01-04 13:13:28,동물_가축사육업.csv
논산시,오일농장,돼지,충청남도 논산시 연무읍 양지*길 **-** (외*필지),,36.118686,127.143305,2020-05-14 11:19:19,동물_가축사육업.csv
논산시,동명농장,돼지,충청남도 논산시 노성면 하도*길 ***-**,,36.251467,127.131594,2021-06-25 09:57:41,동물_가축사육업.csv
논산시,김주성 축사,돼지,충청남도 논산시 노성면 하도*길 **-**,,36.260379,127.125538,2021-12-29 17:41:25,동물_가축사육업.csv
논산시,명천팜스 영농조합법인,돼지,충청남도 논산시 연무읍 삼봉*길 ***-**,,36.088682,127.068227,2025-10-14 14:25:07,동물_가축사육업.csv
논산시,태평농장,돼지,충청남도 논산시 연무읍 노루목길 **,,36.101983,127.08414,2022-07-26 13:50:05,동물_가축사육업.csv
논산시,(주)도드람양돈서비스,돼지,충청남도 논산시 양촌면 매죽헌로****번길 *-**,,36.128872,127.204439,2024-07-29 14:26:16,동물_가축사육업.csv
논산시,농장,돼지,충청남도 논산시 광석면 율리 ***,,36.265768,127.08265,2026-03-31 11:08:21,동물_가축사육업.csv
논산시,우곤농장,돼지,충청남도 논산시 성동면 금백로 ***-**,,36.199431,127.009342,2015-03-12 16:52:02,동물_가축사육업.csv
논산시,동현농장,돼지,충청남도 논산시 양촌면 매죽헌로****번길 **-**,,36.138523,127.229831,2015-03-12 16:54:18,동물_가축사육업.csv
논산시,문성농원,돼지,충청남도 논산시 연무읍 고내곡로 ***-**,,36.076907,127.102431,2022-04-28 18:15:43,동물_가축사육업.csv
논산시,사포농장,돼지,"충청남도 논산시 연산면 신독재로***번길 **-**, 사포농장",,36.247038,127.162457,2021-07-13 09:34:08,동물_가축사육업.csv
논산시,현풍농장,돼지,충청남도 논산시 성동면 원북길 **-**,,36.22926,127.041429,2025-10-10 15:55:07,동물_가축사육업.csv
논산시,문성농장,돼지,"충청남도 논산시 연무읍 고내리 ***-* 외 *필지 [***-*, ***-**, ***-**, ***-**]",,36.076749,127.100919,2022-04-28 18:17:11,동물_가축사육업.csv
논산시,선일2농장,돼지,충청남도 논산시 광석면 장마루로***번길 **-**,,36.270951,127.080459,2022-12-22 15:22:59,동물_가축사육업.csv
논산시,구암농장,돼지,충청남도 논산시 노성면 호월로***번길 **-**,,36.322785,127.113338,2024-03-04 10:57:19,동물_가축사육업.csv
논산시,하늘농장5,돼지,충청남도 논산시 광석면 장마루로 ***,,36.269204,127.077011,2022-04-07 09:39:51,동물_가축사육업.csv
논산시,하나농장,돼지,충청남도 논산시 광석면 장마루로***번길 **-**,,36.272612,127.078338,2020-10-08 17:09:34,동물_가축사육업.csv
논산시,하늘농장7,돼지,충청남도 논산시 광석면 장마루로***번길 **-**,,36.270862,127.077821,2022-04-07 09:44:09,동물_가축사육업.csv
논산시,성희팜스,돼지,충청남도 논산시 연산면 선비로***번길 ***,,36.243354,127.187691,2020-02-25 20:31:39,동물_가축사육업.csv
논산시,농업회사법인(주)팜스월드 마전농장,돼지,충청남도 논산시 연무읍 삼봉길 **-**,,36.091249,127.076354,2020-11-16 14:56:31,동물_가축사육업.csv
논산시,황금농장,돼지,충청남도 논산시 연무읍 양지*길 **-** (외*필지),,36.118076,127.139689,2022-03-29 14:27:50,동물_가축사육업.csv
논산시,다복농장,돼지,충청남도 논산시 가야곡면 덕은로 ***-**,,36.148185,127.175775,2021-08-06 10:40:14,동물_가축사육업.csv
논산시,연산농장,돼지,충청남도 논산시 연산면 선비로 ***-** (외 *필지),,36.239501,127.174114,2019-09-10 17:42:29,동물_가축사육업.csv
논산시,대인농장,돼지,충청남도 논산시 광석면 장마루로***번길 **-*,,36.269947,127.079076,2023-02-16 11:36:45,동물_가축사육업.csv
논산시,청운농장,돼지,충청남도 논산시 연무읍 죽본길 ***-*,,36.143174,127.118188,2015-03-12 17:03:35,동물_가축사육업.csv
논산시,아우라 농장,돼지,충청남도 논산시 벌곡면 만어*길 **-*,,36.197039,127.319759,2022-09-07 10:14:59,동물_가축사육업.csv
논산시,율리농장,돼지,충청남도 논산시 광석면 장마루로***번길 **-**,,36.271253,127.077404,2021-08-13 11:13:06,동물_가축사육업.csv
논산시,한빛농장,돼지,충청남도 논산시 연산면 선비로 ***-**,,36.242124,127.171377,2022-01-13 20:07:10,동물_가축사육업.csv
논산시,산동농장,돼지,충청남도 논산시 연무읍 양지*길 **-* (외*필지),,36.119424,127.140242,2024-06-18 16:59:26,동물_가축사육업.csv
논산시,은기농장,돼지,충청남도 논산시 연무읍 노루목길 **,,36.101983,127.08414,2022-07-26 14:13:36,동물_가축사육업.csv
논산시,번영팜,돼지,충청남도 논산시 상월면 계룡산로 ***,,36.322603,127.177538,2025-11-13 16:22:35,동물_가축사육업.csv
논산시,대길농장,돼지,충청남도 논산시 상월면 계룡산로 ***,,36.310297,127.165057,2020-07-02 16:25:07,동물_가축사육업.csv
논산시,현명농장,돼지,충청남도 논산시 연무읍 행정*길 **-**,,36.13516,127.12129,2018-06-15 11:28:49,동물_가축사육업.csv
논산시,양화축산,돼지,충청남도 논산시 광석면 장마루로***번길 **-** (외 *필지),,36.270878,127.078121,2025-03-26 13:37:24,동물_가축사육업.csv
논산시,임마누엘 농장,돼지,충청남도 논산시 성동면 원남길 ***,,36.215328,127.021656,2017-03-07 13:45:30,동물_가축사육업.csv
논산시,연암농장2,돼지,충청남도 논산시 광석면 장마루로***번길 **,,36.271351,127.0792,2021-09-29 09:58:29,동물_가축사육업.csv
논산시,하늘농장2,돼지,충청남도 논산시 광석면 장마루로***번길 **-*,,36.271399,127.078547,2022-04-07 09:32:00,동물_가축사육업.csv
논산시,갑을광석농장,돼지,충청남도 논산시 광석면 사계로 ***-**,,36.245199,127.0577,2025-01-23 10:37:59,동물_가축사육업.csv
논산시,홍현농장Ⅱ,돼지,충청남도 논산시 연무읍 양지*길 **-**,,36.118695,127.139899,2022-12-01 16:34:20,동물_가축사육업.csv
논산시,현대농장,돼지,충청남도 논산시 연무읍 양지*길 **-** (외*필지),,36.119325,127.14171,2020-02-28 15:57:18,동물_가축사육업.csv
논산시,우리농장,돼지,충청남도 논산시 연산면 백석*길 **,,36.258428,127.184077,2017-02-28 15:31:06,동물_가축사육업.csv
논산시,중토농장,돼지,충청남도 논산시 연무읍 양지*길 **-**,,36.119434,127.141009,2026-02-24 09:45:56,동물_가축사육업.csv
논산시,주현농장,돼지,충청남도 논산시 은진면 시묘리 ***-* 외*필지,,36.154655,127.119792,2014-02-18 17:20:31,동물_가축사육업.csv
논산시,문성광석농장,돼지,충청남도 논산시 광석면 사계로 ***-**,,36.245863,127.058978,2016-09-07 13:34:32,동물_가축사육업.csv
논산시,방주농장,돼지,충청남도 논산시 노성면 노성로 ***,,36.286592,127.093367,2015-03-27 18:12:12,동물_가축사육업.csv
논산시,신화농장,돼지,충청남도 논산시 연무읍 양지*길 **-**,,36.118372,127.141422,2022-09-26 14:54:21,동물_가축사육업.csv
논산시,대인농장4,돼지,"충청남도 논산시 광석면 율리 ***-** 외 *필지 (***-**, ***-**, ***-**)",,36.269947,127.079076,2023-02-28 17:26:00,동물_가축사육업.csv
논산시,석갈농장,돼지,충청남도 논산시 성동면 논산평야로***번길 *,,36.228456,127.04554,2015-03-12 16:53:31,동물_가축사육업.csv
논산시,농업회사법인(주)팜스월드 소룡농장,돼지,충청남도 논산시 연무읍 연무로***번길 **,,36.110624,127.125172,2020-11-16 14:54:25,동물_가축사육업.csv
논산시,연암농장3,돼지,충청남도 논산시 광석면 장마루로***번길 **,,36.271662,127.079959,2021-05-31 16:04:10,동물_가축사육업.csv
논산시,청심,돼지,충청남도 논산시 연산면 사계로 ****-**,,36.232144,127.172333,2021-06-16 15:55:19,동물_가축사육업.csv
논산시,(주)에스더블유디에프,돼지,충청남도 논산시 가야곡면 가야로 ***-**,,36.147816,127.169288,2022-08-09 10:50:28,동물_가축사육업.csv
논산시,석이농장,돼지,충청남도 논산시 채운면 채운로***번길 **-*,,36.153727,127.079338,2024-12-06 10:33:12,동물_가축사육업.csv
논산시,자연농장,돼지,충청남도 논산시 광석면 사계로 ***,,36.246577,127.059263,2014-02-18 16:45:32,동물_가축사육업.csv
논산시,농업회사법인 진터 주식회사,돼지,"충청남도 논산시 연무읍 마봉로 **, 진터영농조합법인",,36.092402,127.084483,2022-02-23 09:00:55,동물_가축사육업.csv
논산시,민농장,돼지,충청남도 논산시 광석면 장마루로***번길 **-**,,36.272238,127.077993,2019-05-23 14:50:16,동물_가축사육업.csv
논산시,농업회사법인 유한회사 양지,돼지,충청남도 논산시 연무읍 노루목길 ***-**,,36.109348,127.079891,2022-09-26 15:09:30,동물_가축사육업.csv
논산시,대근농장,돼지,충청남도 논산시 연무읍 양지*길 **-**,,36.117592,127.141481,2022-01-12 09:53:57,동물_가축사육업.csv
논산시,진회농장,돼지,충청남도 논산시 광석면 장마루로***번길 **,,36.272056,127.079448,2019-08-30 09:34:50,동물_가축사육업.csv
논산시,두레농장,돼지,충청남도 논산시 연무읍 양지*길 **-**,,36.11825,127.142023,2021-01-26 09:31:17,동물_가축사육업.csv
논산시,선일농장,돼지,충청남도 논산시 광석면 장마루로***번길 **-**,,36.27243,127.0785,2020-09-14 14:51:59,동물_가축사육업.csv
논산시,광진농장,돼지,충청남도 논산시 벌곡면 만어길 ***-*,,36.191992,127.307016,2018-05-09 09:48:07,동물_가축사육업.csv
논산시,평지농장,돼지,충청남도 논산시 연무읍 소룡길 **,,36.105093,127.134432,2021-06-16 14:25:41,동물_가축사육업.csv
논산시,이화농장,돼지,충청남도 논산시 벌곡면 만어길 ***,,36.19433,127.31124,2017-05-02 11:28:42,동물_가축사육업.csv
논산시,농업회사법인 주식회사 돈앤우리,돼지,충청남도 논산시 연무읍 양지*길 **-**,,36.118594,127.142416,2022-03-29 14:31:11,동물_가축사육업.csv
논산시,양지농장,돼지,충청남도 논산시 연무읍 마봉로***번길 **,,36.108666,127.074381,2020-11-16 14:23:21,동물_가축사육업.csv
논산시,성동농장,돼지,충청남도 논산시 성동면 월성*길 **-**,,36.202111,127.009798,2015-03-12 09:22:29,동물_가축사육업.csv
논산시,한라농장,돼지,충청남도 논산시 연무읍 소룡리 ***-* 외*필지(***-*),,36.109236,127.120656,2025-03-06 14:59:00,동물_가축사육업.csv
논산시,덕진농장,돼지,충청남도 논산시 은진면 매죽헌로 ***-**,,36.139801,127.141035,2023-01-02 14:12:08,동물_가축사육업.csv
논산시,갑을광석2농장,돼지,충청남도 논산시 광석면 사계로 ***-**,,36.244806,127.057627,2025-11-26 15:59:44,동물_가축사육업.csv
논산시,광석양지농장,돼지,충청남도 논산시 광석면 사계로 ***-**,,36.24556,127.05764,2022-02-18 15:54:45,동물_가축사육업.csv
논산시,하늘농장1,돼지,충청남도 논산시 광석면 장마루로***번길 **-** (외 *필지),,36.272202,127.078932,2022-04-07 09:08:05,동물_가축사육업.csv
논산시,가브리엘 농장,돼지,충청남도 논산시 은진면 탑정로 ***,,36.172677,127.086473,2022-01-21 10:31:43,동물_가축사육업.csv
논산시,샘터농장,돼지,"충청남도 논산시 연산면 관동리 ***-* 외 *필지[***, ***-**, ***-*]",,36.227937,127.214462,2020-12-16 10:37:05,동물_가축사육업.csv
논산시,한강농장,돼지,충청남도 논산시 연무읍 죽본길 ***-** (외 *필지),,36.142915,127.116759,2020-04-21 16:34:15,동물_가축사육업.csv
논산시,연암농장,돼지,"충청남도 논산시 노성면 호월로 ***-**, 연암농장",,36.316917,127.109503,2021-09-29 10:20:15,동물_가축사육업.csv
논산시,농장,돼지,충청남도 논산시 광석면 사계로 ***,,36.24589,127.057941,2014-12-17 09:33:53,동물_가축사육업.csv
논산시,세원농장,돼지,충청남도 논산시 광석면 장마루로***번길 **-*,,36.270579,127.077595,2021-02-05 13:26:35,동물_가축사육업.csv
논산시,선진농장,돼지,충청남도 논산시 성동면 원봉리 ***-**,,36.208294,127.055482,2015-03-12 16:52:47,동물_가축사육업.csv
논산시,석원농장,돼지,충청남도 논산시 은진면 연은로 ***-* (석원농장),,36.151127,127.094687,2024-12-27 14:54:39,동물_가축사육업.csv
논산시,하늘농장6,돼지,충청남도 논산시 광석면 장마루로***번길 **,,36.270516,127.077902,2024-09-19 15:35:10,동물_가축사육업.csv
논산시,상현농장2,돼지,충청남도 논산시 광석면 장마루로 ***,,36.267394,127.077906,2022-03-23 11:22:32,동물_가축사육업.csv
논산시,양암농장,돼지,충청남도 논산시 상월면 대명길 **-* (외 *필지),,36.300964,127.17304,2022-01-21 10:45:24,동물_가축사육업.csv
논산시,하늘농장4,돼지,충청남도 논산시 광석면 장마루로***번길 **,,36.270225,127.078379,2022-04-07 09:28:37,동물_가축사육업.csv
논산시,에벤에셀농장,돼지,충청남도 논산시 광석면 사계로 ***-**,,36.245655,127.059887,2019-11-19 10:13:24,동물_가축사육업.csv
논산시,(주)해피팜스,돼지,충청남도 논산시 연산면 화악길 ***-* (외 *필지),,36.252682,127.212015,2015-08-17 10:05:20,동물_가축사육업.csv
논산시,양지농장2,돼지,충청남도 논산시 광석면 사계로 ***-**,,36.24549,127.058816,2017-06-21 21:14:51,동물_가축사육업.csv
논산시,수청농장,돼지,충청남도 논산시 연무읍 행정*길 **-* (외*필지),,36.133154,127.116638,2023-07-25 14:13:06,동물_가축사육업.csv
논산시,돈앤팜,돼지,충청남도 논산시 연무읍 양지*길 **-**,,36.117744,127.140755,2025-10-17 11:23:48,동물_가축사육업.csv
논산시,저팔계농장,돼지,충청남도 논산시 광석면 사계로 ***-**,,36.246078,127.060133,2020-10-06 16:14:24,동물_가축사육업.csv
금산군,창평 제2농장,돼지,충청남도 금산군 부리면 창평*길 **,,36.095334,127.537317,2025-12-11 14:23:22,동물_가축사육업.csv
금산군,늘푸른농장,돼지,충청남도 금산군 복수면 용천로 ****,,36.174742,127.412488,2025-09-01 18:33:19,동물_가축사육업.csv
금산군,태흥농장,돼지,충청남도 금산군 복수면 수영*길 **,,36.16894,127.391132,2021-04-29 09:36:07,동물_가축사육업.csv
금산군,정원농장,돼지,충청남도 금산군 남이면 매곡리 ***,,36.039962,127.486528,2014-02-14 18:26:07,동물_가축사육업.csv
금산군,농업회사법인(주)한사랑,돼지,충청남도 금산군 부리면 창평로 ***-***,,36.094278,127.551744,2016-08-31 17:35:47,동물_가축사육업.csv
금산군,금광농원,돼지,충청남도 금산군 진산면 실학로 ***-**,,36.193342,127.354787,2016-09-28 10:36:32,동물_가축사육업.csv
금산군,대신농장,돼지,충청남도 금산군 추부면 용지리 *-*,,36.178516,127.462672,2022-04-08 14:38:13,동물_가축사육업.csv
금산군,영진한돈농장,돼지,충청남도 금산군 진산면 을음실*길 **,,36.147883,127.35775,2022-11-22 16:12:19,동물_가축사육업.csv
금산군,금성농장,돼지,충청남도 금산군 금성면 오룡길 ***-***,,36.119103,127.452257,2019-10-18 11:26:35,동물_가축사육업.csv
금산군,비알팜,돼지,충청남도 금산군 금성면 하류신촌*길 **,,36.125845,127.480081,2023-07-31 09:02:09,동물_가축사육업.csv
금산군,웅지농장,돼지,"충청남도 금산군 남이면 곰직이길 *, 웅지농장",,36.081934,127.377635,2018-12-10 08:06:02,동물_가축사육업.csv
금산군,이대농장,돼지,충청남도 금산군 금성면 진산로 ***,,36.127853,127.463586,2023-07-11 15:09:50,동물_가축사육업.csv
금산군,창평농장,돼지,충청남도 금산군 부리면 창평로 ***,,36.096962,127.53472,2025-02-18 15:18:24,동물_가축사육업.csv
금산군,(주)헬로피그,돼지,충청남도 금산군 제원면 신안사로 **,,36.124404,127.543879,2020-02-21 13:40:30,동물_가축사육업.csv
부여군,피그뱅크영농조합법인,돼지,충청남도 부여군 내산면 삽티로 ***,,36.277874,126.752092,2019-11-01 11:18:29,동물_가축사육업.csv
부여군,천보산농장,돼지,충청남도 부여군 홍산면 상천리 ***,,36.245281,126.759554,2023-01-18 16:26:40,동물_가축사육업.csv
부여군,대성농장2,돼지,"충청남도 부여군 세도면 동사리 *** 외*필지(***-*, ***-*, ***-*)",,36.170149,126.928802,2025-08-01 14:58:04,동물_가축사육업.csv
부여군,낙원축산,돼지,충청남도 부여군 석성면 금백로 ***-**,,36.23593,126.996748,2024-02-28 13:37:53,동물_가축사육업.csv
부여군,산성농원,돼지,충청남도 부여군 석성면 금백로 ***,,36.220822,127.000359,2024-12-13 14:25:16,동물_가축사육업.csv
부여군,부원농장,돼지,충청남도 부여군 세도면 동사리 ***-*,,36.161105,126.93021,2026-07-15 16:25:13,동물_가축사육업.csv
부여군,제일농장,돼지,"충청남도 부여군 석성면 증산리 ***-* 외 *필지(***-*,****-**, ****-**, ****-**)",,36.251907,127.006819,2026-03-13 11:49:37,동물_가축사육업.csv
부여군,부여육종,돼지,충청남도 부여군 임천면 위덕로**번길 **,,36.206205,126.897205,2025-12-23 16:15:23,동물_가축사육업.csv
부여군,석성농장,돼지,충청남도 부여군 석성면 증산리 ****-*,,36.246204,127.005061,2022-10-26 14:02:53,동물_가축사육업.csv
부여군,세원농장,돼지,충청남도 부여군 초촌면 초평로***번길 *-**,,36.252621,127.029346,2022-10-19 14:49:20,동물_가축사육업.csv
부여군,삼정팜,돼지,충청남도 부여군 양화면 수원리 ***-*,,36.118155,126.848442,2024-04-11 09:16:10,동물_가축사육업.csv
부여군,농업회사법인 주식회사 도암농장(1농장),돼지,충청남도 부여군 양화면 수시로 ***-**,,36.095326,126.854614,2024-09-09 16:07:44,동물_가축사육업.csv
부여군,백제양돈영농조합법인,돼지,충청남도 부여군 장암면 위덕로 ***-**,,36.219501,126.941029,2024-05-23 09:32:26,동물_가축사육업.csv
부여군,영재농장,돼지,충청남도 부여군 은산면 홍산리 ***-**,,36.31991,126.831698,2018-02-07 09:58:24,동물_가축사육업.csv
부여군,대성농장,돼지,충청남도 부여군 초촌면 응평리 ***-*,,36.265175,127.010544,2022-11-21 13:25:15,동물_가축사육업.csv
부여군,대성농장,돼지,충청남도 부여군 초촌면 응평리 ***-*,,36.265234,127.010083,2022-11-19 11:25:37,동물_가축사육업.csv
부여군,이화농장,돼지,충청남도 부여군 은산면 지천로 ***-**,,36.330932,126.849509,2023-09-20 11:42:46,동물_가축사육업.csv
부여군,에버그린팜 농업회사법인 유한회사,돼지,충청남도 부여군 석성면 비당로***번길 **,,36.235664,127.023809,2026-05-18 16:08:18,동물_가축사육업.csv
부여군,자연,돼지,충청남도 부여군 부여읍 대울로 ***-**,,36.314925,126.985045,2016-03-07 16:32:03,동물_가축사육업.csv
부여군,청산농장,돼지,충청남도 부여군 양화면 망배로 **,,36.11179,126.852977,2015-12-02 11:05:27,동물_가축사육업.csv
부여군,농업회사법인(주)해피피그,돼지,충청남도 부여군 초촌면 응신길 **,,36.267217,127.009643,2025-11-26 11:55:06,동물_가축사육업.csv
부여군,에스비팜부여 농업회사법인 주식회사,돼지,충청남도 부여군 석성면 증산천길 ***,,36.250973,127.0164,2025-08-28 15:37:59,동물_가축사육업.csv
부여군,부운팜,돼지,충청남도 부여군 홍산면 조현로**번길 **-**,,36.233061,126.789317,2022-11-17 13:36:40,동물_가축사육업.csv
부여군,죽림농장,돼지,충청남도 부여군 세도면 성흥로 ***-**,,36.170506,126.935245,2022-11-15 17:35:56,동물_가축사육업.csv
부여군,동이농장,돼지,충청남도 부여군 옥산면 옥산북로 ***,,36.213073,126.721863,2022-11-16 15:10:26,동물_가축사육업.csv
부여군,지토농장,돼지,"충청남도 부여군 장암면 지토리 ***-* 외 *필지(***-*, *, *, *, **)(***)",,36.220574,126.90665,2025-03-17 09:27:16,동물_가축사육업.csv
부여군,명현축산,돼지,충청남도 부여군 부여읍 송곡리 **,,36.28844,126.978871,2022-11-16 15:00:45,동물_가축사육업.csv
부여군,농업회사법인 주식회사 도암농장(2농장),돼지,충청남도 부여군 양화면 수시로 ***-*,,36.098015,126.854135,2024-09-06 13:45:12,동물_가축사육업.csv
부여군,명현석성농장,돼지,충청남도 부여군 석성면 종북로 **-**,,36.246204,127.005061,2022-10-26 14:03:20,동물_가축사육업.csv
부여군,죽림농장,돼지,충청남도 부여군 세도면 동사리 ***,,36.170292,126.927643,2022-11-15 17:35:11,동물_가축사육업.csv
서천군,유장농장,돼지,충청남도 서천군 화양면 창봉길***번길 **,,36.047791,126.776737,2023-03-22 10:13:42,동물_가축사육업.csv
서천군,서서천양돈영농조합법인,돼지,충청남도 서천군 서면 부원길***번길 ***,,36.179455,126.557771,2019-06-18 09:13:56,동물_가축사육업.csv
서천군,이종현농장,돼지,충청남도 서천군 시초면 후암길***번길 **,,36.146193,126.770393,2022-07-27 17:02:04,동물_가축사육업.csv
서천군,두혁중농장,돼지,충청남도 서천군 장항읍 옥남길 ***,,36.041132,126.663169,2019-10-04 13:45:14,동물_가축사육업.csv
서천군,유진농장,돼지,충청남도 서천군 기산면 신막로**번길 **,,36.081745,126.755603,2022-01-13 13:41:48,동물_가축사육업.csv
서천군,회현한돈영농조합,돼지,충청남도 서천군 장항읍 원송로***번길 **,,36.01514,126.718585,2025-09-24 16:35:58,동물_가축사육업.csv
서천군,피그랜드영농조합법인,돼지,충청남도 서천군 서면 부원길***번길 **-**,,36.173062,126.558368,2016-10-25 12:12:32,동물_가축사육업.csv
서천군,농업회사법인(주) 대한에코팜 서천지점,돼지,충청남도 서천군 시초면 시초남로***번길 **,,36.110513,126.746199,2022-04-08 13:31:35,동물_가축사육업.csv
서천군,마산농장,돼지,충청남도 서천군 마산면 한마로 ****-**,,36.179703,126.772921,2022-07-27 16:56:38,동물_가축사육업.csv
서천군,개야농장,돼지,충청남도 서천군 서면 부원길***번길 **,,36.172868,126.575331,2018-02-05 14:34:35,동물_가축사육업.csv
서천군,한들농장,돼지,충청남도 서천군 비인면 서인로****번길 *,,36.148781,126.588097,2022-07-05 10:25:53,동물_가축사육업.csv
청양군,한재농장,돼지,충청남도 청양군 남양면 용두리 **-*,,36.393404,126.797565,2025-07-09 17:24:44,동물_가축사육업.csv
청양군,태영농장,돼지,충청남도 청양군 비봉면 사점리 ***-*,,36.505673,126.798698,2025-05-19 09:22:43,동물_가축사육업.csv
청양군,석교농장,돼지,충청남도 청양군 비봉면 장재리 ***-* 외 *필지,,36.531628,126.782388,2023-09-27 17:21:08,동물_가축사육업.csv
청양군,선영축산,돼지,충청남도 청양군 청양읍 청수길 ***-***,,36.459638,126.767215,2020-08-05 14:16:39,동물_가축사육업.csv
청양군,화산양돈,돼지,충청남도 청양군 장평면 화산로 ***,,36.358626,126.868918,2026-06-01 14:14:02,동물_가축사육업.csv
청양군,용천농장,돼지,충청남도 청양군 비봉면 용천신원로 ***,,36.481049,126.755271,2025-01-02 10:56:39,동물_가축사육업.csv
청양군,정연농장,돼지,충청남도 청양군 대치면 탄정리 ***,,36.434492,126.828864,2021-11-23 16:22:53,동물_가축사육업.csv
청양군,진영농장,돼지,충청남도 청양군 장평면 화산로 ***-**,,36.359149,126.870539,2014-03-18 22:12:47,동물_가축사육업.csv
청양군,일순농장,돼지,충청남도 청양군 청양읍 충절로 ***-**,,36.420365,126.79348,2020-11-23 09:38:30,동물_가축사육업.csv
청양군,한빛농장,돼지,충청남도 청양군 대치면 탄정길 **-***,,36.440649,126.824855,2021-01-19 11:00:26,동물_가축사육업.csv
청양군,신한빛농장,돼지,충청남도 청양군 대치면 오룡리 ***,,36.448924,126.877854,2021-03-29 16:38:11,동물_가축사육업.csv
청양군,청남농장,돼지,충청남도 청양군 목면 본의리 ***,,36.432944,126.981585,2008-03-31 09:56:43,동물_가축사육업.csv
청양군,여양농장,돼지,충청남도 청양군 청양읍 대청로 ***-** (여양농장),,36.450288,126.755581,2025-03-07 13:09:28,동물_가축사육업.csv
청양군,영창농장,돼지,충청남도 청양군 장평면 화산리 **,,36.358319,126.867049,2024-05-20 09:40:33,동물_가축사육업.csv
청양군,장재농장,돼지,충청남도 청양군 비봉면 충절로 ****-**,,36.529445,126.784464,2022-11-07 17:07:32,동물_가축사육업.csv
청양군,오희선농장,돼지,충청남도 청양군 정산면 와촌들길 **-**,,36.383891,126.9288,2018-11-26 16:59:12,동물_가축사육업.csv
청양군,조양양돈,돼지,충청남도 청양군 비봉면 용천리 ***-*,,36.48331,126.758149,2025-04-07 11:37:34,동물_가축사육업.csv
청양군,다복축산,돼지,충청남도 청양군 청양읍 장승리 산 **-*,,36.450161,126.767937,2018-01-12 14:24:03,동물_가축사육업.csv
청양군,태영농장,돼지,충청남도 청양군 청남면 청소리 ***,,36.351451,126.949299,2026-06-01 14:36:43,동물_가축사육업.csv
청양군,반석농장,돼지,충청남도 청양군 대치면 탄정리 **-*,,36.434492,126.828864,2024-02-05 14:21:49,동물_가축사육업.csv
청양군,칠성농장,돼지,충청남도 청양군 청양읍 장승리 ***-**,,36.449758,126.754008,2018-01-12 14:21:52,동물_가축사육업.csv
청양군,두산농장,돼지,충청남도 청양군 비봉면 록평용당로 ***,,36.496115,126.762354,2024-08-14 06:58:59,동물_가축사육업.csv
청양군,신왕농장,돼지,충청남도 청양군 남양면 구봉로 ***-**,,36.411296,126.733717,2022-03-23 11:27:16,동물_가축사육업.csv
청양군,대성농장,돼지,충청남도 청양군 장평면 화산리 **-*,,36.359739,126.862979,2025-08-16 10:31:37,동물_가축사육업.csv
청양군,엔에치팜영농조합법인,돼지,충청남도 청양군 운곡면 영미선길 **-**,,36.540083,126.843775,2017-08-07 15:03:28,동물_가축사육업.csv
청양군,청양농장,돼지,충청남도 청양군 목면 안심리 ***,,36.418404,127.005535,2025-05-19 09:38:54,동물_가축사육업.csv
청양군,피그캐슬,돼지,충청남도 청양군 남양면 매곡리 ***-*,,36.365413,126.758541,2025-06-12 13:13:56,동물_가축사육업.csv
청양군,와촌농장,돼지,충청남도 청양군 정산면 와촌들길 ***,,36.387311,126.928056,2024-11-07 09:08:57,동물_가축사육업.csv
청양군,함박농장(청양),돼지,충청남도 청양군 장평면 화산로 ***,,36.357631,126.865152,2026-06-01 13:33:57,동물_가축사육업.csv
청양군,농업회사법인(주)리버팜,돼지,충청남도 청양군 목면 금강변로 ****-**,,36.40403,127.025425,2021-09-10 16:08:22,동물_가축사육업.csv
청양군,다영농장,돼지,"충청남도 청양군 남양면 봉암리 *** 외 *필지(***,***)",,36.413506,126.76172,2023-12-08 11:02:49,동물_가축사육업.csv
홍성군,동산농장,돼지,"충청남도 홍성군 광천읍 옹암리 **-* ,**-**",,36.486937,126.630885,2023-12-22 11:03:08,동물_가축사육업.csv
홍성군,번영축산,돼지,충청남도 홍성군 은하면 홍남로**번길 **,,36.514203,126.570264,2025-12-24 13:13:01,동물_가축사육업.csv
홍성군,준마농장,돼지,충청남도 홍성군 서부면 판교리 **,,36.55186,126.525763,2016-03-28 11:10:23,동물_가축사육업.csv
홍성군,대호농장,돼지,충청남도 홍성군 광천읍 월림리 ***-*,,36.534555,126.652264,2024-01-31 10:36:34,동물_가축사육업.csv
홍성군,수봉제2농장,돼지,충청남도 홍성군 홍동면 화신리 ***-*,,36.537054,126.691238,2025-11-11 18:35:08,동물_가축사육업.csv
홍성군,농업회사법인 주식회사 서부유전자,돼지,충청남도 홍성군 구항면 구항남길 ***-**,,36.562219,126.596823,2025-12-09 09:05:03,동물_가축사육업.csv
홍성군,지정농장,돼지,충청남도 홍성군 장곡면 지정리 **-*,,36.521363,126.712343,2020-03-11 09:30:33,동물_가축사육업.csv
홍성군,양일농장,돼지,"충청남도 홍성군 홍북읍 중계리 **-** -*,-**,-**,-**,-**,-**",,36.646962,126.635785,2021-09-28 16:44:04,동물_가축사육업.csv
홍성군,송월농장B,돼지,충청남도 홍성군 홍동면 광금남로***번길 ***-***,,36.575308,126.686223,2017-06-07 13:16:44,동물_가축사육업.csv
홍성군,재원농장,돼지,"충청남도 홍성군 홍동면 원천리 ***, ***, ***-*",,36.547667,126.664623,2025-07-18 15:57:58,동물_가축사육업.csv
홍성군,충일농장,돼지,충청남도 홍성군 은하면 덕실리 ***,,36.504108,126.567625,2022-03-28 09:37:09,동물_가축사육업.csv
홍성군,창진농장,돼지,충청남도 홍성군 광천읍 광금남로***번길 ***-**,,36.534612,126.656791,2022-11-24 14:54:39,동물_가축사육업.csv
홍성군,구름다리농장,돼지,"충청남도 홍성군 금마면 송강리 ***-*, ***, ***-*",,36.632463,126.727428,2024-08-30 09:18:27,동물_가축사육업.csv
홍성군,(주)은하양돈,돼지,충청남도 홍성군 은하면 은하로***번길 ***,,36.54608,126.611366,2021-01-21 09:31:19,동물_가축사육업.csv
홍성군,대판농장,돼지,"충청남도 홍성군 은하면 대판리 ***-** ***-*, ***-*, ***-*, ***-*",,36.516884,126.584985,2024-08-28 10:00:40,동물_가축사육업.csv
홍성군,.,돼지,충청남도 홍성군 은하면 덕실리 ***,,36.513398,126.566662,2022-03-11 10:09:10,동물_가축사육업.csv
홍성군,양일농장,돼지,"충청남도 홍성군 홍북읍 중계리 **-** -*,-**,-**,-**,-**,-**",,36.646962,126.635785,2022-11-11 12:56:42,동물_가축사육업.csv
홍성군,농업회사법인 (주)삼화육종 형산팜,돼지,충청남도 홍성군 결성면 백야로 ***,,36.574796,126.56446,2026-06-26 17:17:52,동물_가축사육업.csv
홍성군,양돈사랑 햇살농장,돼지,충청남도 홍성군 홍동면 홍남동로***번길 ***-***,,36.52461,126.687496,2021-11-15 14:09:56,동물_가축사육업.csv
홍성군,조양양돈 1농장,돼지,"충청남도 홍성군 장곡면 죽전리 *-* , *-*, *-*, *-*",,36.504227,126.679422,2025-05-12 18:03:29,동물_가축사육업.csv
홍성군,.,돼지,충청남도 홍성군 갈산면 부기리 ***,,36.609252,126.527713,2022-03-11 10:08:06,동물_가축사육업.csv
홍성군,선진광,돼지,충청남도 홍성군 장곡면 신동리 ***,,36.524706,126.692479,2022-02-23 18:29:04,동물_가축사육업.csv
홍성군,동인농장,돼지,충청남도 홍성군 광천읍 월림리 ***-*,,36.527065,126.64365,2017-02-22 11:32:23,동물_가축사육업.csv
홍성군,성현농장,돼지,충청남도 홍성군 광천읍 월림리 ***,,36.519869,126.648967,2022-03-28 09:27:18,동물_가축사육업.csv
홍성군,월림농장,돼지,충청남도 홍성군 광천읍 광금남로 ***,,36.522023,126.654301,2018-01-29 17:24:20,동물_가축사육업.csv
홍성군,서부농장,돼지,충청남도 홍성군 서부면 상황리 ***,,36.575566,126.479446,2026-03-04 10:08:07,동물_가축사육업.csv
홍성군,꿀꿀이농장,돼지,충청남도 홍성군 홍동면 금평리 ***-**,,36.55422,126.698175,2018-01-19 16:43:47,동물_가축사육업.csv
홍성군,청운목장,돼지,충청남도 홍성군 광천읍 홍남동로***번길 **,,36.519052,126.673923,2020-03-16 13:22:12,동물_가축사육업.csv
홍성군,종성농장,돼지,충청남도 홍성군 광천읍 운용리 **,,36.527739,126.669787,2021-08-23 10:36:18,동물_가축사육업.csv
홍성군,동신농장,돼지,충청남도 홍성군 장곡면 장곡길 ***,,36.500554,126.667684,2024-12-23 16:45:52,동물_가축사육업.csv
홍성군,.,돼지,충청남도 홍성군 장곡면 가송리 **,,36.508436,126.688338,2019-08-21 23:27:00,동물_가축사육업.csv
홍성군,선영농장,돼지,충청남도 홍성군 결성면 만해로***번길 **-**,,36.573095,126.547323,2026-08-10 17:13:49,동물_가축사육업.csv
홍성군,.,돼지,충청남도 홍성군 서부면 광리 **,,36.593228,126.510379,2022-03-11 10:09:59,동물_가축사육업.csv
홍성군,태봉농장,돼지,충청남도 홍성군 구항면 태봉리 ***,,36.57247,126.592904,2021-12-08 15:47:26,동물_가축사육업.csv
홍성군,창건농장3,돼지,충청남도 홍성군 은하면 덕실리 ***,,36.509362,126.567141,2020-07-21 11:09:21,동물_가축사육업.csv
홍성군,선화농원,돼지,충청남도 홍성군 은하면 은하로***번길 ***-***,,36.544454,126.609198,2022-04-10 10:22:04,동물_가축사육업.csv
홍성군,월림농장,돼지,충청남도 홍성군 광천읍 월림리 ***,,36.519974,126.645861,2016-03-28 10:18:59,동물_가축사육업.csv
홍성군,주훈농장,돼지,"충청남도 홍성군 결성면 무량리 *** , ***-*, ***-*",,36.54158,126.545311,2025-01-10 17:21:04,동물_가축사육업.csv
홍성군,형제농장,돼지,충청남도 홍성군 은하면 홍남서로***번길 **,,36.516356,126.562335,2018-10-23 14:39:10,동물_가축사육업.csv
홍성군,우리농장,돼지,충청남도 홍성군 갈산면 내포로 ****-**,,36.640244,126.537047,2021-09-28 17:46:08,동물_가축사육업.csv
홍성군,승진,돼지,충청남도 홍성군 광천읍 홍남동로***번길 ***,,36.524308,126.67194,2016-06-15 16:17:24,동물_가축사육업.csv
홍성군,정민권농장,돼지,충청남도 홍성군 홍북읍 석택리 산 **,,36.660894,126.703175,2021-09-28 08:37:02,동물_가축사육업.csv
홍성군,석천농장,돼지,충청남도 홍성군 결성면 성남리 ****,,36.519581,126.537174,2016-11-23 15:00:29,동물_가축사육업.csv
홍성군,해창농장,돼지,충청남도 홍성군 결성면 금곡리 ***-*,,36.523465,126.561186,2021-09-29 09:39:17,동물_가축사육업.csv
홍성군,꿀꿀이산2농장,돼지,충청남도 홍성군 광천읍 담산리 ***-*,,36.487723,126.637898,2022-03-28 13:35:57,동물_가축사육업.csv
홍성군,만남농장,돼지,충청남도 홍성군 광천읍 홍남동로***번길 ***,,36.522367,126.675688,2022-01-17 10:27:43,동물_가축사육업.csv
홍성군,꿀꿀이농장,돼지,충청남도 홍성군 홍동면 금평리 ***,,36.55497,126.699098,2017-05-15 10:43:01,동물_가축사육업.csv
홍성군,하은,돼지,충청남도 홍성군 결성면 백야로 ***,,36.568821,126.570124,2026-07-16 17:20:48,동물_가축사육업.csv
홍성군,운용농장,돼지,충청남도 홍성군 광천읍 운용리 ***-*,,36.515696,126.672926,2019-09-17 08:43:41,동물_가축사육업.csv
홍성군,대원농장,돼지,충청남도 홍성군 홍동면 원천리 ***-*,,36.544758,126.661274,2021-01-13 18:05:29,동물_가축사육업.csv
홍성군,웅이네농장,돼지,"충청남도 홍성군 장곡면 장곡길 *** (,-*, -*, ***-*, ***-*, -*, -*)",,36.500229,126.691805,2026-05-15 10:03:39,동물_가축사육업.csv
홍성군,진고개농장,돼지,충청남도 홍성군 구항면 구성북로 ***,,36.613033,126.608774,2017-07-04 16:02:58,동물_가축사육업.csv
홍성군,덕승농장,돼지,충청남도 홍성군 결성면 만해로 ***,,36.571092,126.542883,2020-03-10 09:12:44,동물_가축사육업.csv
홍성군,우신농장,돼지,충청남도 홍성군 은하면 홍남서로 ***,,36.52128,126.563869,2016-12-01 16:47:55,동물_가축사육업.csv
홍성군,오두리농장,돼지,충청남도 홍성군 갈산면 오두리 ***-**,,36.60032,126.52481,2016-03-25 17:25:06,동물_가축사육업.csv
홍성군,임마누엘농장,돼지,충청남도 홍성군 홍동면 충절로***번길 ***-**,,36.559605,126.737985,2016-03-28 13:11:55,동물_가축사육업.csv
홍성군,대진농장,돼지,충청남도 홍성군 홍북읍 봉신*길 ***,,36.618947,126.660509,2025-06-24 14:40:29,동물_가축사육업.csv
홍성군,대원농장,돼지,충청남도 홍성군 은하면 덕실리 ***-*,,36.511869,126.569804,2017-02-14 08:23:21,동물_가축사육업.csv
홍성군,산성농장,돼지,충청남도 홍성군 장곡면 홍남동로 ***,,36.49702,126.739872,2022-01-17 09:29:07,동물_가축사육업.csv
홍성군,성진농장,돼지,충청남도 홍성군 결성면 산업로**번길 **,,36.548881,126.555793,2018-02-13 07:46:04,동물_가축사육업.csv
홍성군,띠앗농장,돼지,충청남도 홍성군 홍동면 홍원리 ***-*,,36.544643,126.685131,2025-04-21 16:54:36,동물_가축사육업.csv
홍성군,재원농장,돼지,충청남도 홍성군 광천읍 광금남로**번길 ***-**,,36.543273,126.657767,2025-07-18 16:00:05,동물_가축사육업.csv
홍성군,네오존 농장,돼지,충청남도 홍성군 구항면 오봉리 ***,,36.593466,126.613251,2025-09-03 14:52:54,동물_가축사육업.csv
홍성군,형성팜,돼지,충청남도 홍성군 광천읍 옹암*길 **-**,,36.479006,126.623514,2016-05-02 14:02:11,동물_가축사육업.csv
홍성군,병일농장,돼지,충청남도 홍성군 은하면 홍남로**번길 **,,36.511742,126.568914,2024-10-16 09:46:46,동물_가축사육업.csv
홍성군,새인농장,돼지,충청남도 홍성군 홍북읍 홍북로 ***-*,,36.662437,126.71583,2025-06-23 13:19:18,동물_가축사육업.csv
홍성군,목현1농장,돼지,충청남도 홍성군 은하면 홍남서로 ***,,36.521186,126.565014,2018-06-18 17:41:14,동물_가축사육업.csv
홍성군,시온팜스,돼지,충청남도 홍성군 금마면 죽림리 **-*,,36.611137,126.716854,2024-12-19 09:01:35,동물_가축사육업.csv
홍성군,덕성양돈,돼지,충청남도 홍성군 은하면 덕실리 ***-*,,36.51191,126.568375,2016-03-28 10:09:14,동물_가축사육업.csv
홍성군,현농장,돼지,충청남도 홍성군 장곡면 장곡길 ***-**,,36.492326,126.69665,2021-03-08 17:31:46,동물_가축사육업.csv
홍성군,성진농장,돼지,충청남도 홍성군 홍성읍 백월로***번길 **-**,,36.60459,126.635642,2018-02-13 07:47:35,동물_가축사육업.csv
홍성군,.,돼지,충청남도 홍성군 은하면 홍남로**번길 **,,36.514722,126.568174,2022-03-11 10:08:53,동물_가축사육업.csv
홍성군,금농장,돼지,충청남도 홍성군 은하면 대판리 ***,,36.512437,126.578107,2026-01-03 16:59:54,동물_가축사육업.csv
홍성군,금성농장,돼지,충청남도 홍성군 결성면 용호리 ***,,36.563494,126.556116,2022-03-24 17:20:21,동물_가축사육업.csv
홍성군,동산농장(1),돼지,충청남도 홍성군 은하면 홍남로**번길 ***,,36.505467,126.571935,2021-09-10 11:24:52,동물_가축사육업.csv
홍성군,다복농장,돼지,충청남도 홍성군 광천읍 광금남로**번길 ***-**,,36.53517,126.656594,2022-11-23 11:34:37,동물_가축사육업.csv
홍성군,준수농장,돼지,충청남도 홍성군 금마면 덕정리 ***-*,,36.605658,126.729357,2016-03-25 16:18:30,동물_가축사육업.csv
홍성군,남매농장,돼지,충청남도 홍성군 구항면 백야로***번길 ***-**,,36.583161,126.582288,2020-05-07 17:34:29,동물_가축사육업.csv
홍성군,미래농장,돼지,충청남도 홍성군 구항면 청광리 ***-*,,36.55345,126.65028,2022-03-24 08:55:03,동물_가축사육업.csv
홍성군,.,돼지,충청남도 홍성군 홍북읍 매죽헌길 **-**,,36.647274,126.697451,2022-03-11 10:14:44,동물_가축사육업.csv
홍성군,두현농장,돼지,충청남도 홍성군 광천읍 오서길 ***-***,,36.490956,126.648914,2022-04-18 17:35:54,동물_가축사육업.csv
홍성군,상원농장,돼지,충청남도 홍성군 홍동면 홍원리 ***,,36.538131,126.680312,2016-03-25 16:45:58,동물_가축사육업.csv
홍성군,대성농장,돼지,충청남도 홍성군 광천읍 월림리 ***-* 외*필지,,36.533499,126.665222,2021-12-08 16:08:12,동물_가축사육업.csv
홍성군,지호영농조합법인,돼지,"충청남도 홍성군 은하면 목현리 ***-* , ***-*",,36.517627,126.562536,2023-04-13 18:07:08,동물_가축사육업.csv
홍성군,성지축산,돼지,충청남도 홍성군 은하면 홍남로**번길 **-**,,36.513105,126.570366,2017-02-14 08:39:27,동물_가축사육업.csv
홍성군,양돈사랑 운용농장,돼지,충청남도 홍성군 광천읍 운용*길 **,,36.520217,126.672849,2021-11-16 11:08:29,동물_가축사육업.csv
홍성군,마루팜,돼지,충청남도 홍성군 은하면 홍남로 **-**,,36.514879,126.579075,2026-08-24 17:24:11,동물_가축사육업.csv
홍성군,부윤영농조합법인,돼지,충청남도 홍성군 홍동면 충절로***번길 **,,36.575214,126.722535,2021-04-05 17:30:52,동물_가축사육업.csv
홍성군,장영제농장,돼지,충청남도 홍성군 홍동면 금당리 ***,,36.561009,126.736087,2020-11-05 08:30:33,동물_가축사육업.csv
홍성군,KS농장,돼지,충청남도 홍성군 홍동면 홍원*길 **,,36.533564,126.675833,2018-10-23 15:46:49,동물_가축사육업.csv
홍성군,선희농장,돼지,"충청남도 홍성군 광천읍 대평리 ** ,**",,36.523537,126.665468,2024-01-31 10:56:15,동물_가축사육업.csv
홍성군,새들만 은하농장,돼지,충청남도 홍성군 은하면 홍남로**번길 **-*,,36.510198,126.577868,2023-11-13 09:21:14,동물_가축사육업.csv
홍성군,석교농장,돼지,충청남도 홍성군 홍북읍 매죽헌길 ***,,36.647288,126.708981,2021-09-28 17:37:25,동물_가축사육업.csv
홍성군,웅비농장,돼지,충청남도 홍성군 결성면 성곡리 ***-*,,36.558832,126.551444,2021-02-08 16:18:50,동물_가축사육업.csv
홍성군,편안농장,돼지,충청남도 홍성군 결성면 형산리 ***-*,,36.582431,126.57713,2024-04-12 11:44:12,동물_가축사육업.csv
홍성군,수란농장,돼지,"충청남도 홍성군 홍동면 수란리 ***-* , ***-*, ***",,36.577885,126.728703,2025-06-02 11:09:20,동물_가축사육업.csv
홍성군,대흥농장,돼지,충청남도 홍성군 홍북읍 중계리 산 **-*,,36.619774,126.632961,2021-09-28 16:35:08,동물_가축사육업.csv
홍성군,농업회사법인 주식회사 사조농산,돼지,충청남도 홍성군 홍북읍 홍북로 ***,,36.631589,126.685728,2025-11-12 09:33:16,동물_가축사육업.csv
홍성군,조운,돼지,충청남도 홍성군 광천읍 옹암*길 **,,36.481804,126.618419,2016-06-02 12:19:42,동물_가축사육업.csv
홍성군,원농장,돼지,충청남도 홍성군 장곡면 신풍리 ***,,36.479575,126.690769,2025-01-07 09:35:09,동물_가축사육업.csv
홍성군,엄지농장,돼지,충청남도 홍성군 결성면 만해로***번길 ***,,36.540248,126.54983,2026-03-11 15:11:21,동물_가축사육업.csv
홍성군,학동농장,돼지,충청남도 홍성군 은하면 학산리 ***,,36.533436,126.578253,2026-05-18 13:20:33,동물_가축사육업.csv
홍성군,지번농장,돼지,충청남도 홍성군 은하면 홍남로**번길 **-**,,36.513292,126.575582,2021-06-07 14:45:19,동물_가축사육업.csv
홍성군,신진농장,돼지,충청남도 홍성군 은하면 장척리 ***-*,,36.497308,126.598754,2021-03-03 11:37:14,동물_가축사육업.csv
홍성군,다산농장,돼지,충청남도 홍성군 홍동면 충절로***번길 ***-**,,36.564501,126.717907,2022-03-11 10:08:40,동물_가축사육업.csv
홍성군,.,돼지,충청남도 홍성군 금마면 광금북로***번길 **-**,,36.587784,126.719341,2021-04-14 09:01:32,동물_가축사육업.csv
홍성군,넝쿨농장,돼지,충청남도 홍성군 홍동면 홍원리 ***,,36.528918,126.684302,2016-03-25 14:39:07,동물_가축사육업.csv
홍성군,연서농장,돼지,충청남도 홍성군 장곡면 가송리 ***,,36.522039,126.678483,2019-02-11 16:28:27,동물_가축사육업.csv
홍성군,삼일축산,돼지,충청남도 홍성군 홍북읍 내덕리 ***,,36.625752,126.689672,2022-03-22 16:43:25,동물_가축사육업.csv
홍성군,꿈돼지한돈 영농조합법인,돼지,충청남도 홍성군 은하면 홍남로**번길 **,,36.513294,126.569515,2023-06-07 16:18:01,동물_가축사육업.csv
홍성군,빛나농장,돼지,충청남도 홍성군 홍성읍 학계리 ***,,36.573446,126.671086,2021-04-14 09:40:11,동물_가축사육업.csv
홍성군,성호축산,돼지,충청남도 홍성군 은하면 홍남서로***번길 ***,,36.507021,126.566617,2022-07-07 13:28:42,동물_가축사육업.csv
홍성군,마인팜,돼지,충청남도 홍성군 장곡면 홍장남로***번길 ***,,36.528025,126.709989,2026-04-09 17:57:15,동물_가축사육업.csv
홍성군,대림농장,돼지,충청남도 홍성군 금마면 광금북로 ***-*,,36.600114,126.730587,2026-01-19 09:22:04,동물_가축사육업.csv
홍성군,결성농장,돼지,충청남도 홍성군 결성면 무량리 ***-*,,36.554826,126.540203,2016-03-25 16:41:16,동물_가축사육업.csv
홍성군,.,돼지,충청남도 홍성군 홍성읍 월산리 ***-*,,36.606262,126.636653,2016-03-25 16:27:15,동물_가축사육업.csv
홍성군,남양,돼지,충청남도 홍성군 구항면 남산리 **,,36.586523,126.585422,2024-09-27 13:44:00,동물_가축사육업.csv
홍성군,보물농장,돼지,충청남도 홍성군 은하면 홍남로***번길 ***-**,,36.516266,126.603714,2020-09-08 20:23:40,동물_가축사육업.csv
홍성군,대명농장,돼지,충청남도 홍성군 구항면 구성북로***번길 **,,36.602726,126.614739,2026-04-20 10:59:04,동물_가축사육업.csv
홍성군,.,돼지,충청남도 홍성군 은하면 덕실리 ***,,36.506925,126.56572,2021-03-03 11:29:20,동물_가축사육업.csv
홍성군,오성목장,돼지,충청남도 홍성군 장곡면 오성리 ***,,36.487506,126.657522,2021-11-23 10:58:09,동물_가축사육업.csv
홍성군,보성농장,돼지,"충청남도 홍성군 서부면 판교리 *** , ***-*, -*, -*, -*",,36.548619,126.51909,2024-02-19 09:11:11,동물_가축사육업.csv
홍성군,준우농장,돼지,충청남도 홍성군 광천읍 월림리 ***-*,,36.540563,126.656793,2016-03-28 13:57:03,동물_가축사육업.csv
홍성군,주리농장,돼지,충청남도 홍성군 갈산면 수덕사로***번길 **-**,,36.619744,126.5945,2021-03-10 09:22:05,동물_가축사육업.csv
홍성군,영농조합법인 나눔홍북농장,돼지,충청남도 홍성군 홍북읍 충서로****번길 **,,36.629352,126.734214,2021-09-28 17:38:19,동물_가축사육업.csv
홍성군,정환농장,돼지,충청남도 홍성군 광천읍 원촌길 ***,,36.490115,126.629589,2025-05-26 17:49:34,동물_가축사육업.csv
홍성군,하늘농장,돼지,충청남도 홍성군 갈산면 갈산서길***번길 ***-**,,36.621425,126.51512,2023-09-21 11:33:49,동물_가축사육업.csv
홍성군,다산농장,돼지,충청남도 홍성군 홍동면 화신리 ***-*,,36.537898,126.690482,2020-04-27 09:33:05,동물_가축사육업.csv
홍성군,오성농장,돼지,충청남도 홍성군 장곡면 오성리 **,,36.48668,126.663686,2016-03-28 10:10:14,동물_가축사육업.csv
홍성군,효태농장,돼지,충청남도 홍성군 광천읍 월림리 ***,,36.518385,126.645762,2021-04-14 10:07:10,동물_가축사육업.csv
홍성군,국제농장,돼지,충청남도 홍성군 은하면 장척리 ***-*,,36.490243,126.609538,2026-02-11 15:30:34,동물_가축사육업.csv
홍성군,홍성1농장,돼지,충청남도 홍성군 홍동면 홍원리 **-*,,36.543108,126.687776,2022-07-07 13:33:36,동물_가축사육업.csv
홍성군,농업회사법인 (주)해우리팜2농장,돼지,충청남도 홍성군 광천읍 홍남동로***번길 ***,,36.522893,126.665369,2021-09-16 13:05:30,동물_가축사육업.csv
홍성군,.,돼지,충청남도 홍성군 은하면 목현리 ***-**,,36.517543,126.560285,2016-03-28 10:37:25,동물_가축사육업.csv
홍성군,덕실양돈장,돼지,충청남도 홍성군 은하면 덕실리 ***-**,,36.502985,126.571234,2016-03-28 13:16:01,동물_가축사육업.csv
홍성군,준마 제2농장,돼지,충청남도 홍성군 서부면 서부서길 **-**,,36.59861,126.500792,2023-02-21 13:28:46,동물_가축사육업.csv
홍성군,화백농장,돼지,충청남도 홍성군 홍북읍 이응노로***번길 ***-**,,36.622913,126.647718,2024-09-06 09:02:23,동물_가축사육업.csv
홍성군,농업회사법인주식회사돈우정(새봄농장지점),돼지,"충청남도 홍성군 장곡면 도산리 **-* , **-* , **-*",,36.507175,126.699355,2023-10-12 15:00:11,동물_가축사육업.csv
홍성군,양돈사랑 홍동농장,돼지,충청남도 홍성군 홍동면 홍남동로***번길 ***-**,,36.523608,126.683587,2021-11-16 11:11:44,동물_가축사육업.csv
홍성군,광운농장,돼지,"충청남도 홍성군 광천읍 운용리 *** ***-*,***,***-*,***,***-*,***-*",,36.515847,126.674234,2021-05-11 13:39:36,동물_가축사육업.csv
홍성군,.,돼지,충청남도 홍성군 구항면 구항서길 ***,,36.587416,126.584728,2021-04-14 09:49:13,동물_가축사육업.csv
홍성군,성덕농장,돼지,충청남도 홍성군 광천읍 운용*길 **-**,,36.527128,126.669378,2021-02-09 14:54:56,동물_가축사육업.csv
홍성군,대평농장,돼지,충청남도 홍성군 광천읍 광금남로 ***-**,,36.52277,126.658243,2020-08-13 10:24:34,동물_가축사육업.csv
홍성군,금평양돈,돼지,충청남도 홍성군 홍동면 금평리 **-*,,36.555172,126.709425,2021-07-07 17:32:29,동물_가축사육업.csv
홍성군,행복농장,돼지,충청남도 홍성군 은하면 덕실리 ***-*,,36.513753,126.568228,2020-07-23 13:43:06,동물_가축사육업.csv
홍성군,농업회사법인 동화농산(주) 결성,돼지,충청남도 홍성군 결성면 만해로***번길 *-**,,36.568253,126.548878,2025-04-02 17:03:53,동물_가축사육업.csv
홍성군,은하양돈,돼지,충청남도 홍성군 은하면 은하로***번길 ***-**,,36.544636,126.607796,2023-10-24 17:21:10,동물_가축사육업.csv
홍성군,김윤태농장,돼지,"충청남도 홍성군 결성면 성남리 *** , ***, ***, ***-*, ***, ***",,36.515255,126.539171,2023-01-27 13:19:47,동물_가축사육업.csv
홍성군,다산농장,돼지,충청남도 홍성군 홍동면 홍원리 **,,36.541197,126.687128,2023-02-07 17:13:38,동물_가축사육업.csv
홍성군,호연농장,돼지,충청남도 홍성군 광천읍 홍남동로**번길 ***,,36.506986,126.65153,2025-04-22 09:46:18,동물_가축사육업.csv
홍성군,대원 농장,돼지,충청남도 홍성군 은하면 덕실리 ***-*,,36.513198,126.565003,2018-12-27 10:20:38,동물_가축사육업.csv
홍성군,태현농장,돼지,충청남도 홍성군 홍동면 원천리 ***-**,,36.536498,126.666187,2016-03-28 09:47:55,동물_가축사육업.csv
홍성군,원천농장,돼지,충청남도 홍성군 결성면 홍남서로***번길 **-*,,36.527787,126.561599,2018-09-13 08:43:49,동물_가축사육업.csv
홍성군,농업회사법인 팜우래부 주식회사,돼지,충청남도 홍성군 결성면 홍남서로***번길 ***-**,,36.53586,126.564077,2023-05-23 16:21:52,동물_가축사육업.csv
홍성군,황부자농장,돼지,충청남도 홍성군 결성면 백야로***번길 **,,36.575858,126.566816,2021-04-14 09:36:56,동물_가축사육업.csv
홍성군,해동농장,돼지,충청남도 홍성군 결성면 금곡리 ***-*,,36.524632,126.560943,2018-11-22 10:58:05,동물_가축사육업.csv
홍성군,대현축산,돼지,충청남도 홍성군 장곡면 대현리 ***,,36.504778,126.727372,2023-11-28 15:26:19,동물_가축사육업.csv
홍성군,풍덕농장,돼지,충청남도 홍성군 홍북읍 신정리 ***,,36.653617,126.7369,2024-01-31 11:21:39,동물_가축사육업.csv
홍성군,영일농장,돼지,충청남도 홍성군 장곡면 가송리 ***-*,,36.505533,126.681632,2021-03-22 10:26:48,동물_가축사육업.csv
홍성군,건이농장,돼지,충청남도 홍성군 장곡면 도산리 ***-*,,36.510974,126.69607,2022-03-11 10:06:19,동물_가축사육업.csv
홍성군,정예농장,돼지,"충청남도 홍성군 광천읍 옹암리 **-* -*,-*,-*,-*,-**,-**, **",,36.489016,126.629678,2025-05-26 17:49:06,동물_가축사육업.csv
홍성군,산성농장,돼지,충청남도 홍성군 갈산면 동산리 ***-*,,36.598042,126.586706,2024-01-31 11:15:59,동물_가축사육업.csv
홍성군,영실농장,돼지,충청남도 홍성군 은하면 은하로***번길 **-**,,36.54291,126.597134,2025-10-13 09:55:10,동물_가축사육업.csv
홍성군,삼거리농장,돼지,충청남도 홍성군 은하면 목현리 *-*,,36.520187,126.571611,2026-02-23 17:12:25,동물_가축사육업.csv
홍성군,마당농장,돼지,충청남도 홍성군 금마면 덕정리 ***,,36.598702,126.733411,2026-08-19 09:16:02,동물_가축사육업.csv
홍성군,성현가축인공수정센터,돼지,충청남도 홍성군 갈산면 운곡리 ***-*,,36.611027,126.550066,2016-03-28 11:12:32,동물_가축사육업.csv
홍성군,은하농장,돼지,충청남도 홍성군 은하면 은하로***번길 **-**,,36.546387,126.597349,2018-04-18 10:20:06,동물_가축사육업.csv
홍성군,오성2농장,돼지,"충청남도 홍성군 장곡면 오성리 ***-* , ***-*",,36.491151,126.654676,2025-12-29 18:25:44,동물_가축사육업.csv
홍성군,엘림농장,돼지,충청남도 홍성군 홍동면 홍동길***번길 **-**,,36.560386,126.710625,2022-06-07 17:27:59,동물_가축사육업.csv
홍성군,비전농장,돼지,충청남도 홍성군 광천읍 매현리 ***-*,,36.520259,126.641535,2020-09-25 11:16:22,동물_가축사육업.csv
홍성군,으뜸농장,돼지,충청남도 홍성군 은하면 홍남서로***번길 ***-**,,36.510365,126.566366,2016-03-28 10:18:11,동물_가축사육업.csv
홍성군,공리농장1,돼지,충청남도 홍성군 결성면 교항리 ***-*,,36.570561,126.542128,2021-04-14 09:49:39,동물_가축사육업.csv
홍성군,은봉농장,돼지,충청남도 홍성군 은하면 대천리 **,,36.531836,126.595229,2018-05-18 08:58:36,동물_가축사육업.csv
홍성군,이병옥농장,돼지,충청남도 홍성군 은하면 덕실리 ***,,36.508836,126.566217,2020-11-26 15:06:35,동물_가축사육업.csv
홍성군,홍원농장,돼지,충청남도 홍성군 홍동면 광금남로***번길 **-*,,36.544363,126.682346,2022-06-14 17:43:46,동물_가축사육업.csv
홍성군,.,돼지,충청남도 홍성군 은하면 대천리 ***-*,,36.537432,126.589807,2022-03-11 10:13:25,동물_가축사육업.csv
홍성군,우리돈농장,돼지,충청남도 홍성군 장곡면 오성리 ***,,36.490573,126.656511,2021-04-14 09:57:50,동물_가축사육업.csv
홍성군,YG Farms,돼지,충청남도 홍성군 은하면 은하로***번길 ***-**,,36.542455,126.605927,2025-02-25 13:31:29,동물_가축사육업.csv
홍성군,하촌농장,돼지,충청남도 홍성군 서부면 중리 ***,,36.562316,126.518162,2023-04-12 16:01:33,동물_가축사육업.csv
홍성군,은혜농장,돼지,충청남도 홍성군 홍성읍 학계리 ***-*,,36.56715,126.668935,2022-03-24 17:21:19,동물_가축사육업.csv
홍성군,형제농장,돼지,충청남도 홍성군 장곡면 홍남동로 ***-***,,36.518121,126.677915,2020-03-06 09:24:50,동물_가축사육업.csv
홍성군,오서농장,돼지,충청남도 홍성군 은하면 목현리 **,,36.51353,126.574649,2016-03-25 17:05:11,동물_가축사육업.csv
홍성군,늘봄농장,돼지,충청남도 홍성군 서부면 홍남서로***번길 **,,36.550858,126.51143,2025-09-13 16:38:23,동물_가축사육업.csv
홍성군,신농장,돼지,충청남도 홍성군 은하면 장척*길 **,,36.493051,126.599557,2025-06-20 14:42:48,동물_가축사육업.csv
홍성군,주식회사 도암 농업회사법인,돼지,충청남도 홍성군 은하면 구성남로***번길 ***,,36.528217,126.574994,2026-02-11 18:05:11,동물_가축사육업.csv
홍성군,삼면축산,돼지,충청남도 홍성군 장곡면 가송리 ***-*,,36.51704,126.675246,2025-10-14 14:49:11,동물_가축사육업.csv
홍성군,영농조합법인 나눔농장,돼지,충청남도 홍성군 홍동면 홍남동로***번길 ***-**,,36.525844,126.685559,2015-05-13 15:57:49,동물_가축사육업.csv
홍성군,영농조합법인 농가원,돼지,충청남도 홍성군 결성면 만해로***번길 **-***,,36.56484,126.535652,2022-08-19 17:11:23,동물_가축사육업.csv
홍성군,다산농장,돼지,충청남도 홍성군 은하면 홍남서로***번길 ***-**,,36.507645,126.569638,2019-11-18 15:58:00,동물_가축사육업.csv
홍성군,준마농장,돼지,충청남도 홍성군 서부면 판교리 **,,36.55186,126.525763,2017-10-11 09:48:36,동물_가축사육업.csv
홍성군,영재농장,돼지,충청남도 홍성군 은하면 홍남서로***번길 ***,,36.505014,126.566127,2024-03-05 17:43:45,동물_가축사육업.csv
홍성군,구동양돈장,돼지,"충청남도 홍성군 은하면 덕실리 ***-* , ***-*, ***-*, ***-*, ***-*, ***-**",,36.505902,126.56776,2026-03-23 13:36:40,동물_가축사육업.csv
홍성군,우정농장,돼지,충청남도 홍성군 갈산면 갈오*길 **,,36.618598,126.610493,2023-02-18 10:32:39,동물_가축사육업.csv
홍성군,다우리농장,돼지,충청남도 홍성군 결성면 성호길***번길 **,,36.52708,126.532919,2026-06-08 10:19:51,동물_가축사육업.csv
홍성군,진배농장,돼지,충청남도 홍성군 장곡면 가송리 **-*,,36.51156,126.683395,2021-01-11 17:44:06,동물_가축사육업.csv
홍성군,김명환농장,돼지,충청남도 홍성군 결성면 만해로***번길 **,,36.576134,126.554881,2020-07-09 10:40:01,동물_가축사육업.csv
홍성군,창건농장,돼지,충청남도 홍성군 은하면 덕실리 ***-*,,36.50893,126.567823,2020-07-21 11:10:47,동물_가축사육업.csv
홍성군,강화농장,돼지,"충청남도 홍성군 홍동면 홍원리 ***-* ,***-* ,****-*",,36.525851,126.677132,2025-04-01 10:53:35,동물_가축사육업.csv
홍성군,중원농장,돼지,충청남도 홍성군 홍동면 충서로***번길 ***,,36.543753,126.663099,2022-07-01 16:29:52,동물_가축사육업.csv
홍성군,한국농장,돼지,충청남도 홍성군 장곡면 가송리 **-*,,36.509051,126.68669,2017-02-02 09:16:11,동물_가축사육업.csv
홍성군,.,돼지,충청남도 홍성군 은하면 덕실리 ***-*,,36.507555,126.567741,2019-12-23 10:32:09,동물_가축사육업.csv
홍성군,동산농장(2),돼지,충청남도 홍성군 은하면 홍남로**번길 ***,,36.504141,126.572349,2016-03-25 14:21:35,동물_가축사육업.csv
홍성군,신우축산,돼지,"충청남도 홍성군 금마면 신곡리 *** ,-*,***,-*,***-*,-*,-*,-*,-*,-*,-*,-**,-**,***,-**,-**",,36.596119,126.708043,2023-01-09 17:48:25,동물_가축사육업.csv
홍성군,홍은농장,돼지,충청남도 홍성군 은하면 홍남서로***번길 ***,,36.506522,126.567961,2020-12-15 13:19:56,동물_가축사육업.csv
홍성군,다산농장,돼지,충청남도 홍성군 홍북읍 도청대로**번길 **,,36.616135,126.659807,2019-09-04 20:04:13,동물_가축사육업.csv
홍성군,매봉농장,돼지,충청남도 홍성군 광천읍 월림*길 **-**,,36.528978,126.643333,2017-10-10 09:06:41,동물_가축사육업.csv
홍성군,태기농원,돼지,충청남도 홍성군 결성면 교항리 ***-**,,36.581065,126.541739,2015-08-21 09:31:36,동물_가축사육업.csv
홍성군,세희농장,돼지,충청남도 홍성군 홍북읍 이응노로***번길 ***,,36.641789,126.634779,2021-09-28 17:40:08,동물_가축사육업.csv
홍성군,효도농장,돼지,충청남도 홍성군 홍동면 홍원리 ***,,36.54382,126.680366,2017-10-23 08:40:06,동물_가축사육업.csv
홍성군,.,돼지,충청남도 홍성군 광천읍 가정리 ***-*,,36.499058,126.646344,2016-03-21 13:54:59,동물_가축사육업.csv
홍성군,매산농장,돼지,충청남도 홍성군 홍북읍 대인*길 **-**,,36.637096,126.726312,2021-09-28 17:36:55,동물_가축사육업.csv
홍성군,건호농장,돼지,"충청남도 홍성군 장곡면 가송리 ***-* , -*, -*, -*, -*, -**, -**, -**, -**, -**, ***-*",,36.51953,126.67944,2024-01-10 10:04:12,동물_가축사육업.csv
홍성군,제일농장,돼지,"충청남도 홍성군 은하면 덕실리 ***-* , ***-**",,36.508005,126.573875,2023-11-29 10:41:20,동물_가축사육업.csv
홍성군,송원농장,돼지,충청남도 홍성군 홍동면 광금남로***번길 *,,36.540674,126.67645,2024-11-21 09:20:52,동물_가축사육업.csv
홍성군,하촌농장,돼지,충청남도 홍성군 서부면 서부로***번길 **,,36.586725,126.514722,2019-10-18 14:50:28,동물_가축사육업.csv
홍성군,효준농장,돼지,"충청남도 홍성군 홍동면 운월리 ***-* ***-*,***-*,***-**, 화신리***-*,***",,36.547281,126.680106,2021-05-26 10:41:26,동물_가축사육업.csv
홍성군,환성농장,돼지,충청남도 홍성군 결성면 만해로 ***-**,,36.569277,126.548581,2021-01-14 14:01:04,동물_가축사육업.csv
홍성군,남양축산,돼지,충청남도 홍성군 은하면 장곡리 *,,36.553373,126.610127,2022-03-28 09:40:23,동물_가축사육업.csv
홍성군,수우,돼지,충청남도 홍성군 광천읍 운용*길 **,,36.521153,126.673245,2016-06-02 12:35:10,동물_가축사육업.csv
홍성군,대평농장,돼지,충청남도 홍성군 광천읍 홍남동로***번길 **,,36.520924,126.660229,2021-08-30 09:55:45,동물_가축사육업.csv
홍성군,태기농원,돼지,충청남도 홍성군 갈산면 와리 **-*,,36.589554,126.555902,2016-03-28 09:59:46,동물_가축사육업.csv
홍성군,상민농장,돼지,충청남도 홍성군 광천읍 운용리 ***-*,,36.524507,126.672543,2024-01-31 10:56:40,동물_가축사육업.csv
홍성군,전진농장4,돼지,충청남도 홍성군 은하면 대판리 **,,36.521872,126.577338,2018-03-07 16:50:27,동물_가축사육업.csv
홍성군,금국2농장,돼지,"충청남도 홍성군 은하면 덕실리 *** , ***, ***",,36.512486,126.569738,2024-10-16 13:41:35,동물_가축사육업.csv
홍성군,현대농장,돼지,충청남도 홍성군 광천읍 광금남로 ***,,36.526153,126.660453,2018-04-27 16:47:13,동물_가축사육업.csv
홍성군,도리팜,돼지,"충청남도 홍성군 구항면 장양리 ***-* , ***-*, ***-**",,36.58453,126.581796,2026-07-09 13:34:55,동물_가축사육업.csv
홍성군,세나농장,돼지,충청남도 홍성군 장곡면 천태리 **-*,,36.52364,126.766459,2024-01-31 11:38:56,동물_가축사육업.csv
홍성군,송월농장,돼지,충청남도 홍성군 홍성읍 홍장북로 ***,,36.569395,126.680123,2025-06-26 16:29:15,동물_가축사육업.csv
홍성군,쌍둥이농장,돼지,충청남도 홍성군 서부면 판교리 ***-*,,36.541498,126.524266,2022-03-30 11:22:57,동물_가축사육업.csv
홍성군,.,돼지,충청남도 홍성군 은하면 대판리 ***-*,,36.51928,126.578974,2016-03-23 11:32:18,동물_가축사육업.csv
홍성군,성원농장,돼지,충청남도 홍성군 결성면 임해로 ***,,36.509893,126.551107,2025-01-02 16:55:55,동물_가축사육업.csv
홍성군,도현농장,돼지,충청남도 홍성군 광천읍 운용리 ***,,36.522157,126.669689,2025-11-19 14:16:20,동물_가축사육업.csv
홍성군,다복농장,돼지,충청남도 홍성군 은하면 장곡리 ***,,36.546873,126.606499,2020-11-25 08:34:44,동물_가축사육업.csv
홍성군,오성농장,돼지,충청남도 홍성군 은하면 덕실리 ***,,36.513398,126.566662,2026-01-20 16:40:38,동물_가축사육업.csv
홍성군,농업회사법인 갑을,돼지,충청남도 홍성군 은하면 덕실리 ***-*,,36.510559,126.568763,2021-06-22 17:11:41,동물_가축사육업.csv
홍성군,가곡농장,돼지,충청남도 홍성군 결성면 성호길***번길 *,,36.530531,126.533619,2021-01-11 11:29:54,동물_가축사육업.csv
홍성군,.,돼지,충청남도 홍성군 서부면 판교리 ***,,36.556038,126.520829,2016-03-25 17:29:39,동물_가축사육업.csv
홍성군,하촌농장,돼지,충청남도 홍성군 서부면 이호리 ***-*,,36.58825,126.513375,2016-03-25 17:31:39,동물_가축사육업.csv
홍성군,민지농장,돼지,충청남도 홍성군 광천읍 운용리 ***,,36.521732,126.668673,2019-02-26 10:55:00,동물_가축사육업.csv
홍성군,주현농장,돼지,"충청남도 홍성군 홍동면 원천리 *** ***-*,-*,-*,-*,-**,***,***-*,***-*,-**,-**,-**",,36.54411,126.659972,2026-03-18 14:26:35,동물_가축사육업.csv
홍성군,목현농장,돼지,충청남도 홍성군 은하면 홍남서로 ***,,36.522244,126.562326,2025-09-01 14:21:16,동물_가축사육업.csv
홍성군,사강농장,돼지,충청남도 홍성군 금마면 광금북로***번길 **,,36.597271,126.731481,2024-01-31 13:46:05,동물_가축사육업.csv
홍성군,구동농장,돼지,충청남도 홍성군 은하면 덕실리 ***,,36.50473,126.568028,2016-03-28 13:09:32,동물_가축사육업.csv
홍성군,한국돈영농조합법인,돼지,충청남도 홍성군 광천읍 옹암리 ***-*,,36.478406,126.626983,2022-03-11 10:17:35,동물_가축사육업.csv
홍성군,산성농장,돼지,충청남도 홍성군 광천읍 운용리 *** 외 *필지,,36.533194,126.666595,2016-03-25 14:24:21,동물_가축사육업.csv
홍성군,금국농장,돼지,충청남도 홍성군 은하면 구성남로***번길 **,,36.551392,126.575222,2023-12-29 14:24:00,동물_가축사육업.csv
홍성군,다산농장,돼지,충청남도 홍성군 홍동면 홍원리 **,,36.54114,126.686371,2023-02-09 10:08:58,동물_가축사육업.csv
홍성군,종현농장,돼지,충청남도 홍성군 홍동면 월현리 **-*,,36.557587,126.677994,2020-03-06 08:46:56,동물_가축사육업.csv
홍성군,승리농장,돼지,충청남도 홍성군 홍동면 충절로***번길 ***-**,,36.560854,126.737433,2019-12-10 13:02:08,동물_가축사육업.csv
홍성군,오봉농장,돼지,충청남도 홍성군 구항면 오봉리 ***-*,,36.595221,126.612312,2019-12-17 21:52:10,동물_가축사육업.csv
홍성군,꿀돈농장,돼지,충청남도 홍성군 홍성읍 신성리 ***,,36.567747,126.6733,2024-12-30 17:47:44,동물_가축사육업.csv
홍성군,형설농장,돼지,충청남도 홍성군 홍동면 신기리 ***,,36.572572,126.712601,2022-03-28 09:21:02,동물_가축사육업.csv
홍성군,덕실농장,돼지,충청남도 홍성군 은하면 덕실리 ***-*,,36.505284,126.570912,2016-03-25 17:05:59,동물_가축사육업.csv
홍성군,박용희농장,돼지,"충청남도 홍성군 결성면 성호리 *** ,***",,36.527619,126.523161,2023-03-22 09:43:34,동물_가축사육업.csv
홍성군,안산농장,돼지,충청남도 홍성군 은하면 대판리 ***-*,,36.524809,126.573974,2016-03-28 09:57:50,동물_가축사육업.csv
홍성군,치마골농장,돼지,충청남도 홍성군 홍북읍 중계리 ***,,36.643329,126.635603,2021-09-28 09:59:46,동물_가축사육업.csv
홍성군,마캐농장,돼지,충청남도 홍성군 은하면 덕실리 ***-*,,36.513878,126.564488,2020-07-09 17:15:51,동물_가축사육업.csv
홍성군,연하농장,돼지,충청남도 홍성군 장곡면 가송리 ***,,36.520249,126.678181,2017-08-16 17:32:19,동물_가축사육업.csv
홍성군,오성농장,돼지,"충청남도 홍성군 은하면 목현리 *** ***,***-*",,36.514722,126.568174,2026-01-20 16:56:29,동물_가축사육업.csv
홍성군,대원,돼지,충청남도 홍성군 은하면 홍남로**번길 ***,,36.510148,126.569695,2016-03-25 17:35:15,동물_가축사육업.csv
홍성군,부자농장,돼지,충청남도 홍성군 금마면 금마로 ***,,36.611146,126.751821,2019-10-30 09:53:19,동물_가축사육업.csv
홍성군,효준농장,돼지,충청남도 홍성군 홍동면 화신리 ***-*,,36.539058,126.689382,2021-01-27 09:00:59,동물_가축사육업.csv
홍성군,신곡농장,돼지,충청남도 홍성군 은하면 덕실리 ***-*,,36.503396,126.568093,2018-02-04 16:21:03,동물_가축사육업.csv
홍성군,도경농장,돼지,충청남도 홍성군 은하면 덕실리 ***-**,,36.504055,126.568754,2025-09-01 13:28:41,동물_가축사육업.csv
홍성군,.,돼지,충청남도 홍성군 장곡면 홍남동로***번길 ***-*,,36.520157,126.682609,2025-05-13 14:07:15,동물_가축사육업.csv
홍성군,.,돼지,충청남도 홍성군 홍동면 운월리 ***,,36.546281,126.684539,2022-03-11 10:09:41,동물_가축사육업.csv
홍성군,한흥농업회사법인주식회사,돼지,충청남도 홍성군 광천읍 오서길 ***-***,,36.489874,126.64811,2019-10-25 17:32:25,동물_가축사육업.csv
홍성군,현명농장,돼지,충청남도 홍성군 홍동면 홍원리 ****-**,,36.524547,126.677538,2026-06-30 11:34:26,동물_가축사육업.csv
홍성군,꿈돼지2농장,돼지,"충청남도 홍성군 장곡면 신풍리 *** ***-*,***,***-*",,36.493516,126.684705,2021-04-29 13:43:57,동물_가축사육업.csv
홍성군,대평농장,돼지,충청남도 홍성군 광천읍 홍남동로***번길 **,,36.51928,126.663256,2021-08-30 09:51:59,동물_가축사육업.csv
홍성군,한성농장,돼지,충청남도 홍성군 광천읍 옹암리 ***-*,,36.477851,126.625702,2021-04-26 11:12:43,동물_가축사육업.csv
홍성군,.,돼지,충청남도 홍성군 갈산면 신안리 ***-*,,36.606575,126.576864,2016-03-28 11:13:43,동물_가축사육업.csv
홍성군,송정농업회사법인,돼지,충청남도 홍성군 결성면 성남길 ***,,36.52443,126.534486,2017-03-23 18:13:14,동물_가축사육업.csv
홍성군,병근농장,돼지,충청남도 홍성군 장곡면 신동리 ***,,36.517953,126.69057,2022-03-11 10:14:58,동물_가축사육업.csv
홍성군,구항농장,돼지,충청남도 홍성군 구항면 구성북로 ***-**,,36.60925,126.608449,2019-02-13 11:39:20,동물_가축사육업.csv
홍성군,은하제일농장,돼지,"충청남도 홍성군 은하면 덕실리 *** , ***-* , ***-*",,36.507703,126.574436,2023-11-27 15:17:29,동물_가축사육업.csv
홍성군,.,돼지,충청남도 홍성군 은하면 금국리 ***,,36.555765,126.568385,2022-03-11 10:12:42,동물_가축사육업.csv
홍성군,월림제2농장,돼지,충청남도 홍성군 장곡면 홍남동로***번길 **,,36.520889,126.676506,2018-01-29 17:31:14,동물_가축사육업.csv
홍성군,앞서가는 농장,돼지,충청남도 홍성군 구항면 장양리 ***-*,,36.579374,126.584096,2020-09-14 16:11:59,동물_가축사육업.csv
홍성군,.,돼지,충청남도 홍성군 금마면 신곡리 ***,,36.596828,126.707208,2016-03-28 13:33:21,동물_가축사육업.csv
홍성군,농업회사법인(주)안성은하농장,돼지,충청남도 홍성군 은하면 장척*길 **,,36.494093,126.602559,2021-03-03 10:23:22,동물_가축사육업.csv
홍성군,후동농장,돼지,충청남도 홍성군 결성면 성호리 ***,,36.536059,126.527211,2024-01-31 11:24:59,동물_가축사육업.csv
홍성군,농업회사법인 (주) 어울림팜,돼지,충청남도 홍성군 갈산면 갈오*길 ***,,36.62293,126.607019,2022-10-04 09:01:07,동물_가축사육업.csv
홍성군,담산농장영농조합법인,돼지,충청남도 홍성군 광천읍 대평리 ***-**,,36.52565,126.661139,2020-03-10 09:26:05,동물_가축사육업.csv
홍성군,와룡농장,돼지,충청남도 홍성군 갈산면 와리 ***-**,,36.584518,126.553527,2022-02-23 18:27:12,동물_가축사육업.csv
홍성군,백월유전자,돼지,충청남도 홍성군 금마면 광금북로***번길 **,,36.611833,126.74108,2023-12-07 10:40:16,동물_가축사육업.csv
홍성군,대인농장,돼지,"충청남도 홍성군 홍북읍 대인리 *** ***,***",,36.635285,126.733637,2022-12-12 09:22:01,동물_가축사육업.csv
홍성군,청룡농장,돼지,충청남도 홍성군 구항면 구항길***번길 **-*,,36.59055,126.621353,2021-04-14 09:10:56,동물_가축사육업.csv
홍성군,오성농장,돼지,충청남도 홍성군 장곡면 장곡길***번길 **-**,,36.491225,126.657883,2025-11-21 09:14:44,동물_가축사육업.csv
홍성군,덕우농장,돼지,충청남도 홍성군 결성면 만해로***번길 **,,36.572787,126.544531,2026-01-21 11:12:27,동물_가축사육업.csv
홍성군,명지농장,돼지,충청남도 홍성군 갈산면 갈오*길 **,,36.61879,126.612552,2026-02-20 11:05:06,동물_가축사육업.csv
홍성군,김애농장,돼지,충청남도 홍성군 홍동면 금평리 ***-*,,36.54852,126.700916,2022-03-11 10:13:44,동물_가축사육업.csv
홍성군,목현2농장,돼지,충청남도 홍성군 은하면 홍남서로***번길 **,,36.515599,126.562844,2018-06-20 11:43:17,동물_가축사육업.csv
홍성군,유진농장,돼지,충청남도 홍성군 광천읍 대평리 ***-*,,36.514236,126.644542,2020-08-31 10:09:14,동물_가축사육업.csv
홍성군,황부자농장,돼지,충청남도 홍성군 광천읍 월림리 ***-*,,36.522128,126.642181,2025-10-27 10:37:02,동물_가축사육업.csv
홍성군,용호농장,돼지,충청남도 홍성군 결성면 용호리 ***-*,,36.576658,126.544397,2020-04-28 16:51:18,동물_가축사육업.csv
홍성군,세하농장,돼지,충청남도 홍성군 구항면 장양리 ***,,36.583727,126.585025,2026-04-30 11:10:09,동물_가축사육업.csv
홍성군,조흥농장,돼지,충청남도 홍성군 장곡면 지정리 ***-*,,36.522809,126.706661,2017-06-02 15:44:33,동물_가축사육업.csv
홍성군,신평농장,돼지,충청남도 홍성군 광천읍 광금남로**번길 ***-**,,36.536199,126.658098,2020-08-13 14:30:50,동물_가축사육업.csv
홍성군,안흥축산농장,돼지,충청남도 홍성군 은하면 홍남로 **,,36.518341,126.573284,2026-07-16 16:37:43,동물_가축사육업.csv
홍성군,대판농장,돼지,충청남도 홍성군 은하면 홍남로**번길 **-**,,36.519706,126.576836,2020-08-13 15:31:24,동물_가축사육업.csv
홍성군,가농팜,돼지,충청남도 홍성군 홍북읍 내용길***번길 ***,,36.635211,126.693405,2021-04-14 08:53:03,동물_가축사육업.csv
홍성군,태현농장,돼지,"충청남도 홍성군 홍동면 원천리 *** ***,***",,36.540434,126.663598,2022-11-18 15:59:09,동물_가축사육업.csv
홍성군,대진농장,돼지,충청남도 홍성군 광천읍 운용리 ***-*,,36.527544,126.672201,2016-03-28 13:05:24,동물_가축사육업.csv
홍성군,농업회사법인 (주) 용봉산 한돈,돼지,충청남도 홍성군 홍북읍 상하리 ***-*,,36.622881,126.653647,2022-10-18 10:42:41,동물_가축사육업.csv
홍성군,신일A농장,돼지,충청남도 홍성군 홍성읍 신성*길 ***-**,,36.56378,126.677139,2021-01-13 20:15:44,동물_가축사육업.csv
홍성군,용샘농장,돼지,충청남도 홍성군 서부면 판교리 **-*,,36.552331,126.520569,2017-07-10 08:48:09,동물_가축사육업.csv
홍성군,동호축산,돼지,충청남도 홍성군 장곡면 장곡길***번길 **-***,,36.488355,126.655807,2025-10-28 15:59:42,동물_가축사육업.csv
홍성군,창건농장2,돼지,충청남도 홍성군 은하면 덕실리 ***,,36.509399,126.566217,2020-07-21 11:10:07,동물_가축사육업.csv
홍성군,꿀꿀이산농장,돼지,충청남도 홍성군 광천읍 담산길 ***-**,,36.489364,126.637737,2025-04-21 13:34:42,동물_가축사육업.csv
홍성군,정일농장,돼지,충청남도 홍성군 은하면 홍남로**번길 **,,36.51359,126.570183,2025-12-15 10:00:54,동물_가축사육업.csv
홍성군,.,돼지,충청남도 홍성군 광천읍 운용리 ***-*,,36.51766,126.671496,2016-03-25 15:52:30,동물_가축사육업.csv
홍성군,농업회사법인 (주)해우리팜1농장,돼지,충청남도 홍성군 서부면 남당항로***번길 **,,36.551259,126.475898,2021-09-17 08:48:37,동물_가축사육업.csv
홍성군,양돈,돼지,충청남도 홍성군 홍동면 구정리 ***-* 외*,,36.566715,126.694882,2018-04-18 11:30:57,동물_가축사육업.csv
홍성군,농업회사법인 (주)이목농원,돼지,충청남도 홍성군 은하면 대판리 ***-*,,36.515352,126.580551,2021-01-06 08:34:24,동물_가축사육업.csv
홍성군,수봉농장,돼지,충청남도 홍성군 홍동면 운월리 ***-*,,36.54933,126.685183,2020-03-05 09:12:44,동물_가축사육업.csv
홍성군,덕승2농장,돼지,충청남도 홍성군 결성면 만해로***번길 **-**,,36.577465,126.547817,2020-10-13 09:11:22,동물_가축사육업.csv
홍성군,다산농장,돼지,"충청남도 홍성군 은하면 장척리 **** ,****-*",,36.505954,126.597695,2025-04-09 17:39:16,동물_가축사육업.csv
홍성군,(주)은하양돈,돼지,충청남도 홍성군 은하면 은하로***번길 ***,,36.546559,126.608182,2020-02-21 15:33:53,동물_가축사육업.csv
홍성군,어진농장,돼지,충청남도 홍성군 장곡면 장곡길***번길 **-***,,36.486676,126.656788,2020-03-10 17:50:42,동물_가축사육업.csv
홍성군,한필농장,돼지,충청남도 홍성군 홍북읍 신갈길 ***-**,,36.667655,126.719799,2021-09-23 13:37:39,동물_가축사육업.csv
홍성군,백인농장,돼지,충청남도 홍성군 은하면 대판리 ***-*,,36.524996,126.575829,2016-03-25 17:04:09,동물_가축사육업.csv
홍성군,금동농장,돼지,충청남도 홍성군 광천읍 광금남로**번길 ***-**,,36.537174,126.653256,2023-09-05 17:53:36,동물_가축사육업.csv
홍성군,행복한농장,돼지,충청남도 홍성군 장곡면 가송리 **-*,,36.50952,126.685916,2021-01-15 18:34:48,동물_가축사육업.csv
홍성군,기현농장,돼지,충청남도 홍성군 광천읍 월림리 **,,36.530301,126.654702,2022-04-11 14:38:50,동물_가축사육업.csv
홍성군,까미원,돼지,충청남도 홍성군 결성면 성남길 ***,,36.514529,126.54695,2017-09-27 14:02:41,동물_가축사육업.csv
홍성군,구동양돈장,돼지,충청남도 홍성군 은하면 홍남서로***번길 ***,,36.506575,126.566771,2023-04-05 12:15:07,동물_가축사육업.csv
홍성군,(주)농업회사법인 대경농장 2,돼지,충청남도 홍성군 홍북읍 대동리 **-** **-**,,36.645707,126.694758,2025-06-20 14:16:24,동물_가축사육업.csv
홍성군,구룡농장,돼지,충청남도 홍성군 광천읍 내죽리 ***,,36.509726,126.657375,2022-02-23 18:31:05,동물_가축사육업.csv
홍성군,.,돼지,충청남도 홍성군 결성면 성호리 **-*,,36.530164,126.525556,2016-03-28 13:14:00,동물_가축사육업.csv
홍성군,.,돼지,충청남도 홍성군 장곡면 가송리 ***,,36.512091,126.681586,2016-03-23 15:13:06,동물_가축사육업.csv
홍성군,장촌농장,돼지,충청남도 홍성군 은하면 구항남길 ***,,36.54708,126.613814,2024-01-31 10:35:19,동물_가축사육업.csv
홍성군,신화농장,돼지,충청남도 홍성군 홍동면 효학리 ***-*,,36.554561,126.719572,2022-06-28 11:44:11,동물_가축사육업.csv
홍성군,더초록농장,돼지,충청남도 홍성군 갈산면 행산리 ***-*,,36.595507,126.551767,2025-07-27 12:33:49,동물_가축사육업.csv
홍성군,소향농장,돼지,충청남도 홍성군 홍성읍 청기*길 **,,36.610423,126.644743,2020-10-22 13:00:01,동물_가축사육업.csv
홍성군,대식농장,돼지,충청남도 홍성군 장곡면 행정리 **-*,,36.521654,126.750002,2016-03-24 10:03:04,동물_가축사육업.csv
홍성군,신풍농장,돼지,충청남도 홍성군 장곡면 신풍리 ***-*,,36.496227,126.696308,2019-01-11 16:15:36,동물_가축사육업.csv
홍성군,양돈사랑 담산농장,돼지,충청남도 홍성군 광천읍 오서길 ***-**,,36.492277,126.646743,2021-11-16 11:00:15,동물_가축사육업.csv
홍성군,써밋팜,돼지,"충청남도 홍성군 은하면 덕실리 *** , ***, ***-*, ***, ***-*, ***, ***-*, ***",,36.509259,126.566859,2026-07-22 14:33:45,동물_가축사육업.csv
홍성군,힐스팜,돼지,"충청남도 홍성군 장곡면 신풍리 ***-* ,-*,-*,-*",,36.497451,126.696344,2021-08-23 11:34:06,동물_가축사육업.csv
홍성군,하은(홍성),돼지,충청남도 홍성군 결성면 백야로 ***,,36.568632,126.569451,2026-07-16 16:56:00,동물_가축사육업.csv
홍성군,지아축산,돼지,충청남도 홍성군 결성면 형산리 ***,,36.572531,126.569317,2025-05-02 14:53:39,동물_가축사육업.csv
홍성군,대판농장,돼지,"충청남도 홍성군 은하면 대판리 ***-* , -*, -**",,36.516555,126.585014,2025-12-02 14:31:34,동물_가축사육업.csv
홍성군,수행농장,돼지,충청남도 홍성군 장곡면 지정리 ***-*,,36.521299,126.69942,2026-06-11 14:34:32,동물_가축사육업.csv
홍성군,농업회사법인 영성주식회사,돼지,충청남도 홍성군 광천읍 옹암리 **,,36.491867,126.629538,2023-05-23 16:11:13,동물_가축사육업.csv
홍성군,새샘농장,돼지,충청남도 홍성군 홍북읍 홍북로 ***,,36.658151,126.718054,2021-09-28 17:46:56,동물_가축사육업.csv
예산군,달빛농장,돼지,충청남도 예산군 응봉면 건지화리 *** 외 *필지,,36.628521,126.776365,2017-12-12 17:01:19,동물_가축사육업.csv
예산군,자립농장,돼지,충청남도 예산군 오가면 황금뜰로 ****,,36.700909,126.820012,2023-01-31 10:23:43,동물_가축사육업.csv
예산군,기엽농장,돼지,"충청남도 예산군 덕산면 복당리 ***-* 외 *필지(***-*, ***-*, ***-*)",,36.620964,126.590345,2022-02-09 16:34:28,동물_가축사육업.csv
예산군,해신농장,돼지,충청남도 예산군 오가면 원천전죽길 **-*,,36.706377,126.79545,2025-05-28 10:20:13,동물_가축사육업.csv
예산군,신양농장,돼지,"충청남도 예산군 신양면 신양리 ** 외 *필지(**, -*, **, -*, **-*, **, **, **-*, **)",,36.611713,126.875258,2022-01-19 15:46:02,동물_가축사육업.csv
예산군,한울농장,돼지,충청남도 예산군 광시면 마사길 **,,36.574989,126.761583,2025-12-22 10:02:25,동물_가축사육업.csv
예산군,신흥농장,돼지,충청남도 예산군 광시면 마사길 **,,36.575705,126.764536,2024-02-27 09:16:23,동물_가축사육업.csv
예산군,삼돈제2농장,돼지,충청남도 예산군 봉산면 효교리 **-**,,36.722027,126.693046,2021-10-08 18:18:23,동물_가축사육업.csv
예산군,농업회사법인 주식회사 웃는돼지,돼지,충청남도 예산군 광시면 구례길 ***,,36.568088,126.758284,2021-03-29 09:32:26,동물_가축사육업.csv
예산군,은현농장,돼지,충청남도 예산군 오가면 내양막길 **,,36.709048,126.779155,2025-11-27 10:19:51,동물_가축사육업.csv
예산군,신선농장,돼지,충청남도 예산군 오가면 분천리 *-* 외*필지(분천리 *-**),,36.70585,126.778651,2022-03-22 17:43:17,동물_가축사육업.csv
예산군,희앤유팜,돼지,충청남도 예산군 덕산면 복당리 ***-*,,36.632707,126.588772,2019-01-17 10:58:54,동물_가축사육업.csv
예산군,영성축산,돼지,"충청남도 예산군 삽교읍 성리 *** 외*필지(***,***-*,-*,-*)",,36.710585,126.754413,2024-03-12 16:42:04,동물_가축사육업.csv
예산군,진홍농장,돼지,충청남도 예산군 대술면 화천리 ***-*,,36.65277,126.894323,2024-03-29 17:22:35,동물_가축사육업.csv
예산군,옥석농장,돼지,충청남도 예산군 삽교읍 상하리 ***-*,,36.700033,126.695929,2015-02-04 10:39:34,동물_가축사육업.csv
예산군,기화농장,돼지,"충청남도 예산군 고덕면 상궁리 ***-** 외 *필지(***-**,***-*,-*,-*)",,36.761439,126.754715,2022-07-25 09:45:33,동물_가축사육업.csv
예산군,태영농장,돼지,충청남도 예산군 신양면 귀곡리 *** 외 *필지(***-*),,36.644261,126.863829,2017-07-07 13:52:40,동물_가축사육업.csv
예산군,형제농장,돼지,충청남도 예산군 고덕면 용고길 ***-**,,36.729618,126.725462,2017-02-03 17:45:29,동물_가축사육업.csv
예산군,초록농장,돼지,충청남도 예산군 신암면 예당평야로 **-*** ((계촌리 ***)),,36.752038,126.842829,2019-05-14 09:53:00,동물_가축사육업.csv
예산군,농업회사법인(주)웃는돼지,돼지,충청남도 예산군 오가면 내량리 ***-* 외 **필지,,36.71449,126.780069,2021-09-17 16:03:29,동물_가축사육업.csv
예산군,화산농장,돼지,충청남도 예산군 대술면 대술로 ***-**,,36.696825,126.915647,2022-03-18 16:05:37,동물_가축사육업.csv
예산군,축원농장,돼지,충청남도 예산군 대술면 장복리 ***,,36.684776,126.926472,2026-06-10 11:22:22,동물_가축사육업.csv
예산군,복돼지농업회사법인,돼지,충청남도 예산군 광시면 장신신흥길 ***-**,,36.562565,126.829617,2022-11-15 14:49:54,동물_가축사육업.csv
예산군,황부자농장,돼지,"충청남도 예산군 오가면 신장리 ***-* 외 *필지(***-*, **, **, **, **, **, ***-*, **)",,36.676409,126.796817,2025-05-26 11:30:39,동물_가축사육업.csv
예산군,백송농장,돼지,충청남도 예산군 신암면 추사고택로 ***-**,,36.754719,126.79555,2024-04-15 17:24:06,동물_가축사육업.csv
예산군,청명농장,돼지,충청남도 예산군 응봉면 계정리 ***-*,,36.653485,126.749293,2016-02-22 15:00:48,동물_가축사육업.csv
예산군,삼진농장,돼지,"충청남도 예산군 오가면 신장리 ***-* 외 *필지(***-**, ***-**, ***-**, ***-**)",,36.678783,126.799147,2022-03-13 15:48:02,동물_가축사육업.csv
예산군,농업회사법인 연수농장(주),돼지,"충청남도 예산군 고덕면 대몽로 ***-**, ,***-**",,36.777432,126.698859,2025-08-29 16:43:15,동물_가축사육업.csv
예산군,직산농장,돼지,충청남도 예산군 덕산면 복당*길 **-**,,36.625974,126.593566,2020-02-19 16:34:56,동물_가축사육업.csv
예산군,맛사돈농장,돼지,충청남도 예산군 신암면 신종*길 **-**,,36.766759,126.818632,2020-07-02 14:36:07,동물_가축사육업.csv
예산군,웅지농장,돼지,"충청남도 예산군 고덕면 용리 **** 외 *필지(****,****-*,****-*,****-**,****-**,****-**,****-**)",,36.726589,126.723194,2022-11-17 15:32:54,동물_가축사육업.csv
예산군,오뚜기농장,돼지,충청남도 예산군 대흥면 갈신리 *** 외 *필지,,36.657461,126.851146,2025-05-15 16:56:21,동물_가축사육업.csv
예산군,하나농장,돼지,충청남도 예산군 덕산면 복당리 ***-*,,36.623424,126.590698,2015-02-04 10:29:56,동물_가축사육업.csv
예산군,백삼농장,돼지,충청남도 예산군 광시면 마사리 **-*,,36.57475,126.773684,2022-06-16 09:29:11,동물_가축사육업.csv
예산군,샘골농장,돼지,충청남도 예산군 신양면 하천리 ***-*,,36.60859,126.899862,2021-11-24 09:12:28,동물_가축사육업.csv
예산군,권농장,돼지,"충청남도 예산군 응봉면 노화리 ***-* 외 *필지(***, ***-*, ***-**, ***-*)",,36.651007,126.762473,2022-01-11 10:28:49,동물_가축사육업.csv
예산군,지구농장,돼지,충청남도 예산군 삽교읍 삽교평야로 ***-**,,36.712538,126.719579,2026-03-19 10:11:16,동물_가축사육업.csv
예산군,길농장,돼지,충청남도 예산군 오가면 좌분양막로 ***-**,,36.716563,126.760846,2020-09-17 09:17:54,동물_가축사육업.csv
예산군,사랑농장,돼지,충청남도 예산군 덕산면 복당리 ***,,36.623019,126.591463,2014-07-04 19:41:06,동물_가축사육업.csv
예산군,미진농장,돼지,충청남도 예산군 오가면 내양막길 **-**,,36.709881,126.781774,2019-10-16 16:31:51,동물_가축사육업.csv
예산군,아빠농장,돼지,충청남도 예산군 신암면 오산리 ***-* 외 *필지(***),,36.729069,126.809921,2025-05-20 16:02:08,동물_가축사육업.csv
예산군,청암농장,돼지,충청남도 예산군 오가면 신장리 ***-* 외 *필지,,36.677049,126.800695,2019-06-28 11:22:09,동물_가축사육업.csv
예산군,팜다락,돼지,충청남도 예산군 신암면 예당평야로 **-***,,36.752463,126.846224,2021-11-24 09:16:02,동물_가축사육업.csv
예산군,신흥Farm,돼지,충청남도 예산군 응봉면 계정리 **-* 외 *필지(**-*),,36.651739,126.753558,2024-09-23 15:26:22,동물_가축사육업.csv
예산군,팜큐브,돼지,충청남도 예산군 덕산면 검무내길 ***-**,,36.630031,126.611436,2020-09-14 09:46:48,동물_가축사육업.csv
예산군,한사랑농장(B),돼지,"충청남도 예산군 덕산면 복당리 ***-* 외 *필지(***-*, ***-*, ***-*, ***-*, ***-*)",,36.622536,126.58907,2022-03-13 16:26:53,동물_가축사육업.csv
예산군,경춘농원,돼지,충청남도 예산군 오가면 오신로 ***,,36.692441,126.785598,2017-12-04 10:00:29,동물_가축사육업.csv
예산군,한사랑농장(A),돼지,충청남도 예산군 덕산면 낙상서길 ***,,36.622155,126.598008,2022-03-13 15:49:56,동물_가축사육업.csv
예산군,가나안농장,돼지,충청남도 예산군 오가면 오신로 ***,,36.716461,126.793635,2026-03-19 09:38:19,동물_가축사육업.csv
예산군,응봉농장,돼지,충청남도 예산군 응봉면 계정리 *** 외*필지(***-*),,36.656788,126.746196,2021-02-09 19:41:43,동물_가축사육업.csv
예산군,덕숭농장,돼지,충청남도 예산군 덕산면 복당*길 **,,36.622274,126.58856,2020-05-14 14:24:10,동물_가축사육업.csv
예산군,영돌농장,돼지,충청남도 예산군 대술면 대술로 ***-*,,36.674788,126.898446,2017-12-12 17:04:08,동물_가축사육업.csv
예산군,클로바농장,돼지,"충청남도 예산군 신양면 귀곡리 *** 외*필지(***-*,-*,-*)",,36.627306,126.865268,2019-03-13 11:15:50,동물_가축사육업.csv
예산군,은현농장,돼지,충청남도 예산군 오가면 내양막길 **,,36.707723,126.784655,2015-06-01 10:48:25,동물_가축사육업.csv
예산군,꿀꿀농장,돼지,"충청남도 예산군 대술면 산정리 ***-* 외 *필지(***-*, ***-*, -*, ***-*, -*, ***-**)",,36.663686,126.878979,2026-06-05 11:23:09,동물_가축사육업.csv
예산군,신선팜스,돼지,"충청남도 예산군 고덕면 석곡리 ***-* 외 *필지(***-*, -*, -*, -*, -**, ***-* 봉산면 대지리 **-**",,36.734914,126.69741,2022-02-09 16:32:32,동물_가축사육업.csv
예산군,신선농장,돼지,충청남도 예산군 오가면 분천리 *-** 외 *필지(분천리 *),,36.705352,126.778586,2021-02-09 21:08:23,동물_가축사육업.csv
예산군,청송농장,돼지,"충청남도 예산군 봉산면 봉림리 ***-* 외 *필지(***-*, ***-*, ***-*, ***, ***)",,36.742724,126.646522,2022-03-24 09:36:30,동물_가축사육업.csv
예산군,무송농장,돼지,"충청남도 예산군 신암면 탄중리 ***-* 외*필지(***-*,***-*,***-*,***-*,***-**)",,36.712534,126.825477,2024-08-14 16:18:21,동물_가축사육업.csv
예산군,흥서농장,돼지,충청남도 예산군 대술면 이티리 ***,,36.643333,126.922679,2023-06-08 10:06:22,동물_가축사육업.csv
예산군,대정팜,돼지,충청남도 예산군 신암면 계촌리 ***,,36.75151,126.846308,2023-02-20 13:44:47,동물_가축사육업.csv
예산군,고일농장,돼지,"충청남도 예산군 고덕면 몽곡리 **-** 외 *필지(**-**,**-*,**-*,**-*,**-*)",,36.781303,126.716118,2025-03-04 13:51:18,동물_가축사육업.csv
예산군,돼지농장,돼지,충청남도 예산군 오가면 원천오촌길 ***-*,,36.702221,126.79618,2021-11-23 17:44:32,동물_가축사육업.csv
예산군,덕풍농장,돼지,"충청남도 예산군 오가면 원천리 *** 외 *필지(***,***,***-*,***-**)",,36.695011,126.7869,2022-12-05 13:54:28,동물_가축사육업.csv
예산군,우성농장,돼지,충청남도 예산군 대술면 궐곡리 **-*,,36.6837,126.907927,2015-01-21 14:13:52,동물_가축사육업.csv
예산군,대지농장,돼지,"충청남도 예산군 광시면 대리 ***-* 외*필지(***-*,***-**,***-*,-**,***-*,***)",,36.54726,126.794269,2020-06-04 15:23:27,동물_가축사육업.csv
예산군,동방축산,돼지,충청남도 예산군 예산읍 벚꽃로 ***-**,,36.7289,126.858121,2017-12-12 16:33:58,동물_가축사육업.csv
예산군,이가농장,돼지,충청남도 예산군 고덕면 상몽*길 **-*,,36.778193,126.707564,2026-06-16 09:12:53,동물_가축사육업.csv
예산군,장복농장,돼지,"충청남도 예산군 대술면 장복리 ***-* 외 *필지(***-*, -*, -*, -*, ***-**, **, 화산리 ***-*)",,36.681642,126.916909,2022-01-24 15:18:39,동물_가축사육업.csv
예산군,유나팜,돼지,충청남도 예산군 신암면 예당평야로 **-***,,36.752554,126.84735,2022-05-25 13:22:25,동물_가축사육업.csv
예산군,종현농장,돼지,충청남도 예산군 고덕면 용리*길 **,,36.726348,126.723014,2014-07-01 10:29:29,동물_가축사육업.csv
예산군,삼돈농장,돼지,충청남도 예산군 봉산면 효교리 *-* 외*필지,,36.722156,126.706434,2021-10-08 18:20:17,동물_가축사육업.csv
예산군,용부농장,돼지,충청남도 예산군 오가면 분천리 *-** 외*필지(분천리 *-**),,36.704709,126.778382,2021-02-09 21:12:04,동물_가축사육업.csv
예산군,보령농장,돼지,충청남도 예산군 신암면 신택리 ***-*,,36.760559,126.810179,2016-02-22 22:49:39,동물_가축사육업.csv
예산군,예산양돈영농조합법인,돼지,충청남도 예산군 신양면 예당남로 ***-*,,36.602057,126.837449,2022-08-31 16:40:00,동물_가축사육업.csv
예산군,씨앗골농장,돼지,충청남도 예산군 신양면 신양리 ** 외 *필지(산**-*),,36.613172,126.876603,2022-01-19 15:48:35,동물_가축사육업.csv
예산군,삼화목장,돼지,충청남도 예산군 신암면 신종*길 **-**,,36.766479,126.817312,2020-07-02 14:39:10,동물_가축사육업.csv
예산군,예산 지명영농법인,돼지,충청남도 예산군 오가면 신장길 ***,,36.67828,126.795651,2013-10-30 17:04:31,동물_가축사육업.csv
예산군,환성축산,돼지,충청남도 예산군 오가면 오신로 **-**,,36.680499,126.785758,2020-08-12 10:20:58,동물_가축사육업.csv
예산군,대일농장,돼지,충청남도 예산군 봉산면 대지군곡길 **-**,,36.744062,126.691923,2025-04-22 09:52:04,동물_가축사육업.csv
예산군,키움농장,돼지,충청남도 예산군 신암면 예당평야로 **-***,,36.752418,126.845451,2021-11-24 13:03:10,동물_가축사육업.csv
예산군,대녕농장,돼지,충청남도 예산군 고덕면 용고길 ***-**,,36.73198,126.722031,2022-11-01 14:20:46,동물_가축사육업.csv
예산군,대술농장,돼지,"충청남도 예산군 대술면 산정리 ***-* 외 *필지(***, ***-*, ***-*, ***-*, ***-*, ***, ***-*)",,36.663087,126.880698,2025-05-13 10:12:08,동물_가축사육업.csv
예산군,선우농장,돼지,충청남도 예산군 대흥면 지곡지률길 **-**,,36.638646,126.824462,2024-04-09 17:26:00,동물_가축사육업.csv
예산군,한일농장,돼지,충청남도 예산군 고덕면 용고길 ***-**,,36.729618,126.725462,2017-02-03 17:42:20,동물_가축사육업.csv
예산군,창신농장,돼지,충청남도 예산군 고덕면 상궁*길 **,,36.758757,126.752801,2021-01-11 17:48:58,동물_가축사육업.csv
예산군,신흥농장,돼지,충청남도 예산군 오가면 신장길 **-**,,36.671715,126.795471,2021-07-26 18:04:04,동물_가축사육업.csv
예산군,영돌농장,돼지,충청남도 예산군 대술면 궐곡리 ***-*,,36.670448,126.893473,2019-08-22 21:42:59,동물_가축사육업.csv
예산군,용갑농장,돼지,충청남도 예산군 덕산면 복당*길 **,,36.621361,126.59076,2019-03-25 13:44:26,동물_가축사육업.csv
예산군,호은2농장,돼지,충청남도 예산군 오가면 신원리 ***-** 외*필지(발연리 ***-**),,36.702287,126.819916,2023-08-17 14:05:08,동물_가축사육업.csv
예산군,에덴팜,돼지,충청남도 예산군 신암면 예당평야로 **-***,,36.75237,126.844547,2023-06-08 13:50:21,동물_가축사육업.csv
예산군,엠파크(EMPARK),돼지,충청남도 예산군 광시면 봉수산로 ***,,36.579014,126.76642,2022-08-22 15:59:19,동물_가축사육업.csv
예산군,덕산농장,돼지,충청남도 예산군 덕산면 홍덕서로 ***,,36.63273,126.614047,2021-12-03 15:49:56,동물_가축사육업.csv
예산군,송림농장,돼지,"충청남도 예산군 신암면 오산리 ***-* 외 *필지(***-*, ***-*, ***-*, ***-*, ***-**)",,36.73459,126.804208,2022-01-11 11:10:13,동물_가축사육업.csv
예산군,농업회사법인(주)새들만예산지점,돼지,"충청남도 예산군 오가면 분천리 ***-* 외*필지(***-**,-**,***-**)",,36.704347,126.774741,2020-06-18 15:20:17,동물_가축사육업.csv
예산군,가나안농장,돼지,"충청남도 예산군 덕산면 북문리 *** 외 *필지(***-*, -*, -**, -**, -**, ***, ***, -*, ***-*)",,36.710304,126.660809,2022-03-13 16:24:31,동물_가축사육업.csv
예산군,도니농장,돼지,충청남도 예산군 덕산면 복당리 **-*,,36.624172,126.595104,2025-04-14 17:54:41,동물_가축사육업.csv
예산군,마교농장,돼지,충청남도 예산군 봉산면 마교리 ***,,36.778316,126.686461,2016-08-01 18:25:59,동물_가축사육업.csv
예산군,길농원,돼지,충청남도 예산군 오가면 분천안길 **,,36.703638,126.77785,2022-06-15 09:26:05,동물_가축사육업.csv
예산군,운필농장,돼지,충청남도 예산군 봉산면 봉운로 ***,,36.723507,126.654525,2021-02-05 08:58:02,동물_가축사육업.csv
예산군,호은농장,돼지,충청남도 예산군 대술면 이티리 *** 외*필지,,36.643735,126.914923,2017-12-12 17:11:11,동물_가축사육업.csv
태안군,에벤에셀 농장,돼지,충청남도 태안군 고남면 누동리 ***-*,,36.445543,126.406488,2019-12-30 07:16:59,동물_가축사육업.csv
태안군,성마을농장,돼지,충청남도 태안군 원북면 청산리 ***-*,,36.814582,126.272066,2019-12-31 07:05:20,동물_가축사육업.csv
태안군,농업회사법인 주식회사 엠파크,돼지,충청남도 태안군 원북면 대기길 ***-**,,36.811579,126.247743,2019-05-23 13:00:21,동물_가축사육업.csv
태안군,개량양돈,돼지,충청남도 태안군 이원면 당산리 ***-*,,36.876498,126.310972,2020-03-16 14:21:00,동물_가축사육업.csv
태안군,태안GGP,돼지,충청남도 태안군 소원면 영전리 ***-**,,36.79465,126.196171,2022-01-27 16:56:38,동물_가축사육업.csv
태안군,한아름 농장,돼지,충청남도 태안군 남면 저드래길 ***-**,,36.616043,126.329413,2026-01-23 15:47:08,동물_가축사육업.csv
태안군,원북농장,돼지,충청남도 태안군 원북면 대기리 ***,,36.798792,126.237411,2022-09-22 14:05:16,동물_가축사육업.csv
태안군,엠파크,돼지,"충청남도 태안군 안면읍 승언리 ***-* 외 **필지(***, ***-*, ***-*, ***-*, ***, ***-*, ***-*, ***-* 등)",,36.53806,126.343233,2024-12-06 09:38:11,동물_가축사육업.csv
태안군,농업회사법인(주)돈우정(원북농장지점),돼지,충청남도 태안군 원북면 신재생로 ***,,36.871797,126.234739,2025-04-23 17:30:51,동물_가축사육업.csv
전주시,동우농장,돼지,전북특별자치도 전주시 덕진구 당마길 *-** (남정동),,35.865601,127.016002,2026-02-06 16:56:39,동물_가축사육업.csv
전주시,전북대학교 농업생명과학대학 부속동물사육장,돼지,전북특별자치도 전주시 덕진구 백제대로 *** (금암동),,35.845519,127.13304,2024-02-27 11:03:42,동물_가축사육업.csv
군산시,피그왕돈킹,돼지,전북특별자치도 군산시 서수면 원관원길 **-**,,36.023263,126.871968,2021-12-06 11:33:16,동물_가축사육업.csv
군산시,희오농장,돼지,전북특별자치도 군산시 서수면 원관원길 **-**,,36.022874,126.873855,2026-08-06 15:41:27,동물_가축사육업.csv
군산시,피그월드,돼지,전북특별자치도 군산시 서수면 원관원길 **-**,,36.023444,126.873297,2015-06-25 17:20:30,동물_가축사육업.csv
군산시,농업회사법인 (주)행복한농장,돼지,"전북특별자치도 군산시 나포면 우곡제길 **-**, ㈜행복한농장",,35.993044,126.832061,2023-06-29 10:11:31,동물_가축사육업.csv
군산시,옥산농장,돼지,"전북특별자치도 군산시 옥산면 북내길 **, 외 *개소(대봉산길 ***-*)",,35.946435,126.758897,2021-12-20 10:04:14,동물_가축사육업.csv
군산시,수일농장,돼지,전북특별자치도 군산시 서수면 관원리 ***-*,,36.023734,126.871608,2015-06-25 17:25:39,동물_가축사육업.csv
군산시,신명농장,돼지,전북특별자치도 군산시 서수면 원관원길 **-**,,36.022473,126.874481,2023-12-27 11:44:20,동물_가축사육업.csv
군산시,아이엔지팜,돼지,전북특별자치도 군산시 서수면 방령안길 ***,,36.029992,126.873102,2023-04-24 19:24:57,동물_가축사육업.csv
군산시,사랑농장,돼지,전북특별자치도 군산시 서수면 원관원길 **-**,,36.022034,126.875463,2015-06-25 17:32:21,동물_가축사육업.csv
군산시,한림농장,돼지,전북특별자치도 군산시 서수면 원관원길 **-***,,36.022748,126.870253,2026-08-06 15:38:48,동물_가축사육업.csv
군산시,성보농장,돼지,전북특별자치도 군산시 서수면 원관원길 **-**,,36.023177,126.873552,2025-11-18 16:54:26,동물_가축사육업.csv
군산시,-,돼지,전북특별자치도 군산시 서수면 원관원길 **-**,,36.022323,126.874803,2014-11-07 14:39:05,동물_가축사육업.csv
군산시,(유)피그팜,돼지,전북특별자치도 군산시 서수면 원관원길 **-**,,36.022661,126.874201,2015-07-09 15:01:44,동물_가축사육업.csv
군산시,원농장,돼지,전북특별자치도 군산시 옥구읍 영병산길 **-*,,35.914404,126.674203,2022-05-20 17:19:31,동물_가축사육업.csv
군산시,한미농장,돼지,전북특별자치도 군산시 서수면 청룡로 *-**,,35.993733,126.867958,2021-05-13 09:49:43,동물_가축사육업.csv
군산시,서수팜스토리,돼지,전북특별자치도 군산시 서수면 관원리 ***,,36.02363,126.872476,2025-08-14 14:48:20,동물_가축사육업.csv
군산시,주은농장,돼지,전북특별자치도 군산시 나포면 미루매길 ***,,36.04365,126.847421,2016-09-28 15:04:30,동물_가축사육업.csv
군산시,회현한돈영농조합법인,돼지,전북특별자치도 군산시 회현면 월하산*길 **,,35.891807,126.733644,2025-11-04 09:32:01,동물_가축사육업.csv
군산시,이조농장,돼지,전북특별자치도 군산시 서수면 원관원길 **-**,,36.022189,126.875158,2023-06-29 10:21:15,동물_가축사육업.csv
군산시,도경농장,돼지,전북특별자치도 군산시 성산면 동군산로 ***-**,,35.983085,126.826902,2026-05-15 16:30:58,동물_가축사육업.csv
익산시,덕진농장,돼지,전북특별자치도 익산시 함열읍 상지원길 **,,36.044916,126.975694,2021-02-15 16:01:44,동물_가축사육업.csv
익산시,이레농장,돼지,전북특별자치도 익산시 낭산면 상지원길 **,,36.045558,126.976763,2017-12-19 16:37:30,동물_가축사육업.csv
익산시,삼부 농장,돼지,전북특별자치도 익산시 춘포면 춘포원오산*길 ** (외 *필지),,35.938381,127.026494,2019-06-24 13:31:03,동물_가축사육업.csv
익산시,산마루,돼지,전북특별자치도 익산시 낭산면 상지원길 **,,36.042375,126.974615,2024-04-26 14:34:49,동물_가축사육업.csv
익산시,마한농장,돼지,전북특별자치도 익산시 왕궁면 구덕길 ***-**,,35.935723,127.090864,2020-11-10 09:16:25,동물_가축사육업.csv
익산시,전구권 농장,돼지,전북특별자치도 익산시 황등면 성내길 ***,,36.056515,126.93635,2021-10-28 11:27:20,동물_가축사육업.csv
익산시,야베스 1농장,돼지,전북특별자치도 익산시 왕궁면 건너들길 ***,,35.97318,127.101404,2026-03-06 10:04:50,동물_가축사육업.csv
익산시,사결농장,돼지,전북특별자치도 익산시 용동면 진북로 ****-**,,36.107121,127.014083,2023-10-23 17:32:57,동물_가축사육업.csv
익산시,선일농장,돼지,"전북특별자치도 익산시 삼기면 미륵사지로 ***, 무지개사료시범농장",,36.034995,127.001749,2024-12-09 16:04:11,동물_가축사육업.csv
익산시,진규농장,돼지,전북특별자치도 익산시 낭산면 상지원길 **-**,,36.044677,126.976713,2013-12-31 09:36:14,동물_가축사육업.csv
익산시,김영근 농장,돼지,전북특별자치도 익산시 왕궁면 흥암갈전길 **,,35.956796,127.088176,2024-12-17 13:15:34,동물_가축사육업.csv
익산시,최택종 농장,돼지,전북특별자치도 익산시 낭산면 내돈길 **-**,,36.066634,127.021318,2017-10-30 18:03:13,동물_가축사육업.csv
익산시,정민농장,돼지,전북특별자치도 익산시 함열읍 상지원*길 **-** (외 *필지),,36.046108,126.975617,2024-12-17 13:42:22,동물_가축사육업.csv
익산시,민솔2농장,돼지,전북특별자치도 익산시 함열읍 상지원*길 ** (외 *),,36.04547,126.975705,2025-01-02 09:56:35,동물_가축사육업.csv
익산시,명화농장,돼지,전북특별자치도 익산시 왕궁면 금오길 **,,35.935371,127.0711,2022-09-07 11:24:50,동물_가축사육업.csv
익산시,해오름 농장,돼지,전북특별자치도 익산시 함열읍 석매리 ***-**,,36.046383,126.974906,2021-01-05 10:11:08,동물_가축사육업.csv
익산시,삼부농장,돼지,전북특별자치도 익산시 춘포면 춘포원오산*길 **,,35.938381,127.026494,2019-07-05 13:02:21,동물_가축사육업.csv
익산시,푸른농장,돼지,전북특별자치도 익산시 왕궁면 구덕신촌길 **-** (외 *필지),,35.933317,127.087616,2012-03-23 10:01:49,동물_가축사육업.csv
익산시,학호(권영수)농장,돼지,전북특별자치도 익산시 왕궁면 학호길 **-**,,35.92599,127.073604,2022-01-07 20:50:38,동물_가축사육업.csv
익산시,부윤영농조합법인,돼지,전북특별자치도 익산시 성당면 두동길 **,,36.109679,126.917074,2014-10-14 09:48:54,동물_가축사육업.csv
익산시,마한농장3,돼지,전북특별자치도 익산시 왕궁면 평화촌*길 ** (외 *),,35.951826,127.08129,2025-12-17 16:22:54,동물_가축사육업.csv
익산시,덕진농장,돼지,전북특별자치도 익산시 함열읍 상지원길 **,,36.04551,126.976191,2022-06-11 09:57:36,동물_가축사육업.csv
익산시,2농장,돼지,전북특별자치도 익산시 낭산면 상지원길 **-**,,36.044439,126.976764,2008-01-30 13:07:26,동물_가축사육업.csv
익산시,덕진농장,돼지,전북특별자치도 익산시 함열읍 상지원*길 **-*,,36.045886,126.975614,2021-02-15 16:15:36,동물_가축사육업.csv
익산시,세안농장2,돼지,전북특별자치도 익산시 함열읍 상지원*길 **,,36.046008,126.974418,2019-02-11 13:23:52,동물_가축사육업.csv
익산시,학호(김병길)농장,돼지,전북특별자치도 익산시 왕궁면 학호*길 **-**,,35.927904,127.070393,2005-09-30 16:01:49,동물_가축사육업.csv
익산시,으뜸이농장,돼지,전북특별자치도 익산시 함라면 양산*길 **-***,,36.011615,126.906483,2025-07-23 15:59:43,동물_가축사육업.csv
익산시,학호(김정열)농장,돼지,전북특별자치도 익산시 왕궁면 학호길 **,,35.924413,127.073518,2005-09-30 15:48:31,동물_가축사육업.csv
익산시,대성농장,돼지,전북특별자치도 익산시 용동면 당하길 **,,36.112027,126.984424,2022-07-08 12:40:36,동물_가축사육업.csv
익산시,신촌 농장,돼지,전북특별자치도 익산시 왕궁면 우주로 ***,,35.929837,127.090241,2022-12-06 10:14:19,동물_가축사육업.csv
익산시,참좋은농장,돼지,전북특별자치도 익산시 왕궁면 쌍제오룡길 ***,,35.942632,127.069533,2021-08-04 13:32:49,동물_가축사육업.csv
익산시,마한농장,돼지,전북특별자치도 익산시 왕궁면 왕궁로 ***-***,,35.947462,127.089383,2024-07-16 09:55:01,동물_가축사육업.csv
익산시,농업회사법인 유한회사 익산자돈농장,돼지,전북특별자치도 익산시 낭산면 북성길 ***-**,,36.064544,127.051396,2024-03-19 10:52:03,동물_가축사육업.csv
익산시,대성 농장,돼지,전북특별자치도 익산시 성당면 서대기길 **,,36.062481,126.932581,2024-01-15 19:13:40,동물_가축사육업.csv
익산시,김성묵 농장,돼지,전북특별자치도 익산시 성당면 동대기길 **-*,,36.061776,126.93583,2024-12-17 13:16:59,동물_가축사육업.csv
익산시,진흥 농장,돼지,전북특별자치도 익산시 금마면 각봉길 *-**,,36.007295,127.003953,2025-04-07 17:34:04,동물_가축사육업.csv
익산시,이브농장,돼지,"전북특별자치도 익산시 함열읍 석매리 ***-* ,-**,-**,-**,-**,-**,-**,***-**",,36.046162,126.973804,2022-01-26 15:29:19,동물_가축사육업.csv
익산시,무곡농장,돼지,전북특별자치도 익산시 망성면 무네미길 **-**,,36.136937,127.016299,2020-01-02 10:54:53,동물_가축사육업.csv
익산시,이청복농장,돼지,전북특별자치도 익산시 왕궁면 건너들길 ***,,35.972264,127.101141,2026-03-06 10:07:16,동물_가축사육업.csv
익산시,이용상 농장,돼지,전북특별자치도 익산시 왕궁면 앵금*길 **-*,,35.948114,127.069348,2022-05-10 22:02:37,동물_가축사육업.csv
익산시,세안농장,돼지,전북특별자치도 익산시 함열읍 상지원길 **,,36.046035,126.976168,2019-02-11 13:21:34,동물_가축사육업.csv
익산시,신촌농장(정규석),돼지,전북특별자치도 익산시 왕궁면 구덕신촌길 **-**,,35.932352,127.091752,2007-07-26 18:26:04,동물_가축사육업.csv
익산시,해밀축산,돼지,전북특별자치도 익산시 춘포면 미등골길 ***-**,,35.942619,127.022186,2021-06-08 16:55:11,동물_가축사육업.csv
익산시,참돈농장,돼지,전북특별자치도 익산시 함열읍 상지원*길 **,,36.045721,126.973885,2025-03-12 16:47:17,동물_가축사육업.csv
익산시,벧엘 농장,돼지,전북특별자치도 익산시 왕궁면 앵금*길 **-* (외 *),,35.948475,127.070178,2009-12-09 08:31:46,동물_가축사육업.csv
익산시,익산 농장,돼지,전북특별자치도 익산시 왕궁면 봉광동길 **-*,,35.93778,127.091107,2013-12-31 15:36:23,동물_가축사육업.csv
익산시,임마누엘농장,돼지,전북특별자치도 익산시 낭산면 석천리 ****,,36.086982,127.036367,2019-09-23 15:16:53,동물_가축사육업.csv
익산시,대선농장,돼지,전북특별자치도 익산시 성당면 서대기길 ** (외 *),,36.062481,126.932581,2018-01-19 09:29:36,동물_가축사육업.csv
익산시,현대농장,돼지,전북특별자치도 익산시 왕궁면 금오길 ***,,35.929642,127.064152,2020-11-10 10:51:02,동물_가축사육업.csv
익산시,상지원(두영) 농장,돼지,전북특별자치도 익산시 함열읍 상지원*길 **,,36.046008,126.974418,2013-12-31 14:48:29,동물_가축사육업.csv
익산시,금모래 농장,돼지,전북특별자치도 익산시 오산면 만수길 **-**,,35.915467,126.879063,2016-03-23 15:00:07,동물_가축사육업.csv
익산시,이칠성2농장,돼지,전북특별자치도 익산시 왕궁면 온수리 ***-**,,35.926264,127.075317,2008-05-08 10:44:17,동물_가축사육업.csv
익산시,순자농장,돼지,전북특별자치도 익산시 함열읍 상지원길 **,,36.04532,126.976147,2015-07-24 08:54:27,동물_가축사육업.csv
익산시,한열농장,돼지,전북특별자치도 익산시 낭산면 상지원길 **-*,,36.044877,126.976711,2013-12-31 09:42:55,동물_가축사육업.csv
익산시,신은 양돈장,돼지,전북특별자치도 익산시 용안면 난포리 **-*,,36.124429,126.949248,2005-11-04 11:55:57,동물_가축사육업.csv
익산시,재우스 농장,돼지,전북특별자치도 익산시 춘포면 무왕로**길 ***-**,,35.952015,127.036509,2021-03-30 13:59:02,동물_가축사육업.csv
익산시,우봉 농장,돼지,전북특별자치도 익산시 웅포면 송천로 ***,,36.076672,126.902535,2022-03-15 15:14:18,동물_가축사육업.csv
익산시,흥신 2농장,돼지,전북특별자치도 익산시 왕궁면 왕궁로 ***,,35.954216,127.085939,2005-12-21 17:27:05,동물_가축사육업.csv
익산시,삼권농장,돼지,전북특별자치도 익산시 함열읍 상지원길 **,,36.04551,126.976191,2013-12-31 09:46:15,동물_가축사육업.csv
익산시,금우농장,돼지,전북특별자치도 익산시 왕궁면 앵금*길 **-*,,35.949028,127.071369,2024-12-17 13:18:56,동물_가축사육업.csv
익산시,상일농장,돼지,전북특별자치도 익산시 낭산면 상지원길 **,,36.043782,126.975807,2024-12-17 13:52:11,동물_가축사육업.csv
익산시,금오 농장,돼지,전북특별자치도 익산시 왕궁면 금오*길 **-*,,35.928509,127.07,2022-05-17 10:14:30,동물_가축사육업.csv
익산시,TY FARM,돼지,전북특별자치도 익산시 왕궁면 이탄*길 **,,35.949201,127.080523,2023-10-24 09:47:06,동물_가축사육업.csv
익산시,선농장,돼지,전북특별자치도 익산시 낭산면 상지원길 **,,36.045558,126.976763,2015-07-24 09:59:44,동물_가축사육업.csv
익산시,한얼팜스,돼지,전북특별자치도 익산시 낭산면 상지원길 **,,36.046305,126.976951,2026-07-03 10:03:57,동물_가축사육업.csv
익산시,한얼팜스2,돼지,"전북특별자치도 익산시 낭산면 상지원길 **-**, -**,-**,-**",,36.044223,126.976589,2022-01-15 11:59:52,동물_가축사육업.csv
익산시,박농장,돼지,전북특별자치도 익산시 왕궁면 구덕리 **-*,,35.949152,127.090036,2007-08-22 18:33:27,동물_가축사육업.csv
익산시,그린축산,돼지,전북특별자치도 익산시 함열읍 석매리 ***-*,,36.046162,126.973804,2017-09-11 11:21:56,동물_가축사육업.csv
익산시,금오(장은희)농장,돼지,전북특별자치도 익산시 왕궁면 금오길 ***-**,,35.92936,127.06482,2020-11-10 09:24:00,동물_가축사육업.csv
익산시,이중휘농장,돼지,전북특별자치도 익산시 왕궁면 금오*길 **,,35.92932,127.069639,2013-12-24 13:37:34,동물_가축사육업.csv
익산시,익산 농장,돼지,전북특별자치도 익산시 왕궁면 자유촌길 *-*,,35.93747,127.092039,2022-02-23 17:03:23,동물_가축사육업.csv
익산시,신촌 농장,돼지,전북특별자치도 익산시 왕궁면 구덕리 ***-** 외 *,,35.976012,127.181794,2005-10-26 10:04:30,동물_가축사육업.csv
익산시,임마누엘팜,돼지,전북특별자치도 익산시 낭산면 호천*길 **-*,,36.086341,127.037262,2021-03-10 13:22:11,동물_가축사육업.csv
익산시,앵금농장,돼지,전북특별자치도 익산시 왕궁면 앵금*길 **,,35.948102,127.071043,2024-12-20 13:48:08,동물_가축사육업.csv
익산시,다니엘 농장,돼지,전북특별자치도 익산시 춘포면 미등골길 ***,,35.944686,127.019936,2024-01-19 18:04:39,동물_가축사육업.csv
익산시,우리금돈,돼지,전북특별자치도 익산시 함열읍 상지원*길 **,,36.046162,126.973804,2012-03-15 09:41:21,동물_가축사육업.csv
익산시,조태종농장,돼지,전북특별자치도 익산시 함열읍 흘산리 ***,,36.065223,126.976437,2008-03-27 18:11:57,동물_가축사육업.csv
익산시,금오농장,돼지,전북특별자치도 익산시 왕궁면 온수리 ***-*,,35.932085,127.067219,2005-09-06 13:37:07,동물_가축사육업.csv
익산시,대규농장,돼지,전북특별자치도 익산시 왕궁면 흥암길 **,,35.954282,127.087872,2024-12-17 11:17:28,동물_가축사육업.csv
익산시,신촌 농장,돼지,전북특별자치도 익산시 왕궁면 구덕리 **-**,,35.949152,127.090036,2005-12-13 12:52:19,동물_가축사육업.csv
익산시,점박이 농장,돼지,전북특별자치도 익산시 성당면 부곡교항길 ***-**,,36.119547,126.927392,2020-04-17 10:12:45,동물_가축사육업.csv
익산시,한국유전자연구소,돼지,전북특별자치도 익산시 춘포면 노적*길 **-**,,35.946652,127.026366,2026-01-16 15:46:10,동물_가축사육업.csv
익산시,금실(Farm)제2농장,돼지,전북특별자치도 익산시 함열읍 상지원길 **,,36.045881,126.976222,2021-02-04 13:49:05,동물_가축사육업.csv
익산시,도라농장,돼지,전북특별자치도 익산시 망성면 으랭이길 ***-*,,36.107701,127.026463,2026-03-04 10:29:08,동물_가축사육업.csv
익산시,신촌 농장,돼지,전북특별자치도 익산시 왕궁면 구덕리 **-**,,35.949152,127.090036,2005-10-14 17:05:50,동물_가축사육업.csv
익산시,김재승농장,돼지,전북특별자치도 익산시 성당면 동대기길 **-**,,36.062504,126.935797,2022-07-21 10:39:46,동물_가축사육업.csv
익산시,김동규농장,돼지,전북특별자치도 익산시 왕궁면 간동*길 **,,35.933174,127.08439,2007-04-20 13:08:44,동물_가축사육업.csv
익산시,윤병천 농장,돼지,전북특별자치도 익산시 왕궁면 왕궁로 ***-**,,35.939857,127.08298,2005-10-10 10:11:04,동물_가축사육업.csv
익산시,박희천 농장,돼지,전북특별자치도 익산시 용안면 신은길 **-*,,36.129823,126.941314,2014-09-29 13:39:29,동물_가축사육업.csv
익산시,상지원(일남)농장,돼지,전북특별자치도 익산시 낭산면 상지원길 **-**,,36.045536,126.977492,2005-10-04 11:38:26,동물_가축사육업.csv
익산시,영진농장,돼지,전북특별자치도 익산시 황등면 황성로 *** (외 *),,36.03469,126.929615,2017-09-06 08:59:40,동물_가축사육업.csv
익산시,규용농장,돼지,전북특별자치도 익산시 왕궁면 구덕리 **-** 외*필지,,35.937856,127.089538,2008-03-20 15:36:59,동물_가축사육업.csv
익산시,최종석 농장,돼지,전북특별자치도 익산시 왕궁면 거목길 **,,35.953738,127.093101,2021-02-09 17:29:35,동물_가축사육업.csv
익산시,학호,돼지,전북특별자치도 익산시 왕궁면 학호길 **,,35.92381,127.072972,2005-10-27 16:41:03,동물_가축사육업.csv
익산시,민솔농장,돼지,전북특별자치도 익산시 금마면 갈산길 ***,,35.994676,127.013924,2025-01-02 09:55:45,동물_가축사육업.csv
익산시,나눔농장,돼지,전북특별자치도 익산시 황등면 구자길 ***,,36.039395,126.923893,2024-12-17 11:45:13,동물_가축사육업.csv
익산시,유택습 농장,돼지,전북특별자치도 익산시 왕궁면 흥암길 **,,35.953425,127.086066,2005-12-07 17:42:27,동물_가축사육업.csv
익산시,원해농장,돼지,전북특별자치도 익산시 함라면 신등신촌길 **-**,,36.0195,126.909022,2021-03-23 13:30:08,동물_가축사육업.csv
익산시,진왕영농조합법인,돼지,전북특별자치도 익산시 망성면 무네미*길 **,,36.142133,127.016561,2026-05-06 15:12:39,동물_가축사육업.csv
익산시,흥신 1농장,돼지,전북특별자치도 익산시 왕궁면 흥암리 산 ***-*,,35.955915,127.086282,2005-12-28 15:45:36,동물_가축사육업.csv
익산시,에덴 농장,돼지,전북특별자치도 익산시 함열읍 두라길 **,,36.065742,126.957842,2023-05-23 18:20:04,동물_가축사육업.csv
익산시,익산(조현진1)농장,돼지,전북특별자치도 익산시 왕궁면 왕궁로 ***-*,,35.929749,127.077527,2006-12-12 08:59:04,동물_가축사육업.csv
익산시,마한농장,돼지,전북특별자치도 익산시 왕궁면 왕궁로 ***-***,,35.946441,127.089751,2025-08-21 16:20:54,동물_가축사육업.csv
익산시,세안농장,돼지,전북특별자치도 익산시 함열읍 상지원*길 **,,36.045828,126.974625,2024-05-29 15:06:54,동물_가축사육업.csv
익산시,어울진농장,돼지,전북특별자치도 익산시 춘포면 엽동길 **-**,,35.955774,127.039852,2025-09-05 09:57:35,동물_가축사육업.csv
익산시,익산농장,돼지,전북특별자치도 익산시 왕궁면 칠복동길 **,,35.931211,127.082024,2005-10-10 11:20:29,동물_가축사육업.csv
익산시,금오(이진구)농장,돼지,전북특별자치도 익산시 왕궁면 금오*길 **,,35.930971,127.071622,2005-09-27 10:22:39,동물_가축사육업.csv
익산시,호환 농장,돼지,전북특별자치도 익산시 함열읍 박전*길 *,,36.042709,126.959796,2013-12-31 09:34:17,동물_가축사육업.csv
익산시,후니농장,돼지,전북특별자치도 익산시 왕궁면 금오*길 ** (외 *필지),,35.930609,127.069948,2018-08-20 14:11:20,동물_가축사육업.csv
익산시,사결 농장,돼지,전북특별자치도 익산시 망성면 진북로 ****-**,,36.116362,127.02102,2016-07-20 20:43:45,동물_가축사육업.csv
익산시,차우 구백농장,돼지,전북특별자치도 익산시 왕궁면 왕춘길 **,,35.936369,127.0568,2024-07-26 16:35:15,동물_가축사육업.csv
익산시,신촌 농장,돼지,전북특별자치도 익산시 왕궁면 구덕신촌길 **,,35.934405,127.09027,2010-06-18 10:25:33,동물_가축사육업.csv
익산시,금오농장,돼지,전북특별자치도 익산시 왕궁면 온수*길 ***,,35.931697,127.066816,2005-08-22 16:19:55,동물_가축사육업.csv
익산시,성지농장,돼지,전북특별자치도 익산시 망성면 화산길 **,,36.134432,127.001624,2025-03-26 17:40:55,동물_가축사육업.csv
익산시,구자 오산1농장,돼지,전북특별자치도 익산시 황등면 구자길 **,,36.043711,126.930876,2024-12-17 11:38:51,동물_가축사육업.csv
익산시,덕진 농장,돼지,"전북특별자치도 익산시 함열읍 상지원길 **, **",,36.044307,126.974885,2022-05-19 21:43:09,동물_가축사육업.csv
익산시,두리농장,돼지,전북특별자치도 익산시 낭산면 용기들길 ***,,36.068954,126.987581,2024-12-17 11:20:05,동물_가축사육업.csv
익산시,금오농장,돼지,전북특별자치도 익산시 왕궁면 금오*길 *-*,,35.932734,127.069026,2013-12-31 10:54:26,동물_가축사육업.csv
익산시,익산농장,돼지,전북특별자치도 익산시 왕궁면 남양길 **,,35.930148,127.079625,2017-01-10 15:19:03,동물_가축사육업.csv
익산시,흥일농장,돼지,전북특별자치도 익산시 금마면 오작골길 **-*,,35.995276,127.031996,2024-12-17 13:52:43,동물_가축사육업.csv
익산시,금화 농장,돼지,전북특별자치도 익산시 왕궁면 앵금*길 **-**,,35.946705,127.071003,2026-04-01 13:33:17,동물_가축사육업.csv
익산시,한얼팜스,돼지,"전북특별자치도 익산시 낭산면 상지원길 **-**, **-**, **",,36.045943,126.97732,2021-09-26 17:04:37,동물_가축사육업.csv
익산시,씨알농장,돼지,전북특별자치도 익산시 황등면 용산로 **-**,,36.031722,126.944565,2024-12-17 11:48:25,동물_가축사육업.csv
익산시,학호(강신천)농장,돼지,전북특별자치도 익산시 왕궁면 학호*길 **,,35.927389,127.073529,2022-01-07 20:41:06,동물_가축사육업.csv
익산시,참된농장,돼지,전북특별자치도 익산시 왕궁면 온수리 ***,,35.926264,127.075317,2014-07-04 17:43:56,동물_가축사육업.csv
익산시,금실(Farm)제1농장,돼지,"전북특별자치도 익산시 낭산면 상지원길 **-**, , 상지원*길 *",,36.044151,126.976078,2024-12-17 13:56:11,동물_가축사육업.csv
익산시,세은 2농장,돼지,전북특별자치도 익산시 성당면 동대기길 **,,36.062644,126.93775,2020-10-26 11:48:46,동물_가축사육업.csv
익산시,순남농장,돼지,전북특별자치도 익산시 낭산면 상지원길 **-**,,36.044615,126.976416,2013-12-31 09:39:52,동물_가축사육업.csv
익산시,서형대 농장,돼지,전북특별자치도 익산시 망성면 선리길 **,,36.131158,127.044051,2005-10-31 13:11:20,동물_가축사육업.csv
익산시,상지원(남재순)농장,돼지,전북특별자치도 익산시 함열읍 흘산리 ***,,36.065223,126.976437,2005-10-04 11:44:33,동물_가축사육업.csv
익산시,김정우 농장,돼지,전북특별자치도 익산시 망성면 화산길 **,,36.134432,127.001624,2005-10-31 11:18:04,동물_가축사육업.csv
익산시,학호(임병득)농장,돼지,전북특별자치도 익산시 왕궁면 학호길 **,,35.9243,127.072978,2005-09-30 15:41:13,동물_가축사육업.csv
익산시,마한농장,돼지,전북특별자치도 익산시 왕궁면 남촌길 **,,35.929909,127.084694,2022-01-24 15:10:14,동물_가축사육업.csv
익산시,최종명 농장,돼지,전북특별자치도 익산시 왕궁면 흥암*길 ** (외 *),,35.965091,127.083314,2005-11-04 12:53:45,동물_가축사육업.csv
익산시,익산농장(전광순),돼지,전북특별자치도 익산시 왕궁면 온수리 산 ***-***,,35.918822,127.027008,2007-08-22 18:32:32,동물_가축사육업.csv
익산시,농업회사법인 (주)베리굿팜,돼지,전북특별자치도 익산시 웅포면 강변로 ***,,36.12724,126.911542,2024-01-05 08:54:48,동물_가축사육업.csv
익산시,세은 1농장,돼지,전북특별자치도 익산시 성당면 동대기길 **-**,,36.063383,126.935991,2018-01-03 19:17:48,동물_가축사육업.csv
익산시,배정욱 농장,돼지,전북특별자치도 익산시 왕궁면 거목길 **,,35.955061,127.091461,2005-12-26 17:55:43,동물_가축사육업.csv
익산시,이레농장,돼지,전북특별자치도 익산시 낭산면 상지원길 **-**,,36.044875,126.977116,2021-01-24 18:16:26,동물_가축사육업.csv
익산시,용안 농장,돼지,전북특별자치도 익산시 용안면 덕용연동길 **-**,,36.115355,126.944194,2024-02-05 17:15:21,동물_가축사육업.csv
정읍시,감곡푸른농장,돼지,전북특별자치도 정읍시 감곡면 오공*길 **,,35.720641,126.915029,2024-03-18 09:24:00,동물_가축사육업.csv
정읍시,감곡축산(1농장),돼지,전북특별자치도 정읍시 감곡면 석정*길 **,,35.701431,126.965106,2020-11-05 09:01:02,동물_가축사육업.csv
정읍시,희망농장,돼지,전북특별자치도 정읍시 이평면 궁동길 ***-**,,35.681376,126.798631,2023-05-09 13:37:44,동물_가축사육업.csv
정읍시,광진농장,돼지,전북특별자치도 정읍시 영원면 영원로 ****-**,,35.663348,126.792146,2019-01-08 18:06:17,동물_가축사육업.csv
정읍시,단풍미인포크영농조합법인,돼지,전북특별자치도 정읍시 옹동면 매당*길 **-**,,35.641848,126.962071,2019-04-17 09:32:04,동물_가축사육업.csv
정읍시,에이스농장,돼지,전북특별자치도 정읍시 감곡면 석점*길 **,,35.70739,126.928826,2025-06-11 16:00:48,동물_가축사육업.csv
정읍시,홍촌농장,돼지,전북특별자치도 정읍시 태인면 원낙양*길 ** (원낙양*길 **),,35.672197,126.921608,2017-09-15 14:19:30,동물_가축사육업.csv
정읍시,한성농장,돼지,전북특별자치도 정읍시 감곡면 감곡진산*길 **,,35.696218,126.924572,2025-12-21 07:51:17,동물_가축사육업.csv
정읍시,원농장,돼지,전북특별자치도 정읍시 신태인읍 육리 **-* 외 *필지,,35.714239,126.865766,2025-07-17 16:30:44,동물_가축사육업.csv
정읍시,꿈나무농장,돼지,전북특별자치도 정읍시 이평면 창동주산길 **-**,,35.667818,126.802053,2019-11-20 14:28:44,동물_가축사육업.csv
정읍시,새만금영농조합법인,돼지,전북특별자치도 정읍시 옹동면 오성리 ***-* 외 *필지,,35.654683,126.987256,2023-03-20 17:27:07,동물_가축사육업.csv
정읍시,은기농장,돼지,전북특별자치도 정읍시 산외면 빗재로 ***,,35.621122,127.019817,2023-01-30 11:38:29,동물_가축사육업.csv
정읍시,모래틈농장,돼지,"전북특별자치도 정읍시 칠보면 암축길 **, 모래틈농장",,35.606184,126.952014,2024-07-05 16:48:01,동물_가축사육업.csv
정읍시,오케이농장,돼지,전북특별자치도 정읍시 북면 월천*길 ***,,35.612177,126.926078,2024-04-17 09:12:57,동물_가축사육업.csv
정읍시,대운축산영농조합2,돼지,전북특별자치도 정읍시 감곡면 봉황로 ***,,35.720051,126.968774,2021-08-12 17:54:07,동물_가축사육업.csv
정읍시,대운축산영농조합1,돼지,전북특별자치도 정읍시 감곡면 감곡동서로 ***-** (방교리****-*외*필지),,35.725583,126.91403,2021-08-12 17:45:24,동물_가축사육업.csv
정읍시,풍월농장,돼지,전북특별자치도 정읍시 영원면 풍월리 ***-** 외 *필지,,35.642374,126.752558,2024-05-09 14:40:57,동물_가축사육업.csv
정읍시,도원농장,돼지,전북특별자치도 정읍시 소성면 입고로 ***,,35.578706,126.773168,2021-09-29 16:10:32,동물_가축사육업.csv
정읍시,대덕농장2,돼지,전북특별자치도 정읍시 정우면 산대길 ***-**,,35.665155,126.89803,2018-03-26 13:10:58,동물_가축사육업.csv
정읍시,경희농장,돼지,전북특별자치도 정읍시 태인면 강삼*길 ***-**,,35.671533,126.912681,2018-05-09 13:34:02,동물_가축사육업.csv
정읍시,원영농장,돼지,"전북특별자치도 정읍시 정우면 강삼*길 ***-**, 대사리***-**외 *필지, ***-**",,35.674066,126.908509,2020-06-09 09:58:57,동물_가축사육업.csv
정읍시,성화농장,돼지,"전북특별자치도 정읍시 이평면 궁동길 ***, 성화농장",,35.682204,126.800472,2019-04-23 14:42:11,동물_가축사육업.csv
정읍시,에스비팜정읍영농조합법인,돼지,"전북특별자치도 정읍시 덕천면 천월길 ***, 달천리 ***-*,****, ***-**외 *필지",,35.645446,126.848959,2026-01-27 17:42:58,동물_가축사육업.csv
정읍시,산적농장,돼지,전북특별자치도 정읍시 칠보면 반곡리 ***-*,,35.561214,126.96557,2016-10-15 14:08:07,동물_가축사육업.csv
정읍시,기원농장,돼지,전북특별자치도 정읍시 태인면 석지로 ****-*,,35.671971,126.923599,2015-07-22 17:00:47,동물_가축사육업.csv
정읍시,하늘농장,돼지,전북특별자치도 정읍시 산외면 상두*길 ***,,35.659167,127.069891,2018-11-21 10:08:14,동물_가축사육업.csv
정읍시,대명농장,돼지,전북특별자치도 정읍시 신태인읍 감곡로 ***-**,,35.698143,126.901928,2015-07-24 10:18:47,동물_가축사육업.csv
정읍시,덕천농장,돼지,전북특별자치도 정읍시 덕천면 천월길 ***-**,,35.645521,126.851054,2020-01-15 11:16:45,동물_가축사육업.csv
정읍시,하나농장,돼지,전북특별자치도 정읍시 태인면 북태길 ***-*,,35.631889,126.927342,2025-02-01 14:34:44,동물_가축사육업.csv
정읍시,평화농장2,돼지,전북특별자치도 정읍시 이평면 궁동길 ***-**,,35.682028,126.798639,2022-11-30 15:51:30,동물_가축사육업.csv
정읍시,정원2농장,돼지,전북특별자치도 정읍시 감곡면 녹동*길 **,,35.704197,126.976516,2015-12-31 11:19:28,동물_가축사육업.csv
정읍시,재원농장,돼지,전북특별자치도 정읍시 태인면 강삼*길 ***-**,,35.675705,126.906952,2025-06-09 16:35:58,동물_가축사육업.csv
정읍시,감곡축산(2농장),돼지,전북특별자치도 정읍시 감곡면 오주길 ***-**,,35.713739,126.91094,2025-08-21 10:13:21,동물_가축사육업.csv
정읍시,정우농장,돼지,전북특별자치도 정읍시 정우면 산대길 **-**,,35.662126,126.894518,2021-10-25 16:55:05,동물_가축사육업.csv
정읍시,선학농장,돼지,전북특별자치도 정읍시 태인면 왕림길 **,,35.661115,126.934849,2023-08-14 17:25:18,동물_가축사육업.csv
정읍시,정조농장,돼지,전북특별자치도 정읍시 북면 태곡리 ***-*,,35.598814,126.909779,2015-11-17 17:03:31,동물_가축사육업.csv
정읍시,럭키농장,돼지,전북특별자치도 정읍시 옹동면 두립길 ***,,35.652236,126.985437,2018-09-18 09:02:06,동물_가축사육업.csv
정읍시,영농조합법인 거성축산,돼지,전북특별자치도 정읍시 조월길 *** (진산동),,35.529462,126.833225,2026-02-18 13:57:16,동물_가축사육업.csv
정읍시,미성농장,돼지,전북특별자치도 정읍시 구다리길 **-** (망제동),,35.596642,126.832838,2021-09-29 16:00:45,동물_가축사육업.csv
정읍시,스무드림,돼지,전북특별자치도 정읍시 태인면 왕림길 **,,35.661655,126.939257,2023-08-28 10:10:13,동물_가축사육업.csv
정읍시,보민영농조합법인,돼지,"전북특별자치도 정읍시 감곡면 방교리 ****-* 방교리 ****-*외 *필지, ****-*외 *필지, ****-*외 *필지, ****-*외 *필지",,35.733526,126.92068,2020-06-30 09:58:54,동물_가축사육업.csv
정읍시,행복농장,돼지,전북특별자치도 정읍시 영파길 *** (영파동),,35.615566,126.855935,2018-02-14 10:14:49,동물_가축사육업.csv
정읍시,가경농장,돼지,"전북특별자치도 정읍시 감곡면 진흥리 산 ***-* ,산***-*, **-*",,35.693323,126.937144,2021-04-02 16:20:36,동물_가축사육업.csv
정읍시,장재농장,돼지,전북특별자치도 정읍시 태인면 장재길 *-**,,35.601828,126.947099,2020-03-23 09:13:38,동물_가축사육업.csv
정읍시,농업회사법인 주식회사 유한피그,돼지,"전북특별자치도 정읍시 북면 축현길 **-*, 유한농장",,35.599566,126.938058,2026-03-05 09:21:40,동물_가축사육업.csv
정읍시,우리손 정읍농장,돼지,전북특별자치도 정읍시 감곡면 감곡동서로 ***-**,,35.726993,126.915321,2021-12-01 13:44:55,동물_가축사육업.csv
정읍시,동학영농조합법인,돼지,전북특별자치도 정읍시 덕천면 상학리 **** 외 *필지,,35.625616,126.817991,2020-01-20 10:35:09,동물_가축사육업.csv
정읍시,지성영농조합법인,돼지,전북특별자치도 정읍시 구다리길 **-*** (망제동),,35.597479,126.830827,2026-05-07 13:02:34,동물_가축사육업.csv
정읍시,녹동농장,돼지,"전북특별자치도 정읍시 감곡면 통석길 ***-**, 통석리 ***외 *필지, ***-*외 *필지",,35.704127,126.976853,2020-04-07 14:07:49,동물_가축사육업.csv
정읍시,신성농장,돼지,전북특별자치도 정읍시 소성면 대성길 **-**,,35.552459,126.78815,2021-06-03 10:34:17,동물_가축사육업.csv
정읍시,대덕농장,돼지,전북특별자치도 정읍시 덕천면 대덕길 **-*,,35.623698,126.820505,2025-12-20 09:19:41,동물_가축사육업.csv
정읍시,우리손 감곡농장,돼지,전북특별자치도 정읍시 감곡면 통석길 ***-**,,35.696827,126.973249,2018-06-28 18:28:03,동물_가축사육업.csv
정읍시,배들농장2,돼지,전북특별자치도 정읍시 덕천면 황토현로 ***-**,,35.629008,126.845129,2023-07-12 13:40:29,동물_가축사육업.csv
정읍시,거성농장,돼지,전북특별자치도 정읍시 정우면 수산길 **,,35.660049,126.87759,2018-07-06 10:01:29,동물_가축사육업.csv
정읍시,태성농장,돼지,전북특별자치도 정읍시 소성상평로 ***-** (상평동),,35.565394,126.82355,2016-09-12 15:32:23,동물_가축사육업.csv
정읍시,영심농장,돼지,전북특별자치도 정읍시 고부면 백운리 *** 외 *필지,,35.577575,126.733829,2022-06-22 17:40:23,동물_가축사육업.csv
정읍시,범일농장,돼지,전북특별자치도 정읍시 옹동면 용호리 ***,,35.679188,126.986426,2017-10-12 14:14:02,동물_가축사육업.csv
정읍시,드림농장,돼지,"전북특별자치도 정읍시 소성면 춘수*길 **-**, 드림농장",,35.563525,126.778713,2022-11-04 10:11:54,동물_가축사육업.csv
정읍시,덕천2농장,돼지,전북특별자치도 정읍시 덕천면 천월길 ***,,35.645626,126.850265,2018-05-14 09:10:32,동물_가축사육업.csv
정읍시,서안농장,돼지,전북특별자치도 정읍시 정우면 산대길 ***-**,,35.665463,126.899235,2017-10-13 09:31:03,동물_가축사육업.csv
정읍시,동문농장,돼지,전북특별자치도 정읍시 소성면 반월*길 **,,35.567947,126.806483,2018-06-27 19:05:26,동물_가축사육업.csv
정읍시,(주)해성,돼지,전북특별자치도 정읍시 소성면 연천*길 **,,35.588407,126.756916,2026-06-01 16:03:20,동물_가축사육업.csv
정읍시,일호농장,돼지,전북특별자치도 정읍시 태인면 북태길 ***,,35.633038,126.924775,2025-07-10 15:39:51,동물_가축사육업.csv
정읍시,골든팜옹동,돼지,전북특별자치도 정읍시 옹동면 오성리 ***,,35.652212,126.985927,2024-01-11 10:20:18,동물_가축사육업.csv
정읍시,대동농장,돼지,전북특별자치도 정읍시 태인면 태흥리 ***-*,,35.663747,126.953731,2022-05-18 14:36:48,동물_가축사육업.csv
정읍시,중앙농장,돼지,"전북특별자치도 정읍시 북면 용북길 **-**, 농장",,35.579701,126.879804,2018-05-14 09:16:50,동물_가축사육업.csv
정읍시,태인팜,돼지,전북특별자치도 정읍시 태인면 구사*길 **-**,,35.679552,126.897863,2026-06-17 11:09:26,동물_가축사육업.csv
정읍시,농업회사법인(주)행복한농장,돼지,전북특별자치도 정읍시 감곡면 백산감산로 ***-**,,35.708193,126.956731,2018-07-23 13:28:20,동물_가축사육업.csv
정읍시,대원농장,돼지,전북특별자치도 정읍시 옹동면 매정리 **** 외 *필지,,35.646868,126.953423,2015-09-23 17:17:34,동물_가축사육업.csv
정읍시,덕천1농장,돼지,전북특별자치도 정읍시 덕천면 달천리 ***-*,,35.629101,126.853895,2015-07-24 09:50:29,동물_가축사육업.csv
정읍시,무럭이농장 (정읍),돼지,전북특별자치도 정읍시 북면 칠북로 ***-**,,35.603334,126.933641,2015-06-01 13:30:03,동물_가축사육업.csv
정읍시,신성제2농장,돼지,전북특별자치도 정읍시 소성면 대성길 **-**,,35.552449,126.789298,2024-10-22 13:30:28,동물_가축사육업.csv
정읍시,태산농장,돼지,"전북특별자치도 정읍시 태인면 태흥리 *** 외 *필지(***,***)",,35.657307,126.954943,2023-10-04 08:40:08,동물_가축사육업.csv
정읍시,으뜸2농장,돼지,전북특별자치도 정읍시 감곡면 백산감산로 ***,,35.710317,126.978256,2017-07-25 15:27:03,동물_가축사육업.csv
정읍시,태성농장,돼지,"전북특별자치도 정읍시 이평면 장내리 ***-* ***-* 외 *필지, ***-* 외 *필지",,35.672724,126.821302,2020-03-25 10:23:16,동물_가축사육업.csv
정읍시,분동농장,돼지,전북특별자치도 정읍시 태인면 북태길 ***,,35.633959,126.923424,2025-01-03 17:41:03,동물_가축사육업.csv
정읍시,우리농장,돼지,전북특별자치도 정읍시 옹동면 매당*길 **-**,,35.641775,126.963135,2019-04-17 09:28:37,동물_가축사육업.csv
정읍시,유주농장,돼지,전북특별자치도 정읍시 감곡면 통석길 ***-**,,35.69935,126.975325,2025-08-29 17:15:51,동물_가축사육업.csv
정읍시,농업회사법인 (유)디딤돌,돼지,"전북특별자치도 정읍시 칠보면 암축길 **, 모래틈농장",,35.606468,126.952671,2024-07-05 18:16:47,동물_가축사육업.csv
정읍시,동학영농조합법인,돼지,전북특별자치도 정읍시 덕천면 동학로 ***-**,,35.623538,126.819028,2020-01-15 11:46:00,동물_가축사육업.csv
정읍시,이뮨포크 고부,돼지,전북특별자치도 정읍시 고부면 영원로 ***,,35.597913,126.780263,2018-05-21 11:27:36,동물_가축사육업.csv
정읍시,삼성농장 (2),돼지,"전북특별자치도 정읍시 이평면 청량리 ***-* ,***-*, ***-*, ***-*",,35.680707,126.799775,2021-02-08 12:08:06,동물_가축사육업.csv
정읍시,상록농장,돼지,전북특별자치도 정읍시 덕천면 천월길 ***-**,,35.645569,126.851956,2015-07-19 16:28:25,동물_가축사육업.csv
정읍시,정원농장,돼지,전북특별자치도 정읍시 감곡면 녹동*길 **,,35.704919,126.975988,2025-12-15 10:29:48,동물_가축사육업.csv
정읍시,명화농장,돼지,전북특별자치도 정읍시 이평면 궁동길 ***-**,,35.681678,126.799286,2021-09-10 13:08:39,동물_가축사육업.csv
정읍시,우리농장,돼지,"전북특별자치도 정읍시 이평면 팔선리 *** 외 *필지(***,***,***-*,***-*,***-*)",,35.66712,126.847329,2023-12-14 15:55:36,동물_가축사육업.csv
정읍시,푸른농장,돼지,전북특별자치도 정읍시 태인면 북태길 ***,,35.616752,126.93198,2022-07-21 14:14:04,동물_가축사육업.csv
정읍시,덕두팜,돼지,전북특별자치도 정읍시 태인면 태인남길 ***-**,,35.61944,126.946207,2025-01-03 17:36:52,동물_가축사육업.csv
정읍시,GM축산,돼지,전북특별자치도 정읍시 옹동면 성칠*길 ***-**,,35.653913,126.961697,2019-08-16 09:12:41,동물_가축사육업.csv
정읍시,도드람양돈서비스,돼지,전북특별자치도 정읍시 영원면 영원로 ***-**,,35.640311,126.778599,2024-09-10 13:07:27,동물_가축사육업.csv
정읍시,태산농장,돼지,전북특별자치도 정읍시 옹동면 상산*길 **-**,,35.66524,126.990187,2026-07-30 10:31:00,동물_가축사육업.csv
정읍시,수룡농장,돼지,전북특별자치도 정읍시 덕천면 천월길 **-**,,35.648638,126.854341,2019-07-01 14:59:54,동물_가축사육업.csv
정읍시,진농장,돼지,전북특별자치도 정읍시 덕천면 중하*길 **-**,,35.625444,126.801935,2026-03-25 14:03:00,동물_가축사육업.csv
정읍시,선은농장,돼지,전북특별자치도 정읍시 덕천면 천월길 ***,,35.645446,126.848959,2020-01-15 11:26:38,동물_가축사육업.csv
정읍시,장미농장,돼지,전북특별자치도 정읍시 감곡면 진흥리 ***-*,,35.693406,126.934624,2023-01-26 08:34:11,동물_가축사육업.csv
정읍시,대덕농장1,돼지,전북특별자치도 정읍시 정우면 산대길 ***-**,,35.664627,126.897997,2018-03-26 13:21:15,동물_가축사육업.csv
정읍시,구현농장,돼지,전북특별자치도 정읍시 덕천면 황토현로 ***-**,,35.617231,126.847722,2021-01-08 17:26:26,동물_가축사육업.csv
정읍시,해동농장,돼지,전북특별자치도 정읍시 고부면 백운리 ***,,35.576819,126.733846,2022-06-22 17:45:06,동물_가축사육업.csv
정읍시,평화농장(2),돼지,전북특별자치도 정읍시 이평면 청량리 ***-** 외 *(***-**),,35.682377,126.799269,2021-09-10 13:22:38,동물_가축사육업.csv
정읍시,동학영농조합법인1,돼지,전북특별자치도 정읍시 덕천면 대덕길 **-*,,35.624552,126.819397,2022-01-24 14:55:19,동물_가축사육업.csv
정읍시,구면농장,돼지,전북특별자치도 정읍시 입암면 면접길 ***-**,,35.514448,126.815918,2015-07-24 09:06:52,동물_가축사육업.csv
정읍시,삼부자농장,돼지,전북특별자치도 정읍시 감곡면 화삼길 **-**,,35.719415,126.944099,2015-02-02 13:14:56,동물_가축사육업.csv
정읍시,고천농장,돼지,전북특별자치도 정읍시 태인면 원고천길 **-**,,35.668385,126.945963,2024-04-08 15:06:24,동물_가축사육업.csv
정읍시,해오름농장,돼지,전북특별자치도 정읍시 옹동면 두립길 ***,,35.652386,126.98356,2021-08-30 10:05:35,동물_가축사육업.csv
정읍시,둘이농장,돼지,전북특별자치도 정읍시 옹동면 용이길 **-**,,35.671396,126.990232,2019-03-28 15:17:35,동물_가축사육업.csv
정읍시,감곡농장,돼지,전북특별자치도 정읍시 감곡면 흥방길 ***,,35.718827,126.915597,2019-06-18 10:17:42,동물_가축사육업.csv
정읍시,대성농장,돼지,전북특별자치도 정읍시 감곡면 승방리 ** 외 *필지,,35.720994,126.897032,2023-08-28 08:18:55,동물_가축사육업.csv
정읍시,하준농장,돼지,전북특별자치도 정읍시 덕천면 동학로 ***,,35.624188,126.81,2026-05-11 15:35:44,동물_가축사육업.csv
정읍시,밝은농장,돼지,전북특별자치도 정읍시 태인면 북태길 ***,,35.632809,126.923543,2018-05-25 11:27:34,동물_가축사육업.csv
정읍시,드림농장,돼지,전북특별자치도 정읍시 입암면 지선리 ***-*,,35.522229,126.793015,2015-07-19 11:38:14,동물_가축사육업.csv
정읍시,우리손 정읍농장,돼지,전북특별자치도 정읍시 감곡면 오주길 ***-**,,35.720575,126.901699,2020-12-11 15:46:44,동물_가축사육업.csv
정읍시,낙양농장,돼지,전북특별자치도 정읍시 태인면 석지로 ****-**,,35.670575,126.926039,2026-06-17 10:50:26,동물_가축사육업.csv
정읍시,두술농장,돼지,전북특별자치도 정읍시 덕천면 천월길 ***-* (달천리***-*),,35.645238,126.850423,2016-10-19 16:26:33,동물_가축사육업.csv
정읍시,거성농장,돼지,전북특별자치도 정읍시 입암면 입고로 ***-*,,35.522026,126.794297,2023-05-26 14:24:49,동물_가축사육업.csv
정읍시,피그월드,돼지,전북특별자치도 정읍시 이평면 오산*길 **,,35.661473,126.844938,2026-03-09 17:08:04,동물_가축사육업.csv
정읍시,조아농장,돼지,전북특별자치도 정읍시 감곡면 계룡리 ***-*,,35.710352,126.977756,2024-06-13 09:53:26,동물_가축사육업.csv
정읍시,형제농장,돼지,전북특별자치도 정읍시 이평면 궁동길 ***-**,,35.682781,126.799016,2026-02-13 09:02:13,동물_가축사육업.csv
정읍시,부자농장(정읍),돼지,"전북특별자치도 정읍시 옹동면 칠석리 *** 외 *필지, ***, ***",,35.645434,126.981092,2015-09-23 17:26:20,동물_가축사육업.csv
정읍시,춘원농장,돼지,전북특별자치도 정읍시 이평면 궁동길 ***-**,,35.683199,126.798903,2019-08-16 08:57:06,동물_가축사육업.csv
정읍시,선은농장(1),돼지,전북특별자치도 정읍시 덕천면 천월길 *** (달천리 ***),,35.644597,126.849294,2020-07-23 11:02:55,동물_가축사육업.csv
정읍시,종남농장,돼지,"전북특별자치도 정읍시 칠보면 백암리 ***-* ,***, ***-*, ***-*, ****-**, ****-**",,35.606879,126.958225,2020-12-14 08:55:57,동물_가축사육업.csv
정읍시,오금농장,돼지,전북특별자치도 정읍시 이평면 오산*길 **-*,,35.664044,126.849606,2015-08-20 11:49:13,동물_가축사육업.csv
정읍시,수농장,돼지,전북특별자치도 정읍시 신태인읍 양괴*길 **,,35.703278,126.867834,2026-03-26 14:50:22,동물_가축사육업.csv
정읍시,이현농장,돼지,전북특별자치도 정읍시 태인면 장재길 *-**,,35.605437,126.946852,2020-08-07 11:45:48,동물_가축사육업.csv
정읍시,덕천농장,돼지,전북특별자치도 정읍시 덕천면 달천리 ***,,35.645188,126.848678,2017-08-02 15:09:19,동물_가축사육업.csv
정읍시,우리손에프앤지농업회사법인주식회사,돼지,전북특별자치도 정읍시 감곡면 흥방길 ***-**,,35.722029,126.911761,2025-11-11 11:20:47,동물_가축사육업.csv
정읍시,배들농장,돼지,전북특별자치도 정읍시 이평면 황토현로 **,,35.682573,126.832668,2015-07-26 14:48:20,동물_가축사육업.csv
정읍시,영농조합법인 거성축산,돼지,전북특별자치도 정읍시 조월길 *** (진산동),,35.529306,126.832823,2025-12-20 09:18:21,동물_가축사육업.csv
남원시,소망농장,돼지,전북특별자치도 남원시 수지면 산정유암길 ***-**,,35.321907,127.376757,2019-11-06 08:05:37,동물_가축사육업.csv
남원시,남원농장,돼지,전북특별자치도 남원시 운봉읍 황산로 ***-**,,35.441073,127.506112,2020-02-24 17:13:21,동물_가축사육업.csv
남원시,제이농장,돼지,"전북특별자치도 남원시 사매면 혼불로 ***, 제이농장",,35.485577,127.330105,2022-06-07 20:37:49,동물_가축사육업.csv
남원시,이오농장,돼지,전북특별자치도 남원시 사매면 혼불로 ***,,35.486914,127.329969,2014-01-22 10:26:36,동물_가축사육업.csv
남원시,늘푸른농장,돼지,전북특별자치도 남원시 아영면 봉화산로 ***-**,,35.527862,127.572986,2025-02-21 10:33:49,동물_가축사육업.csv
남원시,예성농장,돼지,전북특별자치도 남원시 보성길 **-** (내척동),,35.439844,127.358257,2017-09-26 18:26:50,동물_가축사육업.csv
남원시,대박농장,돼지,전북특별자치도 남원시 인월면 덕실길 **-**,,35.478653,127.607406,2014-07-15 16:34:02,동물_가축사육업.csv
남원시,고센농장,돼지,전북특별자치도 남원시 인월면 장평길 **-**,,35.464817,127.630607,2025-02-20 11:21:04,동물_가축사육업.csv
남원시,동그라미농장,돼지,전북특별자치도 남원시 덕과면 배산길 **-**,,35.545248,127.339359,2016-03-21 16:55:50,동물_가축사육업.csv
남원시,연산농장,돼지,전북특별자치도 남원시 송동면 노송로 ***-**,,35.328824,127.318677,2021-02-09 11:33:48,동물_가축사육업.csv
남원시,강쇠네흑돼지 농장,돼지,전북특별자치도 남원시 아영면 서정윗길 **,,35.531072,127.608952,2016-03-03 13:16:28,동물_가축사육업.csv
남원시,선일락농장,돼지,"전북특별자치도 남원시 송동면 장국리 ** ,**,****-*,**-*,**-*",,35.368666,127.368193,2026-08-03 22:59:57,동물_가축사육업.csv
남원시,형제농장,돼지,전북특별자치도 남원시 아영면 서정윗길 **,,35.531725,127.609239,2020-02-20 13:58:46,동물_가축사육업.csv
남원시,태형농장,돼지,전북특별자치도 남원시 아영면 서정윗길 **,,35.532392,127.608834,2020-02-20 14:14:24,동물_가축사육업.csv
남원시,우리들세상,돼지,전북특별자치도 남원시 덕과면 배산길 **-**,,35.546254,127.34174,2015-10-13 11:16:50,동물_가축사육업.csv
남원시,실상농장,돼지,전북특별자치도 남원시 산내면 백일길 **,,35.418471,127.641968,2024-02-13 13:57:34,동물_가축사육업.csv
남원시,소망농장,돼지,전북특별자치도 남원시 보성안길 ** (내척동),,35.440514,127.359827,2016-10-20 10:32:53,동물_가축사육업.csv
남원시,사석농장,돼지,전북특별자치도 남원시 대강면 사석리 **** 외 *필지(****-*),,35.362483,127.211838,2025-01-06 18:07:07,동물_가축사육업.csv
남원시,대박 제2농장,돼지,전북특별자치도 남원시 인월면 지산길 ***,,35.487105,127.627619,2023-02-24 13:13:18,동물_가축사육업.csv
남원시,성현농장,돼지,전북특별자치도 남원시 송동면 송동오촌길 **-***,,35.372858,127.374869,2023-09-27 10:59:35,동물_가축사육업.csv
남원시,한성농장,돼지,전북특별자치도 남원시 아영면 봉화산로 ***,,35.522662,127.576223,2014-02-07 16:46:15,동물_가축사육업.csv
남원시,삼원농장,돼지,전북특별자치도 남원시 수지면 물머리로 ***-**,,35.329471,127.360416,2020-08-03 16:02:36,동물_가축사육업.csv
남원시,두곡농장2,돼지,전북특별자치도 남원시 송동면 해대윗길 **-***,,35.360742,127.311585,2017-05-16 10:16:27,동물_가축사육업.csv
남원시,에벤에셀농장(2),돼지,전북특별자치도 남원시 금지면 상신아랫길 ***-*,,35.324411,127.308426,2022-09-08 13:30:44,동물_가축사육업.csv
남원시,선경농장,돼지,전북특별자치도 남원시 운봉읍 승전로 ***-**,,35.459736,127.537095,2020-11-04 13:20:20,동물_가축사육업.csv
남원시,세전농장,돼지,전북특별자치도 남원시 송동면 노송로 ***-**,,35.317955,127.315046,2014-04-11 17:14:57,동물_가축사육업.csv
남원시,인월수농장,돼지,전북특별자치도 남원시 인월면 지산길 ***,,35.488087,127.628723,2024-08-08 14:35:28,동물_가축사육업.csv
남원시,형제농장,돼지,전북특별자치도 남원시 인월면 유곡로 ***-**,,35.504885,127.620588,2024-02-14 10:50:46,동물_가축사육업.csv
남원시,세광농장,돼지,"전북특별자치도 남원시 대강면 섬진로 ****-**, 목장",,35.37752,127.240466,2022-07-12 09:49:14,동물_가축사육업.csv
남원시,대성농장,돼지,전북특별자치도 남원시 운봉읍 승전로 ***-**,,35.459188,127.538385,2025-01-31 16:44:33,동물_가축사육업.csv
남원시,시진농장,돼지,전북특별자치도 남원시 보절면 보산로 ***-**,,35.488073,127.412958,2020-02-24 17:18:29,동물_가축사육업.csv
남원시,해인농장,돼지,전북특별자치도 남원시 인월면 유곡로 **-***,,35.488304,127.615869,2024-07-09 09:25:00,동물_가축사육업.csv
남원시,홍화축산,돼지,전북특별자치도 남원시 금지면 금지순환길 ***,,35.350898,127.282935,2016-12-26 16:25:46,동물_가축사육업.csv
남원시,금동농장,돼지,전북특별자치도 남원시 산동면 요천상로 ***,,35.497665,127.501606,2017-11-30 16:30:45,동물_가축사육업.csv
남원시,육일제1농장,돼지,전북특별자치도 남원시 보성안길 ** (내척동),,35.440618,127.36065,2015-04-22 16:51:32,동물_가축사육업.csv
남원시,태성한돈,돼지,전북특별자치도 남원시 송동면 송내*길 **-**,,35.365772,127.355773,2021-03-19 13:36:51,동물_가축사육업.csv
남원시,태양농장,돼지,전북특별자치도 남원시 운봉읍 소석길 ***-**,,35.447237,127.558772,2015-04-16 17:18:19,동물_가축사육업.csv
남원시,청수농장,돼지,전북특별자치도 남원시 운봉읍 황산로 ***-**,,35.443515,127.508106,2015-11-09 14:44:48,동물_가축사육업.csv
남원시,안곡농장2,돼지,전북특별자치도 남원시 주천면 호기리 ***,,35.394948,127.435453,2020-04-13 11:03:33,동물_가축사육업.csv
남원시,긴등농장,돼지,전북특별자치도 남원시 송동면 송동오촌길 **-***,,35.369918,127.377271,2023-09-24 11:20:03,동물_가축사육업.csv
남원시,벧엘농장,돼지,전북특별자치도 남원시 보성길 **-** (내척동),,35.440317,127.358873,2021-09-16 11:09:15,동물_가축사육업.csv
남원시,성곤농장,돼지,전북특별자치도 남원시 인월면 덕실길 **,,35.478326,127.612808,2021-03-30 15:41:44,동물_가축사육업.csv
남원시,광치농장,돼지,"전북특별자치도 남원시 광치동 *-* , 사매면 대신리 ***-*",,35.464463,127.392817,2026-08-19 13:54:10,동물_가축사육업.csv
남원시,윤찬농장,돼지,전북특별자치도 남원시 인월면 덕실길 ** (외 *필지),,35.476942,127.613802,2014-11-20 19:32:04,동물_가축사육업.csv
남원시,태성농장,돼지,전북특별자치도 남원시 덕과면 덕오로 ***-** (외*필지),,35.520717,127.345896,2018-02-11 20:45:45,동물_가축사육업.csv
남원시,청정흑돼지,돼지,전북특별자치도 남원시 대산면 대사로 ***-**,,35.438872,127.326689,2025-02-06 18:14:50,동물_가축사육업.csv
남원시,대율농장,돼지,전북특별자치도 남원시 사매면 춘향로 ***-**,,35.476447,127.362178,2022-08-25 09:32:21,동물_가축사육업.csv
남원시,농업회사법인 유한회사 송동,돼지,전북특별자치도 남원시 송동면 송내사촌길 ***,,35.353766,127.365828,2020-09-21 21:35:22,동물_가축사육업.csv
남원시,보성농장,돼지,전북특별자치도 남원시 보성안길 **-** (내척동),,35.439307,127.354624,2021-01-29 13:39:44,동물_가축사육업.csv
남원시,튼튼농장,돼지,전북특별자치도 남원시 운봉읍 산덕윗길 **,,35.417968,127.543304,2015-07-22 16:06:49,동물_가축사육업.csv
남원시,농업회사법인(주)금곡농장,돼지,전북특별자치도 남원시 이백면 응령길 ***-**,,35.421184,127.467095,2017-03-28 15:54:11,동물_가축사육업.csv
남원시,밀알농장,돼지,전북특별자치도 남원시 주생면 내동리 ***-*,,35.390597,127.278387,2019-10-29 09:42:27,동물_가축사육업.csv
남원시,진성팜,돼지,전북특별자치도 남원시 금지면 요천로 **-**,,35.311284,127.302287,2020-12-17 10:21:13,동물_가축사육업.csv
김제시,영수농장,돼지,전북특별자치도 김제시 용지면 신암길 ***-**,,35.83345,126.981896,2020-03-24 10:36:22,동물_가축사육업.csv
김제시,해피그영농조합법인,돼지,전북특별자치도 김제시 용지면 부교*길 ***,,35.827325,126.984796,2025-12-31 18:00:24,동물_가축사육업.csv
김제시,엠지축산,돼지,전북특별자치도 김제시 용지면 황토로 ***,,35.842352,126.963698,2025-11-25 10:16:31,동물_가축사육업.csv
김제시,석영농장,돼지,전북특별자치도 김제시 용지면 부교*길 ***-*,,35.82562,126.982231,2024-07-24 13:15:05,동물_가축사육업.csv
김제시,화성농장,돼지,전북특별자치도 김제시 순백로 ***(순동),,35.813177,126.930325,2022-04-19 15:36:02,동물_가축사육업.csv
김제시,하나농장2,돼지,전북특별자치도 김제시 공덕면 황상*길 ***-**,,35.86393,126.934342,2024-07-24 13:00:57,동물_가축사육업.csv
김제시,백제농장,돼지,전북특별자치도 김제시 공덕면 유강*길 ***-**,,35.865617,126.913603,2017-08-16 15:41:27,동물_가축사육업.csv
김제시,용궁농장,돼지,전북특별자치도 김제시 용지면 신암길 ***-**,,35.833075,126.982033,2025-04-21 22:04:03,동물_가축사육업.csv
김제시,환길농장,돼지,전북특별자치도 김제시 공덕면 황상*길 ***-**,,35.863081,126.931873,2018-07-02 11:29:52,동물_가축사육업.csv
김제시,농업회사법인 김제예촌농원 주식회사,돼지,전북특별자치도 김제시 용지면 신리길 ***-**,,35.854801,126.975734,2021-07-02 17:32:59,동물_가축사육업.csv
김제시,성실농장,돼지,전북특별자치도 김제시 금산면 구성*길 **,,35.746436,127.003745,2023-12-13 16:27:45,동물_가축사육업.csv
김제시,두리농장,돼지,전북특별자치도 김제시 용지면 신리*길 **,,35.841208,126.964756,2008-07-14 13:00:40,동물_가축사육업.csv
김제시,농업회사법인 유한회사 미소한돈,돼지,전북특별자치도 김제시 용지면 신암길 ***-*,,35.833918,126.981085,2019-02-19 19:33:26,동물_가축사육업.csv
김제시,새운2농장,돼지,전북특별자치도 김제시 공덕면 유강로 **-**,,35.866742,126.915871,2021-12-21 14:55:10,동물_가축사육업.csv
김제시,마서운농장,돼지,전북특별자치도 김제시 입석동 ***,,35.783972,126.875765,2005-05-24 13:34:39,동물_가축사육업.csv
김제시,청호농장,돼지,전북특별자치도 김제시 용지면 신암길 ***-** (외 *필지),,35.835487,126.980725,2017-10-30 10:22:42,동물_가축사육업.csv
김제시,형제축산,돼지,전북특별자치도 김제시 청하면 대청*길 **,,35.888186,126.856912,2018-04-11 13:17:27,동물_가축사육업.csv
김제시,청비영농조합법인,돼지,전북특별자치도 김제시 용지면 신리길 ***-**,,35.845287,126.966701,2025-01-16 14:16:37,동물_가축사육업.csv
김제시,우촌농장,돼지,전북특별자치도 김제시 용지면 신암길 ***,,35.831054,126.973992,2025-06-23 17:04:55,동물_가축사육업.csv
김제시,아멘농장,돼지,전북특별자치도 김제시 용지면 금백로 ***,,35.852785,126.990136,2019-04-25 14:57:31,동물_가축사육업.csv
김제시,임금농장,돼지,전북특별자치도 김제시 용지면 신암*길 ***,,35.835767,126.982753,2016-05-30 14:50:31,동물_가축사육업.csv
김제시,동영농장,돼지,전북특별자치도 김제시 백산면 상리 ***-*,,35.856446,126.931164,2005-05-18 15:39:10,동물_가축사육업.csv
김제시,경원농장,돼지,전북특별자치도 김제시 백산면 황상로 **,,35.853228,126.934404,2023-12-14 13:32:32,동물_가축사육업.csv
김제시,장호득농장,돼지,전북특별자치도 김제시 백산면 상리 ***,,35.848824,126.924468,2005-05-18 13:40:15,동물_가축사육업.csv
김제시,샛별농장,돼지,전북특별자치도 김제시 용지면 신암길 ***-*,,35.833386,126.980796,2020-03-24 09:37:39,동물_가축사육업.csv
김제시,백산농장,돼지,전북특별자치도 김제시 백산면 소음방로 ***-**,,35.853408,126.928649,2021-02-19 13:40:51,동물_가축사육업.csv
김제시,푸른들농장,돼지,전북특별자치도 김제시 봉남면 봉황로 ***-**,,35.726381,126.954325,2024-11-06 09:47:54,동물_가축사육업.csv
김제시,관호농장,돼지,전북특별자치도 김제시 공덕면 황상*길 ***-**,,35.861582,126.935033,2015-08-04 10:10:43,동물_가축사육업.csv
김제시,청호농장,돼지,전북특별자치도 김제시 용지면 신암길 ***-** (외*),,35.835206,126.979819,2017-07-13 15:04:04,동물_가축사육업.csv
김제시,신흥농장,돼지,전북특별자치도 김제시 금구면 광현*길 ***,,35.788418,127.01075,2018-01-17 16:52:44,동물_가축사육업.csv
김제시,송산농장,돼지,전북특별자치도 김제시 용지면 송산리 **-*,,35.860443,126.959336,2005-05-17 17:28:09,동물_가축사육업.csv
김제시,돈원농장,돼지,전북특별자치도 김제시 황산*길 **-** (황산동),,35.777198,126.928037,2019-08-09 15:32:54,동물_가축사육업.csv
김제시,샛별농장,돼지,전북특별자치도 김제시 용지면 용암리 **-** (**-**),,35.835932,126.98477,2020-03-27 08:40:43,동물_가축사육업.csv
김제시,힐링팜,돼지,전북특별자치도 김제시 용지면 반교*길 **,,35.833187,126.962572,2026-08-14 15:07:00,동물_가축사육업.csv
김제시,상서농장,돼지,전북특별자치도 김제시 백산면 상리 ***-*,,35.85363,126.933873,2005-05-18 15:43:01,동물_가축사육업.csv
김제시,여장부(2농장),돼지,전북특별자치도 김제시 백산면 소음방*길 **-**,,35.847193,126.927167,2021-08-02 14:43:22,동물_가축사육업.csv
김제시,석준농장,돼지,전북특별자치도 김제시 백산면 황상로 **-**,,35.854061,126.93039,2018-01-08 13:07:42,동물_가축사육업.csv
김제시,하빈농장,돼지,전북특별자치도 김제시 백산면 백산로 ***-**,,35.837407,126.887243,2023-09-13 14:50:36,동물_가축사육업.csv
김제시,농업회사법인대은유한회사,돼지,"전북특별자치도 김제시 용지면 진무길 **-** (,**외 *필지)",,35.859579,126.960994,2025-11-19 15:28:06,동물_가축사육업.csv
김제시,도담팜2(공덕),돼지,전북특별자치도 김제시 공덕면 과덕*길 ***-**,,35.881463,126.870823,2026-07-22 10:52:26,동물_가축사육업.csv
김제시,농업회사법인 유한회사 태흥축산 김제지점,돼지,전북특별자치도 김제시 용지면 신정길 ***,,35.853089,126.983773,2018-04-20 14:44:47,동물_가축사육업.csv
김제시,돌속농장,돼지,전북특별자치도 김제시 황산*길 **-** (황산동),,35.776195,126.929401,2017-07-06 15:28:14,동물_가축사육업.csv
김제시,부교농장,돼지,전북특별자치도 김제시 용지면 부교*길 **-*,,35.820751,126.976385,2024-10-24 10:57:08,동물_가축사육업.csv
김제시,정우농장1,돼지,전북특별자치도 김제시 용지면 신암*길 **,,35.836394,126.980235,2018-11-14 10:34:33,동물_가축사육업.csv
김제시,드림농장,돼지,전북특별자치도 김제시 용지면 신암*길 ***,,35.835024,126.983088,2021-06-23 11:25:54,동물_가축사육업.csv
김제시,정말농장,돼지,전북특별자치도 김제시 공덕면 제말*길 **-** (외*필지),,35.893242,126.881271,2016-03-24 10:24:30,동물_가축사육업.csv
김제시,한솔농장,돼지,전북특별자치도 김제시 황산면 황산로 ***,,35.76792,126.955141,2022-02-22 14:52:20,동물_가축사육업.csv
김제시,준영농장,돼지,전북특별자치도 김제시 공덕면 유강*길 ***-**,,35.864913,126.913415,2025-07-03 09:30:23,동물_가축사육업.csv
김제시,반석농장,돼지,전북특별자치도 김제시 용지면 황토로 ***,,35.843539,126.959893,2021-10-29 21:13:06,동물_가축사육업.csv
김제시,용산농장,돼지,전북특별자치도 김제시 금산면 용산*길 **-**,,35.754472,126.996079,2019-06-26 10:32:08,동물_가축사육업.csv
김제시,아미농장,돼지,전북특별자치도 김제시 벽골제로 ***-**(입석동),,35.78045,126.869316,2026-06-11 10:50:14,동물_가축사육업.csv
김제시,천일농장,돼지,전북특별자치도 김제시 금구면 낙산로 ***,,35.800809,127.017043,2021-07-13 13:58:17,동물_가축사육업.csv
김제시,형제농장,돼지,전북특별자치도 김제시 용지면 신정길 ***-*,,35.853394,126.987642,2019-02-07 17:34:19,동물_가축사육업.csv
김제시,형제농장,돼지,전북특별자치도 김제시 용지면 송삼길 ***-**,,35.835421,127.000043,2016-01-10 17:18:43,동물_가축사육업.csv
김제시,양원농장,돼지,전북특별자치도 김제시 금구면 양시로 **-**,,35.759442,127.00693,2021-12-22 09:29:05,동물_가축사육업.csv
김제시,장산농장,돼지,전북특별자치도 김제시 만경읍 능제*길 ***-**,,35.861808,126.832707,2018-04-18 14:57:59,동물_가축사육업.csv
김제시,에덴농장,돼지,전북특별자치도 김제시 백산면 소음방로 **-***,,35.854672,126.918656,2021-02-08 11:04:27,동물_가축사육업.csv
김제시,함순례농장,돼지,전북특별자치도 김제시 입석*길 * (입석동),,35.78414,126.871429,2005-05-18 09:21:25,동물_가축사육업.csv
김제시,정축산,돼지,전북특별자치도 김제시 용지면 금백로 ***-**,,35.852066,126.98996,2021-08-17 13:17:22,동물_가축사육업.csv
김제시,영생농장,돼지,전북특별자치도 김제시 용지면 신암*길 **,,35.837139,126.985189,2017-07-21 20:35:35,동물_가축사육업.csv
김제시,푸른농장,돼지,전북특별자치도 김제시 봉남로 *** (황산동),,35.777065,126.927339,2022-07-25 21:04:45,동물_가축사육업.csv
김제시,청운농장,돼지,"전북특별자치도 김제시 백산면 조종리 ***-* ***-*, ***-*, ***-*, ***, ***-*, ***-*, ***-*, ***, ***-*, * **, ***-*, ***-*동",,35.866474,126.879394,2018-01-16 00:10:32,동물_가축사육업.csv
김제시,디딤돌농장,돼지,전북특별자치도 김제시 용지면 용덕길 ***-**,,35.848667,127.001311,2025-11-19 16:47:34,동물_가축사육업.csv
김제시,하나농장,돼지,전북특별자치도 김제시 공덕면 황상*길 ***-**,,35.862738,126.934541,2025-03-11 15:35:31,동물_가축사육업.csv
김제시,돌제목장,돼지,전북특별자치도 김제시 백산면 종정*길 **-**,,35.847982,126.906373,2005-05-17 10:56:15,동물_가축사육업.csv
김제시,서해축산,돼지,전북특별자치도 김제시 청하면 월현*길 **,,35.869597,126.87597,2020-06-16 21:50:04,동물_가축사육업.csv
김제시,한국돼지유전자(K.P.G),돼지,전북특별자치도 김제시 백산면 상상길 **-**,,35.859611,126.877519,2020-04-09 11:36:39,동물_가축사육업.csv
김제시,춘우농장,돼지,전북특별자치도 김제시 용지면 용암리 **-***,,35.835118,126.98046,2017-08-29 08:58:31,동물_가축사육업.csv
김제시,연정농장,돼지,전북특별자치도 김제시 입석로 ***-** (연정동),,35.789791,126.859254,2026-01-16 17:21:11,동물_가축사육업.csv
김제시,희원농장,돼지,전북특별자치도 김제시 하흥로 *** (흥사동),,35.834506,126.896331,2026-06-15 11:29:12,동물_가축사육업.csv
김제시,황토농장,돼지,전북특별자치도 김제시 용지면 예촌*길 **-*,,35.857046,126.975492,2021-04-12 09:25:42,동물_가축사육업.csv
김제시,성훈농장,돼지,전북특별자치도 김제시 용지면 신암길 **,,35.836041,126.983594,2016-05-30 14:30:37,동물_가축사육업.csv
김제시,무지개농장,돼지,전북특별자치도 김제시 용지면 부교*길 ***-**,,35.828279,126.984276,2025-12-31 18:04:50,동물_가축사육업.csv
김제시,호남AI센터,돼지,전북특별자치도 김제시 만경읍 장산리 ***-*,,35.861967,126.828442,2020-02-06 10:36:15,동물_가축사육업.csv
김제시,성훈농장,돼지,전북특별자치도 김제시 용지면 석정로 ***-**,,35.838388,126.98334,2020-12-30 14:14:49,동물_가축사육업.csv
김제시,엠지농장,돼지,전북특별자치도 김제시 금구면 양시로 **-**,,35.760575,127.006531,2015-09-22 14:38:17,동물_가축사육업.csv
김제시,삼성농장,돼지,전북특별자치도 김제시 금산면 수류로 ***,,35.692781,127.02977,2022-08-23 09:32:00,동물_가축사육업.csv
김제시,자흥농장,돼지,"전북특별자치도 김제시 용지면 부교리 *** , ***-*, ***-**, ***-**",,35.827615,126.987518,2026-06-01 19:40:48,동물_가축사육업.csv
김제시,현진농장,돼지,전북특별자치도 김제시 용지면 금백로 ***,,35.853285,126.990284,2022-04-20 13:42:39,동물_가축사육업.csv
김제시,도담팜,돼지,전북특별자치도 김제시 청하면 산치*길 ***-*,,35.866665,126.863586,2020-12-02 17:13:28,동물_가축사육업.csv
김제시,옥수농장,돼지,전북특별자치도 김제시 용지면 장신리 **,,35.861331,126.982631,2005-05-17 17:42:59,동물_가축사육업.csv
김제시,서정농장,돼지,전북특별자치도 김제시 용지면 신정길 ***-*,,35.854186,126.988589,2021-04-14 18:39:59,동물_가축사육업.csv
김제시,산마루농장,돼지,전북특별자치도 김제시 용지면 신암*길 **,,35.835362,126.983916,2026-03-26 11:08:35,동물_가축사육업.csv
김제시,점식농장,돼지,전북특별자치도 김제시 입석동 ***,,35.783972,126.875765,2005-05-17 13:31:05,동물_가축사육업.csv
김제시,성원농장,돼지,전북특별자치도 김제시 콩쥐팥쥐로 *** (상동동),,35.817834,126.933552,2020-05-28 08:45:00,동물_가축사육업.csv
김제시,글로리아,돼지,전북특별자치도 김제시 입석*길 ** (입석동),,35.782668,126.869042,2023-09-26 21:45:25,동물_가축사육업.csv
김제시,유명축산,돼지,전북특별자치도 김제시 석정로 ***-** (상동동),,35.836794,126.931955,2026-08-14 15:13:45,동물_가축사육업.csv
김제시,우신농장,돼지,전북특별자치도 김제시 우산길 ***-** (오정동),,35.773019,126.922898,2021-03-23 09:15:40,동물_가축사육업.csv
김제시,정성농장,돼지,"전북특별자치도 김제시 벽골제로 ***-** (입석동,/***-*)",,35.779997,126.869643,2024-07-26 17:09:18,동물_가축사육업.csv
김제시,우리농장,돼지,전북특별자치도 김제시 백산면 대산로 **-*,,35.86654,126.878246,2024-03-04 18:40:06,동물_가축사육업.csv
김제시,비둘기농장,돼지,전북특별자치도 김제시 금산면 수류로 ***,,35.699062,127.018417,2020-06-26 09:21:07,동물_가축사육업.csv
김제시,황산농장,돼지,전북특별자치도 김제시 황산면 황산로 ***-**,,35.791618,126.948881,2020-04-28 08:38:20,동물_가축사육업.csv
김제시,대신농장,돼지,전북특별자치도 김제시 용지면 부교*길 **-**,,35.81907,126.975272,2015-02-17 10:57:03,동물_가축사육업.csv
김제시,열린농장,돼지,전북특별자치도 김제시 용지면 석정로 ***-**,,35.83747,126.983808,2019-12-08 14:02:42,동물_가축사육업.csv
김제시,여장부(1농장),돼지,전북특별자치도 김제시 백산면 소음방*길 **,,35.846653,126.928132,2021-08-02 14:44:27,동물_가축사육업.csv
김제시,호준농장,돼지,전북특별자치도 김제시 도장*길 **(도장동),,35.772723,126.940285,2021-07-22 16:22:40,동물_가축사육업.csv
김제시,유명농장,돼지,전북특별자치도 김제시 황산*길 **-* (황산동),,35.776048,126.928875,2017-07-06 15:43:36,동물_가축사육업.csv
김제시,원강영농조합법인,돼지,전북특별자치도 김제시 백산면 조종리 ***-* (***-*),,35.866516,126.877636,2019-08-07 17:07:36,동물_가축사육업.csv
김제시,재평농장,돼지,전북특별자치도 김제시 백산면 지평선산단로 ***-*,,35.855796,126.892095,2021-09-24 09:28:24,동물_가축사육업.csv
김제시,농업회사법인(주)네오드림,돼지,전북특별자치도 김제시 용지면 용지로 ***,,35.83067,126.944753,2026-05-02 16:11:27,동물_가축사육업.csv
김제시,가람농장,돼지,전북특별자치도 김제시 금구면 금백로 ***-**,,35.805276,126.992466,2022-09-05 08:49:27,동물_가축사육업.csv
김제시,보람농장,돼지,전북특별자치도 김제시 용지면 신암길 ***-**,,35.834063,126.982572,2019-02-08 14:52:16,동물_가축사육업.csv
김제시,산마루농장,돼지,전북특별자치도 김제시 용지면 신암길 ***-*,,35.834694,126.981864,2016-05-30 13:53:26,동물_가축사육업.csv
김제시,대은농장,돼지,전북특별자치도 김제시 용지면 진무길 **-**,,35.859579,126.960994,2020-02-21 09:31:17,동물_가축사육업.csv
김제시,가린영농조합법인,돼지,전북특별자치도 김제시 죽산면 신흥로 **-**,,35.756148,126.820698,2015-07-06 11:17:03,동물_가축사육업.csv
김제시,진가농장,돼지,전북특별자치도 김제시 화초로 *** (장화동),,35.780317,126.862664,2022-03-30 21:57:24,동물_가축사육업.csv
김제시,산마루농장,돼지,전북특별자치도 김제시 용지면 금백로 ***-**,,35.835272,126.986715,2016-05-30 14:16:27,동물_가축사육업.csv
김제시,태준농장,돼지,전북특별자치도 김제시 용지면 신암길 ***-**,,35.833148,126.981191,2024-05-30 11:33:01,동물_가축사육업.csv
김제시,신성농장,돼지,전북특별자치도 김제시 용지면 신암길 ***-** (신암*길 **),,35.834318,126.982347,2016-05-30 14:39:03,동물_가축사육업.csv
김제시,그린 팜,돼지,전북특별자치도 김제시 용지면 신암*길 **,,35.834702,126.98359,2019-01-31 15:29:45,동물_가축사육업.csv
김제시,청호농장,돼지,"전북특별자치도 김제시 용지면 신암길 **, (신암길**)",,35.837328,126.984356,2020-04-29 08:45:07,동물_가축사육업.csv
김제시,용신농장,돼지,전북특별자치도 김제시 봉남면 용신*길 **-**,,35.74008,126.932169,2020-01-06 16:38:30,동물_가축사육업.csv
김제시,삼성농장,돼지,전북특별자치도 김제시 금산면 수류로 ***,,35.692617,127.030247,2019-10-31 17:25:50,동물_가축사육업.csv
김제시,정우농장2,돼지,"전북특별자치도 김제시 용지면 석정로 ***-**, ***",,35.838006,126.984501,2018-11-14 10:32:22,동물_가축사육업.csv
김제시,천일농장,돼지,전북특별자치도 김제시 금구면 양시로 **,,35.760971,127.003737,2021-09-10 10:56:22,동물_가축사육업.csv
김제시,엠지축산농장,돼지,전북특별자치도 김제시 용지면 신리*길 **,,35.841208,126.964756,2021-01-13 17:27:41,동물_가축사육업.csv
김제시,협동농장,돼지,전북특별자치도 김제시 봉남면 용신*길 ***,,35.742026,126.937933,2021-01-21 09:15:30,동물_가축사육업.csv
김제시,정태농장,돼지,전북특별자치도 김제시 석교*길 *** (복죽동),,35.81424,126.85337,2023-12-07 10:35:31,동물_가축사육업.csv
김제시,상록농장,돼지,전북특별자치도 김제시 봉남면 내광리 ***-**,,35.750082,126.93156,2018-03-26 20:29:02,동물_가축사육업.csv
김제시,정우농장3,돼지,전북특별자치도 김제시 용지면 신암길 **,,35.835477,126.984039,2019-01-02 17:33:36,동물_가축사육업.csv
김제시,길정해농장,돼지,전북특별자치도 김제시 용지면 영동*길 ***,,35.869035,126.958687,2017-07-10 15:09:25,동물_가축사육업.csv
김제시,거흥농장,돼지,전북특별자치도 김제시 승반길 *** (흥사동),,35.826872,126.908461,2020-04-09 11:29:24,동물_가축사육업.csv
김제시,성실농장,돼지,전북특별자치도 김제시 백산면 자학길 **-*,,35.8517,126.918833,2018-10-30 09:37:29,동물_가축사육업.csv
김제시,용암농장,돼지,전북특별자치도 김제시 용지면 신암*길 ***,,35.836095,126.982151,2020-07-14 11:21:00,동물_가축사육업.csv
김제시,농업회사법인 팜스원(주),돼지,전북특별자치도 김제시 용지면 용수*길 **-**,,35.845935,126.993746,2019-04-09 13:19:54,동물_가축사육업.csv
김제시,백제농장,돼지,전북특별자치도 김제시 공덕면 황상*길 ***-**,,35.862603,126.931631,2017-08-16 16:30:58,동물_가축사육업.csv
김제시,권주농장,돼지,"전북특별자치도 김제시 용지면 용암리 **-*** (**-***, **-***, **-***, **-***, **-***, **-***)",,35.83584,126.986152,2022-02-28 15:32:16,동물_가축사육업.csv
김제시,산마루농장,돼지,전북특별자치도 김제시 용지면 신암*길 **-*,,35.836592,126.985263,2016-12-06 13:18:43,동물_가축사육업.csv
김제시,대산농장,돼지,전북특별자치도 김제시 금산면 용산*길 **-**,,35.752926,126.996102,2021-11-11 17:37:11,동물_가축사육업.csv
김제시,(주)행복한농장(청하농장),돼지,전북특별자치도 김제시 청하면 동지산*길 **-**,,35.903182,126.848847,2025-06-24 17:01:18,동물_가축사육업.csv
김제시,장미네농장,돼지,전북특별자치도 김제시 백산면 석정로 ***-**,,35.847711,126.926322,2024-04-26 10:36:03,동물_가축사육업.csv
김제시,새운농장,돼지,전북특별자치도 김제시 공덕면 유강로 **-**,,35.866944,126.916411,2026-05-22 16:42:19,동물_가축사육업.csv
김제시,예원농장,돼지,전북특별자치도 김제시 용지면 신암*길 **,,35.837328,126.981271,2017-07-21 20:34:45,동물_가축사육업.csv
김제시,금원농장,돼지,전북특별자치도 김제시 금구면 양시로 **-**,,35.759916,127.006625,2020-12-01 16:29:58,동물_가축사육업.csv
김제시,JK농장,돼지,전북특별자치도 김제시 공덕면 소음방로 **-*,,35.858306,126.92101,2026-05-14 13:25:58,동물_가축사육업.csv
김제시,으뜸농장,돼지,전북특별자치도 김제시 봉남면 행촌*길 **-**,,35.727212,126.966971,2025-03-14 14:27:55,동물_가축사육업.csv
김제시,재성농장,돼지,전북특별자치도 김제시 용지면 신암길 ***-* (/**-**),,35.834014,126.981756,2016-05-30 14:36:59,동물_가축사육업.csv
김제시,창연농장,돼지,전북특별자치도 김제시 금구면 낙산로 **-**,,35.810054,127.00199,2019-12-06 11:16:01,동물_가축사육업.csv
완주군,신철호농장,돼지,전북특별자치도 완주군 소양면 원암로 ***,,35.880593,127.256968,2023-09-13 09:59:31,동물_가축사육업.csv
완주군,고산농장,돼지,전북특별자치도 완주군 고산면 양야신풍길 ***,,35.958087,127.209519,2020-02-06 16:14:01,동물_가축사육업.csv
완주군,장군농장,돼지,전북특별자치도 완주군 고산면 서봉소농길 **-**,,35.99076,127.203866,2026-03-31 17:48:05,동물_가축사육업.csv
완주군,정병식농장,돼지,전북특별자치도 완주군 고산면 원성재길 **,,35.969669,127.220044,2023-05-31 14:07:01,동물_가축사육업.csv
완주군,이춘기농장,돼지,전북특별자치도 완주군 소양면 명덕호동길 *-**,,35.885672,127.217813,2020-05-12 10:30:06,동물_가축사육업.csv
완주군,벧엘농장,돼지,전북특별자치도 완주군 소양면 월상길 **-**,,35.804367,127.284999,2019-06-03 11:37:27,동물_가축사육업.csv
완주군,송철호농장,돼지,전북특별자치도 완주군 고산면 성재길 ***-**,,35.961468,127.210107,2022-08-22 16:59:56,동물_가축사육업.csv
완주군,능암농장,돼지,전북특별자치도 완주군 비봉면 백도길 ***,,36.021411,127.156861,2026-02-06 15:50:30,동물_가축사육업.csv
완주군,김길문농장,돼지,전북특별자치도 완주군 구이면 항가리 ****-**,,35.711169,127.122721,2019-09-05 09:54:20,동물_가축사육업.csv
완주군,성기 농장,돼지,전북특별자치도 완주군 소양면 일임길 *-**,,35.884058,127.212329,2022-04-27 16:24:51,동물_가축사육업.csv
완주군,광희 농가,돼지,"전북특별자치도 완주군 삼례읍 신수로 ***-**, (***-**)",,35.934231,127.123443,2021-03-26 14:52:18,동물_가축사육업.csv
완주군,E.L농장,돼지,전북특별자치도 완주군 소양면 신지송광로 ***,,35.887147,127.224251,2017-06-13 11:02:00,동물_가축사육업.csv
완주군,루카농장,돼지,"전북특별자치도 완주군 소양면 신지송광로 ***-** (외 *필지, ***-*)",,35.8889,127.213327,2025-03-10 09:38:44,동물_가축사육업.csv
완주군,김태종농장,돼지,전북특별자치도 완주군 봉동읍 우주로 ***-**,,35.941354,127.098377,2021-08-11 15:57:52,동물_가축사육업.csv
완주군,반씨농장,돼지,전북특별자치도 완주군 소양면 월상길 **-**,,35.80557,127.282147,2021-12-24 15:56:10,동물_가축사육업.csv
완주군,효림농장,돼지,전북특별자치도 완주군 소양면 망표길 ***,,35.844271,127.240641,2024-05-30 10:35:05,동물_가축사육업.csv
완주군,신왕농장,돼지,전북특별자치도 완주군 소양면 신지송광로 ***,,35.889298,127.222384,2022-08-09 14:29:22,동물_가축사육업.csv
완주군,동양농장,돼지,전북특별자치도 완주군 소양면 망표길 ***,,35.845251,127.240265,2022-01-27 15:54:12,동물_가축사육업.csv
완주군,송복규농장,돼지,전북특별자치도 완주군 봉동읍 제내신촌*길 **-*,,35.99377,127.121517,2018-02-23 11:13:53,동물_가축사육업.csv
완주군,농업회사법인주식회사두지팜,돼지,"전북특별자치도 완주군 소양면 명덕로 *** (외*필지,***, ***외 *필지)",,35.878981,127.212797,2025-07-21 17:23:15,동물_가축사육업.csv
완주군,한울농장,돼지,"전북특별자치도 완주군 소양면 망표길 **-**, (망표길 **)",,35.852708,127.239249,2021-08-13 11:04:34,동물_가축사육업.csv
완주군,농업회사법인 주식회사 돈드림,돼지,전북특별자치도 완주군 고산면 제비실길 *-** (외 **필지),,35.959837,127.198107,2026-02-26 16:48:28,동물_가축사육업.csv
완주군,영화농장,돼지,전북특별자치도 완주군 소양면 명덕로 ***-**,,35.87815,127.212126,2021-06-22 19:57:47,동물_가축사육업.csv
완주군,모고지 농장,돼지,"전북특별자치도 완주군 이서면 이문길 **-** (외 ***-*,***-*)",,35.823094,127.006739,2019-05-30 15:09:38,동물_가축사육업.csv
완주군,서영택농장,돼지,전북특별자치도 완주군 구이면 원백여길 ***,,35.653052,127.097043,2023-05-31 14:20:18,동물_가축사육업.csv
완주군,멍청이농장,돼지,전북특별자치도 완주군 소양면 인덕길 ***,,35.870885,127.235106,2020-02-05 14:08:03,동물_가축사육업.csv
완주군,명임농장,돼지,전북특별자치도 완주군 고산면 남봉신기길 **-**,,35.964183,127.188863,2024-09-25 10:23:52,동물_가축사육업.csv
완주군,화심농장,돼지,전북특별자치도 완주군 소양면 상관소양로 ****-**,,35.838132,127.271746,2020-06-02 15:09:15,동물_가축사육업.csv
완주군,보현농장,돼지,전북특별자치도 완주군 화산면 승치로 **-**,,36.052393,127.229701,2023-04-10 17:00:37,동물_가축사육업.csv
완주군,영호농장,돼지,전북특별자치도 완주군 상관면 북치길 **-**,,35.731571,127.229352,2017-07-19 09:20:53,동물_가축사육업.csv
완주군,혜성농장,돼지,전북특별자치도 완주군 소양면 곰티로 ***,,35.815908,127.282511,2026-03-30 10:01:10,동물_가축사육업.csv
완주군,두리농장,돼지,전북특별자치도 완주군 소양면 월상길 **-**,,35.807578,127.28279,2023-01-06 17:27:27,동물_가축사육업.csv
완주군,세븐팜,돼지,전북특별자치도 완주군 구이면 덕천전원길 ***-**,,35.739389,127.130511,2025-02-12 09:59:29,동물_가축사육업.csv
진안군,초원흑돼지농장,돼지,전북특별자치도 진안군 진안읍 정곡길 ***-**,,35.787367,127.394882,2026-04-14 14:00:03,동물_가축사육업.csv
진안군,유일농장,돼지,전북특별자치도 진안군 성수면 중길로 ***,,35.750902,127.304978,2013-12-28 22:35:47,동물_가축사육업.csv
진안군,현대축산,돼지,전북특별자치도 진안군 진안읍 예리길 **-**,,35.779256,127.464295,2024-11-06 14:25:05,동물_가축사육업.csv
진안군,외기농장,돼지,전북특별자치도 진안군 진안읍 외기길 **-** (외 *필지),,35.752046,127.435803,2025-08-07 11:48:23,동물_가축사육업.csv
진안군,세희농장,돼지,전북특별자치도 진안군 진안읍 구룡길 ***-**,,35.767553,127.457495,2019-12-31 10:21:01,동물_가축사육업.csv
진안군,텃골농장,돼지,전북특별자치도 진안군 마령면 텃골길 **,,35.754232,127.345077,2018-03-12 14:42:19,동물_가축사육업.csv
진안군,준홍농장,돼지,"전북특별자치도 진안군 진안읍 가림리 *** 외 ***,***",,35.730342,127.432621,2025-02-25 09:56:30,동물_가축사육업.csv
진안군,뿌리동물농장,돼지,전북특별자치도 진안군 마령면 덕천로 **-**,,35.760077,127.349309,2021-04-28 17:10:37,동물_가축사육업.csv
진안군,농업회사법인 주식회사 피그뱅크,돼지,전북특별자치도 진안군 성수면 중길로 ***-**,,35.751955,127.307548,2025-10-30 18:01:38,동물_가축사육업.csv
진안군,무진장축협(유전자센터),돼지,전북특별자치도 진안군 진안읍 평가로 ***-** (****번지),,35.732155,127.414515,2023-05-02 16:24:01,동물_가축사육업.csv
진안군,베르크농장,돼지,전북특별자치도 진안군 동향면 천동로 ***-**,,35.809434,127.568509,2018-11-07 15:51:11,동물_가축사육업.csv
진안군,텃골2 농장,돼지,"전북특별자치도 진안군 마령면 텃골길 ** (,***-**)",,35.754177,127.344426,2024-09-09 10:37:49,동물_가축사육업.csv
진안군,가온농장,돼지,전북특별자치도 진안군 마령면 텃골길 **,,35.754121,127.343781,2025-03-13 16:28:10,동물_가축사육업.csv
진안군,우리손 진안농장,돼지,전북특별자치도 진안군 성수면 성백로 ***-**,,35.667583,127.370178,2025-10-13 17:48:29,동물_가축사육업.csv
진안군,무진장축협 진안양돈사업소(제2농장),돼지,전북특별자치도 진안군 마령면 갈마길 **-**,,35.720201,127.368577,2022-12-16 12:05:04,동물_가축사육업.csv
진안군,가림농장,돼지,전북특별자치도 진안군 진안읍 가림길 **,,35.745777,127.4316,2026-07-01 09:24:40,동물_가축사육업.csv
진안군,무진장축협(2농장),돼지,전북특별자치도 진안군 마령면 갈마길 **-**,,35.720201,127.368577,2020-05-13 09:51:39,동물_가축사육업.csv
진안군,농업회사법인시리(주),돼지,전북특별자치도 진안군 진안읍 먹뱅이길 **-**,,35.742787,127.503056,2025-11-03 16:03:19,동물_가축사육업.csv
진안군,양지농장,돼지,전북특별자치도 진안군 동향면 능금리 ****-*,,35.84068,127.576894,2016-02-04 15:04:25,동물_가축사육업.csv
진안군,상권농장,돼지,전북특별자치도 진안군 부귀면 모래재로 ***-*,,35.816783,127.314829,2022-03-28 15:27:52,동물_가축사육업.csv
진안군,푸른농장,돼지,"전북특별자치도 진안군 마령면 텃골길 ** (***-**,***-*)",,35.75314,127.34385,2020-06-23 09:16:32,동물_가축사육업.csv
진안군,태산농장 1,돼지,전북특별자치도 진안군 마령면 텃골길 **,,35.754208,127.344748,2019-02-14 19:28:03,동물_가축사육업.csv
진안군,씨알농장,돼지,"전북특별자치도 진안군 마령면 텃골길 ** (,***-**)",,35.753997,127.34316,2017-01-20 11:13:43,동물_가축사육업.csv
진안군,태산농장2,돼지,전북특별자치도 진안군 마령면 텃골길 **,,35.75319,127.344829,2019-02-14 19:28:30,동물_가축사육업.csv
진안군,마이산피그농업회사법인유한회사,돼지,전북특별자치도 진안군 마령면 오동*길 **-**,,35.724607,127.35889,2025-04-30 16:16:18,동물_가축사육업.csv
진안군,송원농장,돼지,전북특별자치도 진안군 진안읍 전진로 ****-**,,35.783019,127.367047,2026-08-21 13:37:56,동물_가축사육업.csv
진안군,성은농장,돼지,"전북특별자치도 진안군 진안읍 연장리 *** *필지(***-*,***,***,***-*,***-*,***-*,***-**,***-**)",,35.766335,127.379341,2024-11-20 11:22:42,동물_가축사육업.csv
진안군,평지농장,돼지,전북특별자치도 진안군 마령면 임진로 ****-**,,35.729222,127.37846,2021-07-05 14:45:09,동물_가축사육업.csv
진안군,시우농장,돼지,전북특별자치도 진안군 마령면 텃골길 **,,35.75316,127.344169,2016-02-04 15:23:55,동물_가축사육업.csv
무주군,희정농장,돼지,전북특별자치도 무주군 안성면 죽장길 **-**,,35.840653,127.644773,2025-05-27 09:04:08,동물_가축사육업.csv
무주군,엠제이팜,돼지,전북특별자치도 무주군 적상면 삼가로 ***-**,,35.898957,127.66184,2025-06-12 09:14:55,동물_가축사육업.csv
무주군,유리팜,돼지,전북특별자치도 무주군 무풍면 철목길 **-**,,35.957052,127.839144,2019-10-17 09:59:25,동물_가축사육업.csv
무주군,태일농장,돼지,전북특별자치도 무주군 무풍면 라제통문로 ****-**,,35.959386,127.879034,2024-06-25 15:10:02,동물_가축사육업.csv
무주군,대원농장,돼지,전북특별자치도 무주군 적상면 광포길 **,,35.920782,127.638979,2019-04-08 20:40:49,동물_가축사육업.csv
무주군,무주농장,돼지,전북특별자치도 무주군 적상면 삼가로 ***-**,,35.8987,127.661908,2025-06-10 09:17:02,동물_가축사육업.csv
장수군,천천농장,돼지,전북특별자치도 장수군 천천면 검덕길 **-**,,35.734462,127.524724,2026-06-26 14:10:41,동물_가축사육업.csv
장수군,사암농장,돼지,전북특별자치도 장수군 번암면 방화동로 ***-**,,35.557215,127.522538,2024-12-18 09:36:59,동물_가축사육업.csv
장수군,장수양돈,돼지,전북특별자치도 장수군 장수읍 대성로 ***,,35.613164,127.447442,2023-02-24 10:31:42,동물_가축사육업.csv
장수군,사암농장2,돼지,"전북특별자치도 장수군 장수읍 대성로 ***-*** (외*(***-*,***-*,***-*))",,35.612952,127.455395,2021-01-28 17:10:11,동물_가축사육업.csv
장수군,국제농장,돼지,전북특별자치도 장수군 산서면 보산로 ****-**,,35.571869,127.396608,2026-07-24 15:46:03,동물_가축사육업.csv
장수군,초원농장,돼지,전북특별자치도 장수군 장수읍 작고개길 *-***,,35.613281,127.4888,2023-01-27 16:26:41,동물_가축사육업.csv
장수군,농업회사법인(주)팜스코바이오인티,돼지,전북특별자치도 장수군 장수읍 비행로 ***-**,,35.60079,127.448541,2025-08-12 14:11:42,동물_가축사육업.csv
장수군,농업회사법인 보물촌 유한회사,돼지,전북특별자치도 장수군 장수읍 비행로 ****-**,,35.60104,127.463186,2025-08-12 14:53:52,동물_가축사육업.csv
장수군,대현농장,돼지,전북특별자치도 장수군 산서면 계월로 ***-**,,35.566048,127.383454,2021-02-09 15:31:02,동물_가축사육업.csv
장수군,농업회사법인유한회사영글터,돼지,전북특별자치도 장수군 장계면 소비재로 ***-**,,35.7387,127.637471,2025-08-11 15:59:17,동물_가축사육업.csv
장수군,행복한농부2,돼지,전북특별자치도 장수군 장수읍 비행로 ***,,35.600097,127.454856,2026-05-11 18:11:54,동물_가축사육업.csv
장수군,상화농장,돼지,전북특별자치도 장수군 장계면 남산길 **-*,,35.720057,127.600656,2019-12-06 10:45:38,동물_가축사육업.csv
장수군,민서농장,돼지,전북특별자치도 장수군 천천면 장천로 ***-**,,35.690947,127.515808,2026-01-23 16:34:58,동물_가축사육업.csv
장수군,영주농장,돼지,전북특별자치도 장수군 장수읍 대성리 ***,,35.609001,127.450295,2007-12-18 11:22:27,동물_가축사육업.csv
장수군,죽림농장,돼지,전북특별자치도 장수군 장수읍 비행로 ***,,35.599957,127.455789,2025-08-13 13:21:58,동물_가축사육업.csv
장수군,행복한농부,돼지,전북특별자치도 장수군 장수읍 대성로 **,,35.600834,127.454824,2023-03-23 16:36:32,동물_가축사육업.csv
임실군,임마누엘농장,돼지,전북특별자치도 임실군 신평면 가덕로 **-**,,35.636886,127.221956,2017-11-13 14:44:41,동물_가축사육업.csv
임실군,세원농장,돼지,전북특별자치도 임실군 오수면 용두리 ***-* 외*필지,,35.49642,127.332303,2022-08-26 10:32:12,동물_가축사육업.csv
임실군,주몽농장,돼지,전북특별자치도 임실군 신덕면 국사봉로 ***-***,,35.655518,127.150132,2019-03-14 14:39:06,동물_가축사육업.csv
임실군,영광농장,돼지,전북특별자치도 임실군 성수면 삼봉*길 ***,,35.658166,127.350567,2026-01-05 15:35:02,동물_가축사육업.csv
임실군,부흥농장,돼지,전북특별자치도 임실군 강진면 호국로 ***-**,,35.542088,127.177121,2017-02-08 15:50:00,동물_가축사육업.csv
임실군,임마누엘농장,돼지,전북특별자치도 임실군 신덕면 삼길리 **-*,,35.672082,127.152989,2024-11-05 15:07:00,동물_가축사육업.csv
임실군,동진농장,돼지,전북특별자치도 임실군 지사면 충효로 ****-**,,35.568232,127.360365,2018-08-20 14:41:52,동물_가축사육업.csv
임실군,임실유전자센타,돼지,전북특별자치도 임실군 지사면 덕재로 ***-*,,35.58834,127.355186,2016-09-06 16:58:02,동물_가축사육업.csv
임실군,삼일농장,돼지,전북특별자치도 임실군 오수면 오수신기길 **-** (삼일농장),,35.509559,127.323838,2022-01-07 09:56:45,동물_가축사육업.csv
임실군,주몽농장,돼지,전북특별자치도 임실군 운암면 국사봉로 ***-** (주몽농장),,35.655776,127.15253,2019-03-14 14:41:56,동물_가축사육업.csv
임실군,신평농장,돼지,전북특별자치도 임실군 신평면 덕암서길 **-**,,35.632137,127.205942,2023-03-22 11:29:02,동물_가축사육업.csv
임실군,산들사이,돼지,전북특별자치도 임실군 지사면 방계*길 **-** (***.***.***),,35.56676,127.350652,2024-07-30 15:05:16,동물_가축사육업.csv
임실군,동진목장,돼지,전북특별자치도 임실군 덕치면 인덕로 ****-*,,35.506454,127.154952,2024-05-24 09:56:40,동물_가축사육업.csv
임실군,우리들세상,돼지,전북특별자치도 임실군 오수면 춘향로 ****-**,,35.542283,127.341508,2022-02-10 10:19:48,동물_가축사육업.csv
임실군,산수양돈,돼지,전북특별자치도 임실군 삼계면 만취정로 *-***,,35.482057,127.28653,2021-08-26 17:29:49,동물_가축사육업.csv
임실군,산수양돈,돼지,전북특별자치도 임실군 삼계면 만취정로 *-***,,35.482449,127.290134,2024-05-13 09:13:31,동물_가축사육업.csv
임실군,하나농장,돼지,전북특별자치도 임실군 운암면 쌍암리 *** . ***. ***,,35.652914,127.152662,2025-08-04 16:40:04,동물_가축사육업.csv
임실군,부성농장,돼지,"전북특별자치도 임실군 임실읍 신안리 ***-* , 산*-*, ***-*, ***-*, ***-*",,35.595301,127.251093,2026-04-29 08:54:59,동물_가축사육업.csv
임실군,삼룡농장,돼지,전북특별자치도 임실군 신덕면 불재로 ***-**,,35.711714,127.153318,2018-01-09 10:40:07,동물_가축사육업.csv
임실군,성신농장,돼지,전북특별자치도 임실군 오수면 봉천*길 ***-*,,35.583564,127.310122,2022-02-28 13:17:20,동물_가축사육업.csv
임실군,송학농장,돼지,전북특별자치도 임실군 신덕면 석등슬치로 ***-*,,35.672855,127.214987,2026-07-02 10:33:27,동물_가축사육업.csv
임실군,영진농장,돼지,전북특별자치도 임실군 신평면 석등슬치로 ***,,35.667915,127.217909,2020-11-23 16:27:38,동물_가축사육업.csv
임실군,송루팜,돼지,전북특별자치도 임실군 관촌면 상월*길 **,,35.74582,127.253943,2025-02-19 11:10:38,동물_가축사육업.csv
임실군,섬진농장,돼지,전북특별자치도 임실군 덕치면 물우*길 **-***,,35.50724,127.161248,2024-05-20 10:25:23,동물_가축사육업.csv
임실군,두리농장,돼지,전북특별자치도 임실군 운암면 쌍암리 ***,,35.654485,127.167958,2019-05-16 14:31:16,동물_가축사육업.csv
임실군,으뜸농장,돼지,전북특별자치도 임실군 임실읍 이인*길 **,,35.562953,127.251146,2026-01-05 15:31:41,동물_가축사육업.csv
임실군,상록농장,돼지,전북특별자치도 임실군 임실읍 치즈마을길 **-**,,35.637962,127.291962,2025-04-07 09:25:51,동물_가축사육업.csv
임실군,가람농장,돼지,전북특별자치도 임실군 관촌면 관진로 ***-**,,35.684469,127.291391,2024-09-25 09:40:04,동물_가축사육업.csv
임실군,가족농장,돼지,전북특별자치도 임실군 덕치면 인덕로 ****,,35.506629,127.155706,2026-01-11 15:11:42,동물_가축사육업.csv
임실군,형제농장,돼지,전북특별자치도 임실군 삼계면 충효로 ****-**,,35.533851,127.31249,2022-11-28 14:38:10,동물_가축사육업.csv
임실군,골든팜 강진,돼지,전북특별자치도 임실군 강진면 강운로 **-**,,35.529643,127.147795,2023-08-10 17:35:12,동물_가축사육업.csv
임실군,농업회사법인(주)팜스월드지지피유전자연구소,돼지,전북특별자치도 임실군 덕치면 장암*길 **,,35.479978,127.162016,2021-11-02 15:25:11,동물_가축사육업.csv
임실군,임마누엘축산,돼지,"전북특별자치도 임실군 신평면 가덕로 ***-***, 한밭농장",,35.650536,127.228777,2018-07-04 14:42:54,동물_가축사육업.csv
임실군,참든팜,돼지,"전북특별자치도 임실군 지사면 원산리 ***-* , ***, ***-*, ***-*, ***-*",,35.579519,127.360956,2025-08-07 10:08:16,동물_가축사육업.csv
임실군,이일농장,돼지,전북특별자치도 임실군 청웅면 두복리 ***-* / ***-* /***-*,,35.584568,127.175659,2026-02-13 09:28:31,동물_가축사육업.csv
임실군,청아농장,돼지,전북특별자치도 임실군 운암면 임운로 ****-**,,35.65319,127.166291,2022-08-17 17:56:23,동물_가축사육업.csv
임실군,행운농장,돼지,전북특별자치도 임실군 삼계면 봉현리 **-*,,35.490337,127.262358,2020-03-31 15:49:09,동물_가축사육업.csv
임실군,동서농장,돼지,전북특별자치도 임실군 삼계면 충효로 ****-**,,35.519037,127.285358,2019-05-07 11:07:38,동물_가축사육업.csv
임실군,좋은농장,돼지,전북특별자치도 임실군 신덕면 수천리 ****-*,,35.669729,127.175311,2022-01-10 09:21:40,동물_가축사육업.csv
임실군,한마음농장,돼지,전북특별자치도 임실군 성수면 삼태로 **,,35.634093,127.34559,2020-12-03 16:07:01,동물_가축사육업.csv
임실군,삼농장,돼지,전북특별자치도 임실군 운암면 임운로 ****-**,,35.652608,127.165445,2025-09-09 16:58:51,동물_가축사육업.csv
임실군,오수농장,돼지,전북특별자치도 임실군 오수면 둔덕로 ***-**,,35.530309,127.328637,2026-01-05 14:55:21,동물_가축사육업.csv
임실군,한결농장,돼지,전북특별자치도 임실군 관촌면 관진로 ***-**,,35.680225,127.290144,2026-03-11 13:16:18,동물_가축사육업.csv
임실군,주용농장,돼지,전북특별자치도 임실군 임실읍 금성리 ***,,35.637206,127.286215,2022-05-23 14:21:14,동물_가축사육업.csv
순창군,풍류농장,돼지,전북특별자치도 순창군 구림면 밤재로 **-**,,35.438642,127.05251,2020-11-30 16:34:34,동물_가축사육업.csv
순창군,순창 자연 양돈,돼지,전북특별자치도 순창군 유등면 건곡리 ***-*,,35.377758,127.16264,2026-07-07 16:31:37,동물_가축사육업.csv
순창군,내척농장,돼지,전북특별자치도 순창군 쌍치면 석동암로 ***-**,,35.492651,127.004725,2019-02-18 17:50:44,동물_가축사육업.csv
순창군,농업회사법인유한회사무럭이농장지점2,돼지,전북특별자치도 순창군 인계면 세심로 ***-*,,35.446469,127.161828,2025-05-30 15:01:49,동물_가축사육업.csv
순창군,농업회사법인 유한회사 성동,돼지,전북특별자치도 순창군 동계면 충효로 ***-**,,35.454498,127.253598,2022-02-22 17:53:59,동물_가축사육업.csv
순창군,샘골농장,돼지,전북특별자치도 순창군 동계면 성전길 **-**,,35.456719,127.247054,2023-11-13 09:03:08,동물_가축사육업.csv
순창군,농업회사법인(주)태성한돈,돼지,전북특별자치도 순창군 적성면 괴정리 ***,,35.42059,127.231877,2025-10-21 17:42:44,동물_가축사육업.csv
순창군,지산농장,돼지,"전북특별자치도 순창군 인계면 지산리 *** 외 *필지(***-*, ***, ***)",,35.389473,127.174419,2026-02-24 09:41:51,동물_가축사육업.csv
순창군,승광농장,돼지,전북특별자치도 순창군 인계면 인성로 ***-**,,35.423148,127.183945,2019-11-14 11:06:10,동물_가축사육업.csv
순창군,무럭이농장,돼지,전북특별자치도 순창군 인계면 세심로 ***,,35.442109,127.167169,2020-01-14 18:47:37,동물_가축사육업.csv
순창군,지산농장2,돼지,전북특별자치도 순창군 인계면 지산리 ***-*,,35.389156,127.17449,2020-06-01 17:27:55,동물_가축사육업.csv
순창군,농업회사법인 주식회사 명진팜,돼지,전북특별자치도 순창군 팔덕면 용두길 ***-*,,35.374361,127.100485,2026-06-16 15:12:21,동물_가축사육업.csv
순창군,한내,돼지,전북특별자치도 순창군 풍산면 풍산로 ***-**,,35.334985,127.165408,2018-03-08 10:14:22,동물_가축사육업.csv
순창군,농업회사법인 유한회사 무럭이농장1,돼지,전북특별자치도 순창군 인계면 세심로 ***-*,,35.448447,127.158964,2025-06-12 18:31:49,동물_가축사육업.csv
순창군,유정농장,돼지,전북특별자치도 순창군 풍산면 유정길 **-**,,35.328008,127.123622,2025-11-26 14:45:00,동물_가축사육업.csv
순창군,순창농장,돼지,"전북특별자치도 순창군 인계면 노동리 ***-* ***-*,***-*,***,***-*,***-*,***-*,***-**,***-**,***-*",,35.389609,127.158126,2026-03-03 09:35:49,동물_가축사육업.csv
순창군,내척농장,돼지,전북특별자치도 순창군 동계면 아동길 **-*,,35.461403,127.234207,2026-01-27 13:41:18,동물_가축사육업.csv
순창군,씨알농장,돼지,전북특별자치도 순창군 구림면 삭골길 **,,35.434213,127.043383,2024-06-27 16:51:43,동물_가축사육업.csv
고창군,신흥농장,돼지,전북특별자치도 고창군 고창읍 태봉로 ***-**,,35.430467,126.654776,2021-02-26 10:04:15,동물_가축사육업.csv
고창군,진주농장,돼지,전북특별자치도 고창군 심원면 고전로 **-**,,35.513294,126.527529,2022-02-17 10:55:09,동물_가축사육업.csv
고창군,요한농장,돼지,전북특별자치도 고창군 흥덕면 고인돌대로 ****-**,,35.511739,126.701626,2025-10-30 09:16:38,동물_가축사육업.csv
고창군,농업회사법인(유)다도샛별,돼지,전북특별자치도 고창군 성내면 동산길 **-**,,35.535607,126.726984,2025-06-18 13:34:08,동물_가축사육업.csv
고창군,현대양돈,돼지,전북특별자치도 고창군 고수면 독실로 ***,,35.428503,126.661741,2014-09-24 14:45:35,동물_가축사육업.csv
고창군,영농조합법인운도축산,돼지,전북특별자치도 고창군 공음면 씨앗등로 ***,,35.383463,126.560876,2021-04-16 16:09:49,동물_가축사육업.csv
고창군,호암농장2,돼지,전북특별자치도 고창군 흥덕면 동헌길 ***-**,,35.532414,126.694395,2023-06-21 13:25:43,동물_가축사육업.csv
고창군,호암농장,돼지,"전북특별자치도 고창군 흥덕면 동헌길 ***-*, ***-*",,35.532922,126.691685,2025-12-29 15:50:34,동물_가축사육업.csv
고창군,농협경제지주 종돈개량사업소 신림육성농장,돼지,전북특별자치도 고창군 신림면 가평로 ***-**,,35.452101,126.720511,2023-07-05 16:32:54,동물_가축사육업.csv
고창군,구미농장,돼지,전북특별자치도 고창군 심원면 명동구미길 **-**,,35.502374,126.523481,2018-01-09 15:12:23,동물_가축사육업.csv
고창군,웅주농장,돼지,전북특별자치도 고창군 흥덕면 동헌길 ***-**,,35.532414,126.694395,2026-08-04 14:33:37,동물_가축사육업.csv
고창군,농업회사법인 유한회사 태흥축산,돼지,전북특별자치도 고창군 성송면 학천로 ***,,35.395932,126.625069,2023-09-19 17:57:09,동물_가축사육업.csv
고창군,노평양돈,돼지,전북특별자치도 고창군 아산면 노평길 **,,35.474804,126.614766,2021-04-27 22:34:14,동물_가축사육업.csv
고창군,고창아산(유)농업회사법인,돼지,전북특별자치도 고창군 아산면 방죽안길 **-**,,35.438894,126.600849,2025-02-03 16:25:21,동물_가축사육업.csv
고창군,샛별 농장,돼지,전북특별자치도 고창군 대산면 갈마*길 ***,,35.319543,126.553665,2018-10-31 09:30:28,동물_가축사육업.csv
고창군,성암 농장,돼지,전북특별자치도 고창군 무장면 반송길 **,,35.405761,126.572452,2022-12-07 10:05:10,동물_가축사육업.csv
고창군,장산농장,돼지,전북특별자치도 고창군 상하면 기산길 **-**,,35.445063,126.475841,2015-06-16 09:23:49,동물_가축사육업.csv
고창군,향원농장,돼지,전북특별자치도 고창군 공음면 씨앗등로 ***,,35.383095,126.566946,2019-01-10 17:17:37,동물_가축사육업.csv
고창군,구암양돈,돼지,전북특별자치도 고창군 아산면 노평길 **,,35.474558,126.614375,2018-01-16 17:40:42,동물_가축사육업.csv
고창군,성내 양돈,돼지,전북특별자치도 고창군 성내면 장수길 **,,35.548634,126.733188,2022-09-28 15:30:57,동물_가축사육업.csv
고창군,대동농장,돼지,전북특별자치도 고창군 부안면 전봉준로 ***,,35.488547,126.671921,2023-01-04 13:37:36,동물_가축사육업.csv
고창군,화원 농장,돼지,전북특별자치도 고창군 공음면 한세동길 **,,35.380739,126.499737,2020-02-28 11:40:14,동물_가축사육업.csv
고창군,노원농장,돼지,전북특별자치도 고창군 신림면 관은정길 **,,35.458063,126.700068,2020-02-28 11:19:09,동물_가축사육업.csv
고창군,대연농장,돼지,전북특별자치도 고창군 대산면 청보리로 ***,,35.333549,126.544659,2024-12-30 16:28:06,동물_가축사육업.csv
고창군,영농조합법인 운도축산(신림농장),돼지,전북특별자치도 고창군 신림면 덕림촌길 ***,,35.470475,126.687647,2021-04-16 15:57:55,동물_가축사육업.csv
부안군,크로바농장,돼지,전북특별자치도 부안군 부안읍 내요리 *** -** 외 *필지,,35.691005,126.738829,2025-11-28 13:14:56,동물_가축사육업.csv
부안군,동산농장,돼지,전북특별자치도 부안군 백산면 임현로 ***-**,,35.72352,126.788205,2019-11-15 16:35:40,동물_가축사육업.csv
부안군,수련농장,돼지,전북특별자치도 부안군 하서면 용와*길 **-*,,35.691772,126.640431,2014-10-23 11:22:19,동물_가축사육업.csv
부안군,부자농장,돼지,전북특별자치도 부안군 백산면 임현로 **-**,,35.710829,126.787122,2020-05-19 16:23:26,동물_가축사육업.csv
부안군,정란축산,돼지,"전북특별자치도 부안군 행안면 괸돌길 **, (괸돌길 **)",,35.705303,126.714808,2025-11-24 13:50:55,동물_가축사육업.csv
부안군,일등농장,돼지,전북특별자치도 부안군 동진면 고마제로 ***,,35.736908,126.761379,2019-07-16 15:02:19,동물_가축사육업.csv
부안군,대동농장,돼지,전북특별자치도 부안군 줄포면 대동길 **-**,,35.606327,126.701883,2021-06-02 14:44:51,동물_가축사육업.csv
부안군,선진농장,돼지,전북특별자치도 부안군 계화면 새포로 ***-**,,35.742395,126.678783,2024-06-20 09:12:54,동물_가축사육업.csv
부안군,산들농장,돼지,전북특별자치도 부안군 계화면 새포로 ***-**,,35.742349,126.67826,2026-01-29 15:13:40,동물_가축사육업.csv
부안군,서림축산,돼지,전북특별자치도 부안군 부안읍 내요리 ***,,35.68353,126.736727,2023-05-18 16:56:27,동물_가축사육업.csv
부안군,농업회사법인주식회사 진영축산,돼지,전북특별자치도 부안군 보안면 부안로 ****-**,,35.61736,126.671475,2023-12-19 15:43:26,동물_가축사육업.csv
부안군,올어웨이크,돼지,"전북특별자치도 부안군 백산면 하청로 ***-**, , ***-**, ***-**",,35.684836,126.798526,2021-10-18 17:48:08,동물_가축사육업.csv
부안군,이수축산농장,돼지,전북특별자치도 부안군 백산면 금판로 ***-**,,35.741594,126.784901,2024-10-29 16:28:15,동물_가축사육업.csv
부안군,동진농장,돼지,전북특별자치도 부안군 동진면 증산길 **-**,,35.762813,126.729796,2020-02-26 09:21:24,동물_가축사육업.csv
부안군,돈사랑영농조합법인,돼지,전북특별자치도 부안군 줄포면 장산로 ***-**,,35.582346,126.716764,2026-01-26 09:26:54,동물_가축사육업.csv
부안군,행안양돈장,돼지,전북특별자치도 부안군 행안면 대초리 ***-*,,35.711149,126.711922,2023-05-18 16:56:05,동물_가축사육업.csv
부안군,골든팜변산,돼지,전북특별자치도 부안군 변산면 운산로 ***-**,,35.649936,126.534962,2025-11-06 16:57:57,동물_가축사육업.csv
포항시,농업회사법인 젠지주식회사,돼지,경상북도 포항시 북구 기계면 기계로 ***-**,,36.085334,129.168304,2026-08-05 15:11:14,동물_가축사육업.csv
포항시,우리농장,돼지,경상북도 포항시 남구 구룡포읍 정동길 ***-**,,35.944895,129.515293,2019-07-31 16:42:15,동물_가축사육업.csv
포항시,경주축산,돼지,경상북도 포항시 북구 기계면 기계로 ***-**,,36.085432,129.169052,2019-08-26 10:38:03,동물_가축사육업.csv
포항시,옥종농장,돼지,경상북도 포항시 북구 기계면 계전길 *** (외 *필지),,36.101901,129.206698,2018-01-26 13:44:55,동물_가축사육업.csv
포항시,멧돼지 농장,돼지,경상북도 포항시 북구 신광면 안덕리 ****,,36.152561,129.249997,2019-07-31 16:01:23,동물_가축사육업.csv
포항시,풍산농장,돼지,경상북도 포항시 북구 청하면 비학로 ****,,36.189886,129.305417,2026-08-24 19:26:38,동물_가축사육업.csv
포항시,명암축산,돼지,경상북도 포항시 북구 청하면 비학로 ****,,36.184626,129.294439,2018-01-25 11:05:26,동물_가축사육업.csv
포항시,송학농장,돼지,경상북도 포항시 남구 연일읍 새마을로 ***-**,,36.04335,129.305083,2018-10-19 13:43:58,동물_가축사육업.csv
포항시,삼화축산,돼지,경상북도 포항시 남구 오천읍 기림로 ****-** (외 *필지),,35.904872,129.40071,2022-01-13 10:36:11,동물_가축사육업.csv
포항시,해동 농장,돼지,경상북도 포항시 북구 기북면 비학산길 ***-**,,36.152446,129.200434,2019-01-09 14:54:52,동물_가축사육업.csv
포항시,청솔농장,돼지,경상북도 포항시 북구 신광면 비학로 ***-**,,36.106774,129.250463,2020-10-27 13:39:45,동물_가축사육업.csv
포항시,대미농장,돼지,경상북도 포항시 북구 기계면 성계길***번길 **,,36.05222,129.214997,2020-05-01 10:42:03,동물_가축사육업.csv
포항시,청솔농장,돼지,경상북도 포항시 북구 신광면 비학로***번길 **,,36.140484,129.263211,2019-03-05 14:39:14,동물_가축사육업.csv
포항시,송학농장,돼지,경상북도 포항시 남구 연일읍 새마을로 ***-**,,36.042525,129.303756,2021-07-01 17:07:44,동물_가축사육업.csv
경주시,청운농장,돼지,경상북도 경주시 서면 서오리 ***-*,,35.877179,129.038008,2020-07-10 18:24:50,동물_가축사육업.csv
경주시,아화농장,돼지,경상북도 경주시 서면 화촌길 **-***,,35.9001,129.036189,2025-09-29 16:58:58,동물_가축사육업.csv
경주시,돈우빌농장1,돼지,경상북도 경주시 외동읍 방어북토길 ***-**,,35.740907,129.279696,2022-09-30 09:08:04,동물_가축사육업.csv
경주시,부국농장,돼지,경상북도 경주시 서면 아화리 ***-*,,35.896355,129.033575,2025-05-21 14:21:47,동물_가축사육업.csv
경주시,만종축산,돼지,경상북도 경주시 외동읍 영지로 ***,,35.726626,129.298948,2024-11-07 10:18:58,동물_가축사육업.csv
경주시,아린팜스,돼지,경상북도 경주시 서면 내서로 ***-**,,35.872726,129.078259,2021-05-24 09:04:50,동물_가축사육업.csv
경주시,대림양돈지,돼지,경상북도 경주시 외동읍 냉천리 ***,,35.721902,129.301959,2018-07-04 09:33:04,동물_가축사육업.csv
경주시,육원농장,돼지,경상북도 경주시 안강읍 육통리 ****-**,,36.023234,129.213065,2019-05-13 10:59:33,동물_가축사육업.csv
경주시,수인양돈,돼지,경상북도 경주시 건천읍 방내리 ***-*,,35.827467,129.111658,2021-07-26 13:10:14,동물_가축사육업.csv
경주시,상록농장,돼지,경상북도 경주시 서면 아화리 ***-*,,35.894717,129.029853,2019-12-05 17:38:57,동물_가축사육업.csv
경주시,에이플러스 돈 팜,돼지,경상북도 경주시 서면 천촌리 **,,35.876827,129.035188,2018-04-05 17:13:36,동물_가축사육업.csv
경주시,명품농장,돼지,경상북도 경주시 서면 서오리 **-*,,35.883822,129.044494,2018-01-12 17:57:10,동물_가축사육업.csv
경주시,다산양돈,돼지,경상북도 경주시 강동면 다산리 ****,,36.046641,129.248965,2025-12-24 13:53:53,동물_가축사육업.csv
경주시,신화농장,돼지,경상북도 경주시 서면 서오리 ***,,35.876211,129.039965,2026-03-19 15:33:56,동물_가축사육업.csv
경주시,돈우빌 엄지농장,돼지,경상북도 경주시 외동읍 문산리 **-*,,35.68972,129.319738,2024-04-25 13:33:20,동물_가축사육업.csv
경주시,길우농장,돼지,경상북도 경주시 서면 아화리 ***,,35.894327,129.030226,2018-11-09 11:06:48,동물_가축사육업.csv
경주시,덕원농장,돼지,경상북도 경주시 산내면 내칠리 **** 외 **필지,,35.771223,129.013428,2023-09-12 17:52:27,동물_가축사육업.csv
경주시,대명팜스,돼지,경상북도 경주시 외동읍 제내리 ***,,35.721964,129.27628,2023-02-14 16:19:05,동물_가축사육업.csv
경주시,신남농장,돼지,경상북도 경주시 서면 도리 **-*,,35.928796,129.108586,2026-03-13 16:15:09,동물_가축사육업.csv
경주시,비젼농장,돼지,경상북도 경주시 외동읍 활성리 **-*,,35.761394,129.327925,2019-05-13 11:27:47,동물_가축사육업.csv
경주시,서오농장,돼지,경상북도 경주시 서면 천촌리 ****-**,,35.882352,129.038217,2019-05-13 09:21:15,동물_가축사육업.csv
경주시,필승농장,돼지,"경상북도 경주시 안강읍 노당리 *** 외*필지(***-*,***-*,-*,-*)",,36.037422,129.225031,2024-01-15 09:34:38,동물_가축사육업.csv
경주시,달성농장,돼지,경상북도 경주시 강동면 안현로 ****,,36.056356,129.241479,2025-01-17 18:23:17,동물_가축사육업.csv
경주시,태경농장,돼지,"경상북도 경주시 시래동 ***-* 외 **필지(***-*, -**, -**, -**, ***-*, -**, -**, -**, -**, -**)",,35.767808,129.291669,2025-04-09 10:51:14,동물_가축사육업.csv
경주시,한일농장,돼지,경상북도 경주시 서면 서오리 *-*,,35.886719,129.041926,2016-11-21 11:34:24,동물_가축사육업.csv
경주시,야곱농장,돼지,경상북도 경주시 서면 갠버불길 **-**,,35.89359,129.067337,2024-11-13 10:31:28,동물_가축사육업.csv
경주시,선진농장,돼지,경상북도 경주시 서면 오봉로 ****-**,,35.880432,129.037192,2024-03-15 17:51:05,동물_가축사육업.csv
경주시,송림농장,돼지,경상북도 경주시 서면 서오리 **-*,,35.883666,129.045334,2024-07-02 16:02:55,동물_가축사육업.csv
경주시,양지농장,돼지,경상북도 경주시 건천읍 신평리 **-*,,35.873621,129.068942,2020-04-24 09:50:30,동물_가축사육업.csv
경주시,만민농장,돼지,"경상북도 경주시 외동읍 제내리 ***-* 외 *필지(***-*, -*, -*, -*, -*, -*, -*, -**, -**)",,35.724716,129.28396,2022-11-03 15:26:36,동물_가축사육업.csv
경주시,청정농장,돼지,경상북도 경주시 서면 사라리 ****-*,,35.881751,129.070317,2019-05-13 10:42:37,동물_가축사육업.csv
경주시,경태농장,돼지,경상북도 경주시 외동읍 냉천리 ****,,35.725884,129.285866,2025-09-10 10:09:28,동물_가축사육업.csv
경주시,왕신축산,돼지,경상북도 경주시 강동면 왕신리 ***-*,,35.964193,129.289686,2018-07-03 09:19:14,동물_가축사육업.csv
경주시,김찬휴,돼지,경상북도 경주시 서면 오봉로 ****-**,,35.87666,129.035526,2024-03-07 11:01:56,동물_가축사육업.csv
경주시,아만농장,돼지,경상북도 경주시 서면 서오리 **-*,,35.886513,129.042671,2024-10-15 16:24:08,동물_가축사육업.csv
경주시,태강농장,돼지,"경상북도 경주시 내남면 안심리 ****-** (***-*, -*, ****-**, -**, **, **-*, -*, **, **-*, ****-**)",,35.734638,129.17309,2025-12-15 16:20:37,동물_가축사육업.csv
경주시,농업회사법인 주식회사 산수골안강,돼지,경상북도 경주시 안강읍 산대새터길 **-**,,36.01273,129.195291,2025-03-11 15:12:44,동물_가축사육업.csv
경주시,비바체 농장,돼지,경상북도 경주시 서면 아화리 ***-*,,35.898132,129.043301,2024-01-05 11:07:40,동물_가축사육업.csv
경주시,산내흑맷돼지,돼지,경상북도 경주시 산내면 감산리 산 ***,,35.820287,129.056652,2026-03-19 15:49:41,동물_가축사육업.csv
경주시,돈우빌농장2,돼지,경상북도 경주시 천북면 천북남로 ***-**,,35.880467,129.271648,2024-04-25 13:34:00,동물_가축사육업.csv
경주시,석산농장,돼지,경상북도 경주시 외동읍 제내길 ***-**,,35.721587,129.280881,2022-08-29 18:04:23,동물_가축사육업.csv
경주시,한아름농장,돼지,경상북도 경주시 서면 서오리 ***,,35.881705,129.039918,2017-12-28 17:21:38,동물_가축사육업.csv
경주시,보성축산,돼지,경상북도 경주시 내남면 용장*길 **,,35.77855,129.196438,2023-02-14 16:17:57,동물_가축사육업.csv
경주시,지-팜농장,돼지,경상북도 경주시 내남면 박달리 ****,,35.726786,129.109319,2021-05-03 15:18:10,동물_가축사육업.csv
경주시,협진농장,돼지,경상북도 경주시 서면 강변마을길 **-**,,35.893809,129.056727,2021-09-16 13:25:56,동물_가축사육업.csv
경주시,Y.C 바이오,돼지,경상북도 경주시 서면 도리 **,,35.920061,129.109701,2022-09-28 16:12:14,동물_가축사육업.csv
경주시,마석유축,돼지,경상북도 경주시 외동읍 북토안길 **-**,,35.734555,129.281987,2019-05-13 09:08:34,동물_가축사육업.csv
경주시,태경효농장,돼지,경상북도 경주시 중방길 ***-* (시래동),,35.767582,129.290606,2019-05-13 10:56:48,동물_가축사육업.csv
경주시,형제축산,돼지,경상북도 경주시 강동면 단구리 ****-*,,36.052754,129.245437,2019-05-13 09:59:45,동물_가축사육업.csv
경주시,대산농장,돼지,경상북도 경주시 양남면 효동리 ****-*,,35.740973,129.38219,2019-05-13 09:47:39,동물_가축사육업.csv
경주시,동산농장,돼지,"경상북도 경주시 천북면 덕산리 ***-* 외 *필지(***-*, -*, ***, -*, -*)",,35.890582,129.264703,2025-01-02 17:28:00,동물_가축사육업.csv
경주시,양곡농원,돼지,경상북도 경주시 현곡면 라원리 ****,,35.897244,129.211189,2020-05-07 11:13:12,동물_가축사육업.csv
경주시,명계농장,돼지,경상북도 경주시 내남면 명계리 **** 외 *필지(****-*. ****. ****),,35.720611,129.21758,2025-01-03 13:36:25,동물_가축사육업.csv
경주시,파란농장,돼지,경상북도 경주시 건천읍 모량리 ***-*,,35.825352,129.136221,2025-04-10 15:45:48,동물_가축사육업.csv
경주시,일월농장,돼지,"경상북도 경주시 외동읍 북토리 ***-** ***-**, ***-**, ***-**, ***-**, ***-**, 산**-**",,35.740766,129.278632,2023-11-30 16:58:03,동물_가축사육업.csv
경주시,보성농장,돼지,경상북도 경주시 외동읍 냉천리 ***-*,,35.723134,129.29458,2018-03-23 15:22:01,동물_가축사육업.csv
경주시,농업회사법인주식회사 산수골,돼지,경상북도 경주시 안강읍 산대새터길 **-**,,36.012162,129.195489,2025-03-11 15:12:00,동물_가축사육업.csv
김천시,지례흑돼지작목반,돼지,경상북도 김천시 지례면 신평리 ***,,35.956156,128.073703,2005-09-05 10:04:33,동물_가축사육업.csv
김천시,삼애농장,돼지,경상북도 김천시 신음동 ***,,36.136857,128.125995,2016-04-06 11:06:21,동물_가축사육업.csv
김천시,덕원농장,돼지,"경상북도 김천시 대덕면 화전*길 ***-**, ***, ***-**",,35.893865,127.953694,2018-04-19 14:56:02,동물_가축사육업.csv
김천시,용현영농조합법인,돼지,경상북도 김천시 대덕면 우두령로 ***,,35.856381,127.940255,2021-07-05 11:02:37,동물_가축사육업.csv
김천시,연풍농장,돼지,경상북도 김천시 대항면 대룡로 ***-**,,36.11774,128.053374,2015-05-21 21:38:10,동물_가축사육업.csv
김천시,농업회사법인(주)최고양돈,돼지,경상북도 김천시 어모면 작점로 ***-***,,36.220409,128.077051,2023-05-03 14:28:43,동물_가축사육업.csv
김천시,태윤농장,돼지,"경상북도 김천시 구성면 양각리 **** , ****",,36.071181,128.068199,2025-11-18 16:52:18,동물_가축사육업.csv
김천시,김천양파포크영농법인(양돈장),돼지,경상북도 김천시 구성면 양각리 ***-*,,36.078093,128.083266,2016-04-06 11:07:07,동물_가축사육업.csv
김천시,성경농장,돼지,경상북도 김천시 백옥동 ****-*,,36.106266,128.080212,2016-07-07 10:10:58,동물_가축사육업.csv
김천시,하나양돈,돼지,경상북도 김천시 어모면 옥계*길 ***-***,,36.239894,128.07324,2016-09-29 17:27:17,동물_가축사육업.csv
김천시,한마음농장II,돼지,경상북도 김천시 대덕면 관기리 *** 외 *필지,,35.924638,127.968607,2015-07-06 18:16:36,동물_가축사육업.csv
김천시,농업회사법인(주)디앤디종돈,돼지,경상북도 김천시 지례면 지례로 ***-*,,35.980574,128.072178,2019-03-08 11:52:37,동물_가축사육업.csv
김천시,승현농장,돼지,경상북도 김천시 어모면 덕마길 ***-*,,36.19488,128.128909,2015-05-21 21:41:35,동물_가축사육업.csv
김천시,진안농장,돼지,경상북도 김천시 구성면 남김천대로 ****-**,,36.064289,128.080799,2016-10-14 17:06:53,동물_가축사육업.csv
김천시,강촌축산,돼지,경상북도 김천시 조마면 삼산*길 ***,,36.0213,128.116851,2014-02-01 11:07:24,동물_가축사육업.csv
김천시,홍익농장,돼지,경상북도 김천시 지례면 도곡리 ***,,35.965586,128.009482,2016-08-29 10:24:31,동물_가축사육업.csv
김천시,제이팜,돼지,경상북도 김천시 어모면 작점로 ***-**,,36.229768,128.069911,2026-07-28 16:56:43,동물_가축사육업.csv
김천시,언광농장,돼지,경상북도 김천시 지례면 지례로 **,,35.990555,128.0357,2019-08-14 09:32:05,동물_가축사육업.csv
김천시,농업회사법인(주)룸비니,돼지,경상북도 김천시 대항면 복전*길 *-***,,36.138337,128.013505,2018-04-04 17:24:26,동물_가축사육업.csv
김천시,감천축산,돼지,경상북도 김천시 감천면 용호리 ***,,36.027917,128.131492,2015-05-21 21:46:10,동물_가축사육업.csv
김천시,삼산농장,돼지,경상북도 김천시 조마면 삼산*길 ***-**,,36.022565,128.110496,2020-04-14 11:45:40,동물_가축사육업.csv
김천시,형제농산 영농조합법인,돼지,경상북도 김천시 어모면 신애길 ***-*,,36.205846,128.051853,2025-09-19 09:49:47,동물_가축사육업.csv
김천시,양각농장,돼지,경상북도 김천시 구성면 하강길 ***,,36.078315,128.083875,2022-01-11 15:25:03,동물_가축사육업.csv
김천시,화전농장,돼지,경상북도 김천시 대덕면 화전리 ***-**,,35.894307,127.954028,2018-04-19 15:05:31,동물_가축사육업.csv
김천시,나랑축산,돼지,경상북도 김천시 대항면 작내로 ***,,36.062749,128.013226,2025-09-16 16:00:40,동물_가축사육업.csv
김천시,수지농장,돼지,경상북도 김천시 구성면 송죽리 ***,,36.047148,128.051279,2022-02-24 15:37:21,동물_가축사육업.csv
김천시,902팜,돼지,경상북도 김천시 조마면 삼산*길 ***-*,,36.014358,128.114438,2022-06-28 14:11:15,동물_가축사육업.csv
김천시,농업회사법인(주)두레개발,돼지,"경상북도 김천시 어모면 옥계리 *** , ***-*, ***-*, 산***-*, 산***-*번지",,36.223431,128.078127,2023-11-06 12:55:54,동물_가축사육업.csv
김천시,아름드리농장,돼지,경상북도 김천시 아포읍 장수길 **-**,,36.160275,128.270359,2021-02-05 17:39:43,동물_가축사육업.csv
김천시,무지개농장,돼지,경상북도 김천시 대덕면 화전*길 ** (외 *필지),,35.903051,127.957463,2006-12-06 10:41:18,동물_가축사육업.csv
김천시,영수농장,돼지,경상북도 김천시 조마면 신왕*길 **-***,,36.01402,128.130912,2016-02-11 10:32:06,동물_가축사육업.csv
김천시,주주농장,돼지,경상북도 김천시 농소면 꿀배미길 *-**,,36.096189,128.199679,2019-12-05 09:15:11,동물_가축사육업.csv
김천시,금오축산,돼지,경상북도 김천시 남면 용전리 ***,,36.121416,128.183708,2005-03-03 09:26:50,동물_가축사육업.csv
김천시,성환농장,돼지,경상북도 김천시 봉산면 덕천리 ***-*,,36.137455,128.043326,2022-06-30 14:54:58,동물_가축사육업.csv
김천시,지혜팜,돼지,경상북도 김천시 구성면 신안*길 ***,,36.063378,128.093368,2024-11-11 10:12:10,동물_가축사육업.csv
김천시,수지농장,돼지,경상북도 김천시 구성면 송죽리 ***-* 외 *필지,,36.050487,128.057803,2022-02-24 15:37:46,동물_가축사육업.csv
김천시,해봄농장,돼지,경상북도 김천시 지례면 여배*길 ***-**,,35.952466,128.010427,2022-10-18 11:52:59,동물_가축사육업.csv
김천시,도드람실험농장,돼지,경상북도 김천시 남면 부상길 ***-**,,36.062405,128.24236,2024-10-18 09:06:41,동물_가축사육업.csv
김천시,농업회사법인(주)상환양돈,돼지,경상북도 김천시 어모면 작점로 ***-***,,36.221832,128.077214,2023-08-24 09:22:36,동물_가축사육업.csv
김천시,새봄농장,돼지,경상북도 김천시 삼애*길 ** (신음동),,36.136936,128.125594,2016-04-06 11:09:53,동물_가축사육업.csv
김천시,청운축산,돼지,경상북도 김천시 어모면 갈마길 *,,36.188891,128.114704,2016-04-06 11:02:17,동물_가축사육업.csv
안동시,송현농장,돼지,"경상북도 안동시 와룡면 와북로 ***-**, ***-**",,36.672612,128.757519,2019-05-20 18:31:18,동물_가축사육업.csv
안동시,주계농장,돼지,경상북도 안동시 와룡면 장수골길 ***-**,,36.631929,128.796932,2023-09-20 10:07:27,동물_가축사육업.csv
안동시,계림농장,돼지,"경상북도 안동시 와룡면 와북로 ***-** (외**필지(***외*필지,***외*필지,***))",,36.670873,128.754937,2024-04-25 11:00:58,동물_가축사육업.csv
안동시,번영축산,돼지,경상북도 안동시 풍산읍 현애길 ***-**,,36.616351,128.531431,2025-12-01 13:10:21,동물_가축사육업.csv
안동시,민서축산,돼지,경상북도 안동시 와룡면 와북로 ***-**,,36.670807,128.758432,2019-03-28 16:51:54,동물_가축사육업.csv
안동시,농업회사법인 (주)장안,돼지,경상북도 안동시 서후면 풍산태사로 ****-*,,36.622362,128.661965,2025-04-25 16:01:55,동물_가축사육업.csv
안동시,진등농장,돼지,경상북도 안동시 임동면 새두들길 **,,36.558419,128.971356,2020-02-04 09:47:40,동물_가축사육업.csv
안동시,바림농장2,돼지,"경상북도 안동시 바람이길 ***-**, 돼지인공수정센터 (정하동)",,36.539732,128.724823,2023-12-08 16:06:27,동물_가축사육업.csv
안동시,송현농장,돼지,경상북도 안동시 서후면 봉림사지길 **,,36.63342,128.65374,2020-07-08 09:56:57,동물_가축사육업.csv
안동시,김영습농장,돼지,경상북도 안동시 풍산읍 청회길 ***-*,,36.577192,128.652876,2020-02-18 16:50:15,동물_가축사육업.csv
안동시,자유2농장,돼지,경상북도 안동시 길안면 만음개골길 ***-**,,36.439131,128.879012,2025-10-01 10:17:57,동물_가축사육업.csv
안동시,고상농장,돼지,"경상북도 안동시 남후면 남일로 ***-** (,***)",,36.500931,128.607853,2019-12-26 14:50:04,동물_가축사육업.csv
안동시,다온농장,돼지,경상북도 안동시 와룡면 와북로 ***-**,,36.671834,128.756557,2024-07-15 09:54:30,동물_가축사육업.csv
안동시,금호농장,돼지,"경상북도 안동시 풍산읍 양광*길 **, (괴정리 ***)",,36.585545,128.531198,2018-11-29 15:56:28,동물_가축사육업.csv
안동시,손안섭농장,돼지,경상북도 안동시 남선면 충효로 ****-** (외*필지(*)),,36.524416,128.776908,2017-12-29 15:57:12,동물_가축사육업.csv
안동시,오천농장,돼지,경상북도 안동시 일직면 풍일로 ****-**,,36.4721,128.599076,2024-10-31 13:34:49,동물_가축사육업.csv
안동시,참길팜 비육농장,돼지,경상북도 안동시 남후면 남일로 ***-**,,36.534432,128.632556,2021-10-05 13:03:56,동물_가축사육업.csv
안동시,양은농장,돼지,경상북도 안동시 와룡면 외내길 **-**,,36.679133,128.80545,2025-12-18 16:48:56,동물_가축사육업.csv
안동시,농업회사법인 주식회사 안동,돼지,경상북도 안동시 북후면 감성길 **-**,,36.692958,128.71867,2025-05-15 09:12:39,동물_가축사육업.csv
안동시,바림농장,돼지,경상북도 안동시 바람이길 *** (정하동),,36.540535,128.726572,2019-12-26 14:52:48,동물_가축사육업.csv
안동시,금당농장,돼지,경상북도 안동시 풍산읍 금당길 ***-**,,36.585463,128.650631,2019-12-02 14:46:11,동물_가축사육업.csv
안동시,미래농장,돼지,경상북도 안동시 임하면 금소길 **-**,,36.485565,128.871994,2021-06-24 15:30:23,동물_가축사육업.csv
안동시,대경축산,돼지,경상북도 안동시 풍천면 광덕섬길 ***-*,,36.542411,128.490745,2024-07-12 14:48:24,동물_가축사육업.csv
안동시,와룡농장,돼지,"경상북도 안동시 와룡면 율미골길 ***-**, ***-**",,36.603385,128.725737,2022-11-28 11:58:46,동물_가축사육업.csv
안동시,훈이농장,돼지,"경상북도 안동시 임동면 새두들길 **, (고천리 **-*)",,36.55878,128.971929,2020-02-11 11:25:43,동물_가축사육업.csv
안동시,현대축산,돼지,경상북도 안동시 임하면 금소길 **-**,,36.485565,128.871994,2021-06-24 15:35:54,동물_가축사육업.csv
안동시,남매농장,돼지,경상북도 안동시 북후면 감성길 **-**,,36.694025,128.718595,2025-05-15 09:11:55,동물_가축사육업.csv
안동시,율미농장,돼지,경상북도 안동시 와룡면 율미골길 ***-*,,36.606559,128.728099,2020-10-07 17:59:54,동물_가축사육업.csv
안동시,영성축산 안동농장,돼지,경상북도 안동시 풍산읍 현애길 ***-**,,36.616924,128.530367,2017-03-06 13:32:03,동물_가축사육업.csv
안동시,금호축산,돼지,경상북도 안동시 서후면 풍산태사로 ****-*,,36.62652,128.666728,2023-02-27 11:17:15,동물_가축사육업.csv
안동시,농업회사법인 주식회사 강촌축산,돼지,경상북도 안동시 와룡면 와북로 ***-**,,36.670674,128.759493,2026-08-11 11:31:18,동물_가축사육업.csv
안동시,세원축산,돼지,경상북도 안동시 와룡면 와북로 ***-**,,36.673332,128.758833,2025-09-24 09:28:01,동물_가축사육업.csv
안동시,비전농장,돼지,경상북도 안동시 일직면 남일로 ***-**,,36.490457,128.603262,2021-05-11 14:52:36,동물_가축사육업.csv
안동시,대흥농장,돼지,경상북도 안동시 풍산읍 산음길 **-*,,36.587647,128.641992,2019-12-26 14:36:21,동물_가축사육업.csv
안동시,영농조합법인괴정양돈,돼지,"경상북도 안동시 풍산읍 양광*길 **-**, (괴정리 ***)",,36.584476,128.529409,2020-02-01 18:50:28,동물_가축사육업.csv
안동시,백오팜,돼지,경상북도 안동시 길안면 명곡길 *-**,,36.33864,128.931728,2021-12-27 10:54:32,동물_가축사육업.csv
안동시,이화축산영농조합법인,돼지,경상북도 안동시 일직면 풍일로 ****-**,,36.472383,128.600309,2020-02-19 16:28:47,동물_가축사육업.csv
안동시,손성로 농장,돼지,경상북도 안동시 서후면 학가산온천길 ***-**,,36.605232,128.657994,2021-06-11 11:11:35,동물_가축사육업.csv
안동시,대경축산,돼지,경상북도 안동시 와룡면 가야길 **-**,,36.65139,128.7781,2019-12-26 14:33:13,동물_가축사육업.csv
안동시,아람축산,돼지,"경상북도 안동시 일직면 간평길 ** (외*필지(***,***,***-*,***-*,***-*))",,36.485827,128.601433,2021-04-26 10:51:18,동물_가축사육업.csv
안동시,웅도 축산,돼지,"경상북도 안동시 북후면 장기리 ** 외 *필지(**,**,**,***-*,***-*,***)",,36.674025,128.710807,2019-12-26 14:16:11,동물_가축사육업.csv
안동시,와룡농장,돼지,경상북도 안동시 서후면 태장가라골길 **-**,,36.626094,128.673009,2022-11-28 13:33:37,동물_가축사육업.csv
안동시,참길팜,돼지,경상북도 안동시 북후면 태리금산로 *** (외(***호)),,36.637214,128.728197,2021-01-20 08:46:54,동물_가축사육업.csv
안동시,조이팜농장,돼지,경상북도 안동시 와룡면 농암로 ***-**,,36.615188,128.77933,2019-12-11 15:14:44,동물_가축사육업.csv
안동시,동의농장,돼지,경상북도 안동시 북후면 와북로 ***-**,,36.674293,128.710149,2020-05-04 10:39:29,동물_가축사육업.csv
안동시,상준농장,돼지,경상북도 안동시 임동면 새두들길 **,,36.560405,128.973185,2020-06-22 16:33:12,동물_가축사육업.csv
구미시,엘림 농장,돼지,경상북도 구미시 도개면 다곡리 *** 외 *필지,,36.268253,128.414394,2026-07-27 08:58:01,동물_가축사육업.csv
구미시,천호농장,돼지,경상북도 구미시 산동읍 송산*길 **-**,,36.227021,128.480907,2021-03-25 17:53:04,동물_가축사육업.csv
구미시,참돈팜,돼지,경상북도 구미시 고아읍 숭선로 ***-**,,36.186242,128.362245,2026-06-30 13:41:16,동물_가축사육업.csv
구미시,대길,돼지,경상북도 구미시 고아읍 봉한*안길 ***-**,,36.187988,128.363392,2026-01-06 11:19:30,동물_가축사육업.csv
구미시,나녕농장,돼지,경상북도 구미시 고아읍 문성리 ***,,36.158799,128.347147,2025-07-11 14:45:56,동물_가축사육업.csv
구미시,꽃돼지농장,돼지,경상북도 구미시 옥성면 주아령로 ***-**,,36.285513,128.267439,2016-03-21 10:31:41,동물_가축사육업.csv
구미시,양지농장,돼지,경상북도 구미시 옥성면 주아*길 **,,36.289293,128.258729,2025-12-16 15:44:17,동물_가축사육업.csv
구미시,이수농장,돼지,경상북도 구미시 고아읍 외예*길 ***,,36.192134,128.278864,2018-08-17 13:43:59,동물_가축사육업.csv
구미시,민지축산,돼지,경상북도 구미시 고아읍 봉한*안길 ***-**,,36.186674,128.363578,2024-12-10 17:52:43,동물_가축사육업.csv
구미시,창운양돈장,돼지,경상북도 구미시 도개면 용산가산길 ***-**,,36.322854,128.296631,2026-01-06 11:59:50,동물_가축사육업.csv
구미시,화암1농장,돼지,경상북도 구미시 고아읍 문성**길 **-**,,36.155804,128.356483,2018-05-18 14:03:30,동물_가축사육업.csv
구미시,실로암,돼지,경상북도 구미시 도개면 도군로 ***-*,,36.270743,128.412157,2026-01-06 12:04:47,동물_가축사육업.csv
구미시,복돼지농장,돼지,경상북도 구미시 고아읍 관심*길 **-**,,36.212215,128.338598,2024-08-21 17:19:05,동물_가축사육업.csv
구미시,기성축산,돼지,경상북도 구미시 고아읍 외예*길 ***,,36.192456,128.27795,2023-05-22 16:47:48,동물_가축사육업.csv
구미시,강명주 농장,돼지,경상북도 구미시 고아읍 봉한*안길 ***-**,,36.18664,128.364473,2026-01-06 11:18:39,동물_가축사육업.csv
구미시,국민,돼지,경상북도 구미시 선산읍 선산들길 **-**,,36.221897,128.297226,2020-05-06 10:02:44,동물_가축사육업.csv
구미시,유학농장,돼지,경상북도 구미시 무을면 백자길 **-**,,36.247112,128.228309,2022-12-14 12:49:09,동물_가축사육업.csv
구미시,선화양돈단지,돼지,경상북도 구미시 옥성면 산촌*길 **-**,,36.312535,128.237121,2026-05-12 10:58:10,동물_가축사육업.csv
구미시,금산농장,돼지,경상북도 구미시 장천면 장천금산*길 *,,36.161017,128.516485,2025-03-04 08:59:21,동물_가축사육업.csv
영주시,에덴농장,돼지,경상북도 영주시 문수면 승평로***번길 ***,,36.748843,128.621061,2017-11-20 11:22:56,동물_가축사육업.csv
영주시,세원양돈단지 영농조합법인,돼지,경상북도 영주시 장수면 용주로 ***,,36.784245,128.558739,2023-02-10 13:54:26,동물_가축사육업.csv
영주시,행복듦농장,돼지,경상북도 영주시 장수면 용주로 ***-**,,36.78553,128.557332,2026-03-04 09:27:31,동물_가축사육업.csv
영주시,거북농장,돼지,경상북도 영주시 단산면 옥대리 ***-*,,36.961913,128.622319,2022-01-04 16:22:46,동물_가축사육업.csv
영주시,영일 제2농장,돼지,경상북도 영주시 장수면 장안로 ***-**,,36.784166,128.572691,2017-02-02 21:20:26,동물_가축사육업.csv
영주시,삼성농장,돼지,경상북도 영주시 안정면 대평로***번길 **-*,,36.883142,128.561685,2016-08-01 11:02:39,동물_가축사육업.csv
영주시,마산농장,돼지,경상북도 영주시 풍기읍 죽령로 ****-**,,36.878846,128.492932,2019-09-25 09:44:39,동물_가축사육업.csv
영주시,칠백농장,돼지,경상북도 영주시 안정면 대룡산로 ***-**,,36.822552,128.561704,2023-11-21 15:47:38,동물_가축사육업.csv
영주시,동산농장,돼지,경상북도 영주시 조와로***번길 *** (조와동),,36.867525,128.622124,2025-07-10 11:52:54,동물_가축사육업.csv
영주시,부궁농장,돼지,경상북도 영주시 장수면 반구로 ***,,36.77185,128.592775,2017-03-28 14:49:41,동물_가축사육업.csv
영주시,금강2농장,돼지,경상북도 영주시 안정면 회헌로 ***-**,,36.866172,128.593889,2023-09-06 13:21:58,동물_가축사육업.csv
영주시,삼익농장,돼지,경상북도 영주시 안정면 안정로***번길 ***-**,,36.863554,128.566457,2023-02-10 11:13:34,동물_가축사육업.csv
영주시,농업회사법인 주식회사 해원,돼지,"경상북도 영주시 단산면 동원리 산 ** 산**-*, ***, ***",,36.880925,128.625431,2025-06-18 15:56:24,동물_가축사육업.csv
영주시,억세농장,돼지,경상북도 영주시 장수면 갈미로 ***-*,,36.772936,128.552702,2023-11-30 11:18:34,동물_가축사육업.csv
영주시,금강농장,돼지,경상북도 영주시 단산면 영단로**번길 **-**,,36.960058,128.623623,2023-01-11 15:16:11,동물_가축사육업.csv
영주시,삼원농장,돼지,"경상북도 영주시 단산면 동원리 *** ,***-*,***-*,***-*,***-**,***-**,***-*,***,***,***-*번지",,36.876986,128.606663,2025-07-10 11:11:26,동물_가축사육업.csv
영주시,유화농장,돼지,경상북도 영주시 순흥면 소백로****번길 **-**,,36.900474,128.546561,2021-01-26 14:08:52,동물_가축사육업.csv
영주시,농업회사법인 주식회사 백리,돼지,경상북도 영주시 풍기읍 백리길***번길 **-**,,36.887923,128.511362,2025-06-04 09:46:47,동물_가축사육업.csv
영주시,고마워돼지,돼지,경상북도 영주시 부석면 용암로 ***-**,,36.979346,128.687535,2018-05-17 16:35:04,동물_가축사육업.csv
영주시,행복2농장,돼지,경상북도 영주시 장수면 장수로 ***-**,,36.801963,128.558233,2018-07-23 15:47:58,동물_가축사육업.csv
영주시,영일양돈,돼지,경상북도 영주시 장수면 장수로 ***-**,,36.782153,128.585818,2018-11-15 10:28:21,동물_가축사육업.csv
영주시,덕암2농장,돼지,경상북도 영주시 장수면 장수로***번길 **,,36.787121,128.600824,2023-03-23 16:05:05,동물_가축사육업.csv
영주시,수형농장,돼지,경상북도 영주시 안정면 장안로 ***-**,,36.824625,128.566866,2022-10-21 15:02:29,동물_가축사육업.csv
영주시,대영농장,돼지,경상북도 영주시 의상로 ***-* (상망동),,36.857842,128.639365,2022-12-16 19:07:22,동물_가축사육업.csv
영주시,안정축산,돼지,"경상북도 영주시 안정면 용산리 *** ,***-*,***,***-*,***-*,***-**,***-**,***-**,***-**번지",,36.803859,128.539851,2024-12-23 18:20:32,동물_가축사육업.csv
영주시,용승농장,돼지,경상북도 영주시 안정면 용주로 ***-**,,36.805441,128.530421,2022-07-20 08:56:26,동물_가축사육업.csv
영주시,신우축산,돼지,경상북도 영주시 장수면 장수로 ***,,36.797517,128.570635,2019-12-31 09:22:44,동물_가축사육업.csv
영주시,용마농장,돼지,경상북도 영주시 안정면 대룡산로 ***-**,,36.813551,128.554627,2021-08-02 08:17:35,동물_가축사육업.csv
영주시,삼익 2농장,돼지,경상북도 영주시 안정면 안정로***번길 ***-**,,36.863909,128.566908,2023-02-10 11:19:58,동물_가축사육업.csv
영주시,세인츠팜,돼지,경상북도 영주시 장수면 용주로 ***,,36.784245,128.558739,2025-07-10 11:07:20,동물_가축사육업.csv
영주시,유화축산,돼지,경상북도 영주시 장수면 장수로***번길 **,,36.781151,128.599747,2023-11-30 11:08:23,동물_가축사육업.csv
영주시,행복농장,돼지,경상북도 영주시 장수면 장수로***번길 **-**,,36.794165,128.563028,2018-07-23 15:49:25,동물_가축사육업.csv
영주시,장수농장,돼지,경상북도 영주시 장수면 반구로 *-**,,36.777307,128.585387,2020-08-19 16:06:19,동물_가축사육업.csv
영주시,도솔농장,돼지,경상북도 영주시 안정면 대룡산로 ***-**,,36.820076,128.562574,2022-01-18 17:49:14,동물_가축사육업.csv
영천시,성실농장,돼지,경상북도 영천시 금호읍 거여로 ***-**,,35.919467,128.915782,2023-11-08 14:52:37,동물_가축사육업.csv
영천시,제이농장,돼지,경상북도 영천시 고경면 삼귀리 *** 외*필,,35.947064,129.061798,2023-02-14 10:25:56,동물_가축사육업.csv
영천시,청산농장,돼지,경상북도 영천시 고경면 청정길 ***-*,,35.990352,129.107571,2019-12-22 11:33:54,동물_가축사육업.csv
영천시,석산3농장,돼지,경상북도 영천시 고경면 호국로 ***-***,,35.999272,128.998597,2019-10-18 11:24:09,동물_가축사육업.csv
영천시,활보농장,돼지,"경상북도 영천시 고경면 가수리 ***-* 번지외 *필(***-*, ***-*, ***-**)",,36.001922,129.085251,2023-08-07 13:26:10,동물_가축사육업.csv
영천시,임마누엘농장,돼지,경상북도 영천시 고경면 모시밭길 *** (외 *필),,35.996142,129.098003,2018-05-01 18:05:07,동물_가축사육업.csv
영천시,은혜축산,돼지,경상북도 영천시 청통면 애련길 ***-**,,36.000534,128.808072,2025-11-19 16:41:54,동물_가축사육업.csv
영천시,원화축산,돼지,"경상북도 영천시 금호읍 남성길 ***-**, (외*필)",,35.90252,128.871237,2022-01-25 11:00:27,동물_가축사육업.csv
영천시,구일농장,돼지,경상북도 영천시 화남면 귀호*길 ***,,36.0652,128.865773,2023-12-19 14:09:24,동물_가축사육업.csv
영천시,석산농장,돼지,경상북도 영천시 고경면 상계로 ***,,36.00395,129.095867,2023-01-17 09:57:21,동물_가축사육업.csv
영천시,지덕농장,돼지,경상북도 영천시 신녕면 구디티길 **-**,,36.030659,128.791426,2023-07-25 13:51:33,동물_가축사육업.csv
영천시,신대농장,돼지,경상북도 영천시 북안면 운북로 ****-**,,35.88119,129.005384,2022-11-09 18:18:59,동물_가축사육업.csv
영천시,성현농장,돼지,경상북도 영천시 청통면 망지*길 **,,36.011474,128.820228,2026-05-13 10:31:23,동물_가축사육업.csv
영천시,푸르담농장,돼지,경상북도 영천시 고경면 거곡로 ***,,35.9622,128.995702,2024-02-08 17:28:39,동물_가축사육업.csv
영천시,대성농장,돼지,"경상북도 영천시 고경면 창상리 ***-* 외 *필(***-*, ***-*, ***-*)",,35.995722,128.979979,2024-12-03 09:45:24,동물_가축사육업.csv
영천시,룸비니농장,돼지,경상북도 영천시 청통면 애련길 **,,35.998713,128.811753,2021-12-07 09:00:24,동물_가축사육업.csv
영천시,G farm CS,돼지,경상북도 영천시 청통면 금송로 ***-**,,35.968343,128.820429,2023-10-12 17:42:51,동물_가축사육업.csv
영천시,대성농장,돼지,경상북도 영천시 청통면 용내길 ***-**,,36.014111,128.829239,2021-05-17 13:43:10,동물_가축사육업.csv
영천시,청계농장,돼지,경상북도 영천시 청통면 망지*길 **,,36.011055,128.82402,2021-01-11 13:44:19,동물_가축사육업.csv
영천시,창바우농장,돼지,경상북도 영천시 고경면 호국로 ***-***,,35.999937,128.998639,2015-05-13 20:11:25,동물_가축사육업.csv
영천시,선진농장,돼지,경상북도 영천시 금호읍 거여로 ***-** (외 *필),,35.920529,128.90913,2016-12-29 14:17:25,동물_가축사육업.csv
영천시,용천농장,돼지,경상북도 영천시 청통면 용내길 ***-**,,36.015017,128.829226,2019-03-21 16:51:24,동물_가축사육업.csv
영천시,더불어농장,돼지,경상북도 영천시 고경면 모시밭길 ***,,35.995224,129.099398,2018-12-26 17:30:18,동물_가축사육업.csv
영천시,일출농장,돼지,경상북도 영천시 청통면 용내길 ***-** (외*필),,36.016423,128.828541,2016-04-29 13:26:39,동물_가축사육업.csv
영천시,대의농장,돼지,경상북도 영천시 고경면 대의리 *** 외*필(***-*),,35.961349,128.995011,2020-07-30 09:39:11,동물_가축사육업.csv
영천시,미래농장,돼지,경상북도 영천시 청통면 용내길 ***,,36.011675,128.828345,2017-10-26 18:07:44,동물_가축사육업.csv
영천시,전원농장,돼지,경상북도 영천시 금호읍 거여로 ***-** (외*필),,35.920735,128.910665,2021-05-17 13:48:29,동물_가축사육업.csv
영천시,새우리농장,돼지,"경상북도 영천시 임고면 고천리 ***-** 외*필(***-**,***)",,36.024019,128.99952,2024-06-13 13:29:22,동물_가축사육업.csv
영천시,미래농장,돼지,경상북도 영천시 청통면 애련길 ***-**,,36.000151,128.808657,2025-11-03 14:07:56,동물_가축사육업.csv
영천시,대광농장,돼지,경상북도 영천시 임고면 신방로 **-**,,36.052727,129.010296,2025-05-21 11:08:42,동물_가축사육업.csv
영천시,민지농장,돼지,경상북도 영천시 신녕면 가천리 ***,,36.061835,128.790899,2022-12-26 17:39:50,동물_가축사육업.csv
영천시,새우리2농장,돼지,경상북도 영천시 임고면 운주로 ***-***,,36.024013,128.998799,2026-05-21 16:02:15,동물_가축사육업.csv
영천시,전원농장,돼지,경상북도 영천시 청통면 금송로 ***-**,,35.982936,128.820526,2022-08-10 18:03:44,동물_가축사육업.csv
영천시,한결농장,돼지,경상북도 영천시 금호읍 거여로 **-**,,35.925663,128.896283,2023-05-25 18:12:58,동물_가축사육업.csv
영천시,송림양돈제1농장,돼지,경상북도 영천시 북안면 돌할매로 ***-**,,35.927344,129.018245,2023-09-12 09:19:06,동물_가축사육업.csv
영천시,현대농장,돼지,경상북도 영천시 화남면 삼창리 *,,36.07252,128.901936,2023-02-08 17:43:39,동물_가축사육업.csv
영천시,일출3농장,돼지,"경상북도 영천시 청통면 용천리 ***-* 외 *필(***,***-*,***-*,***-*,***-*,***-*)",,36.019607,128.826365,2024-11-22 08:28:05,동물_가축사육업.csv
영천시,송림양돈제3농장,돼지,경상북도 영천시 북안면 신평탑골길 **-**,,35.893374,129.019742,2025-02-27 15:11:19,동물_가축사육업.csv
영천시,중원농장,돼지,경상북도 영천시 대창면 영지길 **-**,,35.865589,128.918045,2026-03-03 22:43:26,동물_가축사육업.csv
영천시,오성농장,돼지,경상북도 영천시 고경면 청정길 ***,,35.990825,129.107242,2020-04-20 13:57:24,동물_가축사육업.csv
영천시,태하축산,돼지,경상북도 영천시 화북면 자천리 ***,,36.111893,128.925346,2018-04-19 11:31:56,동물_가축사육업.csv
영천시,창바우농장,돼지,경상북도 영천시 고경면 호국로 ***-***,,36.001218,129.001463,2019-10-18 11:30:24,동물_가축사육업.csv
영천시,수호농장,돼지,경상북도 영천시 고경면 단포구보길 **,,35.971711,128.972628,2020-07-14 13:26:42,동물_가축사육업.csv
영천시,우농장,돼지,경상북도 영천시 신녕면 원낙길 **,,36.071802,128.758259,2023-03-23 18:12:52,동물_가축사육업.csv
영천시,황금농장,돼지,경상북도 영천시 고경면 청정길 ***-**,,35.988796,129.108797,2025-10-13 10:41:20,동물_가축사육업.csv
영천시,SF농장,돼지,경상북도 영천시 금호읍 거여로 ***-**,,35.919608,128.91468,2023-12-13 11:46:20,동물_가축사육업.csv
영천시,육일농장,돼지,"경상북도 영천시 대창면 대창리 *** 외 *필(***,***-*,***,***,***)",,35.885373,128.896245,2021-12-06 13:08:35,동물_가축사육업.csv
영천시,도천축산,돼지,"경상북도 영천시 북안면 신평탑골길 **-* (***-*, ***-*, ***-*)",,35.891873,129.018779,2022-07-07 15:44:43,동물_가축사육업.csv
영천시,죽곡농장,돼지,경상북도 영천시 화남면 신선로 *** (외 *필),,36.0507,128.95279,2017-01-05 21:02:56,동물_가축사육업.csv
영천시,이상농장,돼지,경상북도 영천시 북안면 신평탑골길 **-**,,35.892457,129.019224,2025-06-02 17:25:42,동물_가축사육업.csv
영천시,예찬농장,돼지,경상북도 영천시 화산면 신화로 ***-** (외 **필지),,36.04835,128.847746,2025-02-20 18:02:24,동물_가축사육업.csv
영천시,명성농장,돼지,경상북도 영천시 대창면 금창로 ***,,35.890758,128.89112,2026-04-20 13:39:06,동물_가축사육업.csv
영천시,일출2농장,돼지,경상북도 영천시 청통면 용내길 ***-**,,36.016236,128.82716,2024-11-22 08:28:59,동물_가축사육업.csv
영천시,말밭농장,돼지,경상북도 영천시 청통면 신덕리 ***-* 외**필지,,35.977716,128.864774,2019-04-18 18:38:36,동물_가축사육업.csv
영천시,석산영농조합법인,돼지,"경상북도 영천시 고경면 모시밭길 **-** (외 *필(**,**-**,**-**))",,35.996484,129.091946,2017-01-11 11:43:45,동물_가축사육업.csv
영천시,봉무농장,돼지,경상북도 영천시 청통면 솔밭길 *,,36.016298,128.797647,2015-09-30 14:57:54,동물_가축사육업.csv
영천시,말밭2농장,돼지,경상북도 영천시 청통면 신덕*길 **,,35.980477,128.86767,2024-03-29 09:15:08,동물_가축사육업.csv
영천시,계명농장,돼지,경상북도 영천시 청통면 신덕길 **,,35.981398,128.860973,2021-03-27 12:28:17,동물_가축사육업.csv
영천시,남영농장,돼지,경상북도 영천시 북안면 신평탑골길 **-***,,35.887142,129.021173,2024-02-21 14:01:33,동물_가축사육업.csv
영천시,금호농장,돼지,경상북도 영천시 금호읍 삼호리 **-* 외 *필,,35.92022,128.882831,2025-04-22 16:26:19,동물_가축사육업.csv
영천시,한얼농장,돼지,경상북도 영천시 청통면 한티길 ***,,35.971805,128.834526,2017-12-23 17:40:33,동물_가축사육업.csv
영천시,성현농장,돼지,경상북도 영천시 청통면 구정길 **-*,,35.97303,128.825677,2016-08-16 13:48:26,동물_가축사육업.csv
영천시,후니네 농장,돼지,"경상북도 영천시 금호읍 황정리 ***-* 외 *필(***-*,-*,-*,-**,***-**,-***)",,35.919274,128.909371,2020-02-17 15:33:43,동물_가축사육업.csv
영천시,환희농장,돼지,경상북도 영천시 화북면 연지안길 **-**,,36.149286,128.921094,2018-04-05 12:31:55,동물_가축사육업.csv
영천시,비원농장,돼지,경상북도 영천시 북안면 팔암길 **-*,,35.910747,129.006377,2025-03-25 10:03:39,동물_가축사육업.csv
영천시,경북농장,돼지,경상북도 영천시 대창면 성갈길 **,,35.885765,128.895549,2021-05-26 10:17:11,동물_가축사육업.csv
영천시,대천농장,돼지,경상북도 영천시 고경면 청정길 ***,,35.99167,129.106142,2021-02-08 10:57:47,동물_가축사육업.csv
영천시,송림양돈제2농장,돼지,"경상북도 영천시 북안면 효리 ***-* 외**필(***,*,*,-*,-*,**,**,**,-*,-*,**,**,**,**,-*,**,**-*,-*, -*,***)동",,35.886103,129.023183,2023-06-05 18:45:35,동물_가축사육업.csv
영천시,(주)새빛농장,돼지,"경상북도 영천시 대창면 영지길 ***-** (외*필지(****,****,산***-*,용호리 산**-*))",,35.853043,128.929122,2024-10-21 15:32:34,동물_가축사육업.csv
영천시,농업회사법인 주식회사 산수골 영천지점,돼지,경상북도 영천시 화남면 월곡길 ***,,36.099118,128.902109,2026-06-25 15:53:14,동물_가축사육업.csv
영천시,성현1농장,돼지,경상북도 영천시 화산면 대안*길 ***,,36.030436,128.81208,2018-05-11 11:22:23,동물_가축사육업.csv
영천시,삼원농장,돼지,경상북도 영천시 금호읍 냉천리 ***-* 외 *필지,,35.925343,128.881361,2023-02-10 09:18:32,동물_가축사육업.csv
영천시,(주)장원농장,돼지,"경상북도 영천시 청통면 용천리 ***-* 외*필(***-*,-*,***-*,***-*,***-*,***-*,-*,-**,-**)",,36.014615,128.829562,2023-10-12 17:35:53,동물_가축사육업.csv
영천시,고지농장,돼지,경상북도 영천시 북안면 운북로 **** (외 *필),,35.905059,129.011578,2025-12-04 13:14:13,동물_가축사육업.csv
영천시,대림농장,돼지,경상북도 영천시 고경면 호국로 ****-***,,36.001916,129.087006,2019-05-13 09:09:30,동물_가축사육업.csv
영천시,에덴농장,돼지,경상북도 영천시 금호읍 거여로 ***-***,,35.919927,128.919085,2018-08-17 13:34:03,동물_가축사육업.csv
영천시,활암농장,돼지,경상북도 영천시 금호읍 냉천리 ***-*,,35.925265,128.88236,2024-08-19 15:36:33,동물_가축사육업.csv
영천시,샛별농장,돼지,경상북도 영천시 신녕면 장수로 ****-*,,36.030283,128.801541,2021-01-11 13:46:26,동물_가축사육업.csv
영천시,농업회사법인창원주식회사,돼지,경상북도 영천시 청통면 용내길 ***-**,,36.015529,128.830031,2025-10-20 10:32:43,동물_가축사육업.csv
상주시,웰돈농장 2농장,돼지,경상북도 상주시 공검면 역곡*길 **-**,,36.532923,128.157993,2026-02-02 16:31:33,동물_가축사육업.csv
상주시,부강농장,돼지,경상북도 상주시 청리면 청상*길 **,,36.329191,128.157711,2024-05-14 15:58:45,동물_가축사육업.csv
상주시,화서농장,돼지,경상북도 상주시 화서면 신봉진다리길 **-**,,36.440596,127.971064,2020-02-07 13:50:28,동물_가축사육업.csv
상주시,상주농장 농업회사법인 주식회사,돼지,경상북도 상주시 공성면 석단로 ***-**,,36.323002,128.068154,2024-03-11 14:00:28,동물_가축사육업.csv
상주시,부성농장,돼지,경상북도 상주시 죽전길 ***-** (죽전동),,36.446812,128.173351,2026-02-04 09:45:07,동물_가축사육업.csv
상주시,제2 영진농장,돼지,경상북도 상주시 이안면 지너매길 **,,36.563776,128.160542,2016-11-14 10:00:18,동물_가축사육업.csv
상주시,재현농장,돼지,경상북도 상주시 중동면 오상리 ***-*,,36.436159,128.274537,2017-03-21 14:11:51,동물_가축사육업.csv
상주시,계림축산,돼지,"경상북도 상주시 이안면 대현리 *** , ***",,36.556477,128.095103,2025-11-26 17:37:09,동물_가축사육업.csv
상주시,대현농장,돼지,경상북도 상주시 이안면 사실로 ***-*,,36.550696,128.092889,2024-02-02 18:03:34,동물_가축사육업.csv
상주시,서평농장,돼지,경상북도 상주시 공성면 영오*길 **-**,,36.250609,128.073229,2025-11-25 10:05:19,동물_가축사육업.csv
상주시,낙동농장,돼지,경상북도 상주시 낙동면 삼봉로 ***,,36.356962,128.232995,2023-02-17 10:42:37,동물_가축사육업.csv
상주시,대조농장,돼지,경상북도 상주시 함창읍 새잼이길 **-**,,36.580955,128.16314,2024-03-08 10:10:38,동물_가축사육업.csv
상주시,자래농장,돼지,경상북도 상주시 낙동면 삼봉로 ***,,36.360612,128.233983,2025-05-08 09:41:33,동물_가축사육업.csv
상주시,회상농장,돼지,경상북도 상주시 중동면 덕암로 ***-**,,36.453261,128.271685,2015-12-14 14:11:14,동물_가축사육업.csv
상주시,흥룡농장,돼지,경상북도 상주시 화동면 팔음로 ****-**,,36.383707,127.94323,2025-11-13 10:57:20,동물_가축사육업.csv
상주시,농업회사법인(주)돈돈,돼지,경상북도 상주시 오대*길 **-**(흥각동),,36.382047,128.169471,2022-04-29 14:42:43,동물_가축사육업.csv
상주시,미성농장,돼지,경상북도 상주시 함창읍 신덕*길 ***,,36.52676,128.195025,2021-03-09 10:30:00,동물_가축사육업.csv
상주시,대현농장,돼지,경상북도 상주시 이안면 사실로 ***-*,,36.551826,128.091684,2025-05-08 09:42:31,동물_가축사육업.csv
상주시,수진이농장,돼지,경상북도 상주시 낙동면 삼봉로 ***-**,,36.359299,128.235167,2017-07-15 16:07:58,동물_가축사육업.csv
상주시,만금농장,돼지,경상북도 상주시 문필로 ***-** (지천동),,36.381042,128.1553,2020-07-28 15:58:15,동물_가축사육업.csv
상주시,초오농장,돼지,경상북도 상주시 공성면 초오리 ***-**,,36.299479,128.099537,2024-06-23 12:25:55,동물_가축사육업.csv
상주시,경북대학교 생태환경대학,돼지,경상북도 상주시 존애원로 ** (가장동),,36.373191,128.14001,2024-08-27 17:33:02,동물_가축사육업.csv
상주시,현대농장,돼지,"경상북도 상주시 청리면 월로리 ***-*, ***-*, ***-*, ***-*",,36.340001,128.140272,2024-04-24 09:03:05,동물_가축사육업.csv
상주시,청하농장,돼지,경상북도 상주시 청리면 마공공단로 **-**,,36.328019,128.127333,2023-12-07 17:56:40,동물_가축사육업.csv
상주시,수호농장,돼지,경상북도 상주시 복룡동 **-*,,36.42665,128.192391,2019-12-26 17:35:35,동물_가축사육업.csv
상주시,백전농장,돼지,경상북도 상주시 외서면 가곡백전길 ***-**,,36.46603,128.114764,2026-05-22 13:12:17,동물_가축사육업.csv
상주시,대포농장,돼지,"경상북도 상주시 모서면 대포리 **-* , **-*, **-*, **-*",,36.364432,128.019246,2024-02-29 18:41:36,동물_가축사육업.csv
상주시,이안농장,돼지,경상북도 상주시 이안면 북상주로 ****,,36.539902,128.158482,2024-01-03 10:03:57,동물_가축사육업.csv
상주시,모아농장,돼지,"경상북도 상주시 은척면 우기리 *** , ***-*, ***",,36.54265,128.078072,2024-04-24 10:19:26,동물_가축사육업.csv
상주시,가장농장,돼지,경상북도 상주시 문필로 ***-** (지천동),,36.382571,128.155898,2022-06-09 20:35:28,동물_가축사육업.csv
상주시,호성이농장,돼지,경상북도 상주시 낙동면 유곡리 ***-*,,36.359253,128.234669,2023-06-28 11:54:11,동물_가축사육업.csv
상주시,대성2농장,돼지,"경상북도 상주시 청리면 덕산리 **-* , **, **-*, **-*",,36.344774,128.113013,2023-12-11 14:09:36,동물_가축사육업.csv
상주시,한수양돈,돼지,경상북도 상주시 내서면 백화로 ****,,36.388925,128.034747,2022-09-13 10:52:05,동물_가축사육업.csv
상주시,성심농장,돼지,경상북도 상주시 공검면 역곡*길 **,,36.530284,128.159677,2014-05-15 13:51:16,동물_가축사육업.csv
상주시,농업회사법인 (주)선진한마을,돼지,경상북도 상주시 낙동면 분황리 ** 외 *필지(**),,36.402567,128.266464,2024-03-04 17:09:18,동물_가축사육업.csv
상주시,부성2농장,돼지,경상북도 상주시 청리면 청상리 ***,,36.32692,128.15628,2019-12-26 17:28:18,동물_가축사육업.csv
상주시,금당농장,돼지,경상북도 상주시 중동면 상주다인로 ***-** (외*필),,36.41808,128.316303,2025-05-08 09:58:22,동물_가축사육업.csv
상주시,농업회사법인유리팜주식회사상주농장,돼지,경상북도 상주시 공성면 골가실*길 ***-**,,36.309425,128.061739,2022-03-29 15:15:41,동물_가축사육업.csv
상주시,외남농장,돼지,"경상북도 상주시 외남면 신상리 *** ,***-*",,36.357159,128.094325,2024-09-26 18:18:54,동물_가축사육업.csv
상주시,영진농장,돼지,경상북도 상주시 청리면 청하*길 **,,36.328877,128.132766,2016-11-10 17:45:13,동물_가축사육업.csv
상주시,지성농장,돼지,"경상북도 상주시 중덕지남길 *** (죽전동,외 *)",,36.444864,128.17668,2017-03-24 11:37:48,동물_가축사육업.csv
상주시,농업회사법인 다인(주),돼지,경상북도 상주시 이안면 문창*길 **-**,,36.579651,128.133995,2022-08-09 11:28:58,동물_가축사육업.csv
문경시,우리농장,돼지,경상북도 문경시 마성면 안늘목*길 **,,36.695873,128.140312,2021-10-27 13:35:10,동물_가축사육업.csv
문경시,문경농장,돼지,경상북도 문경시 산북면 운달로 ***-**,,36.68731,128.25891,2024-08-28 09:19:00,동물_가축사육업.csv
문경시,세정농장,돼지,경상북도 문경시 호계면 태봉*길 **-**,,36.645554,128.156427,2022-10-05 12:52:07,동물_가축사육업.csv
문경시,목화농장,돼지,경상북도 문경시 영순면 새발재길 **-**,,36.585753,128.227072,2017-05-31 11:01:21,동물_가축사육업.csv
문경시,문경양돈단지,돼지,경상북도 문경시 산북면 강동로 ***-**,,36.659054,128.291581,2023-02-20 10:43:09,동물_가축사육업.csv
문경시,한보축산 2농장,돼지,경상북도 문경시 호계면 선암길 **-*,,36.672696,128.224069,2024-08-23 16:16:11,동물_가축사육업.csv
문경시,화성농장,돼지,경상북도 문경시 호계면 가열*길 **-*,,36.646375,128.16996,2017-06-02 10:52:56,동물_가축사육업.csv
문경시,저음농장,돼지,경상북도 문경시 가은읍 저음리 *** 외*필지(***번지),,36.62515,128.095599,2019-04-10 16:26:20,동물_가축사육업.csv
문경시,새재농장,돼지,경상북도 문경시 문경읍 하푸실길 **-***,,36.746238,128.089858,2023-01-16 14:03:14,동물_가축사육업.csv
문경시,한보축산 1농장,돼지,경상북도 문경시 호계면 연역길 **,,36.660378,128.20615,2024-10-22 16:29:25,동물_가축사육업.csv
문경시,한성농장,돼지,경상북도 문경시 마성면 안늘목*길 **,,36.69524,128.139483,2017-06-02 15:46:39,동물_가축사육업.csv
문경시,세계농장,돼지,경상북도 문경시 산양면 산동로 ***-* (돈사(세계농장)),,36.634671,128.268355,2017-09-05 11:24:36,동물_가축사육업.csv
문경시,만통농장,돼지,경상북도 문경시 농암면 상신농장길 **,,36.574101,128.027157,2017-05-26 14:47:44,동물_가축사육업.csv
문경시,낙원농장(돼지),돼지,"경상북도 문경시 농암면 갈동길 ***, 갈동리***,***,***-**,***-**,***-**,***-**,***-**",,36.579494,128.013429,2019-11-26 09:51:51,동물_가축사육업.csv
문경시,자비농장,돼지,경상북도 문경시 산북면 운달로 ****-**,,36.758727,128.246584,2021-06-23 15:19:18,동물_가축사육업.csv
문경시,동성농장,돼지,경상북도 문경시 마성면 안늘목*길 **-*,,36.696727,128.141784,2021-09-16 18:10:30,동물_가축사육업.csv
문경시,농업회사법인주)서동아낙원양축,돼지,"경상북도 문경시 농암면 갈동길 ***, 갈동리***,***,***-**,***-**,***-**,***-**,***-**",,36.579494,128.013429,2026-03-13 11:20:02,동물_가축사육업.csv
문경시,창신농장,돼지,경상북도 문경시 동로면 석항명봉로 ***-*,,36.782763,128.351152,2024-10-10 16:22:07,동물_가축사육업.csv
문경시,마니팜,돼지,경상북도 문경시 가은읍 공단강변길 ***-*,,36.642086,128.088344,2023-03-21 15:01:53,동물_가축사육업.csv
문경시,신풍농장,돼지,경상북도 문경시 호계면 가섭길 ***,,36.677344,128.184323,2022-06-02 19:42:46,동물_가축사육업.csv
문경시,성원농장,돼지,경상북도 문경시 산북면 소정길 **-**,,36.726953,128.273008,2019-06-26 11:29:35,동물_가축사육업.csv
경산시,나라농장,돼지,경상북도 경산시 남천면 대명길*길 **-**,,35.773065,128.718409,2021-10-07 11:00:58,동물_가축사육업.csv
경산시,계림농장,돼지,경상북도 경산시 와촌면 용천길*길 ** (외*필지(***-*)),,35.920136,128.8498,2024-02-21 09:44:56,동물_가축사육업.csv
경산시,조양농장,돼지,경상북도 경산시 자인면 남신*길 ***,,35.839927,128.790152,2019-10-31 09:39:46,동물_가축사육업.csv
경산시,선우농장,돼지,경상북도 경산시 압량읍 당음길*길 **-** (외 *필지(***-*)),,35.833576,128.786683,2007-04-30 17:46:39,동물_가축사육업.csv
경산시,프라임 팜,돼지,경상북도 경산시 압량읍 해오름길 ***,,35.826067,128.788508,2025-08-22 13:30:58,동물_가축사육업.csv
경산시,신외석,돼지,경상북도 경산시 와촌면 박사리 ***-*,,35.963042,128.806992,2021-11-04 15:22:11,동물_가축사육업.csv
경산시,여천농장,돼지,경상북도 경산시 어봉지길 *** (여천동),,35.793553,128.789982,2024-02-01 11:26:22,동물_가축사육업.csv
경산시,그린팜,돼지,경상북도 경산시 용성면 육동로 ***-**,,35.770256,128.920991,2021-09-16 10:47:26,동물_가축사육업.csv
경산시,북사농장,돼지,경상북도 경산시 자인면 계정길 **-**,,35.819598,128.815161,2005-03-10 10:17:51,동물_가축사육업.csv
경산시,김삼농장,돼지,경상북도 경산시 압량읍 해오름길 ***-*,,35.825604,128.787818,2018-12-28 10:20:37,동물_가축사육업.csv
경산시,해오름 농업회사법인(주),돼지,경상북도 경산시 압량읍 해오름길 *-**,,35.820816,128.782246,2024-12-31 09:04:12,동물_가축사육업.csv
경산시,피엠포크경산유전자,돼지,경상북도 경산시 용성면 오산길 ***-*,,35.787982,128.871059,2019-09-02 13:40:34,동물_가축사육업.csv
경산시,유곡농장,돼지,경상북도 경산시 신천길 *** (유곡동),,35.800397,128.777872,2007-08-31 16:34:39,동물_가축사육업.csv
경산시,유곡목장,돼지,"경상북도 경산시 자인면 남신*길 ***-** (남신리***, ***-*)",,35.839639,128.791297,2015-07-08 09:03:54,동물_가축사육업.csv
경산시,당곡농장,돼지,경상북도 경산시 진량읍 진성로 **-*,,35.850721,128.806301,2017-12-05 15:09:12,동물_가축사육업.csv
경산시,가일농장,돼지,경상북도 경산시 압량읍 가일길**길 **-*,,35.838601,128.787426,2025-02-27 11:46:53,동물_가축사육업.csv
경산시,한씨농장,돼지,경상북도 경산시 압량읍 가일길 **,,35.837925,128.776216,2025-03-20 16:36:27,동물_가축사육업.csv
경산시,승화농장,돼지,경상북도 경산시 자인면 남신*길 ***-** (외 *필지(***-*)),,35.841295,128.79024,2021-11-30 13:19:55,동물_가축사육업.csv
경산시,덕유농장,돼지,"경상북도 경산시 압량읍 가일길**길 ** (외 *필지(**-*,**-*,**,**-*,**-*))",,35.842527,128.787999,2022-11-29 16:51:01,동물_가축사육업.csv
경산시,신월농장,돼지,경상북도 경산시 압량읍 해오름길 **-*,,35.823659,128.787668,2005-04-20 09:39:45,동물_가축사육업.csv
경산시,화랑의꿈,돼지,경상북도 경산시 남천면 대명길**길 **,,35.777637,128.713117,2026-06-29 09:12:31,동물_가축사육업.csv
경산시,원농장,돼지,경상북도 경산시 하양읍 환성로 ***,,35.932421,128.782345,2017-06-23 17:14:16,동물_가축사육업.csv
경산시,불메골농장,돼지,경상북도 경산시 진량읍 신상리 ***,,35.872111,128.822582,2005-12-28 14:07:36,동물_가축사육업.csv
경산시,대영농장,돼지,"경상북도 경산시 남산면 평기리 *** ,***-*",,35.758988,128.847587,2026-08-20 16:41:34,동물_가축사육업.csv
경산시,재화농장,돼지,경상북도 경산시 압량읍 강골*길 **,,35.835685,128.783961,2005-03-10 14:12:21,동물_가축사육업.csv
경산시,신라농장,돼지,경상북도 경산시 와촌면 와천동길 ***,,35.960726,128.832183,2020-03-06 13:50:42,동물_가축사육업.csv
경산시,농장,돼지,경상북도 경산시 압량읍 강골*길 **-*,,35.833838,128.781882,2008-04-10 19:03:09,동물_가축사육업.csv
경산시,불메골농장,돼지,경상북도 경산시 진량읍 다문리 ***-*,,35.872173,128.846852,2008-07-05 22:24:32,동물_가축사육업.csv
경산시,그린농장,돼지,경상북도 경산시 압량읍 해오름길 ***-**,,35.825366,128.787699,2019-03-12 10:14:36,동물_가축사육업.csv
경산시,김수용,돼지,경상북도 경산시 와촌면 박사강변로 **-*,,35.963652,128.805076,2014-06-30 17:55:02,동물_가축사육업.csv
경산시,형제농장,돼지,경상북도 경산시 압량읍 노선길 ***-** (외 *필지),,35.862108,128.763348,2025-03-20 16:34:51,동물_가축사육업.csv
경산시,청정농장,돼지,경상북도 경산시 와촌면 계전길*길 ***,,35.95411,128.851156,2019-10-17 17:07:25,동물_가축사육업.csv
경산시,봉무농장,돼지,경상북도 경산시 압량읍 해오름길 **-* (외*필지),,35.823659,128.787668,2021-11-29 17:37:52,동물_가축사육업.csv
경산시,청천농장,돼지,경상북도 경산시 하양읍 남하제방길 ***,,35.86955,128.759821,2021-05-20 13:50:28,동물_가축사육업.csv
경산시,경동농장,돼지,경상북도 경산시 남산면 서원천로 ***,,35.79188,128.847069,2021-03-11 09:53:05,동물_가축사육업.csv
경산시,경산농장,돼지,경상북도 경산시 진량읍 북리*길 ***-**,,35.884768,128.834377,2020-06-29 11:48:18,동물_가축사육업.csv
경산시,덕창농장,돼지,경상북도 경산시 남천면 대명길*길 **-**,,35.769885,128.719601,2021-12-07 15:28:31,동물_가축사육업.csv
경산시,서광농장,돼지,경상북도 경산시 압량읍 당음길*길 ** (외 *필지),,35.834453,128.788779,2025-03-20 16:35:47,동물_가축사육업.csv
경산시,푸른농장,돼지,경상북도 경산시 압량읍 당리리 ***-*,,35.818216,128.793014,2025-03-20 16:44:43,동물_가축사육업.csv
경산시,신화랑농장,돼지,경상북도 경산시 압량읍 가일길**길 **-*,,35.83862,128.788701,2025-03-20 16:34:18,동물_가축사육업.csv
군위군,부광농장,돼지,대구광역시 군위군 효령면 새들길 ***,,36.130814,128.612992,2011-09-28 17:38:19,동물_가축사육업.csv
군위군,안심농장,돼지,대구광역시 군위군 효령면 새들길 **,,36.139454,128.601022,2016-06-07 15:08:11,동물_가축사육업.csv
군위군,대흥종돈장,돼지,대구광역시 군위군 군위읍 도군로 ****-**,,36.27426,128.54434,2025-07-10 15:27:42,동물_가축사육업.csv
군위군,우보종돈,돼지,대구광역시 군위군 우보면 선동길 **-**,,36.199365,128.687553,2021-12-28 14:17:36,동물_가축사육업.csv
군위군,율림농장,돼지,대구광역시 군위군 효령면 치산효령로 ****,,36.135974,128.607106,2014-01-17 16:31:00,동물_가축사육업.csv
군위군,범일농장,돼지,대구광역시 군위군 군위읍 대북길 **-**,,36.256924,128.558547,2025-04-23 17:53:32,동물_가축사육업.csv
군위군,이레농장,돼지,대구광역시 군위군 군위읍 도군로 ****-**,,36.249526,128.562592,2023-06-21 11:41:20,동물_가축사육업.csv
군위군,부강농장,돼지,대구광역시 군위군 부계면 치산효령로 ***-**,,36.081028,128.695962,2023-10-27 09:03:32,동물_가축사육업.csv
군위군,신한양농장,돼지,대구광역시 군위군 군위읍 내외량길 ***-*,,36.246154,128.542137,2023-04-26 16:16:43,동물_가축사육업.csv
군위군,농업회사법인 피그엔팜 3농장,돼지,대구광역시 군위군 군위읍 내외량길 ***-*,,36.248983,128.535066,2026-07-20 09:24:18,동물_가축사육업.csv
군위군,농업회사법인  피그엔팜 2농장,돼지,대구광역시 군위군 효령면 치산효령로 ****-**,,36.122772,128.619601,2026-07-20 09:40:04,동물_가축사육업.csv
군위군,새들농장,돼지,대구광역시 군위군 효령면 새들길 **,,36.140454,128.60037,2020-07-20 09:33:52,동물_가축사육업.csv
군위군,한양축산,돼지,대구광역시 군위군 군위읍 서금로 ***-**,,36.222298,128.561799,2022-07-13 09:07:27,동물_가축사육업.csv
군위군,외량농장,돼지,대구광역시 군위군 군위읍 양천길 **,,36.260968,128.540291,2021-12-08 17:49:04,동물_가축사육업.csv
군위군,지호누리팜,돼지,대구광역시 군위군 의흥면 연계지호길 ***,,36.167809,128.758535,2022-10-27 08:22:29,동물_가축사육업.csv
군위군,들판에 정원,돼지,대구광역시 군위군 의흥면 동부로 ****,,36.17449,128.699346,2022-09-07 09:15:31,동물_가축사육업.csv
군위군,산너머 숲속에,돼지,대구광역시 군위군 부계면 치산효령로 ***-**,,36.081785,128.6959,2024-03-06 14:46:03,동물_가축사육업.csv
군위군,이서팜,돼지,대구광역시 군위군 의흥면 동부로 ***-***,,36.168928,128.73369,2025-09-01 18:48:54,동물_가축사육업.csv
군위군,거화축산,돼지,대구광역시 군위군 효령면 장기길 ***-**,,36.126839,128.582144,2024-04-01 09:30:45,동물_가축사육업.csv
군위군,오케이축산,돼지,대구광역시 군위군 군위읍 내외량길 ***-**,,36.245232,128.544412,2019-11-01 13:25:06,동물_가축사육업.csv
군위군,봉천농장,돼지,대구광역시 군위군 우보면 수서*길 **-**,,36.185991,128.691448,2017-03-29 11:23:52,동물_가축사육업.csv
군위군,흥진농장,돼지,대구광역시 군위군 효령면 장군로 ****-**,,36.120285,128.618945,2022-03-04 08:55:38,동물_가축사육업.csv
군위군,이화농장,돼지,대구광역시 군위군 우보면 수서*길 **-***,,36.191528,128.689132,2014-02-04 11:52:18,동물_가축사육업.csv
군위군,신일농장,돼지,대구광역시 군위군 효령면 불로길 **,,36.164519,128.566138,2019-05-22 14:04:27,동물_가축사육업.csv
군위군,한실축산,돼지,대구광역시 군위군 효령면 한실길 **,,36.10671,128.583192,2023-03-22 15:14:27,동물_가축사육업.csv
군위군,서산농장,돼지,대구광역시 군위군 군위읍 사직*길 **-**,,36.229006,128.561599,2016-09-26 14:04:01,동물_가축사육업.csv
군위군,백연농장,돼지,대구광역시 군위군 군위읍 도군로 ****-**,,36.252011,128.563272,2019-06-21 13:36:16,동물_가축사육업.csv
군위군,해금농장,돼지,대구광역시 군위군 소보면 봉내길 ***,,36.273544,128.49302,2024-09-03 13:50:15,동물_가축사육업.csv
군위군,골드농장,돼지,대구광역시 군위군 효령면 경북대로 ****-*,,36.144282,128.592383,2020-01-08 15:11:40,동물_가축사육업.csv
군위군,선감농장,돼지,대구광역시 군위군 의흥면 원산금양길 **-**,,36.16832,128.716873,2021-09-06 17:35:38,동물_가축사육업.csv
군위군,이화양돈,돼지,대구광역시 군위군 의흥면 배태길 ***-**,,36.161128,128.743304,2023-12-26 15:18:44,동물_가축사육업.csv
군위군,대성농장,돼지,대구광역시 군위군 효령면 장기길 ***,,36.143086,128.595879,2021-03-17 13:11:09,동물_가축사육업.csv
군위군,(주)한돈농업회사법인,돼지,대구광역시 군위군 삼국유사면 안용아길 ***,,36.14592,128.791314,2024-05-07 15:27:34,동물_가축사육업.csv
군위군,농업회사법인 피그엔팜 본장,돼지,대구광역시 군위군 군위읍 무성*길 **-**,,36.185935,128.569532,2026-07-20 15:43:37,동물_가축사육업.csv
군위군,농업회사법인 주식회사 산수골군위,돼지,대구광역시 군위군 효령면 불곡길 **-*,,36.160433,128.570384,2023-08-29 13:06:57,동물_가축사육업.csv
군위군,피그스토리(군위),돼지,대구광역시 군위군 효령면 장군로 ****-**,,36.120084,128.617808,2024-12-18 11:16:08,동물_가축사육업.csv
군위군,대신축산,돼지,대구광역시 군위군 의흥면 원산금양길 ***-** (외),,36.129823,128.748994,2016-11-24 13:14:28,동물_가축사육업.csv
군위군,대성농장,돼지,대구광역시 군위군 군위읍 양천길 ***-** (외 *필지),,36.245774,128.542626,2024-05-30 15:58:45,동물_가축사육업.csv
군위군,원산농장,돼지,대구광역시 군위군 의흥면 배태길 ***,,36.163108,128.741154,2019-08-01 11:37:27,동물_가축사육업.csv
군위군,원산농장,돼지,대구광역시 군위군 군위읍 수서사직길 ***-**,,36.225229,128.561369,2022-08-31 18:53:34,동물_가축사육업.csv
군위군,농업회사법인(주)명성,돼지,대구광역시 군위군 군위읍 수서사직길 **-**,,36.219535,128.559923,2025-06-20 14:42:07,동물_가축사육업.csv
군위군,대한농장,돼지,대구광역시 군위군 소보면 내의길 ***,,36.290693,128.498898,2017-11-22 16:25:05,동물_가축사육업.csv
의성군,동명2농장,돼지,경상북도 의성군 다인면 단북다인로 ****-**,,36.445747,128.349491,2020-07-21 16:09:37,동물_가축사육업.csv
의성군,자유농장,돼지,경상북도 의성군 단촌면 마들길 **,,36.429395,128.716089,2024-06-13 12:54:09,동물_가축사육업.csv
의성군,황금농장,돼지,"경상북도 의성군 단촌면 장림리 *** ,***-*,***,***-*",,36.404503,128.627972,2020-08-09 15:16:21,동물_가축사육업.csv
의성군,농업회사법인(주) 산수골군위 의성지점,돼지,경상북도 의성군 단밀면 낙정리 **-*,,36.344922,128.314952,2023-08-28 10:21:28,동물_가축사육업.csv
의성군,농업회사법인구룡축산(주) 제3농장,돼지,"경상북도 의성군 다인면 가원리 ***-* , ***-*, ***-**",,36.438464,128.366134,2020-04-24 11:49:54,동물_가축사육업.csv
의성군,중리농장,돼지,경상북도 의성군 의성읍 의성길안로 ***-*,,36.362809,128.710902,2014-02-14 14:37:08,동물_가축사육업.csv
의성군,신한 농장,돼지,경상북도 의성군 봉양면 신평리 ***,,36.283296,128.572262,2017-02-17 18:37:38,동물_가축사육업.csv
의성군,일송농장,돼지,경상북도 의성군 점곡면 명고길 **-***,,36.38234,128.742777,2020-11-06 18:00:03,동물_가축사육업.csv
의성군,시안 농장,돼지,경상북도 의성군 안계면 시안*길 **,,36.395974,128.430534,2022-11-30 14:36:43,동물_가축사육업.csv
의성군,서산팜스,돼지,경상북도 의성군 구천면 위성*길 ***-*,,36.342946,128.458313,2025-01-02 13:37:10,동물_가축사육업.csv
의성군,농업회사법인구룡축산(주) 제1농장,돼지,"경상북도 의성군 단북면 연제리 *** , ***-**, ***-**, ***-**, ***-*",,36.394929,128.40805,2022-07-28 15:04:06,동물_가축사육업.csv
의성군,농업회사법인 다인(주),돼지,경상북도 의성군 다인면 서부로 ****-**,,36.428172,128.385362,2022-05-23 10:24:13,동물_가축사육업.csv
의성군,경완 농장,돼지,경상북도 의성군 구천면 소보안계로 ****-**,,36.365429,128.425945,2025-02-19 15:40:02,동물_가축사육업.csv
의성군,금성농장,돼지,경상북도 의성군 금성면 도경*길 ***-*,,36.227064,128.667719,2017-02-22 18:28:26,동물_가축사육업.csv
의성군,솔개농장,돼지,경상북도 의성군 단촌면 경북대로 ****-**,,36.406157,128.678037,2016-07-01 09:08:44,동물_가축사육업.csv
의성군,은광 농장,돼지,경상북도 의성군 신평면 절골길 **-**,,36.479063,128.490231,2025-12-12 14:12:45,동물_가축사육업.csv
의성군,성안농장,돼지,경상북도 의성군 비안면 용재길 ***-***,,36.306268,128.504578,2023-12-06 15:45:59,동물_가축사육업.csv
의성군,은광2농장,돼지,"경상북도 의성군 단촌면 장림리 *** ,***,***-*,***-*,***-*",,36.407172,128.634649,2020-07-07 13:46:11,동물_가축사육업.csv
의성군,선지양돈장,돼지,경상북도 의성군 금성면 동부로 ****-**,,36.224393,128.675205,2017-01-20 17:42:16,동물_가축사육업.csv
의성군,골드팜,돼지,경상북도 의성군 금성면 개일길 **,,36.217718,128.676028,2023-10-18 10:10:55,동물_가축사육업.csv
의성군,작약농장,돼지,경상북도 의성군 의성읍 오로리 ***,,36.332778,128.702745,2018-05-11 11:13:36,동물_가축사육업.csv
의성군,농업회사법인 유한회사 한 피그,돼지,경상북도 의성군 단밀면 낙정리 ** 외 *필지(**-*),,36.346938,128.327143,2025-04-30 09:07:54,동물_가축사육업.csv
의성군,원당농장,돼지,경상북도 의성군 의성읍 원당*길 ***,,36.339105,128.661841,2018-11-16 09:55:52,동물_가축사육업.csv
의성군,광림축산,돼지,경상북도 의성군 비안면 이두*길 **,,36.341413,128.490625,2021-08-13 15:18:26,동물_가축사육업.csv
의성군,도옥 농장,돼지,경상북도 의성군 안평면 신안길 **-**,,36.34646,128.595499,2014-05-12 23:09:33,동물_가축사육업.csv
의성군,K팜 축산,돼지,경상북도 의성군 단촌면 후평들길 **-*,,36.436279,128.711065,2025-07-30 14:44:21,동물_가축사육업.csv
의성군,형제농장,돼지,"경상북도 의성군 비안면 화신리 *** ,***,***,***,****-*",,36.334081,128.546394,2021-04-11 14:41:07,동물_가축사육업.csv
의성군,삼영농장,돼지,"경상북도 의성군 다인면 서부로 ****-** (다인면 삼분리 ****-**, ****-*, ****-*)",,36.423753,128.388539,2017-01-02 18:30:12,동물_가축사육업.csv
의성군,수성농장,돼지,경상북도 의성군 금성면 도경리 ****-*,,36.225083,128.663661,2023-04-04 17:56:38,동물_가축사육업.csv
의성군,사곡오농장,돼지,경상북도 의성군 사곡면 토현*길 **,,36.311052,128.741133,2022-05-16 14:43:42,동물_가축사육업.csv
의성군,화신농장,돼지,경상북도 의성군 비안면 교화길 ****-**,,36.334288,128.546207,2022-02-05 11:15:10,동물_가축사육업.csv
의성군,강변축산,돼지,경상북도 의성군 구천면 위성*길 ***,,36.362302,128.46223,2025-05-26 16:00:42,동물_가축사육업.csv
의성군,농업회사법인 삼승스마트팜(주),돼지,경상북도 의성군 다인면 상주다인로 ****-**,,36.445395,128.340776,2023-03-28 21:15:38,동물_가축사육업.csv
의성군,영농조합법인 사곡양돈단지,돼지,"경상북도 의성군 사곡면 토현리 ***-* 외 *필지(***,***-*,***,***,***,***,***)",,36.310516,128.740477,2022-12-19 10:36:57,동물_가축사육업.csv
의성군,동명축산,돼지,경상북도 의성군 금성면 쌍계천길 ***,,36.2659,128.668711,2022-05-16 10:48:30,동물_가축사육업.csv
의성군,젠지농장,돼지,경상북도 의성군 구천면 애못마을길 ***,,36.350557,128.418187,2026-02-23 17:38:44,동물_가축사육업.csv
의성군,조은농장,돼지,경상북도 의성군 다인면 삼분*길 **-**,,36.425602,128.394227,2022-08-05 10:36:15,동물_가축사육업.csv
의성군,서산농장,돼지,경상북도 의성군 비안면 만세길 ***,,36.317351,128.492277,2022-03-10 13:03:11,동물_가축사육업.csv
의성군,남부축산,돼지,경상북도 의성군 의성읍 오로*길 **,,36.313542,128.705342,2016-12-06 15:28:07,동물_가축사육업.csv
의성군,삼오농장,돼지,경상북도 의성군 비안면 이두*길 **,,36.340081,128.487455,2016-11-25 13:33:41,동물_가축사육업.csv
의성군,현지 농장,돼지,경상북도 의성군 점곡면 구암새터길 *-**,,36.368164,128.77287,2015-08-23 16:15:49,동물_가축사육업.csv
의성군,강촌스마트팜,돼지,경상북도 의성군 다인면 서릉리 ***-** 번지 외 *필지,,36.444983,128.338558,2023-02-22 09:57:06,동물_가축사육업.csv
의성군,농업회사법인 유한회사 제일농장,돼지,경상북도 의성군 단밀면 낙정*길 **-***,,36.346328,128.327653,2026-04-20 16:24:53,동물_가축사육업.csv
청송군,농업회사법인 주식회사 청운농장,돼지,경상북도 청송군 파천면 아랫모질길 **-***,,36.482252,128.988925,2024-08-28 08:54:38,동물_가축사육업.csv
청송군,농업회사법인 주식회사와이지팜,돼지,경상북도 청송군 안덕면 웃김지길 **-**,,36.264366,128.961401,2026-03-26 09:06:32,동물_가축사육업.csv
청송군,농업회사법인 주식회사 대경농장,돼지,경상북도 청송군 진보면 기곡길 ***-**,,36.546217,128.987465,2022-04-14 10:53:23,동물_가축사육업.csv
청송군,농업회사법인 주식회사 동남농장,돼지,경상북도 청송군 진보면 기곡길 ***-**,,36.547474,128.986155,2024-04-22 15:54:11,동물_가축사육업.csv
청송군,농업회사법인 주식회사 우리,돼지,경상북도 청송군 주왕산면 새골길 ***,,36.359679,129.121251,2023-12-12 11:00:28,동물_가축사육업.csv
청송군,상임농장,돼지,경상북도 청송군 안덕면 소미길 ***,,36.341546,128.9816,2019-01-03 10:38:44,동물_가축사육업.csv
영덕군,(주)무영친환경복지농장,돼지,경상북도 영덕군 지품면 경동로 ****-**,,36.487166,129.181109,2023-02-04 12:17:23,동물_가축사육업.csv
영덕군,에벤에셀농장,돼지,경상북도 영덕군 병곡면 내륙순환길 ***-**,,36.554243,129.379345,2021-01-25 11:14:44,동물_가축사육업.csv
영덕군,이진우 농장,돼지,경상북도 영덕군 강구면 하저길 ***-***,,36.411867,129.403921,2022-06-27 10:59:44,동물_가축사육업.csv
영덕군,단비농장,돼지,경상북도 영덕군 창수면 갈천인천길 **-**,,36.595303,129.25295,2024-04-22 13:21:49,동물_가축사육업.csv
영덕군,경원농장,돼지,경상북도 영덕군 영덕읍 미동길 **,,36.431445,129.3707,2017-08-29 10:34:52,동물_가축사육업.csv
영덕군,진불축산,돼지,경상북도 영덕군 강구면 강영로 ***-**,,36.382414,129.3909,2023-08-13 10:42:50,동물_가축사육업.csv
영덕군,진불농장,돼지,경상북도 영덕군 강구면 강영로 ***-**,,36.381205,129.387433,2020-05-12 11:16:27,동물_가축사육업.csv
영덕군,이레농장,돼지,경상북도 영덕군 병곡면 사천리 ***,,36.553976,129.380085,2016-10-11 10:59:03,동물_가축사육업.csv
영덕군,최태규농장,돼지,경상북도 영덕군 지품면 속곡리 ** 외*필(**-*),,36.469696,129.264041,2023-05-29 11:15:36,동물_가축사육업.csv
청도군,쌍둥이농장,돼지,경상북도 청도군 이서면 삼성산길 ***-*,,35.686449,128.664145,2025-12-11 20:22:34,동물_가축사육업.csv
청도군,이재학농장,돼지,경상북도 청도군 매전면 온장길 ***-**,,35.631956,128.83621,2020-09-24 17:48:37,동물_가축사육업.csv
청도군,상하농장,돼지,경상북도 청도군 풍각면 지리골길 **-**,,35.619143,128.589841,2017-04-06 14:36:46,동물_가축사육업.csv
청도군,현암농장,돼지,경상북도 청도군 이서면 가금*길 **-*,,35.652302,128.639671,2019-02-07 15:11:57,동물_가축사육업.csv
청도군,농업회사법인 강산농장(주),돼지,경상북도 청도군 풍각면 기살길 **,,35.626443,128.567487,2020-11-23 19:08:54,동물_가축사육업.csv
청도군,e-조은 농장,돼지,경상북도 청도군 각남면 칠성*길 *,,35.650011,128.685347,2021-06-24 20:49:39,동물_가축사육업.csv
청도군,송산농장,돼지,경상북도 청도군 매전면 덕산*길 **,,35.701528,128.801601,2024-07-19 08:28:29,동물_가축사육업.csv
청도군,대자연 농원,돼지,경상북도 청도군 이서면 가금구라길 ***-***,,35.649943,128.663189,2020-10-27 16:05:15,동물_가축사육업.csv
청도군,강산농장(주),돼지,경상북도 청도군 각남면 각남강변길 ***,,35.648654,128.669223,2020-07-27 14:08:50,동물_가축사육업.csv
청도군,승구농장,돼지,경상북도 청도군 풍각면 가양*길 **-**,,35.613523,128.611464,2019-11-15 08:45:16,동물_가축사육업.csv
청도군,e-조은농장,돼지,경상북도 청도군 이서면 가금구라길 ***-**,,35.645236,128.647802,2019-11-28 15:54:14,동물_가축사육업.csv
청도군,재창농장,돼지,경상북도 청도군 이서면 삼성산길 **,,35.677501,128.665528,2019-02-07 15:10:20,동물_가축사육업.csv
청도군,대청농장,돼지,경상북도 청도군 풍각면 백안길 **-**,,35.644533,128.576151,2026-02-13 13:57:06,동물_가축사육업.csv
청도군,태지농장,돼지,경상북도 청도군 이서면 대곡길 **-**,,35.699601,128.693736,2020-07-27 13:41:50,동물_가축사육업.csv
청도군,제일축산,돼지,경상북도 청도군 매전면 박실길 **,,35.693459,128.827323,2022-10-28 10:18:39,동물_가축사육업.csv
청도군,강산농장,돼지,경상북도 청도군 각남면 각남강변길 ***,,35.648654,128.669223,2021-11-02 10:12:14,동물_가축사육업.csv
청도군,영학농장,돼지,경상북도 청도군 청도읍 청매로 **-**,,35.56893,128.78182,2022-03-31 11:19:02,동물_가축사육업.csv
청도군,송산농장,돼지,경상북도 청도군 매전면 덕산*길 **,,35.701891,128.801794,2024-07-19 08:29:04,동물_가축사육업.csv
청도군,태진축산,돼지,경상북도 청도군 매전면 온장길 ***,,35.624909,128.835565,2024-07-19 08:50:20,동물_가축사육업.csv
청도군,e-조은농장,돼지,경상북도 청도군 이서면 가금구라길 ***-**,,35.644875,128.647788,2024-09-25 17:14:15,동물_가축사육업.csv
청도군,소천농장,돼지,경상북도 청도군 금천면 운용로 ***,,35.741752,128.903744,2022-10-20 09:58:30,동물_가축사육업.csv
청도군,송산농장,돼지,경상북도 청도군 풍각면 월봉길 ***-**,,35.608653,128.57897,2024-07-19 08:27:29,동물_가축사육업.csv
청도군,신흥농장,돼지,경상북도 청도군 풍각면 송서*길 ***,,35.647145,128.616435,2019-02-07 15:09:12,동물_가축사육업.csv
청도군,석칠농장,돼지,경상북도 청도군 각북면 우산남길 **,,35.651915,128.617866,2019-11-28 16:01:50,동물_가축사육업.csv
청도군,평산농장,돼지,경상북도 청도군 이서면 삼성산길 ***-**,,35.681686,128.663253,2019-11-28 16:04:18,동물_가축사육업.csv
고령군,홍익농장,돼지,경상북도 고령군 대가야읍 회천로 ***,,35.717872,128.281564,2024-10-29 15:44:38,동물_가축사육업.csv
고령군,혜숙농장,돼지,경상북도 고령군 우곡면 양돈단지길 ***,,35.660281,128.307759,2020-02-14 15:53:31,동물_가축사육업.csv
고령군,피그앤피플농장 II,돼지,경상북도 고령군 우곡면 양돈단지길 **,,35.660672,128.312275,2011-11-07 15:10:04,동물_가축사육업.csv
고령군,이화양돈2농장,돼지,경상북도 고령군 개진면 광도길 **,,35.715423,128.356024,2023-12-28 13:06:30,동물_가축사육업.csv
고령군,진용일농장,돼지,경상북도 고령군 우곡면 양돈단지길 ** (양돈단지길 **),,35.660949,128.314893,2023-02-25 14:13:59,동물_가축사육업.csv
고령군,구곡농장,돼지,경상북도 고령군 개진면 봉동길 ***,,35.714268,128.390681,2024-08-08 11:00:16,동물_가축사육업.csv
고령군,깨끗한 강촌축산,돼지,경상북도 고령군 개진면 회천로 ***-**,,35.706824,128.306071,2025-03-18 17:14:27,동물_가축사육업.csv
고령군,용범농장,돼지,경상북도 고령군 개진면 개경포로 ****-*,,35.720275,128.418523,2026-01-15 15:27:29,동물_가축사육업.csv
고령군,농업회사법인 주식회사 천우농장,돼지,경상북도 고령군 우곡면 양돈단지길 ***,,35.660238,128.3068,2020-10-28 17:58:44,동물_가축사육업.csv
고령군,영농조합법인 성림축산,돼지,경상북도 고령군 쌍림면 백산들길 ***,,35.671861,128.214787,2015-06-15 11:25:40,동물_가축사육업.csv
고령군,준팜,돼지,경상북도 고령군 덕곡면 백리로 ***-*,,35.806803,128.208409,2015-07-03 16:51:38,동물_가축사육업.csv
고령군,대동2농장,돼지,경상북도 고령군 덕곡면 가륜덤길 **,,35.779043,128.213935,2022-02-03 16:39:56,동물_가축사육업.csv
고령군,김지민농장,돼지,경상북도 고령군 개진면 인안길 **-**,,35.720166,128.419448,2024-11-27 09:51:01,동물_가축사육업.csv
고령군,목운축산,돼지,경상북도 고령군 운수면 운용로 ***-**,,35.783496,128.310622,2018-06-11 16:06:19,동물_가축사육업.csv
고령군,청하축산,돼지,경상북도 고령군 대가야읍 회천로 ***,,35.717057,128.281628,2022-01-28 11:06:38,동물_가축사육업.csv
고령군,거농영농조합법인Ⅲ,돼지,경상북도 고령군 우곡면 양돈단지길 **,,35.661132,128.313175,2023-03-14 09:49:44,동물_가축사육업.csv
고령군,김성열농장,돼지,경상북도 고령군 우곡면 양돈단지길 **,,35.660696,128.311169,2021-06-14 14:52:43,동물_가축사육업.csv
고령군,세기종돈,돼지,경상북도 고령군 개진면 회천로 ***-**,,35.706241,128.307137,2012-06-14 16:34:02,동물_가축사육업.csv
고령군,자연농장,돼지,경상북도 고령군 운수면 운산길 **-**,,35.755633,128.287467,2015-02-03 18:24:32,동물_가축사육업.csv
고령군,상해양돈,돼지,경상북도 고령군 대가야읍 덕운로 ***-**,,35.756874,128.270386,2021-10-20 09:51:13,동물_가축사육업.csv
고령군,거농영농조합법인,돼지,경상북도 고령군 우곡면 대곡리 ****-**,,35.661097,128.31233,2023-03-14 09:45:59,동물_가축사육업.csv
고령군,튼튼이농장,돼지,"경상북도 고령군 대가야읍 본관리 ***-*** 외 *필지(***-***, ***-***)",,35.753539,128.275292,2024-08-08 11:02:39,동물_가축사육업.csv
고령군,내상축산,돼지,경상북도 고령군 고령읍 내상길  ***-*,,35.754826,128.224556,2017-10-10 11:11:52,동물_가축사육업.csv
고령군,우성양돈영농조합,돼지,경상북도 고령군 운수면 봉평리 ***,,35.788793,128.297057,2016-08-11 16:14:57,동물_가축사육업.csv
고령군,영진농장,돼지,경상북도 고령군 고령읍 회천로 ***-**,,35.716185,128.281973,2016-09-23 17:52:45,동물_가축사육업.csv
고령군,월성농장,돼지,경상북도 고령군 운수면 선듬길 **-**,,35.765301,128.260957,2015-07-14 11:29:47,동물_가축사육업.csv
고령군,청하축산,돼지,경상북도 고령군 대가야읍 장기리 *** 외* (***-*),,35.714456,128.284516,2021-04-16 10:56:10,동물_가축사육업.csv
고령군,꿀꿀이농장,돼지,경상북도 고령군 우곡면 양돈단지길 ** (양돈단지길 **),,35.661635,128.316747,2022-01-03 16:24:31,동물_가축사육업.csv
고령군,튼튼이2농장,돼지,경상북도 고령군 성산면 지리골길 **,,35.739442,128.391289,2023-05-16 15:29:28,동물_가축사육업.csv
고령군,도원축산,돼지,경상북도 고령군 운수면 봉평사부길 **-**,,35.78939,128.296485,2021-01-12 09:44:16,동물_가축사육업.csv
고령군,연호축산,돼지,경상북도 고령군 운수면 안옥산길 **-***,,35.75898,128.27082,2023-03-02 13:38:48,동물_가축사육업.csv
고령군,해지음영농조합법인,돼지,"경상북도 고령군 대가야읍 장기리 **-* 외 *필지(**-*,**-**,**-*)",,35.721455,128.28079,2020-04-23 13:48:17,동물_가축사육업.csv
고령군,명문농장,돼지,경상북도 고령군 우곡면 양돈단지길 **,,35.661433,128.314849,2022-02-09 14:26:17,동물_가축사육업.csv
고령군,행복한 강촌축산,돼지,경상북도 고령군 우곡면 대곡리 ****-* 외 *필지(****-*),,35.660314,128.30956,2025-08-07 15:41:20,동물_가축사육업.csv
고령군,국민축산,돼지,경상북도 고령군 덕곡면 백리로 ***,,35.80448,128.210356,2013-12-27 09:50:23,동물_가축사육업.csv
고령군,다온농장,돼지,경상북도 고령군 운수면 봉평사부길 ***-*,,35.790718,128.295281,2024-11-26 17:27:00,동물_가축사육업.csv
고령군,상진농장,돼지,"경상북도 고령군 개진면 구곡리 ***-* , ***",,35.717077,128.38459,2018-01-15 09:05:10,동물_가축사육업.csv
고령군,지리골농장,돼지,경상북도 고령군 성산면 지리골길 **,,35.738559,128.391438,2023-05-16 15:28:54,동물_가축사육업.csv
고령군,혜숙2농장,돼지,경상북도 고령군 성산면 지리골길 **,,35.738322,128.392323,2024-10-24 19:57:55,동물_가축사육업.csv
고령군,대동축산,돼지,경상북도 고령군 운수면 운용로 ***-**,,35.784609,128.310512,2023-03-02 16:14:43,동물_가축사육업.csv
고령군,거농영농조합법인Ⅱ,돼지,경상북도 고령군 개진면 봉동길 **,,35.713461,128.389282,2023-03-14 09:48:40,동물_가축사육업.csv
고령군,성진축산,돼지,경상북도 고령군 개진면 반운리 ***-*,,35.709957,128.303649,2007-08-13 13:28:12,동물_가축사육업.csv
고령군,대왕농장,돼지,경상북도 고령군 대가야읍 정방길 *** (***-*외 *필)동,,35.741113,128.280555,2026-05-11 17:16:42,동물_가축사육업.csv
고령군,우수농장,돼지,경상북도 고령군 고령읍 저전*길 *-* (***번지),,35.750021,128.233758,2016-03-09 17:41:22,동물_가축사육업.csv
고령군,해지음2농장,돼지,경상북도 고령군 대가야읍 본관리 ***-* 외*필(***-*),,35.754865,128.272663,2026-02-12 15:11:02,동물_가축사육업.csv
고령군,이장원농장,돼지,경상북도 고령군 우곡면 양돈단지길 ***,,35.660367,128.308688,2004-09-23 10:03:43,동물_가축사육업.csv
성주군,용신양돈단지,돼지,경상북도 성주군 선남면 용신*길 **-**,,35.939901,128.373475,2023-04-05 11:27:14,동물_가축사육업.csv
성주군,대하농장,돼지,경상북도 성주군 대가면 용흥*길 **-**,,35.917841,128.235846,2024-08-28 14:25:06,동물_가축사육업.csv
성주군,분도축산(성신농장),돼지,경상북도 성주군 초전면 용봉길 **-*,,36.0114,128.271751,2026-04-02 17:42:28,동물_가축사육업.csv
성주군,한은숙농장,돼지,경상북도 성주군 초전면 용봉리 ***-*,,36.013356,128.271477,2015-07-22 14:21:55,동물_가축사육업.csv
성주군,한솔농장,돼지,경상북도 성주군 초전면 용대로 ***-**,,35.951347,128.261093,2020-10-26 11:43:30,동물_가축사육업.csv
성주군,삼형제농장,돼지,경상북도 성주군 초전면 용봉리 ***-*,,36.013768,128.278024,2023-12-11 17:23:14,동물_가축사육업.csv
성주군,능인축산,돼지,경상북도 성주군 용암면 덕평로*길 **-**,,35.831139,128.315542,2026-05-07 16:24:34,동물_가축사육업.csv
성주군,용신2농장,돼지,경상북도 성주군 선남면 오도리 **,,35.924329,128.369927,2023-04-05 11:43:42,동물_가축사육업.csv
성주군,성신농장,돼지,"경상북도 성주군 초전면 용봉리 ***-** 외 *필지(***-*, ***-**), ***-* 외 *필지(***-**)",,36.010655,128.270281,2026-04-03 11:25:52,동물_가축사육업.csv
성주군,삼형제농장,돼지,경상북도 성주군 초전면 용봉길 **-*,,36.010924,128.271229,2023-12-11 17:17:52,동물_가축사육업.csv
성주군,(주)일,돼지,경상북도 성주군 초전면 용대로 ***-**,,35.951347,128.261093,2008-04-15 11:46:29,동물_가축사육업.csv
성주군,무학농장,돼지,경상북도 성주군 금수강산면 무학*길 **,,35.930426,128.099909,2025-11-27 16:37:28,동물_가축사육업.csv
성주군,문명농장,돼지,경상북도 성주군 용암면 문명*길 **-**,,35.864276,128.350398,2024-08-20 13:42:09,동물_가축사육업.csv
성주군,동강농장,돼지,경상북도 성주군 벽진면 장기*길 **,,35.948876,128.202733,2025-01-20 17:11:18,동물_가축사육업.csv
성주군,오성팜,돼지,경상북도 성주군 선남면 문방길 ***-*,,35.922246,128.349932,2025-07-04 10:33:42,동물_가축사육업.csv
성주군,옥화농장,돼지,경상북도 성주군 대가면 참별로 ****-**,,35.890267,128.19617,2025-03-13 10:07:22,동물_가축사육업.csv
성주군,(주)일 농업회사법인,돼지,경상북도 성주군 초전면 용대로 ***-**,,35.951347,128.261093,2023-05-03 13:50:07,동물_가축사육업.csv
성주군,화랑농장,돼지,경상북도 성주군 월항면 선월로 ***-**,,35.927662,128.320216,2019-02-08 13:35:05,동물_가축사육업.csv
성주군,농업회사법인 주식회사포크랜드,돼지,경상북도 성주군 선남면 문방길 ***-**,,35.931748,128.358792,2023-03-18 16:09:34,동물_가축사육업.csv
성주군,동강3농장,돼지,경상북도 성주군 가천면 창천*길 ***,,35.892805,128.170658,2025-03-26 10:54:53,동물_가축사육업.csv
성주군,성영식농장,돼지,경상북도 성주군 초전면 용봉리 ***-*,,36.00964,128.269918,2022-02-04 14:54:09,동물_가축사육업.csv
성주군,일번지농장,돼지,경상북도 성주군 용암면 운산길 **-**,,35.864169,128.347692,2025-12-03 18:12:18,동물_가축사육업.csv
성주군,태복농장,돼지,경상북도 성주군 용암면 성암로 ****-*,,35.812826,128.351933,2021-09-06 18:24:43,동물_가축사육업.csv
성주군,솔꿈농장,돼지,경상북도 성주군 월항면 월항로 ***-**,,35.949251,128.307394,2016-05-17 14:55:08,동물_가축사육업.csv
성주군,세리농장,돼지,"경상북도 성주군 월항면 수죽리 ***, ***, ***, ***, ***-*",,35.980736,128.305432,2025-06-16 10:00:40,동물_가축사육업.csv
성주군,원농장,돼지,경상북도 성주군 선남면 관용로 ***,,35.919862,128.357064,2019-08-21 09:04:39,동물_가축사육업.csv
성주군,연호농장,돼지,경상북도 성주군 초전면 용봉길 **-*,,36.010745,128.271573,2016-05-17 13:42:19,동물_가축사육업.csv
성주군,동일농장,돼지,경상북도 성주군 선남면 문방길 **-**,,35.920624,128.345109,2015-11-27 15:51:11,동물_가축사육업.csv
성주군,일번지 삼농장,돼지,경상북도 성주군 용암면 운산길 **-**,,35.864004,128.348875,2025-12-03 18:15:34,동물_가축사육업.csv
성주군,성주한돈,돼지,경상북도 성주군 성주읍 성주로 ****-**,,35.937833,128.254362,2020-08-10 16:27:26,동물_가축사육업.csv
성주군,연구농장,돼지,경상북도 성주군 선남면 성원*길 *-***,,35.926778,128.318445,2023-04-06 16:27:28,동물_가축사육업.csv
성주군,한지축산,돼지,경상북도 성주군 금수강산면 대금로 ***-**,,35.914394,128.180758,2012-11-19 18:05:13,동물_가축사육업.csv
성주군,창성농장,돼지,경상북도 성주군 월항면 선월로 ***,,35.924349,128.325866,2025-07-29 14:34:57,동물_가축사육업.csv
성주군,슬기농장,돼지,경상북도 성주군 용암면 운산길 **-**,,35.863794,128.34667,2024-10-16 16:11:53,동물_가축사육업.csv
성주군,성신농장,돼지,경상북도 성주군 초전면 용봉길 **-**,,36.009598,128.272475,2023-07-24 14:55:05,동물_가축사육업.csv
성주군,성신농장,돼지,경상북도 성주군 초전면 용봉길 **-*,,36.012069,128.272878,2023-03-24 14:17:05,동물_가축사육업.csv
성주군,성신농장,돼지,경상북도 성주군 초전면 용봉리 ***-*,,36.011432,128.270733,2023-12-11 14:45:55,동물_가축사육업.csv
성주군,성신농장,돼지,경상북도 성주군 초전면 용봉길 **,,36.011658,128.272078,2025-03-26 10:55:28,동물_가축사육업.csv
성주군,우영농장,돼지,"경상북도 성주군 초전면 용봉리 ***-* ***,***-**,***-*,***-*,,***-*,***,****-*,***,***-**외*필지",,36.00964,128.269918,2023-05-09 10:16:29,동물_가축사육업.csv
성주군,동강2농장,돼지,경상북도 성주군 벽진면 장기*길 **,,35.948893,128.201106,2025-06-23 17:46:20,동물_가축사육업.csv
성주군,이윤기농장,돼지,경상북도 성주군 수륜면 수륜*길 **-**,,35.829197,128.202107,2023-03-18 16:16:32,동물_가축사육업.csv
성주군,이명숙 농장,돼지,경상북도 성주군 초전면 용봉리 ***-**,,36.012386,128.27391,2025-08-12 09:33:40,동물_가축사육업.csv
성주군,금수농장,돼지,경상북도 성주군 금수강산면 대금로 ***-**,,35.914394,128.180758,2024-05-24 11:10:04,동물_가축사육업.csv
성주군,성신농장,돼지,경상북도 성주군 초전면 용봉길 **,,36.012145,128.272415,2025-02-27 13:04:09,동물_가축사육업.csv
성주군,현은농장,돼지,경상북도 성주군 초전면 용봉리 ***-**,,36.012556,128.271975,2023-03-18 15:40:04,동물_가축사육업.csv
성주군,학윤농장,돼지,경상북도 성주군 초전면 용봉길 **-*,,36.011091,128.272074,2021-07-07 09:53:27,동물_가축사육업.csv
성주군,대립농장,돼지,경상북도 성주군 성주읍 성주고교길 **-*,,35.937875,128.279005,2025-06-12 13:47:24,동물_가축사육업.csv
성주군,농업회사법인 주식회사 하이팜,돼지,경상북도 성주군 월항면 주천로 ***-**,,35.9654,128.279555,2024-01-16 11:19:02,동물_가축사육업.csv
성주군,성신농장,돼지,경상북도 성주군 초전면 용봉길 **,,36.01255,128.273085,2022-01-21 09:33:03,동물_가축사육업.csv
성주군,은혜농장,돼지,경상북도 성주군 월항면 수죽길 ***-**,,35.982619,128.301752,2022-02-28 17:48:52,동물_가축사육업.csv
칠곡군,석현농장,돼지,경상북도 칠곡군 약목면 동덕로 ***,,36.044396,128.39526,2025-12-05 10:03:59,동물_가축사육업.csv
칠곡군,대광팜스,돼지,경상북도 칠곡군 동명면 팔공산로 ***-*,,35.99631,128.608681,2021-05-25 12:47:39,동물_가축사육업.csv
칠곡군,삼보농장,돼지,경상북도 칠곡군 지천면 금호로 ***-**,,35.944788,128.446436,2021-05-12 13:46:12,동물_가축사육업.csv
칠곡군,웰돈농장,돼지,경상북도 칠곡군 석적읍 석적로 ***-**,,36.065145,128.397346,2025-07-21 13:16:23,동물_가축사육업.csv
칠곡군,덕산농장,돼지,경상북도 칠곡군 약목면 덕산들*길 **,,36.041488,128.398747,2026-06-30 11:07:56,동물_가축사육업.csv
칠곡군,화랑팜,돼지,경상북도 칠곡군 약목면 교*길 ***-*,,36.051915,128.359133,2024-07-05 15:32:52,동물_가축사육업.csv
칠곡군,농업회사법인 돈앤돈,돼지,경상북도 칠곡군 약목면 덕산들*길 ***,,36.038573,128.397648,2025-08-07 14:03:52,동물_가축사육업.csv
칠곡군,장우농장,돼지,경상북도 칠곡군 약목면 동안들*길 **-**,,36.034333,128.39002,2022-02-14 13:44:23,동물_가축사육업.csv
칠곡군,축산 신라,돼지,경상북도 칠곡군 북삼읍 덕산*길 **-**,,36.047319,128.396843,2022-09-05 08:49:20,동물_가축사육업.csv
칠곡군,천하농장,돼지,"경상북도 칠곡군 약목면 덕산*길 **-**, 외 **필지",,36.046476,128.394924,2023-06-01 11:35:13,동물_가축사육업.csv
칠곡군,두완농장,돼지,"경상북도 칠곡군 가산면 석우리 **** 외 *필지(****, ****)",,36.107738,128.530596,2026-06-04 16:46:39,동물_가축사육업.csv
칠곡군,농업회사법인 팜스텍(주) 낙산농장,돼지,경상북도 칠곡군 왜관읍 보병*길 **-*,,35.939174,128.415848,2025-07-07 09:51:16,동물_가축사육업.csv
칠곡군,신흥농장,돼지,경상북도 칠곡군 약목면 동덕로 ***-**,,36.04111,128.379482,2023-04-24 11:18:59,동물_가축사육업.csv
칠곡군,고센농장,돼지,"경상북도 칠곡군 기산면 행정리 *** 외 *필지(***-*,-*,***)",,35.960997,128.374373,2024-10-23 13:29:12,동물_가축사육업.csv
칠곡군,우리축산,돼지,경상북도 칠곡군 지천면 영오리 ***-*,,35.922847,128.482225,2022-08-26 15:37:11,동물_가축사육업.csv
칠곡군,농업회사법인(주)오케이,돼지,"경상북도 칠곡군 기산면 유월공단길 **-**, 외*필지(****-*번지)",,35.957646,128.347194,2020-12-11 09:42:56,동물_가축사육업.csv
칠곡군,창평농장,돼지,"경상북도 칠곡군 지천면 창평로*길 **-**, 외 *필지",,35.96615,128.49854,2023-07-21 15:36:01,동물_가축사육업.csv
칠곡군,태평농장,돼지,"경상북도 칠곡군 약목면 덕산*길 **-**, 외 **필지",,36.046476,128.394924,2020-08-19 14:29:19,동물_가축사육업.csv
예천군,농업회사법인주식회사풍년축산,돼지,경상북도 예천군 예천읍 용산리 ***-* 용산리 ***-*,,36.661296,128.420805,2022-02-11 17:40:10,동물_가축사육업.csv
예천군,우포월드 예천2농장,돼지,"경상북도 예천군 감천면 현내리 *** ***-*,***-*, 덕율리 ***-*",,36.718708,128.505374,2025-03-10 10:39:09,동물_가축사육업.csv
예천군,위만2농장,돼지,경상북도 예천군 용궁면 월오리 ***,,36.631698,128.309445,2022-05-10 13:49:57,동물_가축사육업.csv
예천군,세화농장,돼지,경상북도 예천군 풍양면 와룡리 ***-** ***-***,,36.523535,128.272814,2023-02-10 09:01:49,동물_가축사육업.csv
예천군,고산황금농장,돼지,경상북도 예천군 풍양면 수산못길 ***,,36.473703,128.286237,2017-12-05 15:59:27,동물_가축사육업.csv
예천군,밀알농장,돼지,경상북도 예천군 효자면 도촌리 ***,,36.781727,128.418205,2023-04-21 09:29:37,동물_가축사육업.csv
예천군,안정농장,돼지,"경상북도 예천군 풍양면 흔전길 ** (,**호)",,36.521592,128.328233,2021-06-07 20:50:39,동물_가축사육업.csv
예천군,중리농장,돼지,"경상북도 예천군 용문면 상금곡리 *** , ***, ***-*, ***-*, ***-*, ***",,36.700367,128.409095,2022-08-18 14:50:01,동물_가축사육업.csv
예천군,하나농장,돼지,경상북도 예천군 호명읍 내신*길 ***,,36.616142,128.43944,2019-02-21 16:32:18,동물_가축사육업.csv
예천군,재미농장,돼지,경상북도 예천군 지보면 지포길 ***,,36.516855,128.38956,2019-02-18 17:37:34,동물_가축사육업.csv
예천군,아름농장,돼지,경상북도 예천군 지보면 어신리 ***,,36.579438,128.420842,2023-02-10 08:59:10,동물_가축사육업.csv
예천군,도담농장,돼지,경상북도 예천군 용문면 성현리 *** ***-*,,36.673155,128.4091,2025-02-19 16:23:16,동물_가축사육업.csv
예천군,광개토농장,돼지,경상북도 예천군 예천읍 솔천지길 *-**,,36.639771,128.489147,2024-01-18 17:57:14,동물_가축사육업.csv
예천군,다호농장,돼지,경상북도 예천군 풍양면 풍지로 **-**,,36.525157,128.313811,2020-03-19 13:52:17,동물_가축사육업.csv
예천군,주식회사성일농업회사법인,돼지,경상북도 예천군 감천면 만맛길 ***-**,,36.719782,128.515679,2024-01-15 16:43:41,동물_가축사육업.csv
예천군,가야농장,돼지,경상북도 예천군 용궁면 왕의산로 ***-**,,36.619791,128.289382,2019-02-21 12:14:35,동물_가축사육업.csv
예천군,송암농장,돼지,경상북도 예천군 용궁면 월오리 ***,,36.629382,128.31048,2017-12-05 15:43:23,동물_가축사육업.csv
예천군,경진농장,돼지,경상북도 예천군 개포면 동소리길 ***,,36.597294,128.407572,2020-02-18 11:18:34,동물_가축사육업.csv
예천군,위만농장,돼지,경상북도 예천군 용궁면 월오리 ***,,36.629574,128.30989,2024-05-21 10:37:28,동물_가축사육업.csv
예천군,뉴웰돈농장,돼지,"경상북도 예천군 유천면 가리 ***-* , ***-*, **-*, **-*",,36.628047,128.390484,2025-06-04 16:13:37,동물_가축사육업.csv
예천군,우포월드 예천1농장,돼지,"경상북도 예천군 감천면 현내리 *** ***,***,***,***",,36.721025,128.507516,2025-03-10 10:38:24,동물_가축사육업.csv
예천군,순이네농장,돼지,경상북도 예천군 예천읍 구남골길 ***,,36.651067,128.473072,2019-10-24 11:08:59,동물_가축사육업.csv
예천군,동송농장,돼지,경상북도 예천군 개포면 동송리 ***,,36.59859,128.401275,2019-08-07 09:27:56,동물_가축사육업.csv
예천군,성일종돈,돼지,"경상북도 예천군 용궁면 경서로 ****-**, 성일종돈",,36.609062,128.304567,2020-06-01 12:22:34,동물_가축사육업.csv
예천군,옥심농장,돼지,경상북도 예천군 지보면 수월*길 ***,,36.585807,128.390627,2022-04-12 14:05:44,동물_가축사육업.csv
예천군,군성농장,돼지,"경상북도 예천군 용궁면 금남길 **-** (***-*,***)",,36.598383,128.277226,2019-07-20 11:51:51,동물_가축사육업.csv
예천군,주마농장,돼지,경상북도 예천군 감천면 현내리 ***,,36.732898,128.522545,2021-08-24 13:49:07,동물_가축사육업.csv
예천군,황금농장,돼지,경상북도 예천군 풍양면 수산못길 ***,,36.473071,128.286232,2021-05-28 11:46:39,동물_가축사육업.csv
예천군,진 농장,돼지,경상북도 예천군 예천읍 원고개길 **,,36.636478,128.459662,2023-08-07 14:28:27,동물_가축사육업.csv
예천군,미래팜,돼지,경상북도 예천군 감천면 미석리 ***,,36.746713,128.560128,2025-08-05 15:29:13,동물_가축사육업.csv
예천군,양지농장,돼지,경상북도 예천군 개포면 금동*길 **,,36.628248,128.416542,2017-12-05 15:57:05,동물_가축사육업.csv
봉화군,구자충농장,돼지,경상북도 봉화군 소천면 소천로 ****,,36.942939,129.106909,2024-05-27 16:25:30,동물_가축사육업.csv
봉화군,세림농장,돼지,경상북도 봉화군 봉화읍 섶밭길 **-**,,36.881802,128.670986,2024-03-27 10:16:12,동물_가축사육업.csv
봉화군,범들팜,돼지,경상북도 봉화군 봉화읍 범들로 ***,,36.881721,128.71279,2022-12-12 11:31:50,동물_가축사육업.csv
봉화군,양호농장,돼지,"경상북도 봉화군 봉화읍 문단*길 ***, 외 *필지",,36.877151,128.666978,2022-11-07 15:20:44,동물_가축사육업.csv
봉화군,동아농장,돼지,경상북도 봉화군 봉화읍 봉화로 ***-**,,36.888452,128.704706,2026-06-26 18:02:12,동물_가축사육업.csv
봉화군,운계농장,돼지,"경상북도 봉화군 상운면 운계리 ***-* ,***-*,***-*,***-*,***-**",,36.844283,128.776538,2020-12-11 18:15:20,동물_가축사육업.csv
봉화군,보송농장,돼지,경상북도 봉화군 봉화읍 석평리 ****-*,,36.879474,128.709212,2022-08-08 16:22:40,동물_가축사육업.csv
봉화군,금봉양돈,돼지,경상북도 봉화군 봉성면 금봉리 *** 외 *필지(***),,36.90748,128.782787,2026-08-24 15:31:35,동물_가축사육업.csv
봉화군,동아2농장,돼지,"경상북도 봉화군 봉화읍 문단리 *** 번지 외 **필지(***-*,***-*,***,***-*,***-*,***-*,***-*,***-*,***-",,36.852237,128.666194,2026-06-26 18:08:28,동물_가축사육업.csv
봉화군,명호농장,돼지,"경상북도 봉화군 명호면 양곡리 *** , ***번지",,36.889723,128.838278,2022-09-01 14:25:20,동물_가축사육업.csv
봉화군,약속농장,돼지,경상북도 봉화군 봉화읍 화천리 산 **-* 외 *필지(산**-*),,36.882394,128.648106,2022-08-05 14:01:24,동물_가축사육업.csv
봉화군,하하농장축사,돼지,경상북도 봉화군 봉성면 봉양리 ****,,36.866542,128.780211,2020-01-20 16:31:57,동물_가축사육업.csv
봉화군,문단농장,돼지,경상북도 봉화군 봉화읍 봉화로 ***-*,,36.857679,128.67882,2026-06-12 15:34:12,동물_가축사육업.csv
봉화군,돈드림,돼지,경상북도 봉화군 봉화읍 도촌리 ***-*,,36.880555,128.667237,2025-02-28 14:53:54,동물_가축사육업.csv
봉화군,세현농장,돼지,"경상북도 봉화군 봉화읍 섶밭길 **, 외 *필지",,36.88653,128.677841,2022-08-08 11:06:45,동물_가축사육업.csv
봉화군,세경축산,돼지,경상북도 봉화군 봉화읍 동산목길 **,,36.868437,128.673423,2022-09-26 11:02:08,동물_가축사육업.csv
봉화군,농업회사법인 봉화1농장(주),돼지,경상북도 봉화군 봉화읍 도촌리 ***-*,,36.880548,128.663388,2022-12-12 11:37:55,동물_가축사육업.csv
봉화군,풍년축산,돼지,경상북도 봉화군 봉화읍 섶밭길 ***,,36.885055,128.666548,2022-08-08 16:41:40,동물_가축사육업.csv
봉화군,신봉화2농장(주),돼지,경상북도 봉화군 봉화읍 도촌리 ***-*,,36.880155,128.663783,2022-12-15 09:18:19,동물_가축사육업.csv
봉화군,농업회사법인 도촌3농장 주식회사,돼지,경상북도 봉화군 봉화읍 양계단지길 ***,,36.879783,128.664203,2023-08-10 11:27:18,동물_가축사육업.csv
봉화군,석이동자연농장,돼지,경상북도 봉화군 소천면 분천리 ***,,36.905415,129.08758,2020-03-31 13:22:42,동물_가축사육업.csv
봉화군,청려장,돼지,경상북도 봉화군 법전면 척곡리 *,,36.914254,128.919121,2026-08-03 11:39:30,동물_가축사육업.csv
울진군,잘미농장,돼지,경상북도 울진군 근남면 왕피천로 ***,,36.93885,129.362431,2019-12-06 16:29:52,동물_가축사육업.csv
울진군,동화농장,돼지,경상북도 울진군 북면 부구검성로 ***,,37.101476,129.342436,2026-02-20 09:14:54,동물_가축사육업.csv
울릉군,울릉사랑,돼지,"경상북도 울릉군 서면 남서길 ***-**, 경량철골구조",,37.487937,130.833089,2023-12-18 10:35:41,동물_가축사육업.csv
진주시,설매농장,돼지,경상남도 진주시 대곡면 월암로 ***-**,,35.299689,128.165099,2025-09-16 22:03:31,동물_가축사육업.csv
진주시,동지농장,돼지,경상남도 진주시 진성면 진성로***번길 *-**,,35.164021,128.230317,2020-06-19 16:06:39,동물_가축사육업.csv
진주시,천애농장,돼지,경상남도 진주시 지수면 용봉로 ***,,35.257294,128.213592,2023-09-20 09:09:37,동물_가축사육업.csv
진주시,한들농장,돼지,경상남도 진주시 명석면 대평로 ***-*,,35.245846,127.986329,2024-04-23 09:27:13,동물_가축사육업.csv
진주시,분지농장,돼지,경상남도 진주시 수곡면 사곡로 ***-**,,35.239425,127.92129,2020-10-06 17:44:30,동물_가축사육업.csv
진주시,비사벌농장,돼지,경상남도 진주시 수곡면 시묘산길***번길 **,,35.20161,127.917524,2025-12-09 16:50:54,동물_가축사육업.csv
진주시,푸른농장,돼지,경상남도 진주시 이반성면 오봉산로***번길 **,,35.181242,128.340385,2025-06-02 11:53:06,동물_가축사육업.csv
진주시,늘봄축산,돼지,경상남도 진주시 이반성면 오봉산로****번길 *-**,,35.194767,128.341616,2018-07-31 15:04:19,동물_가축사육업.csv
진주시,가선농장,돼지,경상남도 진주시 일반성면 가선리 **,,35.171491,128.305383,2021-07-12 22:45:31,동물_가축사육업.csv
진주시,영남축산,돼지,경상남도 진주시 진성면 대사길**번길 **-**,,35.141688,128.259378,2026-02-20 18:00:20,동물_가축사육업.csv
진주시,행복농장,돼지,경상남도 진주시 미천면 향양로***번길 **-**,,35.265174,128.119231,2025-12-18 13:18:56,동물_가축사육업.csv
진주시,상대농장,돼지,경상남도 진주시 수곡면 사곡로 ***,,35.241816,127.920402,2020-08-31 10:51:54,동물_가축사육업.csv
진주시,상인담농장,돼지,경상남도 진주시 금곡면 무선산로***번길 ***-*,,35.105772,128.165321,2021-08-02 11:05:42,동물_가축사육업.csv
진주시,해맑음 축산,돼지,경상남도 진주시 미천면 오방로****번길 **-**,,35.31714,128.09646,2024-08-14 14:43:31,동물_가축사육업.csv
진주시,인담농장,돼지,경상남도 진주시 금곡면 무선산로 ***-*,,35.111622,128.170411,2026-06-18 10:19:23,동물_가축사육업.csv
진주시,이화농장,돼지,경상남도 진주시 대곡면 월암로 ***-**,,35.301665,128.167986,2018-12-19 17:25:08,동물_가축사육업.csv
진주시,농업회사법인 주식회사 한림농장,돼지,경상남도 진주시 대곡면 유곡로 ***,,35.2719,128.149418,2023-10-05 19:55:34,동물_가축사육업.csv
진주시,동화농장 1호점,돼지,경상남도 진주시 미천면 어옥로 **,,35.294779,128.130684,2023-04-13 09:37:05,동물_가축사육업.csv
진주시,동화농장2호점,돼지,경상남도 진주시 미천면 어옥로 **,,35.294621,128.130366,2023-08-04 13:51:45,동물_가축사육업.csv
진주시,김윤근농장,돼지,경상남도 진주시 미천면 향양로 ***-**,,35.287791,128.105808,2025-05-22 15:19:18,동물_가축사육업.csv
진주시,럭키팜,돼지,경상남도 진주시 금곡면 무선산로 ***,,35.110695,128.168118,2026-04-14 20:44:43,동물_가축사육업.csv
진주시,제2가선농장,돼지,경상남도 진주시 일반성면 반성로***번길 **,,35.173343,128.304669,2020-03-18 09:20:37,동물_가축사육업.csv
진주시,오봉농장2,돼지,경상남도 진주시 명석면 대평로 ***-**,,35.245156,127.988506,2021-07-30 09:42:08,동물_가축사육업.csv
진주시,오성농장,돼지,경상남도 진주시 미천면 안간길**번길 **,,35.313507,128.082911,2019-01-18 11:25:08,동물_가축사육업.csv
진주시,농업회사법인(주) 태원2농장,돼지,경상남도 진주시 수곡면 옥수로***번길 ***,,35.188477,127.915067,2024-05-08 10:13:03,동물_가축사육업.csv
진주시,대룡농장,돼지,경상남도 진주시 대곡면 신흥길*번길 *-***,,35.259671,128.131632,2025-06-02 11:55:26,동물_가축사육업.csv
진주시,환주농장,돼지,경상남도 진주시 대곡면 월암로 ***-**,,35.302071,128.169166,2019-01-07 18:03:19,동물_가축사육업.csv
진주시,오봉농장,돼지,경상남도 진주시 명석면 대평로 ***-*,,35.24575,127.985408,2021-03-26 10:04:25,동물_가축사육업.csv
진주시,온누리 농장,돼지,경상남도 진주시 금곡면 금곡로**번길 **,,35.1272,128.193184,2024-08-26 10:32:57,동물_가축사육업.csv
진주시,태원농장,돼지,경상남도 진주시 수곡면 원창길 ***,,35.178667,127.929638,2025-09-03 16:22:50,동물_가축사육업.csv
진주시,광현농장,돼지,경상남도 진주시 수곡면 곤수로 ****-*,,35.243701,127.937739,2022-06-14 09:06:12,동물_가축사육업.csv
진주시,신벌농장,돼지,경상남도 진주시 지수면 지사로***번길 **-**,,35.228385,128.256161,2019-03-04 17:12:36,동물_가축사육업.csv
사천시,정순출농장,돼지,경상남도 사천시 영복*길 **-** (실안동),,34.957969,128.032351,2020-04-14 13:20:52,동물_가축사육업.csv
사천시,호야 농장,돼지,경상남도 사천시 실안동 ****-* 외 **,,34.95772,128.033033,2025-07-29 10:01:43,동물_가축사육업.csv
사천시,대경농원,돼지,경상남도 사천시 사남면 능화길 ***-**,,35.029165,128.12796,2025-12-04 16:59:44,동물_가축사육업.csv
사천시,은혜농장,돼지,경상남도 사천시 영복*길 ** (실안동),,34.957436,128.033457,2015-07-03 09:51:18,동물_가축사육업.csv
사천시,현이농장,돼지,경상남도 사천시 서포면 밀금길 **-**,,35.005232,127.95835,2022-01-20 14:45:37,동물_가축사육업.csv
사천시,경남자영고등학교 2,돼지,경상남도 사천시 사천읍 구암리 ***-*,,35.094028,128.118989,2025-04-23 14:03:12,동물_가축사육업.csv
사천시,하병섭농장,돼지,경상남도 사천시 영복*길 ** (실안동),,34.957252,128.032926,2015-07-03 09:58:24,동물_가축사육업.csv
사천시,농업회사법인 신영축산 주식회사,돼지,경상남도 사천시 곤양면 가화멍개길 **,,35.082733,128.026532,2021-05-06 16:29:14,동물_가축사육업.csv
사천시,농업회사법인(주)영호축산,돼지,경상남도 사천시 곤양면 덕진포길 ***-**,,35.056984,127.992096,2014-06-30 21:04:33,동물_가축사육업.csv
사천시,에덴농장,돼지,경상남도 사천시 서포면 밀금길 **-**,,35.005178,127.959006,2022-01-18 11:46:53,동물_가축사육업.csv
사천시,삼성농장,돼지,경상남도 사천시 곤양면 고동포로 ***-***,,35.060801,128.004946,2015-12-22 15:40:52,동물_가축사육업.csv
사천시,최찬림농장,돼지,경상남도 사천시 삼상로 *** (이홀동),,34.968555,128.134552,2020-06-30 10:29:28,동물_가축사육업.csv
사천시,수정농장,돼지,경상남도 사천시 영복*길 **-* (실안동),,34.956466,128.032357,2015-07-03 09:46:33,동물_가축사육업.csv
사천시,진석농장,돼지,경상남도 사천시 곤양면 고동포로 ***-**,,35.054114,128.008522,2025-11-25 16:28:36,동물_가축사육업.csv
김해시,대윤축산,돼지,경상남도 김해시 생림면 봉림리 ***-****,,35.330738,128.846399,2026-02-23 10:44:28,동물_가축사육업.csv
김해시,가덕농장,돼지,경상남도 김해시 한림면 금곡로***번길 ***-**,,35.335939,128.818908,2021-04-12 16:38:23,동물_가축사육업.csv
김해시,야곱농장,돼지,경상남도 김해시 한림면 용덕로***번길 **-**,,35.300438,128.826269,2015-08-05 11:03:52,동물_가축사육업.csv
김해시,대신축산,돼지,경상남도 김해시 주촌면 서부로****번안길 **-***,,35.247431,128.843406,2015-06-09 11:37:21,동물_가축사육업.csv
김해시,권미야농장,돼지,경상남도 김해시 생림면 나전로***번길 **-**,,35.297328,128.873352,2013-07-17 10:17:54,동물_가축사육업.csv
김해시,덕우농장,돼지,경상남도 김해시 대동면 주동리 ***-****,,35.236054,128.95305,2008-10-09 11:12:30,동물_가축사육업.csv
김해시,목민축산,돼지,경상남도 김해시 한림면 용덕로 ***,,35.290089,128.830834,2022-08-01 14:50:55,동물_가축사육업.csv
김해시,해경농장,돼지,경상남도 김해시 한림면 안하로*번길 **,,35.306122,128.833008,2019-09-30 13:00:14,동물_가축사육업.csv
김해시,거목농장,돼지,경상남도 김해시 생림면 안양로***번길 ***,,35.383086,128.854448,2026-05-28 11:31:36,동물_가축사육업.csv
김해시,시현축산,돼지,경상남도 김해시 생림면 나전로 ***-**,,35.318333,128.871436,2021-12-09 10:53:15,동물_가축사육업.csv
김해시,금돼지농장,돼지,경상남도 김해시 한림면 안곡로***번길 **-***,,35.309667,128.837705,2026-05-08 17:41:35,동물_가축사육업.csv
김해시,동진축산,돼지,경상남도 김해시 한림면 안하로*번길 **-**,,35.306767,128.833221,2026-02-09 14:26:19,동물_가축사육업.csv
김해시,덕원양돈,돼지,경상남도 김해시 한림면 용덕로**번길 **-**,,35.284665,128.828319,2022-12-15 10:10:30,동물_가축사육업.csv
김해시,다산농장,돼지,경상남도 김해시 생림면 마사로 ***-**,,35.367464,128.832151,2019-09-23 17:45:31,동물_가축사육업.csv
김해시,희망농장,돼지,경상남도 김해시 상동면 묵방로 **-***,,35.292001,128.915445,2023-07-05 11:42:30,동물_가축사육업.csv
김해시,함안농장,돼지,경상남도 김해시 진영읍 서부로**번길 *-**,,35.290813,128.759973,2019-07-31 13:57:25,동물_가축사육업.csv
김해시,도림농장,돼지,경상남도 김해시 한림면 안곡로***번길 **,,35.289772,128.843604,2019-08-07 14:55:56,동물_가축사육업.csv
김해시,무지개축산,돼지,경상남도 김해시 한림면 안하로*번길 **,,35.307594,128.832659,2020-12-07 17:26:54,동물_가축사육업.csv
김해시,덕호농장,돼지,경상남도 김해시 상동면 묵방로 **-***,,35.293989,128.914913,2016-08-08 13:25:46,동물_가축사육업.csv
김해시,못골안농장,돼지,경상남도 김해시 생림면 생림대로 ***-***,,35.350172,128.847868,2019-07-17 16:46:41,동물_가축사육업.csv
김해시,대양축산,돼지,경상남도 김해시 한림면 한림로 ***-**,,35.333439,128.752468,2022-01-04 10:14:24,동물_가축사육업.csv
김해시,남상면농장,돼지,경상남도 김해시 진영읍 서부로 **-**,,35.293297,128.76442,2011-01-05 09:44:45,동물_가축사육업.csv
김해시,동촌농장,돼지,경상남도 김해시 생림면 인제로 ***-*,,35.262752,128.897502,2021-07-30 15:58:26,동물_가축사육업.csv
김해시,금성축산,돼지,경상남도 김해시 생림면 생림대로 ***-**,,35.313933,128.869871,2017-12-06 16:19:16,동물_가축사육업.csv
김해시,최재호농장,돼지,경상남도 김해시 한림면 안곡리 **-****,,35.303954,128.84072,2005-08-29 19:55:45,동물_가축사육업.csv
김해시,한림농장,돼지,경상남도 김해시 한림면 한림로***번길 **-**,,35.318937,128.793582,2012-10-16 11:45:00,동물_가축사육업.csv
김해시,도온축산,돼지,경상남도 김해시 상동면 묵방로 **-***,,35.294109,128.915799,2018-05-11 15:00:30,동물_가축사육업.csv
김해시,야곱농장II,돼지,경상남도 김해시 한림면 용덕로***번길 **-**,,35.299473,128.826602,2017-05-02 09:24:14,동물_가축사육업.csv
김해시,영팜,돼지,경상남도 김해시 한림면 안곡로 ***-**,,35.297443,128.846662,2021-04-08 13:25:05,동물_가축사육업.csv
김해시,대동축산,돼지,경상남도 김해시 대동면 주동리 ***-****,,35.240663,128.947609,2015-06-19 11:29:28,동물_가축사육업.csv
김해시,조은축산,돼지,경상남도 김해시 한림면 용덕로***번길 *,,35.293635,128.82983,2016-05-13 10:13:05,동물_가축사육업.csv
김해시,인진농장,돼지,경상남도 김해시 한림면 안곡로 ***-**,,35.28952,128.846051,2019-07-04 10:15:15,동물_가축사육업.csv
김해시,명가축산,돼지,경상남도 김해시 한림면 안곡로***번길 **-**,,35.304747,128.840058,2020-06-22 08:25:41,동물_가축사육업.csv
김해시,원경희농장,돼지,경상남도 김해시 한림면 용덕로 ***,,35.290761,128.830202,2024-06-12 15:44:35,동물_가축사육업.csv
김해시,진호축산,돼지,경상남도 김해시 한림면 안곡로 ***-**,,35.299304,128.845183,2026-02-13 17:11:21,동물_가축사육업.csv
김해시,상하농장,돼지,경상남도 김해시 진례면 고모로***번길 **-*,,35.262482,128.766933,2016-08-08 13:31:21,동물_가축사육업.csv
김해시,진광축산,돼지,경상남도 김해시 한림면 용덕로 ***,,35.295548,128.830707,2018-12-04 17:31:08,동물_가축사육업.csv
김해시,박성화농장,돼지,경상남도 김해시 한림면 한림로***번길 ***,,35.323192,128.795176,2023-06-12 10:53:45,동물_가축사육업.csv
김해시,부성농장,돼지,경상남도 김해시 한림면 안곡로***번길 **-**,,35.290928,128.843561,2019-06-18 14:29:46,동물_가축사육업.csv
김해시,무안축산,돼지,경상남도 김해시 한림면 안곡로 ***-**,,35.292151,128.844009,2025-03-17 09:57:08,동물_가축사육업.csv
김해시,산서농장,돼지,경상남도 김해시 한림면 안곡로***번길 **-**,,35.290371,128.843434,2025-01-02 11:11:47,동물_가축사육업.csv
김해시,시현농장,돼지,경상남도 김해시 생림면 사촌리 ***,,35.31862,128.871197,2021-12-09 10:58:23,동물_가축사육업.csv
김해시,광해축산,돼지,경상남도 김해시 생림면 생림대로***번길 **-*,,35.297697,128.870287,2021-04-01 16:08:30,동물_가축사육업.csv
김해시,한림농장,돼지,경상남도 김해시 한림면 금곡로***번길 ***-**,,35.343362,128.820759,2024-07-15 16:37:01,동물_가축사육업.csv
김해시,광재축산,돼지,경상남도 김해시 상동면 상동로***번길 **-***,,35.308901,128.894059,2020-04-20 09:40:47,동물_가축사육업.csv
김해시,에코축산,돼지,경상남도 김해시 한림면 한림로***번길 ***,,35.322762,128.795771,2025-06-16 14:26:16,동물_가축사육업.csv
김해시,고려축산,돼지,경상남도 김해시 생림면 나전로 ***,,35.304758,128.877722,2022-11-10 13:36:52,동물_가축사육업.csv
김해시,민수축산2,돼지,경상남도 김해시 한림면 용덕로***번길 **,,35.297075,128.82563,2019-06-18 14:01:10,동물_가축사육업.csv
김해시,김필두농장,돼지,경상남도 김해시 주촌면 천곡리 ***,,35.235166,128.830506,2015-06-09 14:30:45,동물_가축사육업.csv
김해시,아주승(이원철축산),돼지,경상남도 김해시 상동면 동북로****번길 **,,35.345422,128.916365,2025-04-29 09:21:05,동물_가축사육업.csv
김해시,정우농장,돼지,경상남도 김해시 상동면 묵방로 **-***,,35.293595,128.915382,2015-05-04 17:45:18,동물_가축사육업.csv
김해시,희망농장2,돼지,경상남도 김해시 한림면 장방로***번길 **-**,,35.325328,128.782904,2024-07-17 17:30:05,동물_가축사육업.csv
김해시,진영축산,돼지,경상남도 김해시 한림면 안하로*번길 **-**,,35.307518,128.833257,2023-06-08 10:11:33,동물_가축사육업.csv
김해시,백찬김해1농장,돼지,경상남도 김해시 한림면 장방로***번길 **,,35.326218,128.782079,2021-06-21 14:30:50,동물_가축사육업.csv
김해시,성진농장,돼지,경상남도 김해시 생림면 나전로 ***-**,,35.301404,128.87793,2024-04-25 16:28:27,동물_가축사육업.csv
김해시,일신농장,돼지,경상남도 김해시 상동면 장척로***번길 **-*,,35.304328,128.932729,2016-07-26 11:33:02,동물_가축사육업.csv
김해시,패밀리양돈,돼지,경상남도 김해시 대동면 주동리 **-****,,35.23634,128.953658,2019-02-25 17:13:57,동물_가축사육업.csv
김해시,거부농장,돼지,경상남도 김해시 상동면 매리 ***-****,,35.303585,128.945169,2016-01-04 17:37:09,동물_가축사육업.csv
김해시,범곡 농장 2,돼지,경상남도 김해시 한림면 김해대로***번길 **,,35.289206,128.785975,2019-01-16 08:59:01,동물_가축사육업.csv
김해시,천복농장,돼지,경상남도 김해시 한림면 김해대로 ****,,35.294943,128.806393,2024-10-17 10:38:18,동물_가축사육업.csv
김해시,김해열 농장,돼지,경상남도 김해시 진례면 서부로 ***-**,,35.240738,128.753101,2023-08-18 11:29:41,동물_가축사육업.csv
김해시,바이오 영남 환경,돼지,경상남도 김해시 생림면 안양로***번안길 **-**,,35.387222,128.848481,2026-02-05 16:36:25,동물_가축사육업.csv
김해시,가나안 농장,돼지,경상남도 김해시 한림면 안하로 ***,,35.310258,128.822406,2024-12-27 14:07:34,동물_가축사육업.csv
김해시,삼광농장,돼지,경상남도 김해시 한림면 장방리 ***-****,,35.321828,128.795053,2009-10-06 15:56:01,동물_가축사육업.csv
김해시,백원축산,돼지,경상남도 김해시 한림면 명동리 ***-****,,35.293788,128.813367,2020-03-06 09:38:54,동물_가축사육업.csv
김해시,성창농장,돼지,경상남도 김해시 상동면 상동로 ***,,35.301832,128.894702,2021-12-13 09:46:19,동물_가축사육업.csv
김해시,노웅석농장,돼지,경상남도 김해시 한림면 용덕리 ***,,35.292043,128.826114,2016-02-24 08:59:07,동물_가축사육업.csv
김해시,운암축산2농장,돼지,경상남도 김해시 상동면 묵방로 **-***,,35.292935,128.915318,2025-05-13 09:29:12,동물_가축사육업.csv
김해시,은혜축산,돼지,경상남도 김해시 상동면 묵방로 **-***,,35.292672,128.916193,2023-08-03 10:45:28,동물_가축사육업.csv
김해시,무성농장2,돼지,경상남도 김해시 한림면 용덕로***번길 **-**,,35.297156,128.832288,2022-01-06 14:38:39,동물_가축사육업.csv
김해시,창영축산,돼지,경상남도 김해시 한림면 안하로*번길 **,,35.307884,128.832871,2022-02-03 11:16:58,동물_가축사육업.csv
김해시,영빈농장,돼지,경상남도 김해시 한림면 안곡로 ***-**,,35.297329,128.843808,2012-03-15 14:34:42,동물_가축사육업.csv
김해시,성주농장,돼지,경상남도 김해시 한림면 명동로***번길 **,,35.302275,128.821543,2019-08-09 08:00:06,동물_가축사육업.csv
김해시,범곡농장,돼지,경상남도 김해시 한림면 김해대로***번길 **,,35.289354,128.78604,2020-07-24 12:21:33,동물_가축사육업.csv
김해시,대동농장,돼지,경상남도 김해시 한림면 용덕로 ***-**,,35.293215,128.831972,2025-09-18 13:54:45,동물_가축사육업.csv
김해시,바이오 경남 환경,돼지,경상남도 김해시 생림면 안양로***번안길 **-**,,35.386921,128.847337,2026-02-05 16:20:16,동물_가축사육업.csv
김해시,대한축산,돼지,경상남도 김해시 한림면 금곡로***번길 ***-**,,35.335999,128.819876,2023-08-03 10:42:31,동물_가축사육업.csv
김해시,진목농장,돼지,경상남도 김해시 생림면 마사로 **-**,,35.352464,128.847227,2018-04-27 10:27:09,동물_가축사육업.csv
김해시,정수농장,돼지,경상남도 김해시 한림면 안곡리 ***-****,,35.288616,128.84306,2023-12-27 13:43:26,동물_가축사육업.csv
김해시,대저농장,돼지,경상남도 김해시 한림면 안하로 ***-**,,35.315018,128.821773,2025-11-18 18:08:12,동물_가축사육업.csv
김해시,지수농장,돼지,경상남도 김해시 상동면 동북로***번길 ***-**,,35.30235,128.945212,2020-12-07 17:35:41,동물_가축사육업.csv
김해시,미리벌축산,돼지,경상남도 김해시 생림면 안양로***번길 **,,35.379502,128.853463,2025-12-17 11:33:58,동물_가축사육업.csv
김해시,대동축산,돼지,경상남도 김해시 한림면 명동로***번길 **-**,,35.301998,128.824625,2020-05-19 08:29:53,동물_가축사육업.csv
김해시,아정농장,돼지,경상남도 김해시 한림면 금곡로***번길 **-***,,35.34306,128.818727,2025-11-05 14:55:52,동물_가축사육업.csv
김해시,진성축산2,돼지,경상남도 김해시 한림면 안곡로 ***-**,,35.291776,128.844914,2018-10-26 11:26:18,동물_가축사육업.csv
김해시,신라축산,돼지,경상남도 김해시 한림면 한림로***번길 **,,35.320469,128.79586,2026-05-19 10:12:25,동물_가축사육업.csv
김해시,돈돼지,돼지,경상남도 김해시 한림면 한림로***번길 ***,,35.322245,128.795588,2025-11-24 15:54:58,동물_가축사육업.csv
김해시,무성농장,돼지,경상남도 김해시 한림면 용덕로 ***-*,,35.295492,128.829042,2016-06-16 09:44:34,동물_가축사육업.csv
김해시,농업법인 가야농장(주),돼지,경상남도 김해시 한림면 안곡로 ***-**,,35.287422,128.85027,2020-04-01 08:56:10,동물_가축사육업.csv
김해시,솔밭농장,돼지,경상남도 김해시 한림면 안곡리 ***-****,,35.300045,128.846108,2016-08-08 13:58:23,동물_가축사육업.csv
김해시,박성복농장,돼지,경상남도 김해시 주촌면 서부로****번안길 ***-***,,35.257528,128.84661,2023-05-23 09:15:38,동물_가축사육업.csv
김해시,성림축산,돼지,경상남도 김해시 주촌면 서부로****번안길 ***-**,,35.252853,128.842156,2015-04-14 16:34:32,동물_가축사육업.csv
김해시,진성축산,돼지,경상남도 김해시 한림면 안곡로 ***-**,,35.292549,128.844712,2022-12-27 15:56:00,동물_가축사육업.csv
김해시,민수축산,돼지,경상남도 김해시 한림면 용덕로***번길 **-**,,35.296382,128.825799,2017-02-06 16:54:11,동물_가축사육업.csv
김해시,대림농장,돼지,경상남도 김해시 한림면 용덕로***번길 **,,35.293083,128.828298,2025-08-13 10:11:37,동물_가축사육업.csv
김해시,해강축산,돼지,경상남도 김해시 주촌면 서부로****번안길 ***-**,,35.253809,128.842896,2015-04-14 16:32:39,동물_가축사육업.csv
김해시,녹원축산,돼지,경상남도 김해시 한림면 안하로*번길 ***,,35.311776,128.834077,2017-06-22 16:54:47,동물_가축사육업.csv
김해시,희망찬축산,돼지,경상남도 김해시 한림면 한림로***번길 **,,35.304084,128.810891,2021-02-05 13:38:26,동물_가축사육업.csv
김해시,대성농장,돼지,경상남도 김해시 한림면 안하로*번길 ***,,35.312644,128.832261,2026-02-24 18:12:11,동물_가축사육업.csv
김해시,진수축산,돼지,경상남도 김해시 상동면 상동로***번길 **-***,,35.308411,128.893903,2023-04-26 17:34:18,동물_가축사육업.csv
김해시,이삭농장,돼지,경상남도 김해시 한림면 한림로***번길 ***,,35.321937,128.794614,2015-03-16 19:05:53,동물_가축사육업.csv
김해시,민정축산,돼지,경상남도 김해시 한림면 명동로 ***,,35.306045,128.823915,2017-12-19 10:58:29,동물_가축사육업.csv
김해시,고바우농장,돼지,경상남도 김해시 대동면 주동리 ***,,35.236084,128.952922,2023-01-28 15:33:19,동물_가축사육업.csv
김해시,성주2 농장,돼지,경상남도 김해시 한림면 안하로*번길 **,,35.309615,128.833222,2024-07-15 16:30:51,동물_가축사육업.csv
김해시,용덕농장,돼지,경상남도 김해시 한림면 용덕로***번길 **,,35.298246,128.826634,2022-11-29 17:42:00,동물_가축사육업.csv
김해시,혜림농장,돼지,경상남도 김해시 한림면 안곡로 ***-**,,35.292402,128.84509,2017-08-01 14:18:28,동물_가축사육업.csv
김해시,백찬김해2농장,돼지,경상남도 김해시 한림면 장방로***번길 **,,35.325682,128.782541,2026-02-23 15:29:05,동물_가축사육업.csv
김해시,능성농장,돼지,경상남도 김해시 한림면 안곡로***번길 **,,35.289494,128.844413,2021-02-01 14:49:16,동물_가축사육업.csv
김해시,크로바농장,돼지,경상남도 김해시 상동면 묵방로 **-***,,35.291975,128.916164,2020-05-12 09:22:13,동물_가축사육업.csv
김해시,미주농장,돼지,경상남도 김해시 상동면 여차로 ***,,35.329364,128.886006,2025-04-22 14:54:33,동물_가축사육업.csv
김해시,한림축산,돼지,경상남도 김해시 한림면 용덕리 ***-****,,35.302137,128.825249,2019-01-31 14:43:31,동물_가축사육업.csv
김해시,봉민축산,돼지,경상남도 김해시 한림면 한림로***번길 ***,,35.311889,128.820066,2019-01-31 15:06:03,동물_가축사육업.csv
밀양시,농업회사법인 주식회사 영진,돼지,"경상남도 밀양시 상남면 예평로 ***-* (연금리 **-*,-**,-**,-**,***-*,-**,-**,****)",,35.442734,128.778851,2022-06-30 17:07:34,동물_가축사육업.csv
밀양시,구천농장,돼지,경상남도 밀양시 단장면 도래재로 **,,35.529787,128.923527,2019-08-22 10:45:22,동물_가축사육업.csv
밀양시,에코팜,돼지,경상남도 밀양시 단장면 도래재로 **,,35.52936,128.923304,2022-12-05 09:33:03,동물_가축사육업.csv
밀양시,만성농장,돼지,"경상남도 밀양시 하남읍 성만남전로 ***-*, 외 *필지",,35.407867,128.737131,2026-04-06 15:19:15,동물_가축사육업.csv
밀양시,백학2농장,돼지,"경상남도 밀양시 무안면 마흘리 **** ****, ****, ****-*, ****-***, ****-***, ****, ****-***",,35.490581,128.684517,2022-11-16 16:20:59,동물_가축사육업.csv
밀양시,신생의꿈,돼지,"경상남도 밀양시 무안면 마흘리 **** ,****",,35.491137,128.685448,2026-03-11 09:41:59,동물_가축사육업.csv
밀양시,소망농장,돼지,경상남도 밀양시 상남면 마산*길 **-**,,35.406147,128.784994,2017-05-25 14:57:50,동물_가축사육업.csv
밀양시,백학농장,돼지,경상남도 밀양시 무안면 신생길 ***-**,,35.49098,128.685124,2024-07-23 10:06:24,동물_가축사육업.csv
밀양시,그린농장,돼지,"경상남도 밀양시 무안면 덕암길 **-**, 외 **필지",,35.465367,128.640248,2019-02-21 15:34:55,동물_가축사육업.csv
밀양시,쌍용축산 2농장,돼지,경상남도 밀양시 청도면 조천길 ***-** (*필지),,35.53635,128.616736,2017-08-16 19:02:39,동물_가축사육업.csv
밀양시,동대 양돈,돼지,경상남도 밀양시 상동면 상동로 ***,,35.564971,128.771915,2026-07-02 09:04:22,동물_가축사육업.csv
밀양시,다돈 농장,돼지,경상남도 밀양시 무안면 마흘리 ****-* 외 *필지(신생길***-**),,35.491707,128.683569,2023-02-20 13:27:16,동물_가축사육업.csv
밀양시,믿음농장,돼지,경상남도 밀양시 상남면 마산*길 **-**,,35.406147,128.784994,2017-05-25 14:56:52,동물_가축사육업.csv
밀양시,보배농장,돼지,경상남도 밀양시 무안면 신생길 ***-**,,35.491601,128.683217,2022-10-04 15:58:12,동물_가축사육업.csv
밀양시,성림농장,돼지,경상남도 밀양시 부북면 퇴로로 ***-**,,35.55167,128.703878,2026-03-04 11:15:54,동물_가축사육업.csv
밀양시,용인농장,돼지,경상남도 밀양시 초동면 금포안길 **-**,,35.391998,128.706848,2020-07-16 14:03:34,동물_가축사육업.csv
밀양시,AL농장,돼지,경상남도 밀양시 무안면 신생길 ***,,35.490202,128.68678,2022-10-04 16:09:54,동물_가축사육업.csv
밀양시,유림농장,돼지,경상남도 밀양시 하남읍 백산로 ***-**,,35.376831,128.749651,2026-04-03 17:00:43,동물_가축사육업.csv
밀양시,성주농장2,돼지,"경상남도 밀양시 무안면 마흘리 ****, ****-*, ****-***",,35.484798,128.697707,2023-03-27 21:16:11,동물_가축사육업.csv
밀양시,구구농장,돼지,경상남도 밀양시 무안면 마흘리 ****-* ****-*,,35.489679,128.687466,2023-06-20 09:23:55,동물_가축사육업.csv
밀양시,부흥축산,돼지,"경상남도 밀양시 단장면 무릉*길 ** (***, ***, ***)",,35.503799,128.88469,2024-07-22 10:41:03,동물_가축사육업.csv
밀양시,보배2 농장,돼지,경상남도 밀양시 무안면 무안로 ***-**,,35.492197,128.682837,2020-06-29 16:04:58,동물_가축사육업.csv
밀양시,봉황농장,돼지,경상남도 밀양시 무안면 사명대사생가로 ***-**,,35.471403,128.636106,2021-07-21 14:01:52,동물_가축사육업.csv
밀양시,혜정농장,돼지,경상남도 밀양시 무안면 신생길 ***-** (외 *필지),,35.490241,128.6861,2024-05-14 18:01:14,동물_가축사육업.csv
밀양시,쌍용축산 3농장,돼지,경상남도 밀양시 청도면 조천길 ***-**,,35.53635,128.616736,2018-04-26 16:48:38,동물_가축사육업.csv
밀양시,CH양돈,돼지,경상남도 밀양시 무안면 마흘리 ****-*,,35.484798,128.697707,2023-06-20 09:31:53,동물_가축사육업.csv
밀양시,송백 농장,돼지,경상남도 밀양시 산내면 임고*길 **-**,,35.576076,128.880591,2021-07-08 14:34:28,동물_가축사육업.csv
밀양시,이영목 농장,돼지,경상남도 밀양시 부북면 퇴로로 ***-**,,35.545617,128.69767,2022-08-08 13:03:00,동물_가축사육업.csv
밀양시,농업회사법인유성축산주식회사,돼지,경상남도 밀양시 무안면 덕암길 **-**,,35.466072,128.638692,2019-07-23 14:15:48,동물_가축사육업.csv
밀양시,평산양돈,돼지,경상남도 밀양시 무안면 중산리 ****-*,,35.478493,128.622767,2022-07-08 16:30:32,동물_가축사육업.csv
밀양시,고성농장,돼지,경상남도 밀양시 초동면 금포길 **-**,,35.397106,128.699398,2015-04-22 16:35:32,동물_가축사육업.csv
밀양시,신망농장,돼지,경상남도 밀양시 무안면 신숲길 ** (외*필지),,35.47373,128.635472,2022-12-02 11:05:58,동물_가축사육업.csv
밀양시,화랑농장,돼지,경상남도 밀양시 무안면 신생길 ***-**,,35.491426,128.684166,2024-10-24 17:18:21,동물_가축사육업.csv
밀양시,대성FINE,돼지,경상남도 밀양시 단장면 무릉*길 **-**,,35.48784,128.892625,2022-06-20 10:21:51,동물_가축사육업.csv
밀양시,명성농장,돼지,경상남도 밀양시 초동면 명성로 *** (외 *필지(명성로 ***)),,35.402036,128.658366,2016-06-10 16:41:40,동물_가축사육업.csv
밀양시,조은축산,돼지,경상남도 밀양시 무안면 신숲길 **,,35.47416,128.634462,2019-12-31 10:22:26,동물_가축사육업.csv
밀양시,미르피그팜,돼지,"경상남도 밀양시 상남면 상남로 ***, (****-*,****-*,****)",,35.396254,128.763798,2024-06-04 14:32:12,동물_가축사육업.csv
밀양시,LH양돈,돼지,경상남도 밀양시 무안면 신생길 **-*,,35.49055,128.687651,2023-04-25 22:05:00,동물_가축사육업.csv
밀양시,미리벌축산,돼지,경상남도 밀양시 무안면 운정길 **-**,,35.496901,128.674619,2025-12-11 14:00:36,동물_가축사육업.csv
밀양시,우정농장,돼지,경상남도 밀양시 무안면 신생길 **-** (*필지),,35.488532,128.68729,2022-10-04 15:31:42,동물_가축사육업.csv
밀양시,감돈축산,돼지,경상남도 밀양시 단장면 감물*길 **-**,,35.454648,128.882841,2024-10-24 17:19:42,동물_가축사육업.csv
밀양시,대홍농장,돼지,경상남도 밀양시 하남읍 금포길 ***-**,,35.3948,128.712856,2025-12-18 15:47:28,동물_가축사육업.csv
밀양시,쌍용축산,돼지,경상남도 밀양시 산내면 봉의*길 **,,35.589152,128.871221,2026-03-18 17:46:13,동물_가축사육업.csv
밀양시,남천축산,돼지,경상남도 밀양시 산외면 금곡*길 **,,35.519171,128.828601,2021-12-17 15:51:47,동물_가축사육업.csv
밀양시,승천농장,돼지,경상남도 밀양시 초동면 명성로 ***-**,,35.401224,128.659218,2024-10-24 17:19:03,동물_가축사육업.csv
밀양시,얼음골 양돈장,돼지,경상남도 밀양시 산내면 얼음골옛길 **-**,,35.576511,128.954863,2025-12-01 14:01:42,동물_가축사육업.csv
밀양시,은돼지농장,돼지,경상남도 밀양시 상남면 상남로 ***,,35.396689,128.762744,2022-02-11 18:49:58,동물_가축사육업.csv
밀양시,삼원농장,돼지,경상남도 밀양시 무안면 웅동*길 **-*,,35.466174,128.595599,2022-07-08 15:42:45,동물_가축사육업.csv
밀양시,두은농장,돼지,"경상남도 밀양시 무안면 마흘리 **** ****, ****, ****-*, ****-*",,35.489753,128.685265,2023-04-17 21:22:54,동물_가축사육업.csv
밀양시,미래축산,돼지,경상남도 밀양시 무안면 무안로 ***-***,,35.489594,128.698491,2022-08-08 13:06:50,동물_가축사육업.csv
거제시,송학농장,돼지,경상남도 거제시 동부면 율포로 ***,,34.797197,128.601997,2026-04-16 08:56:31,동물_가축사육업.csv
거제시,언양흑돼지농장,돼지,경상남도 거제시 사등면 언양로 ***-**,,34.891567,128.536097,2021-03-08 13:36:37,동물_가축사육업.csv
양산시,삼삼오농장,돼지,경상남도 양산시 하북면 충렬로 ****-**,,35.444395,129.064364,2024-12-24 13:30:09,동물_가축사육업.csv
양산시,자연농장,돼지,경상남도 양산시 상북면 오룡길 ***-***,,35.452976,129.034623,2019-04-26 09:32:20,동물_가축사육업.csv
양산시,해수농장,돼지,경상남도 양산시 원동면 명언뒷등길 ***-**,,35.345766,128.98682,2020-10-08 11:23:21,동물_가축사육업.csv
양산시,원효농장,돼지,경상남도 양산시 상북면 오룡길 ***-***,,35.452664,129.035981,2024-08-06 11:23:49,동물_가축사육업.csv
양산시,임호농장,돼지,경상남도 양산시 원동면 명언고개밑길 **,,35.348137,128.986633,2022-02-22 15:01:07,동물_가축사육업.csv
양산시,DH농장,돼지,경상남도 양산시 원동면 명언고개밑길 **,,35.348376,128.987253,2019-03-18 17:06:51,동물_가축사육업.csv
양산시,화제축산,돼지,경상남도 양산시 원동면 원동로 ***,,35.341717,128.967359,2025-09-02 11:22:39,동물_가축사육업.csv
양산시,개곡농장,돼지,경상남도 양산시 원동면 화제로 **-**,,35.34992,128.983345,2019-08-16 09:51:15,동물_가축사육업.csv
양산시,미소농장,돼지,경상남도 양산시 원동면 화제로 **-**,,35.349719,128.983336,2026-05-18 16:02:01,동물_가축사육업.csv
양산시,구시월드 상북GP,돼지,경상남도 양산시 상북면 수서로 ***-*,,35.446459,129.023063,2022-01-27 13:33:18,동물_가축사육업.csv
양산시,성화농장,돼지,경상남도 양산시 매곡외산로 ***-* (덕계동),,35.367893,129.166969,2025-03-06 16:48:51,동물_가축사육업.csv
양산시,석진농장,돼지,경상남도 양산시 상북면 수서로 ***-**,,35.439585,129.042761,2005-07-04 18:41:13,동물_가축사육업.csv
양산시,용원축산 영농조합법인 2농장,돼지,경상남도 양산시 원동면 명언고개밑길 **-**,,35.346909,128.985847,2021-09-15 17:22:10,동물_가축사육업.csv
양산시,대흥축산,돼지,경상남도 양산시 상북면 신전외석*길 ***-*,,35.443979,129.055555,2020-10-26 16:02:07,동물_가축사육업.csv
양산시,돈금 축산,돼지,경상남도 양산시 상북면 수서로 ***-*,,35.435511,129.044266,2020-10-26 15:57:17,동물_가축사육업.csv
양산시,청암농장,돼지,경상남도 양산시 원동면 화제로 **-**,,35.349578,128.982071,2026-07-16 15:51:04,동물_가축사육업.csv
양산시,희숙농장,돼지,경상남도 양산시 원동면 화제로 **-**,,35.349831,128.982608,2021-05-20 16:12:06,동물_가축사육업.csv
양산시,대성농장,돼지,경상남도 양산시 하북면 송골길 **,,35.452489,129.07026,2021-01-06 16:11:34,동물_가축사육업.csv
양산시,인수농장,돼지,경상남도 양산시 용주로 ***-** (주남동),,35.43047,129.160952,2022-07-20 17:58:00,동물_가축사육업.csv
양산시,우리농장,돼지,경상남도 양산시 원동면 명언고개밑길 **-**,,35.347695,128.986205,2023-12-28 17:01:04,동물_가축사육업.csv
양산시,서광농장,돼지,경상남도 양산시 용주로 ***-** (주남동),,35.430206,129.160325,2026-05-28 16:44:33,동물_가축사육업.csv
양산시,석주농장,돼지,경상남도 양산시 하북면 충렬로 ****-**,,35.443934,129.06493,2026-05-28 16:43:29,동물_가축사육업.csv
양산시,성림농장,돼지,경상남도 양산시 용주로 ***-** (주남동),,35.429638,129.160247,2022-10-26 11:26:25,동물_가축사육업.csv
양산시,야곱축산,돼지,경상남도 양산시 원동면 명언고개밑길 **-**,,35.34726,128.986127,2021-08-20 11:45:36,동물_가축사육업.csv
양산시,태양농장,돼지,경상남도 양산시 상북면 오룡길 ***-**,,35.453147,129.038867,2020-10-26 15:50:09,동물_가축사육업.csv
양산시,평화농장,돼지,경상남도 양산시 상북면 내석*길 **,,35.450907,129.025899,2024-10-15 16:55:48,동물_가축사육업.csv
양산시,에바다성우농장,돼지,경상남도 양산시 원동면 명언고개밑길 **-**,,35.347888,128.989788,2026-05-28 16:41:40,동물_가축사육업.csv
양산시,세림농장,돼지,"경상남도 양산시 중뫼길 ** (주남동,***번지)",,35.425316,129.162374,2020-10-26 15:16:30,동물_가축사육업.csv
양산시,천우농장,돼지,경상남도 양산시 상북면 신전외석*길 ***,,35.444989,129.057482,2020-09-01 14:39:35,동물_가축사육업.csv
양산시,농업회사법인 국일농원 주식회사,돼지,경상남도 양산시 원동면 천태로 ****-**,,35.392777,128.889478,2020-10-26 15:58:47,동물_가축사육업.csv
양산시,은혜농장,돼지,경상남도 양산시 원동면 명언새들길 **,,35.349899,128.99001,2023-02-02 10:20:27,동물_가축사육업.csv
양산시,승원축산,돼지,경상남도 양산시 원동면 명언고개밑길 **-**,,35.347962,128.984749,2026-03-26 14:50:02,동물_가축사육업.csv
양산시,달성농장,돼지,경상남도 양산시 원동면 명언고개밑길 **,,35.348302,128.988577,2019-03-25 16:27:44,동물_가축사육업.csv
양산시,용원축산 영농조합법인 1농장,돼지,"경상남도 양산시 원동면 명언고개밑길 ***, 용원축산",,35.348871,128.994609,2021-09-15 17:21:48,동물_가축사육업.csv
양산시,가리미농장,돼지,경상남도 양산시 상북면 장자골길 **,,35.456678,129.041229,2022-10-31 13:21:45,동물_가축사육업.csv
양산시,거목농장,돼지,경상남도 양산시 원동면 화제로 **-**,,35.349712,128.982908,2025-09-24 13:20:22,동물_가축사육업.csv
양산시,태림축산,돼지,경상남도 양산시 원동면 명언고개밑길 **-**,,35.347145,128.986503,2026-05-18 15:58:12,동물_가축사육업.csv
양산시,대흥축산 2농장,돼지,경상남도 양산시 상북면 신전외석*길 ***,,35.444064,129.056653,2023-05-23 17:59:25,동물_가축사육업.csv
의령군,신촌축산,돼지,경상남도 의령군 용덕면 용덕*길 **-**,,35.335593,128.287899,2020-06-12 08:19:01,동물_가축사육업.csv
의령군,흰돌농장,돼지,경상남도 의령군 대의면 모의로*길 ***-**,,35.373833,128.15493,2026-07-07 09:55:24,동물_가축사육업.csv
의령군,신성농장,돼지,경상남도 의령군 용덕면 용덕*길 **-**,,35.335701,128.28816,2019-12-31 13:15:20,동물_가축사육업.csv
의령군,안인농장,돼지,경상남도 의령군 지정면 보덕로 ***-*,,35.375669,128.416307,2025-01-02 08:34:55,동물_가축사육업.csv
의령군,정문경축산,돼지,경상남도 의령군 지정면 강변로*길 **,,35.364744,128.377921,2020-09-04 13:12:52,동물_가축사육업.csv
의령군,초곡농장,돼지,경상남도 의령군 용덕면 덕암로 ***-***,,35.357141,128.262825,2023-03-27 20:33:24,동물_가축사육업.csv
의령군,선경농장,돼지,경상남도 의령군 봉수면 대한로 ***,,35.486444,128.231066,2015-08-04 13:51:24,동물_가축사육업.csv
의령군,신성1농장,돼지,경상남도 의령군 용덕면 용덕*길 **-**,,35.336273,128.285966,2026-07-07 09:56:25,동물_가축사육업.csv
의령군,신촌농장,돼지,경상남도 의령군 용덕면 용덕*길 **-* (외 *필지),,35.335077,128.290198,2024-11-08 11:52:46,동물_가축사육업.csv
의령군,삼전농장,돼지,"경상남도 의령군 지정면 강변로 ***, 삼전농장",,35.370659,128.398322,2026-02-10 16:46:04,동물_가축사육업.csv
의령군,운암축산,돼지,경상남도 의령군 가례면 운암로 ***-***,,35.345432,128.214176,2017-06-15 08:58:26,동물_가축사육업.csv
의령군,광웅농장,돼지,경상남도 의령군 부림면 낙동강로 **,,35.452273,128.366212,2015-08-04 16:26:50,동물_가축사육업.csv
함안군,우림양돈,돼지,경상남도 함안군 함안면 괴산리 ***-*,,35.246951,128.41786,2022-10-27 09:32:53,동물_가축사육업.csv
함안군,함안양돈단지영농조합법인,돼지,경상남도 함안군 가야읍 이곡*길 **,,35.309542,128.414633,2014-02-21 23:24:53,동물_가축사육업.csv
함안군,늘봄농장,돼지,경상남도 함안군 군북면 의산삼일로 ****,,35.221207,128.359843,2026-02-06 13:26:56,동물_가축사육업.csv
함안군,입곡농장,돼지,경상남도 함안군 산인면 성산로 ***-*,,35.266602,128.454971,2014-08-06 11:33:36,동물_가축사육업.csv
함안군,성표농장,돼지,경상남도 함안군 함안면 괴산*길 ***-**,,35.244769,128.415414,2026-08-06 15:57:35,동물_가축사육업.csv
함안군,정문영 축산,돼지,경상남도 함안군 칠북면 화천*길 **,,35.348174,128.509351,2019-06-14 11:10:16,동물_가축사육업.csv
함안군,대성농장,돼지,경상남도 함안군 산인면 송정*길 *-**,,35.290162,128.425392,2025-06-09 16:44:31,동물_가축사육업.csv
함안군,우림양돈2,돼지,경상남도 함안군 함안면 괴산*길 ***-*,,35.247111,128.415964,2022-10-17 10:03:44,동물_가축사육업.csv
함안군,화진2농장,돼지,경상남도 함안군 대산면 구암*길 **,,35.372576,128.430705,2020-03-19 18:01:34,동물_가축사육업.csv
함안군,더 맑은농장,돼지,경상남도 함안군 군북면 명관로 **,,35.233283,128.332216,2021-11-26 16:50:29,동물_가축사육업.csv
함안군,하늘농장,돼지,경상남도 함안군 함안면 괴산*길 ***,,35.245352,128.418277,2022-07-04 17:35:07,동물_가축사육업.csv
함안군,은비축산,돼지,경상남도 함안군 산인면 부봉*길 ***,,35.303692,128.434719,2022-07-25 16:38:22,동물_가축사육업.csv
함안군,행복농장,돼지,경상남도 함안군 함안면 괴산*길 ***-*,,35.248406,128.418086,2019-07-18 08:28:21,동물_가축사육업.csv
함안군,하늘농장 3,돼지,경상남도 함안군 함안면 괴산리 ***-*,,35.248085,128.416876,2026-06-26 09:25:47,동물_가축사육업.csv
함안군,화진3농장(대산비육장),돼지,경상남도 함안군 대산면 장장골길 ***-**,,35.340569,128.422473,2021-07-09 11:11:30,동물_가축사육업.csv
함안군,법수농장,돼지,경상남도 함안군 법수면 어유길 ***,,35.328163,128.369862,2026-02-09 14:26:14,동물_가축사육업.csv
함안군,금천농장,돼지,경상남도 함안군 함안면 봉성*길 **,,35.233272,128.429335,2026-01-23 09:27:34,동물_가축사육업.csv
함안군,다보축산,돼지,경상남도 함안군 칠북면 화천*길 **,,35.347695,128.50952,2018-06-08 14:52:30,동물_가축사육업.csv
함안군,현대팜,돼지,경상남도 함안군 법수면 이묵골로 ***,,35.337719,128.350026,2020-02-20 12:52:09,동물_가축사육업.csv
함안군,조은솔 농장,돼지,경상남도 함안군 법수면 대송로 ***-*,,35.324237,128.344445,2022-02-14 17:51:07,동물_가축사육업.csv
함안군,하늘 2농장,돼지,경상남도 함안군 함안면 괴산*길 ***-*,,35.249474,128.415699,2026-08-19 11:06:28,동물_가축사육업.csv
함안군,영진양돈,돼지,경상남도 함안군 칠원면 유원*길 **,,35.293292,128.486924,2024-12-30 15:43:01,동물_가축사육업.csv
함안군,청정농장,돼지,경상남도 함안군 산인면 송산로 ***-*,,35.290188,128.42698,2026-03-18 11:44:29,동물_가축사육업.csv
함안군,천애(Ⅱ)농장,돼지,경상남도 함안군 산인면 부봉*길 ***,,35.303064,128.433314,2025-06-09 15:06:10,동물_가축사육업.csv
함안군,치근농장,돼지,경상남도 함안군 함안면 강명*길 *-**,,35.225308,128.428784,2025-07-30 10:49:45,동물_가축사육업.csv
함안군,벽진축산,돼지,경상남도 함안군 칠원면 유원리 ****,,35.290651,128.483394,2019-07-17 13:41:21,동물_가축사육업.csv
함안군,성동농장,돼지,경상남도 함안군 군북면 명관로 **,,35.232614,128.332425,2022-03-31 16:24:53,동물_가축사육업.csv
함안군,동방농장,돼지,경상남도 함안군 칠북면 덕남길 ***-**,,35.357766,128.524713,2023-01-18 09:42:22,동물_가축사육업.csv
함안군,옥천농장,돼지,"경상남도 함안군 함안면 봉성리 *** 외 *필지(***,***,***-*)",,35.22454,128.428979,2026-05-07 11:48:22,동물_가축사육업.csv
함안군,농업회사법인 프로팜 주식회사,돼지,경상남도 함안군 칠북면 덕남길 ***-**,,35.355774,128.527576,2022-12-14 10:28:48,동물_가축사육업.csv
함안군,다반영농조합법인,돼지,경상남도 함안군 함안면 성산로 ***,,35.246339,128.434953,2020-03-19 13:27:45,동물_가축사육업.csv
함안군,양지농장,돼지,"경상남도 함안군 대산면 옥렬*길 **-**, 상록영농축산(주)",,35.323167,128.412521,2022-03-21 10:47:53,동물_가축사육업.csv
함안군,화진농장,돼지,경상남도 함안군 칠북면 덕남길 ***-**,,35.355986,128.528679,2021-01-11 09:21:15,동물_가축사육업.csv
함안군,가야유전자연구소,돼지,경상남도 함안군 법수면 법정로 **-**,,35.32131,128.372362,2014-12-09 17:57:04,동물_가축사육업.csv
창녕군,상철농장,돼지,경상남도 창녕군 대합면 구미마을길 **-**,,35.612373,128.400085,2025-12-26 16:33:32,동물_가축사육업.csv
창녕군,돈담아,돼지,경상남도 창녕군 이방면 안리갓골길 **-**,,35.589954,128.397119,2025-11-12 14:48:45,동물_가축사육업.csv
창녕군,부흥양돈영농조합법인,돼지,"경상남도 창녕군 장마면 장마고곡로 ***-**, 부흥양돈영농조합",,35.452443,128.454013,2026-02-04 09:07:13,동물_가축사육업.csv
창녕군,국제농장,돼지,경상남도 창녕군 장마면 유리길 ***-***,,35.446194,128.481074,2026-02-04 09:04:23,동물_가축사육업.csv
창녕군,김정연축산,돼지,경상남도 창녕군 장마면 장마고곡로 ***-**,,35.445803,128.449534,2020-12-21 10:05:52,동물_가축사육업.csv
창녕군,준이양돈,돼지,경상남도 창녕군 장마면 장마고곡로 ***-**,,35.452443,128.454013,2024-03-26 13:51:59,동물_가축사육업.csv
창녕군,농업회사 법인 (주)우포월드,돼지,경상남도 창녕군 대지면 유어갓골길 ***-**,,35.531335,128.440056,2026-02-04 09:01:16,동물_가축사육업.csv
창녕군,금농영농조합법인,돼지,경상남도 창녕군 유어면 가항길 ***,,35.527785,128.397649,2025-02-18 15:29:06,동물_가축사육업.csv
창녕군,번개축산,돼지,경상남도 창녕군 계성면 옻밭골길 **,,35.4442,128.494402,2022-12-15 17:40:58,동물_가축사육업.csv
창녕군,금농영농조합법인,돼지,경상남도 창녕군 계성면 광계로 ***-**,,35.469443,128.479939,2023-12-14 14:35:13,동물_가축사육업.csv
창녕군,화신농장,돼지,경상남도 창녕군 영산면 신제로 **-*,,35.423478,128.499068,2020-12-09 15:32:50,동물_가축사육업.csv
창녕군,금농영농조합법인,돼지,경상남도 창녕군 성산면 대산로 **-**,,35.642467,128.526646,2020-12-16 15:25:20,동물_가축사육업.csv
창녕군,장인농장,돼지,경상남도 창녕군 유어면 가항길 ***,,35.526513,128.397467,2025-02-19 13:28:51,동물_가축사육업.csv
창녕군,신제농장,돼지,경상남도 창녕군 영산면 신제로 **-**,,35.423018,128.500431,2026-05-13 14:14:28,동물_가축사육업.csv
창녕군,거부농장,돼지,경상남도 창녕군 창녕읍 생광경천길 **,,35.520916,128.490935,2024-02-01 20:57:25,동물_가축사육업.csv
창녕군,이산농장,돼지,경상남도 창녕군 대지면 대지원동길 ***,,35.565588,128.46949,2022-08-01 21:55:54,동물_가축사육업.csv
창녕군,흥진농원,돼지,"경상남도 창녕군 장마면 초곡길 **, **-*",,35.495683,128.481877,2025-03-18 08:10:37,동물_가축사육업.csv
창녕군,성일축산,돼지,경상남도 창녕군 유어면 어촌길 **-**,,35.4861,128.451868,2024-02-20 15:56:02,동물_가축사육업.csv
창녕군,도방육종,돼지,경상남도 창녕군 영산면 땅굼길 **,,35.418886,128.49662,2022-10-17 16:12:39,동물_가축사육업.csv
창녕군,모전농장,돼지,경상남도 창녕군 대합면 모전로 ***,,35.575271,128.452793,2026-08-07 13:37:26,동물_가축사육업.csv
창녕군,장개축산,돼지,경상남도 창녕군 계성면 옻밭골길 **,,35.4442,128.494402,2023-12-04 13:22:39,동물_가축사육업.csv
창녕군,무림농장,돼지,경상남도 창녕군 창녕읍 탐하로 **,,35.530657,128.478087,2026-02-03 10:21:48,동물_가축사육업.csv
창녕군,화전농장,돼지,경상남도 창녕군 창녕읍 섬마길 **,,35.509338,128.488911,2025-10-24 13:05:57,동물_가축사육업.csv
창녕군,대호축산,돼지,경상남도 창녕군 이방면 거남길 **-**,,35.607521,128.392747,2024-03-28 08:50:03,동물_가축사육업.csv
창녕군,해돌이농장,돼지,경상남도 창녕군 대합면 모전로 ***,,35.574914,128.453133,2022-10-12 15:52:32,동물_가축사육업.csv
고성군,갈천농장,돼지,경상남도 고성군 대가면 유흥갈천길 ***,,35.03303,128.269031,2017-06-30 07:29:03,동물_가축사육업.csv
고성군,호암농장,돼지,경상남도 고성군 거류면 감서*길 **,,35.012998,128.376995,2022-03-19 10:25:45,동물_가축사육업.csv
고성군,한솔농장,돼지,경상남도 고성군 삼산면 공룡로 ****-**,,34.952507,128.262118,2022-02-17 10:53:31,동물_가축사육업.csv
고성군,유진농장2,돼지,경상남도 고성군 개천면 구례들길 ***,,35.099219,128.247458,2022-02-04 16:36:50,동물_가축사육업.csv
고성군,은민농장,돼지,경상남도 고성군 개천면 구례들길 ***,,35.100532,128.242897,2021-05-26 18:03:05,동물_가축사육업.csv
고성군,호산나농장,돼지,"경상남도 고성군 거류면 감서*길 ***, 외 *필지",,35.008373,128.377876,2022-03-15 19:42:24,동물_가축사육업.csv
고성군,창성농장,돼지,경상남도 고성군 거류면 감서안길 **-*,,35.009639,128.377367,2020-07-16 13:39:53,동물_가축사육업.csv
고성군,갈모봉농장,돼지,경상남도 고성군 삼산면 공룡로 ****-**[*미고시],,34.954315,128.262107,2020-12-17 17:02:58,동물_가축사육업.csv
고성군,무진농장2,돼지,경상남도 고성군 구만면 광덕*길 **-**,,35.068533,128.354421,2020-02-13 13:45:37,동물_가축사육업.csv
고성군,부림농장,돼지,"경상남도 고성군 거류면 감서안길 **-**, 외 *필지",,35.010378,128.378566,2022-03-15 19:37:07,동물_가축사육업.csv
고성군,무진농장,돼지,경상남도 고성군 회화면 녹명길 *-**,,35.069427,128.357131,2022-02-25 16:04:40,동물_가축사육업.csv
고성군,백운양돈1농장,돼지,경상남도 고성군 대가면 대가로 ***,,35.03894,128.282861,2020-12-17 17:02:13,동물_가축사육업.csv
고성군,백만농장,돼지,경상남도 고성군 거류면 감서*길 **-**,,35.011421,128.37483,2022-03-15 19:33:51,동물_가축사육업.csv
고성군,한진농장,돼지,경상남도 고성군 거류면 감서*길 **-**,,35.010763,128.374826,2022-03-15 19:46:35,동물_가축사육업.csv
고성군,두현축산,돼지,경상남도 고성군 거류면 감서*길 **-**,,35.012888,128.377909,2022-03-15 19:49:35,동물_가축사육업.csv
고성군,주안농장,돼지,경상남도 고성군 거류면 감서안길 **,,35.010674,128.376938,2026-06-22 14:26:30,동물_가축사육업.csv
고성군,백운양돈 2농장,돼지,경상남도 고성군 대가면 유흥갈천길 ***,,35.032655,128.269916,2017-08-28 11:14:46,동물_가축사육업.csv
고성군,정우농장,돼지,경상남도 고성군 회화면 남해안대로 ****-**,,35.083864,128.370888,2022-04-08 16:25:13,동물_가축사육업.csv
고성군,철성양돈,돼지,경상남도 고성군 영오면 연당리 ***-**,,35.11608,128.253752,2022-03-15 19:38:24,동물_가축사육업.csv
고성군,돈해진미 고성축산,돼지,경상남도 고성군 거류면 송산로 ***-**,,34.983746,128.363341,2022-03-15 19:28:25,동물_가축사육업.csv
고성군,대림축산,돼지,경상남도 고성군 하이면 하이로 ***-**,,34.959124,128.134185,2022-03-15 19:29:26,동물_가축사육업.csv
고성군,돝누리,돼지,경상남도 고성군 대가면 대가로 ***-**,,35.040519,128.281859,2022-03-15 19:40:13,동물_가축사육업.csv
고성군,에덴농장,돼지,경상남도 고성군 거류면 감서리 ****-*,,35.010004,128.378763,2025-10-29 09:16:21,동물_가축사육업.csv
고성군,예림농장,돼지,"경상남도 고성군 개천면 청광*길 **-*, 외 *필지(**-**)",,35.114149,128.300344,2026-07-29 16:35:49,동물_가축사육업.csv
고성군,무,돼지,경상남도 고성군 하이면 삼상로 ***-**,,34.949648,128.126614,2022-03-15 19:32:20,동물_가축사육업.csv
고성군,유진농장1,돼지,경상남도 고성군 개천면 명성*길 **-**,,35.100442,128.25925,2020-04-10 11:00:38,동물_가축사육업.csv
고성군,은성축산,돼지,경상남도 고성군 거류면 용산*길 **,,34.971776,128.355431,2022-03-15 19:50:18,동물_가축사육업.csv
고성군,미산농장,돼지,"경상남도 고성군 거류면 감서*길 ***-**, 외 *필지",,35.009682,128.374286,2022-03-15 19:48:34,동물_가축사육업.csv
고성군,농업회사법인(주)예림2농장,돼지,"경상남도 고성군 개천면 구만로 ***-***, 외 **필지",,35.10109,128.298252,2023-06-23 09:19:29,동물_가축사육업.csv
고성군,진해축산,돼지,경상남도 고성군 구만면 광덕*길 ***,,35.066391,128.354755,2023-01-04 13:16:03,동물_가축사육업.csv
고성군,벧엘농장,돼지,"경상남도 고성군 거류면 감서리 ****-** , ****-**, ****-**, ****-*, ****-*, ****",,35.010098,128.376852,2022-04-01 17:54:48,동물_가축사육업.csv
고성군,학송농장,돼지,경상남도 고성군 거류면 은월리 ***-*,,34.960601,128.379209,2023-03-09 09:19:36,동물_가축사육업.csv
고성군,육림농장,돼지,경상남도 고성군 회화면 영회로 ****-**,,35.067032,128.362488,2020-11-05 18:07:08,동물_가축사육업.csv
고성군,차룡농장,돼지,경상남도 고성군 영오면 가천*길 **-**,,35.128096,128.272431,2022-04-05 09:52:25,동물_가축사육업.csv
고성군,해밀농장,돼지,경상남도 고성군 고성읍 이당*길 ***,,34.978083,128.265228,2022-03-15 19:23:45,동물_가축사육업.csv
고성군,영아농장,돼지,경상남도 고성군 고성읍 월평*길 ***-**,,34.95377,128.348645,2022-03-15 19:43:11,동물_가축사육업.csv
고성군,칠암축산,돼지,경상남도 고성군 거류면 송산로 ***,,34.979237,128.372129,2023-03-09 09:19:11,동물_가축사육업.csv
고성군,천명농장,돼지,경상남도 고성군 마암면 삼락*길 ***,,35.014449,128.354675,2020-10-19 10:03:32,동물_가축사육업.csv
고성군,대종농장,돼지,경상남도 고성군 구만면 화림*길 ***,,35.102906,128.340839,2022-03-15 19:25:11,동물_가축사육업.csv
남해군,남해한돈영농조합법인,돼지,경상남도 남해군 남해읍 당넘로***번길 ***,,34.814367,127.899216,2025-02-10 19:05:17,동물_가축사육업.csv
남해군,돈해진미 남해축산1,돼지,경상남도 남해군 남해읍 당넘로***번길 ***-*,,34.812965,127.900199,2026-06-02 16:58:00,동물_가축사육업.csv
남해군,돈해진미 영지축산2,돼지,경상남도 남해군 이동면 난음로*번길 **,,34.794558,127.966215,2022-01-14 15:06:39,동물_가축사육업.csv
남해군,돈해진미 영지축산1,돼지,경상남도 남해군 삼동면 죽방로 ***,,34.811833,127.964159,2022-01-14 15:05:40,동물_가축사육업.csv
남해군,돈해진미 영지축산3,돼지,경상남도 남해군 남해읍 당넘로***번길 ***-*,,34.814448,127.898449,2022-01-14 15:07:10,동물_가축사육업.csv
하동군,바른양돈,돼지,경상남도 하동군 횡천면 구학길 **-**,,35.070087,127.794617,2026-04-30 16:27:56,동물_가축사육업.csv
하동군,바른양돈 제2농장,돼지,경상남도 하동군 횡천면 구학길 **-**,,35.070531,127.794554,2018-02-07 09:17:06,동물_가축사육업.csv
하동군,농업회사법인 주식회사 한돈혁신센터,돼지,경상남도 하동군 진교면 달구지길 ***,,35.002694,127.897426,2022-04-20 17:25:38,동물_가축사육업.csv
하동군,비타팜,돼지,경상남도 하동군 적량면 상우길 **-*,,35.096352,127.76411,2018-11-29 09:04:03,동물_가축사육업.csv
하동군,비사벌농장,돼지,경상남도 하동군 적량면 황금길 ***,,35.092054,127.783046,2024-02-27 10:46:10,동물_가축사육업.csv
하동군,농업회사법인 밀알양돈 주식회사,돼지,경상남도 하동군 양보면 중하쌍길 **-**,,35.070296,127.822524,2025-08-27 09:53:28,동물_가축사육업.csv
하동군,청솔농장,돼지,경상남도 하동군 횡천면 돌고지로 ***,,35.138613,127.824817,2023-11-27 14:35:12,동물_가축사육업.csv
하동군,돌고지양돈농장,돼지,경상남도 하동군 횡천면 돌고지로 ***-*,,35.146438,127.834143,2022-04-28 07:24:59,동물_가축사육업.csv
하동군,진흥축산,돼지,경상남도 하동군 양보면 정안로 ***,,35.06412,127.829607,2026-05-11 10:43:56,동물_가축사육업.csv
하동군,진흥축산,돼지,경상남도 하동군 횡천면 돌고지로 ***,,35.130721,127.822769,2025-05-26 14:21:13,동물_가축사육업.csv
하동군,승환농장,돼지,경상남도 하동군 적량면 황금길 ***-**,,35.090413,127.784725,2017-11-22 16:41:44,동물_가축사육업.csv
하동군,가득축산,돼지,경상남도 하동군 악양면 신흥길 ***-***,,35.167473,127.726719,2024-11-22 13:46:04,동물_가축사육업.csv
하동군,정원농장,돼지,경상남도 하동군 악양면 신흥길 **-**,,35.164203,127.715338,2023-02-27 19:26:20,동물_가축사육업.csv
산청군,드림피그,돼지,경상남도 산청군 오부면 방곡리 ***,,35.458468,127.888752,2021-01-20 09:50:37,동물_가축사육업.csv
산청군,영춘농장,돼지,경상남도 산청군 생초면 월곡리 ***,,35.493184,127.861696,2024-12-20 10:00:14,동물_가축사육업.csv
산청군,산청양돈영농조합법인,돼지,경상남도 산청군 단성면 창촌리 산 *-*,,35.276986,127.899286,2008-03-03 17:18:32,동물_가축사육업.csv
산청군,복열농장,돼지,경상남도 산청군 단성면 목화로***번길 **-**,,35.260427,127.962834,2005-08-03 13:16:42,동물_가축사육업.csv
산청군,쌍효농장,돼지,경상남도 산청군 금서면 신아리 ***-*,,35.453648,127.818146,2023-10-19 15:44:03,동물_가축사육업.csv
산청군,성축농장,돼지,경상남도 산청군 오부면 오휴로 **,,35.506892,127.89821,2021-05-11 13:09:29,동물_가축사육업.csv
산청군,오부면흑돼지,돼지,경상남도 산청군 오부면 오동로 ***-**,,35.484504,127.887728,2021-05-11 13:10:53,동물_가축사육업.csv
산청군,왕촌농장,돼지,경상남도 산청군 오부면 오동로***번길 ***,,35.521836,127.894094,2024-06-26 15:18:42,동물_가축사육업.csv
산청군,효렴농장,돼지,경상남도 산청군 차황면 철수리 **,,35.43826,127.95959,2021-05-20 14:37:24,동물_가축사육업.csv
산청군,황매산농장,돼지,"경상남도 산청군 차황면 황매산로****번길 ***-**, 황매산장",,35.486318,127.962285,2020-11-26 13:45:48,동물_가축사육업.csv
산청군,머루돌이 산청농장,돼지,경상남도 산청군 오부면 오동로 ***-**,,35.465408,127.876164,2026-03-05 14:47:20,동물_가축사육업.csv
산청군,임마누엘농장,돼지,"경상남도 산청군 단성면 지리산대로****번길 **, 임마뉴엘농장",,35.273611,127.914405,2025-08-12 10:29:57,동물_가축사육업.csv
산청군,태원3농장,돼지,경상남도 산청군 신안면 신차로 **-**,,35.34434,127.998918,2024-12-16 11:20:27,동물_가축사육업.csv
산청군,해온농장,돼지,경상남도 산청군 단성면 반송길 **,,35.26427,127.924061,2026-04-03 09:26:34,동물_가축사육업.csv
산청군,산청흑돼지목장,돼지,경상남도 산청군 오부면 대현리 **,,35.496896,127.91072,2025-08-12 15:28:17,동물_가축사육업.csv
산청군,가마솔농원,돼지,경상남도 산청군 차황면 장박리 ***-*,,35.512693,127.929983,2024-12-27 16:18:54,동물_가축사육업.csv
산청군,가야육종(주) 산청종돈장,돼지,경상남도 산청군 산청읍 친환경로****번길 **-**,,35.44254,127.890322,2020-12-15 14:38:50,동물_가축사육업.csv
산청군,송보농장,돼지,경상남도 산청군 산청읍 덕우지길 ***,,35.416788,127.890438,2012-07-13 13:18:06,동물_가축사육업.csv
산청군,신화축산,돼지,경상남도 산청군 단성면 목화로 ***-**,,35.262011,127.93143,2016-08-08 10:44:21,동물_가축사육업.csv
산청군,머루돌이농장,돼지,경상남도 산청군 오부면 오전리 **,,35.495907,127.899109,2026-04-28 09:32:06,동물_가축사육업.csv
산청군,에덴농장,돼지,경상남도 산청군 단성면 길리 ***-*,,35.273297,127.914877,2021-11-11 19:03:24,동물_가축사육업.csv
산청군,신화축산2농장,돼지,경상남도 산청군 차황면 부리 *,,35.457919,127.939372,2017-11-21 13:32:51,동물_가축사육업.csv
산청군,해말농장,돼지,"경상남도 산청군 신등면 장천리 ** ,**-*,**-*,**-*,**-*,****-*",,35.405432,128.003102,2026-03-30 13:07:55,동물_가축사육업.csv
산청군,지리산하이포지피농장,돼지,"경상남도 산청군 단성면 지리산대로****번길 **, 지리산종축농장",,35.275105,127.897761,2025-03-06 10:06:50,동물_가축사육업.csv
산청군,오부황토흑돼지농장,돼지,경상남도 산청군 오부면 오동로***번길 **-*,,35.476274,127.874348,2024-03-26 11:40:14,동물_가축사육업.csv
산청군,지리산GP1농장,돼지,경상남도 산청군 단성면 사월리 ***,,35.282896,127.953462,2026-04-17 15:31:05,동물_가축사육업.csv
산청군,임마누엘농장,돼지,경상남도 산청군 단성면 길리 ***-*,,35.273537,127.915185,2005-01-20 15:17:35,동물_가축사육업.csv
산청군,내평농장,돼지,경상남도 산청군 오부면 오동로***번길 ***,,35.496942,127.899817,2024-07-26 09:42:30,동물_가축사육업.csv
산청군,소지골농장,돼지,경상남도 산청군 산청읍 병정리 **,,35.417005,127.913973,2018-01-04 14:08:41,동물_가축사육업.csv
산청군,머루돌이농장2,돼지,경상남도 산청군 오부면 오동로***번길 ***,,35.496975,127.89818,2024-04-26 15:52:05,동물_가축사육업.csv
함양군,농업회사법인 새다리 주식회사,돼지,경상남도 함양군 함양읍 거면들길 ***-***,,35.498697,127.726751,2021-04-13 18:26:49,동물_가축사육업.csv
함양군,농업회사법인(주)운암,돼지,경상남도 함양군 휴천면 호산리 **,,35.471716,127.75696,2020-03-31 10:27:55,동물_가축사육업.csv
함양군,돈트리움,돼지,경상남도 함양군 함양읍 원구길 **-***,,35.477751,127.69373,2022-05-25 13:49:54,동물_가축사육업.csv
함양군,하교 대웅 흑돼지 농장,돼지,경상남도 함양군 수동면 하교내백로 ***-*,,35.56568,127.807838,2023-02-21 16:57:37,동물_가축사육업.csv
함양군,흙포크농장,돼지,경상남도 함양군 수동면 하교내백로 ***-***,,35.590305,127.807555,2025-12-04 10:41:30,동물_가축사육업.csv
함양군,농업회사법인 함양물레방아 흑돼지 유한회사,돼지,경상남도 함양군 안의면 장자동길 **-***,,35.619471,127.79996,2024-09-24 10:15:21,동물_가축사육업.csv
함양군,흑돈 영농조합법인,돼지,경상남도 함양군 유림면 천왕봉로 ****,,35.499483,127.802663,2020-05-20 15:46:13,동물_가축사육업.csv
함양군,재영농장,돼지,경상남도 함양군 수동면 강변로 **-**,,35.610761,127.796988,2024-02-08 09:37:24,동물_가축사육업.csv
함양군,다복축산,돼지,경상남도 함양군 함양읍 거면들길 **,,35.506534,127.729515,2026-04-16 15:00:48,동물_가축사육업.csv
함양군,드림농장,돼지,경상남도 함양군 휴천면 세동길 **-*,,35.422953,127.734487,2019-08-08 17:15:52,동물_가축사육업.csv
함양군,농촌진흥청/국립축산과학원/가축유전자원센터,돼지,"경상남도 함양군 서상면 덕유월성로 ***, 가축유전자원센터",,35.739164,127.697852,2020-06-08 11:23:22,동물_가축사육업.csv
함양군,유술아,돼지,경상남도 함양군 수동면 수안길 **,,35.595551,127.80201,2017-12-16 08:29:48,동물_가축사육업.csv
함양군,농업회사법인(유) 문영축산,돼지,경상남도 함양군 안의면 당산길 ***-*,,35.595262,127.836144,2022-06-27 13:57:48,동물_가축사육업.csv
함양군,다산농장,돼지,경상남도 함양군 안의면 당산길 ***-*,,35.596537,127.837034,2021-10-27 10:47:13,동물_가축사육업.csv
함양군,산속애농장,돼지,경상남도 함양군 안의면 신당길 ***,,35.595697,127.829624,2018-06-26 13:27:31,동물_가축사육업.csv
함양군,성기농장,돼지,경상남도 함양군 수동면 수남로 **-*,,35.524853,127.798249,2020-09-21 18:09:51,동물_가축사육업.csv
함양군,주식회사 중앙축산농업회사법인 나주지점,돼지,경상남도 함양군 함양읍 거면들길 **,,35.503715,127.728733,2025-03-21 10:03:55,동물_가축사육업.csv
함양군,지리산흑돼지농장,돼지,경상남도 함양군 마천면 지리산가는길 **-**,,35.4114,127.68457,2021-04-22 13:37:26,동물_가축사육업.csv
함양군,주식회사 중앙축산농업회사법인 나주지점,돼지,경상남도 함양군 서하면 호성신길 **,,35.621676,127.76611,2025-03-21 09:54:14,동물_가축사육업.csv
함양군,박민수,돼지,경상남도 함양군 안의면 석반길 **,,35.640748,127.826327,2019-03-28 11:23:04,동물_가축사육업.csv
함양군,주식회사 미리내농장 농업회사법인,돼지,경상남도 함양군 유림면 성애길 **-*,,35.510466,127.801909,2021-12-22 10:18:05,동물_가축사육업.csv
함양군,부흥농장,돼지,경상남도 함양군 안의면 장자동길 **-***,,35.620408,127.801582,2024-12-17 13:08:33,동물_가축사육업.csv
함양군,천왕농장,돼지,경상남도 함양군 휴천면 천왕봉로 ****-**,,35.430491,127.729071,2020-07-27 10:04:34,동물_가축사육업.csv
함양군,위니지 농장,돼지,경상남도 함양군 휴천면 목현옥매로 ***-***,,35.491687,127.745784,2020-02-24 09:57:47,동물_가축사육업.csv
함양군,(주)다산농업회사법인,돼지,경상남도 함양군 함양읍 중촌길 **,,35.528807,127.763637,2021-10-27 10:45:36,동물_가축사육업.csv
함양군,경성축산,돼지,경상남도 함양군 휴천면 목현옥매로 ***-***,,35.499238,127.757474,2021-10-27 11:01:47,동물_가축사육업.csv
함양군,신당농장,돼지,경상남도 함양군 안의면 신당길 ***,,35.599777,127.830955,2023-01-16 09:48:18,동물_가축사육업.csv
함양군,(주)다산농업회사법인,돼지,경상남도 함양군 함양읍 거면들길 **,,35.506133,127.73014,2025-08-11 13:50:16,동물_가축사육업.csv
함양군,부자농장,돼지,경상남도 함양군 안의면 신당길 ***,,35.600734,127.831094,2025-06-09 21:06:00,동물_가축사육업.csv
함양군,안의농장,돼지,경상남도 함양군 안의면 안의도장골길 ***,,35.641327,127.839612,2022-05-17 11:07:31,동물_가축사육업.csv
함양군,대웅축산,돼지,경상남도 함양군 수동면 하교내백로 ***,,35.586671,127.813463,2020-04-29 16:18:44,동물_가축사육업.csv
함양군,농업회사법인 주식회사 천령,돼지,경상남도 함양군 휴천면 목현옥매로 ***,,35.492737,127.759425,2020-04-23 09:44:32,동물_가축사육업.csv
함양군,대가야농장,돼지,경상남도 함양군 안의면 안의도장골길 ***,,35.643903,127.841949,2022-03-31 13:13:47,동물_가축사육업.csv
함양군,머루돌이 농장,돼지,경상남도 함양군 수동면 강변로 **-**,,35.610212,127.797153,2018-01-24 22:28:23,동물_가축사육업.csv
함양군,머루돌이 농장,돼지,경상남도 함양군 휴천면 목현옥매로 ***-***,,35.490914,127.747278,2024-02-08 09:35:05,동물_가축사육업.csv
거창군,삼정농장,돼지,경상남도 거창군 거창읍 양평*길 ***-***,,35.713652,127.931355,2021-03-24 10:14:49,동물_가축사육업.csv
거창군,해성농장,돼지,"경상남도 거창군 고제면 고제로 ***-**, 해성농장",,35.833375,127.875382,2019-10-01 13:50:02,동물_가축사육업.csv
거창군,한진축산,돼지,"경상남도 거창군 거창읍 학리 ***-* 외 *필지 (***-*,***-*,***-**,***-**)",,35.730589,127.926994,2022-01-17 15:44:30,동물_가축사육업.csv
거창군,돈우리,돼지,"경상남도 거창군 가북면 해평리 ****-* 외 *필지(***,***,***,****,****,****-*,****-*)",,35.761686,127.977536,2024-06-12 10:54:20,동물_가축사육업.csv
거창군,백운농장 가조농장,돼지,"경상남도 거창군 가조면 석강리 *** 외 *필지(***-*, ***-*, ***)",,35.690934,128.029926,2026-02-09 11:29:31,동물_가축사육업.csv
거창군,더불어행복한농장,돼지,"경상남도 거창군 위천면 당산리 *** 외 *필지(***-*,***-*,***,***-*,***,***,***,***,***)",,35.752622,127.84854,2025-05-04 18:31:27,동물_가축사육업.csv
거창군,금귀농장,돼지,경상남도 거창군 거창읍 구례길 ***-***,,35.728561,127.931194,2004-10-13 18:12:52,동물_가축사육업.csv
거창군,새싹농장,돼지,경상남도 거창군 웅양면 원촌*길 ***-***,,35.815662,127.913913,2011-11-18 10:27:31,동물_가축사육업.csv
거창군,벧엘농장,돼지,경상남도 거창군 고제면 고제로 ***-***,,35.834172,127.869727,2023-07-21 09:14:16,동물_가축사육업.csv
거창군,개미농장,돼지,"경상남도 거창군 위천면 남산리 *** ,***,***-*,***-*,***,***,***-*,***,***-*,***,***-*,***-*",,35.72856,127.825176,2025-06-25 10:21:22,동물_가축사육업.csv
거창군,홍일농장,돼지,"경상남도 거창군 신원면 상감악길 ***, 홍일농장",,35.579921,127.923639,2022-04-25 09:54:17,동물_가축사육업.csv
거창군,농업회사법인(주)대한에코팜 거창지점,돼지,경상남도 거창군 신원면 청수로 ***,,35.573537,127.872835,2023-07-10 16:02:57,동물_가축사육업.csv
거창군,형제축산,돼지,경상남도 거창군 거창읍 중산길 ***,,35.664321,127.905128,2024-06-12 14:13:59,동물_가축사육업.csv
거창군,대진축산,돼지,경상남도 거창군 주상면 주곡로 ***-**,,35.748963,127.903772,2020-03-30 17:44:03,동물_가축사육업.csv
거창군,무,돼지,경상남도 거창군 가조면 동례길 ***-**,,35.685673,128.011875,2021-12-30 10:03:26,동물_가축사육업.csv
거창군,활개농원,돼지,경상남도 거창군 북상면 송계로 ****-***,,35.820978,127.817797,2017-05-15 09:29:29,동물_가축사육업.csv
거창군,유경농장,돼지,경상남도 거창군 고제면 고제로 ***-***,,35.834827,127.867796,2022-07-27 15:29:18,동물_가축사육업.csv
거창군,두영축산,돼지,경상남도 거창군 거창읍 중산길 *** (외 *필지),,35.661731,127.900329,2024-06-12 11:14:11,동물_가축사육업.csv
거창군,에덴농장,돼지,경상남도 거창군 위천면 가현길 ***-**,,35.72613,127.825586,2023-01-03 09:44:47,동물_가축사육업.csv
거창군,부곡농장,돼지,"경상남도 거창군 웅양면 산포리 ****-*,****,****-*,****-*,****,****,****",,35.828445,127.944101,2025-09-01 08:50:24,동물_가축사육업.csv
합천군,송곡농장,돼지,경상남도 합천군 묘산면 팔심길 ***,,35.633442,128.095105,2025-10-22 17:42:10,동물_가축사육업.csv
합천군,유달형,돼지,경상남도 합천군 묘산면 평촌길 **-**,,35.675678,128.140098,2023-01-12 11:28:30,동물_가축사육업.csv
합천군,금아농장,돼지,경상남도 합천군 야로면 야로덕곡로 ***-**,,35.754275,128.170037,2025-04-25 14:56:27,동물_가축사육업.csv
합천군,ANS pig Farm,돼지,경상남도 합천군 야로면 야로덕곡로 ***-**,,35.753364,128.16954,2025-04-25 14:45:49,동물_가축사육업.csv
합천군,쌍용축산,돼지,경상남도 합천군 야로면 하빈*길 **,,35.727084,128.184232,2025-04-30 10:55:59,동물_가축사육업.csv
합천군,송을봉,돼지,경상남도 합천군 야로면 야로덕곡로 ***-**,,35.757378,128.169658,2025-04-25 14:53:46,동물_가축사육업.csv
합천군,일국양돈장,돼지,경상남도 합천군 야로면 야로덕곡로 ***-*,,35.752702,128.168773,2022-01-28 16:12:09,동물_가축사육업.csv
합천군,진호양돈장,돼지,경상남도 합천군 적중면 우회로 ***-**,,35.53321,128.277261,2020-03-31 11:25:37,동물_가축사육업.csv
합천군,김동현,돼지,경상남도 합천군 야로면 야로덕곡로 ***-*,,35.753414,128.169092,2018-09-29 14:06:14,동물_가축사육업.csv
합천군,예솔팜,돼지,경상남도 합천군 율곡면 임북*길 **,,35.584885,128.192911,2026-07-22 13:14:10,동물_가축사육업.csv
합천군,학산로 2농장,돼지,경상남도 합천군 봉산면 인덕로 ***,,35.590523,128.056626,2025-09-25 08:24:22,동물_가축사육업.csv
합천군,다우농장,돼지,경상남도 합천군 묘산면 가산*길 *-*,,35.664984,128.127507,2025-01-31 08:30:43,동물_가축사육업.csv
합천군,정찬호,돼지,경상남도 합천군 야로면 하빈*길 **-**,,35.713967,128.185226,2019-05-16 15:17:45,동물_가축사육업.csv
합천군,일호농장,돼지,경상남도 합천군 청덕면 초곡*길 **-**,,35.516141,128.345946,2023-03-20 17:54:33,동물_가축사육업.csv
합천군,한일농장,돼지,경상남도 합천군 야로면 돈평길 **-*,,35.714443,128.17407,2025-04-30 10:55:15,동물_가축사육업.csv
합천군,삼성양돈,돼지,경상남도 합천군 가야면 사촌*길 **,,35.747494,128.117805,2025-02-05 13:56:43,동물_가축사육업.csv
합천군,송림농장,돼지,경상남도 합천군 묘산면 화양소나무길 **-***,,35.688756,128.143243,2021-10-29 11:27:53,동물_가축사육업.csv
합천군,해밀농장,돼지,경상남도 합천군 청덕면 초곡*길 **,,35.515408,128.346481,2023-11-23 16:57:16,동물_가축사육업.csv
합천군,해오름농장,돼지,경상남도 합천군 가회면 장대*길 ***-*,,35.473364,127.961098,2020-06-23 19:48:39,동물_가축사육업.csv
합천군,고원축산,돼지,경상남도 합천군 야로면 야로덕곡로 ***-**,,35.751918,128.169402,2025-04-25 14:28:50,동물_가축사육업.csv
합천군,신가야,돼지,"경상남도 합천군 가야면 성기리 *** , ***-*, ***번지",,35.717215,128.101337,2022-06-23 09:20:24,동물_가축사육업.csv
합천군,야로의 꿈,돼지,경상남도 합천군 야로면 야로덕곡로 ***-**,,35.751921,128.170074,2024-05-27 20:43:15,동물_가축사육업.csv
합천군,영성축산 가회농장,돼지,경상남도 합천군 가회면 황매산로 ***-**,,35.453112,128.017979,2025-04-30 11:16:25,동물_가축사육업.csv
합천군,초계양돈작목반 영농조합법인,돼지,경상남도 합천군 율곡면 낙민갑산길 ***-**,,35.582467,128.248933,2019-02-08 14:18:02,동물_가축사육업.csv
합천군,위너팜,돼지,경상남도 합천군 초계면 우회로 ***-**,,35.545547,128.238617,2025-01-31 08:27:01,동물_가축사육업.csv
합천군,월계농장,돼지,"경상남도 합천군 쌍백면 안계리 ***-* 산**-*,산**",,35.438501,128.184654,2024-09-26 10:09:59,동물_가축사육업.csv
합천군,창일농장,돼지,경상남도 합천군 율곡면 본천길 **-*,,35.562553,128.192082,2025-01-31 08:36:44,동물_가축사육업.csv
합천군,신영양돈장,돼지,경상남도 합천군 율곡면 황강옥전로 **-**,,35.585046,128.221218,2019-05-17 09:51:27,동물_가축사육업.csv
합천군,에이에스팜(주),돼지,경상남도 합천군 청덕면 초곡*길 **,,35.513411,128.348334,2016-05-26 13:23:18,동물_가축사육업.csv
합천군,하림축산,돼지,경상남도 합천군 야로면 야로덕곡로 ***-**,,35.756877,128.169958,2025-04-25 14:45:05,동물_가축사육업.csv
합천군,옥돌1농장,돼지,경상남도 합천군 야로면 야로덕곡로 ***-**,,35.754612,128.170124,2024-12-16 15:53:04,동물_가축사육업.csv
합천군,농업회사법인 옥천주식회사,돼지,경상남도 합천군 야로면 하빈*길 **-**,,35.711225,128.182851,2016-08-23 10:22:57,동물_가축사육업.csv
합천군,사슴농장,돼지,경상남도 합천군 가야면 비계산로*길 **-*,,35.731018,128.089331,2025-04-29 14:06:27,동물_가축사육업.csv
합천군,박기영,돼지,경상남도 합천군 가야면 성기*길 **-**,,35.717199,128.100867,2018-09-29 14:16:04,동물_가축사육업.csv
합천군,백운농장,돼지,경상남도 합천군 묘산면 영서로 ****-**,,35.647936,128.095066,2025-04-30 09:55:11,동물_가축사육업.csv
합천군,이땅에 꿈,돼지,"경상남도 합천군 야로면 야로덕곡로 ***-**, 돈사",,35.752345,128.17098,2024-06-04 10:24:18,동물_가축사육업.csv
합천군,승민영농조합법인,돼지,경상남도 합천군 야로면 야로덕곡로 ***,,35.75764,128.170783,2025-11-28 13:20:01,동물_가축사육업.csv
합천군,산개울 농장,돼지,경상남도 합천군 가야면 매안청현길 ***,,35.710736,128.130526,2024-10-17 09:26:46,동물_가축사육업.csv
합천군,해인양돈 영농조합법인,돼지,경상남도 합천군 가야면 비계산로 **-**,,35.731357,128.093497,2023-08-17 11:06:05,동물_가축사육업.csv
합천군,행복 팜,돼지,경상남도 합천군 야로면 야로덕곡로 ***-*,,35.752415,128.167987,2021-12-28 17:31:18,동물_가축사육업.csv
합천군,경월농장,돼지,경상남도 합천군 야로면 보탑길 **,,35.688375,128.172464,2025-04-30 10:28:46,동물_가축사육업.csv
합천군,대복양돈,돼지,경상남도 합천군 초계면 우회로 ***-**,,35.543291,128.241044,2023-12-21 21:29:20,동물_가축사육업.csv
합천군,김임순,돼지,경상남도 합천군 야로면 야로덕곡로 ***-**,,35.752062,128.168705,2025-05-11 16:00:42,동물_가축사육업.csv
합천군,벧엘농장,돼지,경상남도 합천군 야로면 정대*길 **,,35.693295,128.166753,2025-09-26 11:14:46,동물_가축사육업.csv
합천군,원정농장,돼지,경상남도 합천군 야로면 야로덕곡로 ***-**,,35.758421,128.169083,2025-04-25 15:01:31,동물_가축사육업.csv
합천군,Kim's club,돼지,경상남도 합천군 야로면 묵촌길 **,,35.706178,128.155455,2021-12-21 14:44:16,동물_가축사육업.csv
합천군,배종화,돼지,경상남도 합천군 묘산면 화양소나무길 **-**,,35.686211,128.138171,2026-05-22 09:07:19,동물_가축사육업.csv
합천군,황매영농조합법인,돼지,경상남도 합천군 가회면 서부로 ***-*,,35.533286,128.002556,2025-10-31 13:31:12,동물_가축사육업.csv
합천군,금아농장2,돼지,경상남도 합천군 야로면 야로덕곡로 ***,,35.753897,128.16945,2025-04-25 14:58:43,동물_가축사육업.csv
합천군,진주농장,돼지,경상남도 합천군 야로면 야로덕곡로 ***-**,,35.757776,128.169175,2025-04-25 14:52:11,동물_가축사육업.csv
합천군,희복양돈장,돼지,경상남도 합천군 초계면 우회로 ***-*,,35.54544,128.237641,2021-09-30 11:25:38,동물_가축사육업.csv
합천군,상진축산,돼지,경상남도 합천군 야로면 창동청계길 **,,35.710539,128.186518,2025-08-14 11:10:32,동물_가축사육업.csv
합천군,오봉양돈,돼지,경상남도 합천군 가회면 내사길 **,,35.435558,128.073367,2025-04-24 17:41:23,동물_가축사육업.csv
합천군,영일축산,돼지,경상남도 합천군 봉산면 권빈계산로 ***,,35.628843,128.072275,2018-09-30 12:33:24,동물_가축사육업.csv
합천군,형제축산,돼지,경상남도 합천군 적중면 우회로 ***-**,,35.533588,128.27687,2023-04-12 16:59:50,동물_가축사육업.csv
합천군,농업회사법인 진보농장 주식회사,돼지,경상남도 합천군 청덕면 초곡*길 **,,35.5161,128.344553,2025-11-19 15:25:12,동물_가축사육업.csv
합천군,흥래농장,돼지,경상남도 합천군 가야면 청현*길 *-**,,35.719363,128.128535,2022-02-10 20:46:44,동물_가축사육업.csv
합천군,덕암농장,돼지,경상남도 합천군 야로면 덕암길 **-**,,35.681599,128.16111,2021-11-19 10:23:00,동물_가축사육업.csv
합천군,옥돌2농장,돼지,경상남도 합천군 야로면 야로덕곡로 ***-**,,35.755316,128.170003,2024-12-16 15:54:20,동물_가축사육업.csv
합천군,정대 농장,돼지,경상남도 합천군 야로면 정대*길 **-*,,35.690687,128.170293,2021-11-19 10:25:15,동물_가축사육업.csv
합천군,오뚜기농장,돼지,경상남도 합천군 율곡면 제내항곡길 ***-**,,35.583111,128.212798,2025-04-29 15:20:39,동물_가축사육업.csv
합천군,달성농장,돼지,경상남도 합천군 야로면 야로덕곡로 ***-**,,35.752572,128.169638,2015-05-15 17:23:52,동물_가축사육업.csv
합천군,홍성농장,돼지,경상남도 합천군 청덕면 가현*길 **-**,,35.566713,128.326294,2015-05-15 17:20:59,동물_가축사육업.csv
합천군,초계농장,돼지,경상남도 합천군 초계면 우회로 ***-**,,35.547613,128.234635,2021-03-07 19:29:38,동물_가축사육업.csv
합천군,농업회사법인 은혜주식회사,돼지,경상남도 합천군 청덕면 초곡*길 **-**,,35.516757,128.345276,2021-12-13 11:23:31,동물_가축사육업.csv
합천군,백성환,돼지,경상남도 합천군 야로면 야로덕곡로 ***-**,,35.75646,128.169963,2025-04-25 14:48:05,동물_가축사육업.csv
합천군,박성규,돼지,경상남도 합천군 묘산면 화양소나무길 **-**,,35.684341,128.137537,2019-05-17 09:51:54,동물_가축사육업.csv
합천군,우수농장2,돼지,경상남도 합천군 야로면 정대*길 **-*,,35.691348,128.169919,2024-11-12 10:38:47,동물_가축사육업.csv
합천군,합천토종흑돼지 제2농장,돼지,경상남도 합천군 묘산면 웅기중촌길 **,,35.651042,128.128875,2022-11-14 17:33:18,동물_가축사육업.csv
합천군,학산로 1농장,돼지,경상남도 합천군 봉산면 계산*길 **,,35.596206,128.062762,2025-09-25 08:16:16,동물_가축사육업.csv
합천군,동화농장,돼지,경상남도 합천군 묘산면 영서로 ****-**,,35.648306,128.096443,2026-03-03 17:55:05,동물_가축사육업.csv
합천군,다우농장(양돈장),돼지,경상남도 합천군 가야면 구미가천로 ***,,35.74192,128.096323,2025-04-29 14:36:43,동물_가축사육업.csv
합천군,성림농장,돼지,경상남도 합천군 묘산면 화양소나무길 ***-*,,35.690342,128.133311,2025-04-30 09:56:26,동물_가축사육업.csv
합천군,합천토종흑돼지 농장,돼지,경상남도 합천군 묘산면 웅기중촌길 **-**,,35.651881,128.124094,2022-11-10 13:13:21,동물_가축사육업.csv
합천군,청계농장,돼지,경상남도 합천군 야로면 금평길 ***-***,,35.694012,128.193267,2025-01-19 08:26:07,동물_가축사육업.csv
합천군,덕곡축산,돼지,경상남도 합천군 적중면 우회로 ***-**,,35.534097,128.276963,2019-05-16 15:47:52,동물_가축사육업.csv
합천군,행복축산,돼지,"경상남도 합천군 묘산면 묘산로 ***-*, 돈사",,35.668476,128.123671,2025-08-13 09:43:29,동물_가축사육업.csv
합천군,합천양돈,돼지,경상남도 합천군 묘산면 영서로 ****-**,,35.643982,128.075209,2023-11-07 17:03:54,동물_가축사육업.csv
합천군,덕원농장,돼지,경상남도 합천군 묘산면 화양소나무길 **-***,,35.689474,128.143705,2025-08-13 09:43:07,동물_가축사육업.csv
합천군,관기농장,돼지,경상남도 합천군 묘산면 마령로 ****-**,,35.648671,128.120649,2019-01-29 11:03:32,동물_가축사육업.csv
합천군,해밀팜,돼지,경상남도 합천군 청덕면 초곡리 ***-**,,35.514957,128.346663,2023-11-23 17:13:35,동물_가축사육업.csv
합천군,환희축산,돼지,경상남도 합천군 야로면 야로덕곡로 ***-**,,35.750906,128.170086,2021-12-01 10:01:27,동물_가축사육업.csv
합천군,꿀꿀이농장,돼지,경상남도 합천군 대양면 상촌길 **-**,,35.494265,128.220697,2024-06-05 10:57:00,동물_가축사육업.csv
화성시,재형농장,돼지,경기도 화성시 만세구 남양읍 현대기아로***번길 ***,,37.171865,126.843019,2024-06-13 15:25:27,동물_가축사육업.csv
화성시,신양축산,돼지,경기도 화성시 만세구 양감면 안요골길 ***,,37.101531,126.965986,2020-08-19 09:46:33,동물_가축사육업.csv
화성시,대명농장,돼지,경기도 화성시 만세구 우정읍 구슬*길 **-**,,37.12321,126.822601,2020-01-31 10:08:56,동물_가축사육업.csv
화성시,스타팜,돼지,경기도 화성시 만세구 장안면 남양황라로 ***-**,,37.024454,126.832282,2024-12-17 09:41:15,동물_가축사육업.csv
화성시,만만2농장,돼지,경기도 화성시 만세구 장안면 남양황라로 ***-**,,37.023555,126.832282,2020-05-05 08:52:55,동물_가축사육업.csv
화성시,원광농장,돼지,경기도 화성시 효행구 매송면 숙곡길 **,,37.262589,126.911364,2019-09-17 15:56:57,동물_가축사육업.csv
화성시,산돌화성농장,돼지,경기도 화성시 만세구 우정읍 구슬*길 *-**,,37.129727,126.81945,2017-10-27 17:45:16,동물_가축사육업.csv
화성시,신양축산제2농장,돼지,경기도 화성시 만세구 양감면 안요골길 ***,,37.100826,126.965122,2017-07-24 17:21:38,동물_가축사육업.csv
화성시,동화농장,돼지,"경기도 화성시 만세구 향남읍 동오*길 **-** (동오리 ***-*,***,***-*)",,37.132303,126.958117,2016-06-10 18:18:06,동물_가축사육업.csv
화성시,예찬농장,돼지,경기도 화성시 효행구 매송면 매송로***번길 **,,37.263145,126.886279,2019-09-30 14:38:41,동물_가축사육업.csv
화성시,대림농장,돼지,경기도 화성시 만세구 향남읍 토성로 ***-**,,37.122187,126.940305,2017-01-17 13:30:26,동물_가축사육업.csv
화성시,구구2농장,돼지,경기도 화성시 만세구 장안면 남양황라로 ***-**,,37.023107,126.832281,2020-05-05 08:56:24,동물_가축사육업.csv
화성시,성진축산,돼지,경기도 화성시 만세구 양감면 길목길 **-**,,37.086311,126.98884,2020-12-02 07:41:13,동물_가축사육업.csv
화성시,금당농원,돼지,경기도 화성시 만세구 마도면 금당리 ***,,37.182813,126.739218,2020-05-29 11:01:29,동물_가축사육업.csv
화성시,이솔농장,돼지,경기도 화성시 만세구 양감면 사릅재길 **-**,,37.082265,126.989537,2020-06-19 10:38:01,동물_가축사육업.csv
화성시,농업회사법인 구성 주식회사,돼지,경기도 화성시 만세구 장안면 남양황라로 ***-**,,37.027168,126.831311,2022-04-07 09:10:34,동물_가축사육업.csv
화성시,태산농장 농업회사법인 유한회사,돼지,경기도 화성시 만세구 장안면 장안고잔길 ***-**,,37.041162,126.829571,2021-12-15 07:18:06,동물_가축사육업.csv
화성시,농업회사법인 주식회사 오투,돼지,"경기도 화성시 만세구 장안면 장안리 **** ,****",,37.021315,126.832291,2023-06-01 14:58:55,동물_가축사육업.csv
화성시,개미농장,돼지,경기도 화성시 만세구 우정읍 매바위로 ***-**,,37.131216,126.818832,2024-02-02 16:16:37,동물_가축사육업.csv
화성시,지양농장,돼지,"경기도 화성시 만세구 장안면 장안로***번길 * (독정리 ***-*,-**,-**)",,37.083359,126.846399,2023-03-03 15:27:27,동물_가축사육업.csv
화성시,농업회사법인 주식회사 한들팜 장안지점,돼지,경기도 화성시 만세구 장안면 남양황라로 ***-**,,37.022666,126.841205,2025-08-20 16:38:06,동물_가축사육업.csv
화성시,덕산농장,돼지,경기도 화성시 만세구 장안면 *.*만세로***번길 ***,,37.098792,126.849931,2020-06-19 09:43:50,동물_가축사육업.csv
화성시,GGF,돼지,경기도 화성시 만세구 장안면 장안로***번길 **,,37.078267,126.84648,2023-03-03 14:52:27,동물_가축사육업.csv
화성시,씨와이농장,돼지,"경기도 화성시 만세구 장안면 남양호로 ***, 씨와이농장 돈사",,37.037699,126.862828,2020-12-02 06:35:56,동물_가축사육업.csv
화성시,지니팜,돼지,경기도 화성시 만세구 장안면 남양황라로 ***-**,,37.024002,126.832283,2024-12-17 09:37:55,동물_가축사육업.csv
화성시,초록농장,돼지,경기도 화성시 만세구 양감면 안요골길**번길 **-*,,37.097738,126.958621,2021-06-21 13:38:37,동물_가축사육업.csv
화성시,농업회사법인 천연농장 주식회사,돼지,"경기도 화성시 만세구 장안면 장안리 **** ,****-*,****,****-*,****,****,****,****",,37.035928,126.862228,2022-11-10 17:38:19,동물_가축사육업.csv
화성시,산돌농장,돼지,경기도 화성시 만세구 우정읍 매바위로 ***-***,,37.131105,126.819988,2022-03-31 14:43:30,동물_가축사육업.csv
화성시,송산농장,돼지,경기도 화성시 만세구 송산면 송산서로 ***-**,,37.219282,126.69285,2018-08-25 11:04:00,동물_가축사육업.csv
화성시,삼원농장,돼지,경기도 화성시 만세구 장안면 남양황라로 ***-***,,37.017691,126.827431,2019-05-10 20:03:34,동물_가축사육업.csv
화성시,예준농장,돼지,"경기도 화성시 만세구 장안면 장안리 ****-* ,****",,37.020531,126.831043,2019-05-20 15:45:34,동물_가축사육업.csv
화성시,청명축산,돼지,경기도 화성시 만세구 우정읍 평밭길 **-**,,37.084976,126.766821,2025-06-25 16:29:12,동물_가축사육업.csv
화성시,지원농장,돼지,경기도 화성시 만세구 장안면 장안리 ****,,37.019495,126.831037,2023-03-22 11:26:48,동물_가축사육업.csv
화성시,산골농장2,돼지,경기도 화성시 효행구 비봉면 쌍학길**번길 **-**,,37.238865,126.903878,2023-06-12 17:47:25,동물_가축사육업.csv
화성시,예성1농장,돼지,"경기도 화성시 만세구 장안면 장안리 **** ,****",,37.019946,126.831033,2019-05-17 15:48:18,동물_가축사육업.csv
화성시,서영농장,돼지,"경기도 화성시 만세구 장안면 장안리 **** ,****-*",,37.019401,126.836279,2019-05-22 10:42:13,동물_가축사육업.csv
화성시,삼경농장,돼지,"경기도 화성시 만세구 장안면 장안리 **** ,****",,37.019388,126.83684,2019-05-21 18:50:06,동물_가축사육업.csv
화성시,케이비제네틱스유한회사농업회사법인,돼지,"경기도 화성시 만세구 장안면 장안리 ****-* ,****,****,****,****",,37.031074,126.82923,2023-01-19 11:18:27,동물_가축사육업.csv
화성시,제이비팜,돼지,경기도 화성시 만세구 향남읍 동오*길 **-**,,37.132621,126.957629,2016-06-10 18:27:45,동물_가축사육업.csv
화성시,화성 국사농장,돼지,경기도 화성시 만세구 장안면 남양황라로 ***-***,,37.02804,126.831446,2024-11-12 10:46:43,동물_가축사육업.csv
화성시,동환목장,돼지,경기도 화성시 만세구 송산면 지화리 **-**,,37.2236,126.680735,2023-03-03 14:45:53,동물_가축사육업.csv
화성시,도연농장,돼지,경기도 화성시 만세구 남양읍 현대기아로***번길 ***-*,,37.173049,126.843604,2024-10-18 09:35:17,동물_가축사육업.csv
화성시,유진농장,돼지,경기도 화성시 만세구 장안면 남양황라로 ***-**,,37.020864,126.841207,2019-08-23 13:21:30,동물_가축사육업.csv
화성시,희주농장,돼지,경기도 화성시 만세구 장안면 남양황라로 ***-**,,37.021312,126.831032,2024-11-12 10:47:57,동물_가축사육업.csv
화성시,현지농장,돼지,경기도 화성시 만세구 장안면 남양황라로 ***-**,,37.021663,126.821028,2019-08-23 13:36:43,동물_가축사육업.csv
화성시,농업회사법인 다리농산(주),돼지,경기도 화성시 만세구 장안면 남양황라로 ***-**,,37.019963,126.841209,2026-06-16 16:35:33,동물_가축사육업.csv
화성시,삼원1농장,돼지,경기도 화성시 만세구 장안면 남양황라로 ***-***,,37.018136,126.827432,2019-09-22 18:53:52,동물_가축사육업.csv
화성시,만만팜,돼지,경기도 화성시 만세구 장안면 남양황라로 ***-***,,37.018123,126.822528,2024-11-12 10:51:22,동물_가축사육업.csv
화성시,구구팜,돼지,경기도 화성시 만세구 장안면 남양황라로 ***-***,,37.018584,126.822533,2024-11-12 10:51:06,동물_가축사육업.csv
화성시,윤우농장,돼지,경기도 화성시 만세구 장안면 남양황라로 ***-***,,37.020406,126.821278,2019-10-15 17:40:17,동물_가축사육업.csv
화성시,한성농장,돼지,경기도 화성시 만세구 마도면 마도서길***번길 **,,37.176588,126.735402,2019-11-18 10:59:50,동물_가축사육업.csv
화성시,태돈영농조합법인,돼지,경기도 화성시 만세구 장안면 남양황라로 ***-**,,37.022202,126.831029,2021-12-02 07:24:21,동물_가축사육업.csv
화성시,태돈영농조합법인,돼지,경기도 화성시 만세구 장안면 남양황라로***번길 ***,,37.033796,126.828605,2022-01-26 09:24:03,동물_가축사육업.csv
화성시,가나안농장,돼지,"경기도 화성시 효행구 매송면 송라리 *** , ***-*번지",,37.271744,126.898264,2023-07-27 19:56:35,동물_가축사육업.csv
화성시,원농장,돼지,경기도 화성시 만세구 장안면 사랑리 ***-*,,37.070212,126.818683,2023-03-03 15:23:02,동물_가축사육업.csv
화성시,운봉농장,돼지,경기도 화성시 만세구 장안면 사랑리 ***-*,,37.070212,126.818683,2023-03-03 15:36:39,동물_가축사육업.csv
화성시,삼진농장,돼지,경기도 화성시 만세구 양감면 은행나무로 ***-**,,37.101114,126.939467,2026-06-19 09:00:41,동물_가축사육업.csv
화성시,한라농장,돼지,경기도 화성시 만세구 우정읍 점말길 **-**,,37.098003,126.830374,2021-05-26 15:47:16,동물_가축사육업.csv
화성시,제일축산,돼지,경기도 화성시 효행구 비봉면 양노리 ***-*,,37.233143,126.872375,2005-10-13 09:03:01,동물_가축사육업.csv
화성시,민지농장,돼지,경기도 화성시 효행구 정남면 서봉로***번길 **-**,,37.147305,126.955963,2018-04-06 17:12:36,동물_가축사육업.csv
화성시,화홍농장,돼지,경기도 화성시 만세구 양감면 정문회화로 **-*,,37.094169,126.980501,2023-03-03 14:36:38,동물_가축사육업.csv
화성시,재성농장,돼지,경기도 화성시 만세구 향남읍 만년로***번길 *-**,,37.136237,126.974827,2023-03-03 16:13:07,동물_가축사육업.csv
화성시,성실농장,돼지,경기도 화성시 만세구 남양읍 온석길 **-*,,37.16878,126.853042,2021-05-15 22:48:50,동물_가축사육업.csv
화성시,매산농장,돼지,경기도 화성시 효행구 매송면 매송로***번길 ***,,37.265248,126.893661,2018-04-13 14:15:48,동물_가축사육업.csv
화성시,대원농장,돼지,경기도 화성시 만세구 우정읍 화수동길 **-**,,37.101902,126.790528,2025-05-22 11:37:30,동물_가축사육업.csv
화성시,성지농장,돼지,경기도 화성시 만세구 마도면 쌍송길**번길 **,,37.181607,126.781907,2021-07-08 14:25:25,동물_가축사육업.csv
화성시,영암농장,돼지,경기도 화성시 효행구 정남면 원오일길 **-**,,37.174878,126.969353,2026-07-03 16:51:03,동물_가축사육업.csv
화성시,정성농장,돼지,경기도 화성시 만세구 남양읍 신남안길**번길 **,,37.185709,126.807314,2024-11-19 09:11:21,동물_가축사육업.csv
화성시,신도농장,돼지,경기도 화성시 만세구 향남읍 동오*길 ***-**,,37.142173,126.952562,2014-05-22 18:23:24,동물_가축사육업.csv
화성시,대화농장,돼지,경기도 화성시 만세구 마도면 마도서길***번길 **,,37.175149,126.732636,2025-08-27 15:26:11,동물_가축사육업.csv
화성시,고잔축산,돼지,경기도 화성시 만세구 양감면 안요골길**번길 ***-**,,37.097151,126.95834,2021-02-13 11:06:42,동물_가축사육업.csv
화성시,정일농장,돼지,경기도 화성시 만세구 장안면 산운내길 **,,37.119702,126.834459,2023-03-03 16:12:00,동물_가축사육업.csv
화성시,개성농장,돼지,경기도 화성시 만세구 팔탄면 고주골길 **-**,,37.125366,126.883003,2026-08-07 11:24:37,동물_가축사육업.csv
화성시,청하농장,돼지,경기도 화성시 만세구 마도면 청원리 ***,,37.172726,126.777507,2020-10-20 06:25:16,동물_가축사육업.csv
화성시,진양농장,돼지,경기도 화성시 만세구 장안면 포승장안로****번길 **-**,,37.075617,126.84549,2022-10-25 10:11:54,동물_가축사육업.csv
화성시,화성 아린팜스,돼지,경기도 화성시 만세구 마도면 마도서길***번길 **,,37.17975,126.734097,2026-06-15 09:40:57,동물_가축사육업.csv
화성시,서농농장,돼지,경기도 화성시 효행구 정남면 금복길**번길 **,,37.157792,127.014186,2025-10-16 09:53:10,동물_가축사육업.csv
화성시,농업회사법인주식회사향남,돼지,경기도 화성시 만세구 향남읍 당너머길 **-**,,37.104371,126.953243,2023-09-04 10:27:47,동물_가축사육업.csv
화성시,산골농장1,돼지,경기도 화성시 효행구 비봉면 쌍학길**번길 **-**,,37.238249,126.904765,2023-06-12 17:46:10,동물_가축사육업.csv
화성시,입북농장,돼지,경기도 화성시 만세구 양감면 정문송산로**번길 **,,37.09815,126.980409,2023-03-03 15:50:07,동물_가축사육업.csv
화성시,서울농장,돼지,경기도 화성시 만세구 남양읍 온석길 **-*,,37.169115,126.853394,2020-07-02 10:54:01,동물_가축사육업.csv
화성시,충북목장,돼지,경기도 화성시 효행구 정남면 용수길 **,,37.173327,126.99986,2018-04-13 19:57:37,동물_가축사육업.csv
화성시,동지골,돼지,경기도 화성시 만세구 양감면 사창리 ***-*,,37.099993,126.965778,2020-12-10 14:44:57,동물_가축사육업.csv
화성시,농업회사법인 우정축산 유한회사,돼지,경기도 화성시 만세구 우정읍 운평리 ***-*,,37.077715,126.765955,2021-10-14 09:48:08,동물_가축사육업.csv
화성시,농업회사법인우정축산유한회사2,돼지,경기도 화성시 만세구 우정읍 운평길***번길 **-**,,37.076771,126.766883,2024-03-06 09:18:10,동물_가축사육업.csv
화성시,삼보농장,돼지,"경기도 화성시 만세구 향남읍 동오*길 **-** (동오리 ***, ***-*,*,*)",,37.132967,126.958759,2024-10-29 15:15:53,동물_가축사육업.csv
화성시,농업회사법인 인남축산 유한회사,돼지,경기도 화성시 만세구 양감면 안요골길**번길 ***-**,,37.097013,126.959406,2024-03-26 16:35:34,동물_가축사육업.csv
화성시,믿음농장,돼지,경기도 화성시 만세구 향남읍 한두골안길 **-*,,37.121746,126.951103,2020-06-13 19:46:19,동물_가축사육업.csv
화성시,광명농장,돼지,경기도 화성시 만세구 남양읍 현대기아로***번길 ***,,37.173019,126.843232,2024-06-13 15:24:55,동물_가축사육업.csv
화성시,청송축산,돼지,경기도 화성시 효행구 정남면 수면리 ***-*,,37.153383,127.024864,2020-01-31 09:41:34,동물_가축사육업.csv
화성시,병주농장,돼지,경기도 화성시 병점구 황계동 ***-**,,37.220277,127.015466,2005-03-03 10:26:14,동물_가축사육업.csv
증평군,반탄농장,돼지,충청북도 증평군 증평읍 영천길 **,,36.798655,127.567196,2020-11-12 13:51:50,동물_가축사육업.csv
증평군,유진농장,돼지,충청북도 증평군 증평읍 외룡길 **-***,,36.776084,127.623322,2020-11-12 11:23:33,동물_가축사육업.csv
증평군,우리농장,돼지,충청북도 증평군 증평읍 영천길 **-**,,36.796984,127.566502,2017-12-25 14:20:56,동물_가축사육업.csv
증평군,서호농장,돼지,충청북도 증평군 증평읍 칠보로 **,,36.743822,127.625601,2019-07-05 08:31:47,동물_가축사육업.csv
증평군,우일농장,돼지,충청북도 증평군 증평읍 삽사리길 **-**,,36.806829,127.569448,2026-06-08 16:52:21,동물_가축사육업.csv
증평군,석곡농장,돼지,충청북도 증평군 도안면 산정길 ** (외 *필지),,36.827054,127.618117,2020-11-12 13:12:40,동물_가축사육업.csv
증평군,대성축산영농조합법인,돼지,충청북도 증평군 도안면 뇌실길 **,,36.824446,127.599116,2017-12-26 17:10:42,동물_가축사육업.csv
증평군,대운농장,돼지,충청북도 증평군 증평읍 영천길 **,,36.797863,127.567561,2018-03-05 14:04:41,동물_가축사육업.csv
증평군,도안농장,돼지,충청북도 증평군 도안면 텃골길 **-**,,36.819284,127.622578,2020-02-28 16:12:23,동물_가축사육업.csv
양주시,해오름팜,돼지,경기도 양주시 남면 은남로 **-**,,37.894842,127.002476,2024-02-16 14:00:21,동물_가축사육업.csv
양주시,비젼축산양돈장,돼지,경기도 양주시 은현면 은현로 ***-**,,37.881535,127.022708,2026-08-13 13:50:03,동물_가축사육업.csv
양주시,이레양돈연구소,돼지,경기도 양주시 은현면 화합로****번길 **-**,,37.844701,127.040881,2026-03-26 13:17:45,동물_가축사육업.csv
양주시,상학농장,돼지,경기도 양주시 광적면 광적로***번길 **,,37.832886,126.981186,2016-05-16 21:47:18,동물_가축사육업.csv
양주시,황주농장,돼지,경기도 양주시 은현면 하패리 ***-*,,37.88579,127.035507,2020-01-02 09:49:05,동물_가축사육업.csv
양주시,용암농장,돼지,경기도 양주시 은현면 화합로****번길 ***-**,,37.848544,127.02846,2018-06-01 11:24:04,동물_가축사육업.csv
양주시,도담농장,돼지,경기도 양주시 은현면 은현로 ***-**,,37.901329,127.016967,2023-12-18 15:11:15,동물_가축사육업.csv
양주시,광남농본축산단지,돼지,경기도 양주시 남면 삼일로 ***-**,,37.850883,126.989509,2026-01-19 14:25:48,동물_가축사육업.csv
양주시,병동농장,돼지,경기도 양주시 은현면 하패리 ***-*,,37.885274,127.034408,2020-01-02 09:54:37,동물_가축사육업.csv
양주시,포세이돈팜,돼지,경기도 양주시 남면 삼일로 ***-**,,37.877002,126.993858,2026-08-13 15:53:46,동물_가축사육업.csv
양주시,장흥농장,돼지,경기도 양주시 봉양동 ***-*,,37.855133,127.072594,2023-04-19 15:00:45,동물_가축사육업.csv
양주시,백두2농장,돼지,경기도 양주시 은현면 운하로 ***-**,,37.886341,127.02567,2019-01-09 10:48:08,동물_가축사육업.csv
양주시,무림농원,돼지,경기도 양주시 남면 삼일로 ***-**,,37.879273,126.99917,2020-08-06 15:10:45,동물_가축사육업.csv
양주시,덕수농장,돼지,경기도 양주시 남면 현석로***번길 ***,,37.856261,126.981223,2020-03-12 13:44:41,동물_가축사육업.csv
양주시,필진농장,돼지,경기도 양주시 은현면 화합로****번길 **,,37.850802,127.04902,2021-04-13 16:01:22,동물_가축사육업.csv
양주시,기령농장,돼지,경기도 양주시 은현면 은현로***번길 ***,,37.894799,127.028202,2020-03-12 13:54:56,동물_가축사육업.csv
양주시,유유농장,돼지,경기도 양주시 은현면 운하로***번길 ***,,37.88134,127.039282,2022-05-12 15:16:52,동물_가축사육업.csv
양주시,양지농장,돼지,경기도 양주시 은현면 용암로***번길 ***-**,,37.872406,127.037219,2020-09-25 09:24:29,동물_가축사육업.csv
양주시,운암팜,돼지,경기도 양주시 은현면 화합로***번길 ***-**,,37.863476,127.005963,2018-10-10 11:21:32,동물_가축사육업.csv
양주시,성암농장,돼지,경기도 양주시 광적면 화합로**번길 ***,,37.850508,126.939762,2024-02-13 13:13:09,동물_가축사육업.csv
양주시,다솜농장,돼지,경기도 양주시 은현면 은현로***번길 ***-**,,37.894478,127.027011,2025-01-28 14:35:14,동물_가축사육업.csv
양주시,다원농장,돼지,경기도 양주시 광적면 현석로 ***,,37.844732,126.976569,2018-03-15 15:06:39,동물_가축사육업.csv
양주시,부농농장,돼지,경기도 양주시 은현면 은현로**번길 ***-**,,37.877993,127.028674,2023-11-29 09:28:03,동물_가축사육업.csv
양주시,옥성농장,돼지,경기도 양주시 은현면 그루고개로***번길 **-**,,37.862935,127.013195,2023-11-14 16:15:13,동물_가축사육업.csv
양주시,정은농장,돼지,경기도 양주시 은현면 운하로**번길 ***-*,,37.890702,127.004248,2021-10-05 18:06:57,동물_가축사육업.csv
양주시,삼현농장,돼지,경기도 양주시 광적면 현석로***번길 **-**,,37.829566,126.933051,2024-09-27 09:36:47,동물_가축사육업.csv
양주시,명선농장,돼지,경기도 양주시 칠봉산로***번길 **-** (봉양동),,37.85485,127.072295,2020-08-26 14:09:09,동물_가축사육업.csv
양주시,이담농장,돼지,"경기도 양주시 은현면 하패리 ***-*, -*, -*, -*, -*, ***-*, ***-*",,37.887289,127.030662,2026-01-05 15:24:49,동물_가축사육업.csv
양주시,덕정농장,돼지,경기도 양주시 은현면 화합로****번길 **-**,,37.848592,127.041419,2018-10-02 09:36:52,동물_가축사육업.csv
양주시,용마농장,돼지,경기도 양주시 백석읍 연곡로 **-**,,37.810227,126.961137,2020-02-10 15:52:13,동물_가축사육업.csv
양주시,은성농장,돼지,경기도 양주시 광적면 그루고개로***번길 ***,,37.837065,126.99546,2026-05-07 15:36:41,동물_가축사육업.csv
양주시,형제농장,돼지,경기도 양주시 광적면 부흥로***번길 ***-*,,37.825081,126.973171,2017-09-04 09:44:23,동물_가축사육업.csv
양주시,이레팜,돼지,경기도 양주시 남면 매곡리 ***-*,,37.900961,126.959186,2018-04-25 13:12:19,동물_가축사육업.csv
양주시,양주농장,돼지,경기도 양주시 은현면 화합로***번길 ***-*,,37.864543,127.007469,2025-02-06 14:02:42,동물_가축사육업.csv
양주시,지정팜,돼지,경기도 양주시 남면 화합로***번길 **-***,,37.861045,127.001356,2023-11-09 10:25:27,동물_가축사육업.csv
양주시,이레농장,돼지,경기도 양주시 남면 휴암로***번길 ***,,37.901302,126.959922,2018-08-22 15:28:22,동물_가축사육업.csv
양주시,이레에듀팜,돼지,경기도 양주시 남면 삼일로 ***-**,,37.87643,126.99993,2022-11-08 13:38:53,동물_가축사육업.csv
양주시,팜스플랜 양주 제2농장,돼지,경기도 양주시 백석읍 연곡로***번길 ***,,37.81534,126.962001,2025-03-16 23:15:52,동물_가축사육업.csv
양주시,상수2농장,돼지,경기도 양주시 남면 감악산로**번길 *** (외 *필지),,37.867192,126.981418,2025-10-27 09:42:27,동물_가축사육업.csv
양주시,성원농장,돼지,경기도 양주시 은현면 화합로****번길 **-*,,37.850416,127.048714,2021-04-13 16:05:10,동물_가축사육업.csv
포천시,덕암농장,돼지,경기도 포천시 창수면 방골길 ***,,38.045149,127.2143,2019-12-27 09:42:38,동물_가축사육업.csv
포천시,일광농장,돼지,경기도 포천시 일동면 인곡*길 **-**,,37.981407,127.350881,2021-08-02 16:58:44,동물_가축사육업.csv
포천시,고구려농장,돼지,경기도 포천시 관인면 창동로 ****-**,,38.139055,127.225166,2022-07-13 09:57:25,동물_가축사육업.csv
포천시,양문농장,돼지,경기도 포천시 영중면 사은다리길 **-**,,38.009308,127.243045,2018-07-30 11:28:04,동물_가축사육업.csv
포천시,돈세이프팜,돼지,경기도 포천시 일동면 사직리 ***-* 등 *필지(-**),,37.995664,127.335047,2019-05-15 10:51:19,동물_가축사육업.csv
포천시,샘터농장,돼지,경기도 포천시 화현면 봉화로***번길 **,,37.906858,127.266876,2015-10-13 09:07:36,동물_가축사육업.csv
포천시,YD농장,돼지,경기도 포천시 일동면 사기막*길 **,,37.970077,127.335291,2020-04-27 10:44:34,동물_가축사육업.csv
포천시,정원축산,돼지,경기도 포천시 관인면 창동로 ****-**,,38.139055,127.225166,2026-01-07 14:02:28,동물_가축사육업.csv
포천시,동암영농조합법인 산중마을,돼지,경기도 포천시 영중면 가영로 ***-**,,37.999817,127.211612,2014-01-16 16:36:29,동물_가축사육업.csv
포천시,삼양농장,돼지,"경기도 포천시 영중면 호국로****번길 **-*, 등 *필지(***,-*,-*,***-*)",,37.984466,127.240139,2023-12-18 15:37:11,동물_가축사육업.csv
포천시,정상농장,돼지,경기도 포천시 이동면 새낭로***번길 **,,38.014402,127.331723,2022-07-27 09:14:33,동물_가축사육업.csv
포천시,무리울농장,돼지,경기도 포천시 일동면 무리울길 ***-**,,37.95169,127.356842,2025-07-17 18:06:07,동물_가축사육업.csv
포천시,청산농장,돼지,경기도 포천시 신북면 간자동길 **-**,,37.963815,127.146806,2026-01-07 11:04:45,동물_가축사육업.csv
포천시,농업회사법인 돈호새(주),돼지,경기도 포천시 화현면 문암동길 ***,,37.946437,127.259435,2022-01-01 15:36:51,동물_가축사육업.csv
포천시,하나더농장,돼지,"경기도 포천시 신북면 신평로**번길 ** (외*필지(-*,-*,-*,-**))",,37.951995,127.233207,2017-11-22 08:46:26,동물_가축사육업.csv
포천시,인성축산,돼지,경기도 포천시 신북면 포천로****번길 **,,37.924544,127.188165,2022-03-03 10:35:03,동물_가축사육업.csv
포천시,두남축산,돼지,경기도 포천시 군내면 반월산성로***번길 **-** (외*필지(**-*)),,37.90756,127.23461,2024-05-14 14:18:52,동물_가축사육업.csv
포천시,성태농장,돼지,"경기도 포천시 신북면 신평로**번길 **, 등 *필지(***-*,-*,-*)",,37.950268,127.236845,2026-01-08 14:36:25,동물_가축사육업.csv
포천시,한솔농장,돼지,경기도 포천시 영중면 호국로 ****-**,,38.03939,127.261457,2017-01-24 08:52:21,동물_가축사육업.csv
포천시,푸른농장,돼지,경기도 포천시 이동면 화동로****번길 **,,38.019552,127.378027,2023-09-18 13:54:01,동물_가축사육업.csv
포천시,경인농장,돼지,경기도 포천시 이동면 새낭로 ***,,38.018017,127.329848,2020-02-18 13:46:20,동물_가축사육업.csv
포천시,승환농장,돼지,경기도 포천시 내촌면 음고개길 **,,37.774607,127.232251,2022-07-13 09:46:53,동물_가축사육업.csv
포천시,현대축산,돼지,경기도 포천시 관인면 창동로****번길 **,,38.110629,127.20696,2024-11-11 11:54:36,동물_가축사육업.csv
포천시,동암농장,돼지,"경기도 포천시 영중면 가영로***번길 **, [*미고시]",,38.012317,127.207909,2023-05-26 10:54:28,동물_가축사육업.csv
포천시,-,돼지,경기도 포천시 이동면 금강로****번길 ***,,38.088012,127.375702,2022-07-13 09:54:40,동물_가축사육업.csv
포천시,-,돼지,경기도 포천시 영중면 호국로 ****,,38.035859,127.264336,2022-07-12 18:10:39,동물_가축사육업.csv
포천시,자일농장,돼지,경기도 포천시 영북면 북원로 ***-**,,38.117106,127.27666,2022-11-23 15:35:31,동물_가축사육업.csv
포천시,영일농장,돼지,경기도 포천시 가산면 방산길 ***,,37.822215,127.181291,2015-03-13 17:43:49,동물_가축사육업.csv
포천시,멧골농장,돼지,경기도 포천시 신북면 양지말*길 **-***,,37.953528,127.184357,2023-02-23 17:50:27,동물_가축사육업.csv
포천시,동암영농조합법인 심곡농장,돼지,경기도 포천시 신북면 깊이울로 **-**,,37.931465,127.184155,2021-12-13 10:55:35,동물_가축사육업.csv
포천시,대연축산,돼지,경기도 포천시 창수면 옥수로***번길 **-**,,38.010469,127.194179,2026-07-03 14:19:57,동물_가축사육업.csv
포천시,진원농장,돼지,경기도 포천시 호병골길 ***-** (신읍동),,37.89413,127.183971,2023-06-08 13:24:20,동물_가축사육업.csv
포천시,고은농장,돼지,경기도 포천시 이동면 제비울*길 **-**,,38.000327,127.377524,2014-12-18 16:59:24,동물_가축사육업.csv
포천시,흙돼지농장,돼지,경기도 포천시 이동면 화동로****번길 **,,38.015684,127.364108,2022-07-13 09:47:47,동물_가축사육업.csv
포천시,농업법인(주)골드바이오텍,돼지,경기도 포천시 일동면 무리울길 ***-**,,37.954023,127.351744,2023-07-05 14:53:49,동물_가축사육업.csv
포천시,세한농장,돼지,경기도 포천시 이동면 화동로****번길 ***,,38.015672,127.384369,2020-10-21 11:11:44,동물_가축사육업.csv
포천시,영신농장,돼지,경기도 포천시 영북면 북원로***번길 **,,38.117927,127.277454,2026-01-07 14:13:42,동물_가축사육업.csv
포천시,지앤알팜사계,돼지,경기도 포천시 일동면 새낭로***번길 **-***,,38.000761,127.317449,2021-12-31 16:10:14,동물_가축사육업.csv
포천시,에코농장,돼지,경기도 포천시 창수면 가영로***번길 ***,,38.014192,127.190176,2015-01-30 09:13:13,동물_가축사육업.csv
포천시,세일농장,돼지,경기도 포천시 창수면 가영로 ***-**,,37.991507,127.200718,2021-08-05 16:19:34,동물_가축사육업.csv
포천시,감암축산,돼지,경기도 포천시 가산면 정교길 **,,37.822381,127.167544,2014-12-23 15:58:40,동물_가축사육업.csv
포천시,대흥농장,돼지,경기도 포천시 창수면 방골길 ***-**,,38.053734,127.215943,2026-04-28 11:15:43,동물_가축사육업.csv
포천시,까망께돈 흑돼지농장,돼지,경기도 포천시 일동면 화동로 ***-**,,37.921402,127.308533,2021-12-30 16:47:34,동물_가축사육업.csv
포천시,상수농장,돼지,경기도 포천시 영중면 궁들*길 **,,37.980333,127.263961,2021-12-15 13:22:03,동물_가축사육업.csv
포천시,덕영농장,돼지,경기도 포천시 일동면 정자골길 **,,37.932175,127.281708,2026-01-08 13:08:39,동물_가축사육업.csv
포천시,한탄강 JC팜,돼지,경기도 포천시 영북면 북원로***번길 **-**,,38.123966,127.278045,2015-11-23 11:38:39,동물_가축사육업.csv
포천시,태산농장,돼지,경기도 포천시 일동면 수입로***번길 **,,37.975033,127.323263,2016-08-16 15:02:39,동물_가축사육업.csv
포천시,보장팜,돼지,경기도 포천시 창수면 방골길 **-**,,38.034872,127.203632,2023-05-23 10:38:12,동물_가축사육업.csv
포천시,농업회사법인 주식회사 현주팜,돼지,경기도 포천시 관인면 창동로****번길 **-**,,38.14141,127.229584,2023-11-22 22:08:57,동물_가축사육업.csv
포천시,브니엘농장,돼지,경기도 포천시 영중면 가영로 ***-**,,38.004872,127.214303,2026-06-25 10:35:22,동물_가축사육업.csv
포천시,금호영농조합법인 금호영송농장,돼지,경기도 포천시 영중면 은잿말길 ***,,38.00468,127.21984,2026-05-07 15:24:30,동물_가축사육업.csv
포천시,화엄농장,돼지,경기도 포천시 군내면 꽃배산*길 **-**,,37.859458,127.230496,2020-07-23 11:22:21,동물_가축사육업.csv
포천시,대연농장,돼지,경기도 포천시 창수면 옥수로***번길 **-**,,38.01086,127.193419,2026-07-03 09:23:24,동물_가축사육업.csv
포천시,성운축산,돼지,경기도 포천시 창수면 가영로 ***-**,,37.991158,127.201151,2022-07-12 17:52:01,동물_가축사육업.csv
포천시,신화농장,돼지,경기도 포천시 관인면 창동로****번길 ** (외*필지(***)),,38.113064,127.20636,2022-09-21 17:22:40,동물_가축사육업.csv
포천시,신흥농장,돼지,경기도 포천시 영중면 호국로****번길 **-*,,37.986962,127.240244,2019-04-02 14:07:19,동물_가축사육업.csv
포천시,다온농장,돼지,경기도 포천시 창수면 포천로****번길 **,,37.99741,127.16571,2022-01-21 11:08:56,동물_가축사육업.csv
포천시,수농장,돼지,"경기도 포천시 일동면 인곡*길 **-**, 등 *필지(***-*,-**)",,37.98098,127.350732,2026-04-22 15:22:59,동물_가축사육업.csv
포천시,영송농장2,돼지,경기도 포천시 영중면 은잿말길 ***-** (외*필지(-*)),,38.005733,127.21686,2021-08-31 13:19:35,동물_가축사육업.csv
포천시,수용농장,돼지,경기도 포천시 영북면 자일리 ***,,38.102915,127.289419,2025-12-04 11:12:09,동물_가축사육업.csv
포천시,나라축산,돼지,경기도 포천시 관인면 창동로****번길 **,,38.117715,127.210855,2017-12-19 11:57:25,동물_가축사육업.csv
포천시,동암영농조합법인(효성농장),돼지,경기도 포천시 창수면 옥수로 *** (외*필지),,38.013815,127.183808,2014-04-24 10:04:39,동물_가축사육업.csv
포천시,미래팜,돼지,"경기도 포천시 일동면 수입로***번길 **-**, (수입리 ***-*,-*)",,37.989041,127.320563,2026-04-30 16:41:47,동물_가축사육업.csv
포천시,한탄강스마트팜,돼지,경기도 포천시 영북면 호국로****번길 ***-**,,38.109967,127.303563,2020-07-24 10:02:23,동물_가축사육업.csv
포천시,늘푸른농장,돼지,경기도 포천시 창수면 가영로***번길 ***,,38.0148,127.193039,2019-03-19 16:49:30,동물_가축사육업.csv
포천시,한비축산,돼지,경기도 포천시 관인면 찬우물길 ***,,38.153118,127.274179,2025-11-18 09:38:36,동물_가축사육업.csv
포천시,정경농장,돼지,경기도 포천시 일동면 무리울길 ***,,37.954049,127.349486,2015-04-21 12:50:42,동물_가축사육업.csv
포천시,초록팜,돼지,"경기도 포천시 군내면 반월산성로***번길 **, 등*필지(***,***-*,-*,***-*)",,37.90305,127.2322,2022-04-07 10:41:48,동물_가축사육업.csv
포천시,우리농산,돼지,경기도 포천시 이동면 화동로****번길 **,,38.043717,127.383538,2020-09-17 12:38:02,동물_가축사육업.csv
포천시,금호영농조합법인,돼지,경기도 포천시 창수면 옥수로***번길 **,,38.01118,127.17874,2026-05-07 14:33:38,동물_가축사육업.csv
포천시,한비축산,돼지,경기도 포천시 관인면 창동로****번길 **,,38.142254,127.230968,2025-11-18 09:39:09,동물_가축사육업.csv
포천시,팔팔농장,돼지,경기도 포천시 창수면 가영로***번길 **,,37.97638,127.206046,2020-07-23 10:57:34,동물_가축사육업.csv
포천시,양특의농장,돼지,경기도 포천시 소흘읍 죽엽산로***번길 **-**,,37.812076,127.166594,2022-02-22 09:40:16,동물_가축사육업.csv
포천시,한돈농장,돼지,경기도 포천시 창수면 옥수로 ***,,38.014195,127.181493,2019-03-18 12:02:46,동물_가축사육업.csv
포천시,주원농장2,돼지,경기도 포천시 창수면 옥수로***번길 **,,38.011955,127.190086,2022-07-13 09:58:42,동물_가축사육업.csv
포천시,무리울농장,돼지,경기도 포천시 일동면 무리울길 ***,,37.95512,127.34193,2018-03-26 14:18:25,동물_가축사육업.csv
포천시,소리농장,돼지,경기도 포천시 일동면 새낭로 ***-***,,37.99888,127.324721,2020-02-17 16:47:51,동물_가축사육업.csv
포천시,최씨농장,돼지,경기도 포천시 영북면 비둘기낭길 **,,38.073082,127.224909,2022-07-13 09:48:59,동물_가축사육업.csv
포천시,(주)로고농업회사법인,돼지,"경기도 포천시 창수면 주원리 *** ,-*,***,산***,산***-*",,38.012677,127.183587,2022-12-24 12:09:11,동물_가축사육업.csv
포천시,천호농장,돼지,경기도 포천시 이동면 화동로****번길 **,,38.002479,127.358856,2022-06-08 15:28:54,동물_가축사육업.csv
포천시,경주농장,돼지,경기도 포천시 일동면 인곡길 **,,37.982673,127.345038,2022-07-13 09:49:26,동물_가축사육업.csv
포천시,진우농장,돼지,경기도 포천시 창수면 옥수로***번길 ** (외*필지(***)),,38.009701,127.17734,2025-11-26 17:31:32,동물_가축사육업.csv
포천시,갈보리농장,돼지,경기도 포천시 창수면 포천로****번길 **-**,,37.985969,127.172217,2022-07-12 18:11:35,동물_가축사육업.csv
포천시,정석농장,돼지,경기도 포천시 관인면 느릅실길 ** (외*필지(**번지)),,38.162316,127.263332,2021-08-03 10:13:02,동물_가축사육업.csv
포천시,보림농장,돼지,경기도 포천시 창수면 옥수로***번길 **-**,,38.011461,127.192609,2021-03-10 09:52:46,동물_가축사육업.csv
포천시,한주농장,돼지,경기도 포천시 군내면 꽃배산*길 **,,37.86504,127.231656,2023-08-09 13:56:54,동물_가축사육업.csv
포천시,-,돼지,경기도 포천시 관인면 창동로****번길 **,,38.117339,127.21035,2020-10-30 09:41:05,동물_가축사육업.csv
포천시,지앤알팜3,돼지,경기도 포천시 일동면 사당말*길 **,,38.002248,127.355171,2018-01-16 16:09:58,동물_가축사육업.csv
포천시,천그린농장,돼지,경기도 포천시 창수면 옥수로***번길 **,,38.012187,127.193162,2014-10-02 10:04:53,동물_가축사육업.csv
포천시,미여니농장,돼지,경기도 포천시 일동면 성장로 ***-***,,38.006515,127.34321,2019-07-15 14:42:09,동물_가축사육업.csv
포천시,신기농장,돼지,경기도 포천시 일동면 새낭로***번길 **,,37.99588,127.335455,2021-09-14 17:32:21,동물_가축사육업.csv
포천시,베스트팜농장,돼지,경기도 포천시 창수면 가영로***번길 **-** (외*필지(-*.-*.-*)),,37.976839,127.207834,2014-03-10 09:53:21,동물_가축사육업.csv
포천시,현진농장,돼지,경기도 포천시 창수면 옥수로***번길 ***-**,,37.996583,127.199541,2023-04-04 10:53:41,동물_가축사육업.csv
포천시,과이피그,돼지,경기도 포천시 영중면 은잿말길 **,,38.001658,127.235879,2026-02-20 20:44:45,동물_가축사육업.csv
포천시,태양농장,돼지,경기도 포천시 화현면 문암동길 ***,,37.943158,127.259286,2020-07-27 17:05:38,동물_가축사육업.csv
포천시,수경농장,돼지,경기도 포천시 관인면 창동로****번길 **,,38.110264,127.207689,2020-08-03 16:16:09,동물_가축사육업.csv
포천시,정연farm,돼지,경기도 포천시 영북면 영북로**번길 **,,38.071882,127.278193,2025-08-25 13:11:15,동물_가축사육업.csv
포천시,창수농장,돼지,경기도 포천시 창수면 가영로***번길 **-**,,37.976839,127.207834,2015-02-11 00:16:23,동물_가축사육업.csv
포천시,호암농장,돼지,경기도 포천시 일동면 앵바위길 ***-***,,37.998514,127.319811,2020-08-05 10:55:28,동물_가축사육업.csv
포천시,무지개축산,돼지,경기도 포천시 화현면 문암동길 ***,,37.942242,127.258701,2020-07-26 09:35:06,동물_가축사육업.csv
포천시,민지농장,돼지,경기도 포천시 이동면 화동로****번길 **,,38.011778,127.361125,2026-07-24 17:47:56,동물_가축사육업.csv
포천시,고찬모농장,돼지,경기도 포천시 이동면 제비울*길 **-**,,38.000033,127.377638,2022-07-13 09:25:23,동물_가축사육업.csv
포천시,-,돼지,경기도 포천시 영중면 금주리 ***,,37.976726,127.269118,2022-07-13 09:44:47,동물_가축사육업.csv
포천시,정원농장,돼지,경기도 포천시 일동면 사직리 ***,,37.98745,127.340096,2022-07-13 09:59:14,동물_가축사육업.csv
포천시,종배농장,돼지,경기도 포천시 영북면 호국로****번길 **,,38.053779,127.277658,2022-07-13 09:45:27,동물_가축사육업.csv
포천시,가림농장,돼지,경기도 포천시 영북면 호국로 ****,,38.039137,127.266104,2024-12-18 15:19:59,동물_가축사육업.csv
포천시,대산농장,돼지,경기도 포천시 영북면 대회산길 **-**,,38.068154,127.238604,2026-08-05 13:51:52,동물_가축사육업.csv
포천시,농업회사법인 그린팜스 유한회사,돼지,경기도 포천시 이동면 화동로****번길 **-*,,38.020542,127.37975,2025-04-22 18:02:24,동물_가축사육업.csv
포천시,농업회사법인 주식회사 화현축산,돼지,경기도 포천시 영중면 사은다리*길 **,,38.005975,127.225795,2022-04-27 09:23:22,동물_가축사육업.csv
포천시,약사골농장,돼지,경기도 포천시 이동면 금강로 ****,,38.088601,127.391512,2022-07-13 09:56:33,동물_가축사육업.csv
포천시,대덕농장,돼지,경기도 포천시 일동면 인곡*길 **-**,,37.981494,127.350591,2019-12-30 14:59:54,동물_가축사육업.csv
포천시,영규농장,돼지,경기도 포천시 영북면 방골길 ***,,38.078503,127.26649,2024-02-28 08:56:12,동물_가축사육업.csv
포천시,혜선농장,돼지,경기도 포천시 이동면 성장로 ***-**,,38.0021,127.329383,2018-11-01 11:27:39,동물_가축사육업.csv
포천시,동해농장,돼지,경기도 포천시 일동면 수입로***번길 **-**,,37.988913,127.320103,2026-08-13 15:51:42,동물_가축사육업.csv
포천시,한반도농장,돼지,"경기도 포천시 영중면 옥수로***번길 ***, (영송리 ***,***-*)",,37.997764,127.203503,2025-08-01 08:56:26,동물_가축사육업.csv
포천시,동암영농조합법인(청람농장),돼지,경기도 포천시 영중면 가영로 ***-** (외**필지),,37.996806,127.210523,2023-05-22 10:03:56,동물_가축사육업.csv
포천시,금호영농조합법인 금호옥수농장,돼지,경기도 포천시 창수면 옥수로***번길 **,,38.012503,127.191588,2026-05-07 16:00:39,동물_가축사육업.csv
포천시,골드농장,돼지,경기도 포천시 화현면 문암동길 ***-**,,37.945423,127.259991,2025-08-19 09:04:03,동물_가축사육업.csv
포천시,-,돼지,경기도 포천시 일동면 무리울길 ***-*,,37.951677,127.358074,2020-06-24 13:19:30,동물_가축사육업.csv
포천시,팜스플랜 포천 제1농장,돼지,경기도 포천시 창수면 가영로 ***-***,,37.98789,127.205278,2023-12-22 14:01:12,동물_가축사육업.csv
포천시,황토농장,돼지,경기도 포천시 이동면 새낭로 ***,,38.014188,127.330931,2023-04-10 15:58:36,동물_가축사육업.csv
포천시,선경농장,돼지,경기도 포천시 신북면 삼성당*길 **,,37.963223,127.211769,2022-05-24 11:37:57,동물_가축사육업.csv
포천시,수용농장,돼지,"경기도 포천시 영북면 호국로****번길 **-**, 등 *필지(자일리 ***,-*,***-*)",,38.102518,127.289897,2019-04-03 17:37:22,동물_가축사육업.csv
포천시,농업회사법인 (주) 과이피그,돼지,경기도 포천시 영중면 은잿말길 ** (외*필지(***-*)),,38.001865,127.236731,2026-03-21 15:14:49,동물_가축사육업.csv
포천시,농업회사법인(주)더함께,돼지,경기도 포천시 이동면 새낭로 ***,,38.019252,127.330352,2025-03-07 18:35:45,동물_가축사육업.csv
포천시,-,돼지,경기도 포천시 이동면 새낭로 ***,,38.018662,127.329293,2017-11-03 13:53:45,동물_가축사육업.csv
포천시,진주농장,돼지,"경기도 포천시 이동면 새낭로***번길 **, (노곡리 ***, ***-*)",,38.014808,127.331823,2023-11-10 11:26:41,동물_가축사육업.csv
포천시,탱크농장,돼지,경기도 포천시 화현면 봉화로 ***-**,,37.906875,127.269746,2023-09-18 10:23:59,동물_가축사육업.csv
포천시,농업회사법인 주식회사 브니엘농장,돼지,경기도 포천시 신북면 깊이울로*길 **-**,,37.931343,127.180837,2026-06-25 09:24:06,동물_가축사육업.csv
포천시,서원농장,돼지,경기도 포천시 영북면 문암길 **-**,,38.080465,127.272071,2014-11-21 09:00:53,동물_가축사육업.csv
포천시,미성농장,돼지,경기도 포천시 영북면 방골길 ***-**,,38.077086,127.266019,2015-06-01 18:29:30,동물_가축사육업.csv
포천시,이레농장,돼지,"경기도 포천시 창수면 가영로***번길 ***-*, 등 *필지(**-*,-*,**-*)",,38.014056,127.193904,2019-06-14 14:47:00,동물_가축사육업.csv
포천시,하나농장,돼지,경기도 포천시 이동면 새낭로 ***,,38.014856,127.330933,2024-06-03 10:46:28,동물_가축사육업.csv
포천시,준농장,돼지,경기도 포천시 창수면 옥수로***번길 **,,38.011037,127.189603,2024-04-09 11:37:02,동물_가축사육업.csv
포천시,-,돼지,경기도 포천시 이동면 성장로****번길 **,,38.015132,127.360784,2022-07-13 09:48:24,동물_가축사육업.csv
포천시,삼성농장2,돼지,경기도 포천시 일동면 사당말*길 **,,38.003905,127.353328,2025-10-23 09:04:01,동물_가축사육업.csv
포천시,도유축산,돼지,경기도 포천시 신북면 신평로**번길 ***,,37.96437,127.243354,2021-12-30 16:10:44,동물_가축사육업.csv
포천시,사계영농조합법인,돼지,경기도 포천시 일동면 새낭로***번길 **-***,,38.001821,127.317459,2020-06-11 14:49:31,동물_가축사육업.csv
포천시,대성농장,돼지,경기도 포천시 영중면 궁들길 ***-**,,37.989205,127.26618,2014-11-12 16:52:52,동물_가축사육업.csv
포천시,대수농장,돼지,경기도 포천시 영북면 영북로**번길 **,,38.071296,127.277411,2024-12-06 15:19:05,동물_가축사육업.csv
포천시,이레농장,돼지,경기도 포천시 신북면 신평로**번길 ***,,37.962533,127.242629,2016-07-13 15:49:04,동물_가축사육업.csv
포천시,지앤알팜2,돼지,"경기도 포천시 화현면 화현리 *** 외*필지(***-*,***)",,37.913105,127.295494,2016-04-05 09:12:08,동물_가축사육업.csv
포천시,영북축산,돼지,경기도 포천시 영북면 금곡동로 **-**,,38.047113,127.272255,2020-07-23 13:02:38,동물_가축사육업.csv
포천시,농업회사법인 에이비씨축산(주),돼지,경기도 포천시 관인면 창동로 ****-**,,38.128172,127.210232,2024-01-24 19:53:01,동물_가축사육업.csv
포천시,진호농장,돼지,경기도 포천시 영북면 호국로****번길 ***,,38.112791,127.303535,2020-07-22 10:15:16,동물_가축사육업.csv
포천시,산마루농장,돼지,경기도 포천시 일동면 무리울길 ***-**,,37.954633,127.35243,2024-11-26 15:43:52,동물_가축사육업.csv
포천시,에스투제이팜,돼지,경기도 포천시 창수면 옥수로***번길 *,,38.008564,127.188628,2022-01-05 08:48:16,동물_가축사육업.csv
포천시,진우농장,돼지,경기도 포천시 창수면 옥수로***번길 **-*,,38.007626,127.175593,2025-09-03 11:59:46,동물_가축사육업.csv
포천시,동우축산,돼지,경기도 포천시 영중면 나삼길 ***-**,,38.014647,127.257966,2022-07-12 18:11:13,동물_가축사육업.csv
포천시,동진축산,돼지,경기도 포천시 군내면 꽃배산*길 ***,,37.861078,127.233545,2016-08-30 16:45:24,동물_가축사육업.csv
포천시,건섭농장2,돼지,경기도 포천시 일동면 정자골*길 **,,37.928786,127.291392,2015-05-01 20:12:15,동물_가축사육업.csv
포천시,산들농장,돼지,경기도 포천시 일동면 윗갈기길 **-**,,37.966126,127.321642,2023-01-09 13:51:24,동물_가축사육업.csv
포천시,형제농장,돼지,경기도 포천시 일동면 수입로***번길 **-**,,37.988754,127.319564,2018-05-17 10:11:44,동물_가축사육업.csv
포천시,인록축산,돼지,경기도 포천시 창수면 가영로***번길 ***,,38.014192,127.190176,2022-07-13 09:57:58,동물_가축사육업.csv
포천시,화성축산,돼지,경기도 포천시 창수면 옥수로***번길 **,,38.012197,127.178299,2026-04-09 17:40:58,동물_가축사육업.csv
포천시,정호농장,돼지,경기도 포천시 일동면 무리울길 ***-**,,37.954633,127.35243,2025-08-20 10:33:00,동물_가축사육업.csv
포천시,신흥농장,돼지,경기도 포천시 영중면 금주리 ***,,37.985744,127.239498,2020-07-26 10:21:27,동물_가축사육업.csv
포천시,보림축산,돼지,경기도 포천시 가산면 마현*길 ***,,37.831667,127.197723,2022-01-10 15:43:28,동물_가축사육업.csv
포천시,내가리농장,돼지,경기도 포천시 소흘읍 죽엽산로***번길 **-**,,37.813063,127.164567,2022-12-01 10:32:01,동물_가축사육업.csv
포천시,가온농장,돼지,경기도 포천시 영중면 호국로 ****-**,,38.036545,127.260605,2018-06-28 02:10:33,동물_가축사육업.csv
포천시,영송농장,돼지,경기도 포천시 영중면 은잿말길 ***-*,,38.003834,127.220936,2018-10-26 10:32:05,동물_가축사육업.csv
포천시,명진농장,돼지,경기도 포천시 관인면 윗찬물길 ***,,38.14739,127.267789,2023-09-18 09:44:18,동물_가축사육업.csv
포천시,양지농장,돼지,경기도 포천시 관인면 창동로****번길 **,,38.148418,127.245501,2021-12-22 11:59:12,동물_가축사육업.csv
포천시,경목농장,돼지,경기도 포천시 영북면 문암길 **-**,,38.08281,127.271172,2018-06-28 11:12:04,동물_가축사육업.csv
포천시,이일오농장,돼지,"경기도 포천시 일동면 새낭로***번길 **-**, 등 *필지(****,****)",,37.998521,127.323389,2023-07-13 17:35:52,동물_가축사육업.csv
포천시,-,돼지,경기도 포천시 이동면 화동로 ****,,38.026688,127.371271,2022-07-12 18:10:00,동물_가축사육업.csv
포천시,건섭농장,돼지,경기도 포천시 일동면 정자골*길 ***,,37.93004,127.293995,2014-10-29 16:50:32,동물_가축사육업.csv
포천시,문화농장,돼지,경기도 포천시 일동면 무리울길 ***,,37.954477,127.346496,2020-07-22 19:54:51,동물_가축사육업.csv
포천시,소망농장,돼지,경기도 포천시 이동면 새낭로 ***,,38.020619,127.328937,2023-01-31 15:39:31,동물_가축사육업.csv
포천시,성태농장,돼지,경기도 포천시 신북면 신평로**번길 **,,37.950412,127.236426,2022-12-01 14:48:13,동물_가축사육업.csv
포천시,연곡농장,돼지,"경기도 포천시 이동면 화동로****번길 **-*** (외*필지(***-*, -*))",,38.016205,127.381259,2016-08-24 08:36:14,동물_가축사육업.csv
포천시,다우농장,돼지,경기도 포천시 창수면 옥수로***번길 **,,38.009143,127.188135,2023-01-31 14:36:41,동물_가축사육업.csv
포천시,호남농장,돼지,경기도 포천시 이동면 여우고개로***번길 ***,,38.069842,127.352194,2022-07-13 09:38:46,동물_가축사육업.csv
포천시,한솔농장2,돼지,경기도 포천시 영북면 호국로 ****-**,,38.03986,127.261842,2026-01-08 14:25:04,동물_가축사육업.csv
포천시,태욱농장,돼지,경기도 포천시 가산면 감암*길 **-**,,37.862116,127.18334,2020-07-23 13:18:16,동물_가축사육업.csv
포천시,농업회사법인 새여리팜 주식회사,돼지,경기도 포천시 창수면 포천로****번길 **,,37.994615,127.170068,2018-12-13 14:11:09,동물_가축사육업.csv
포천시,신기농장-1,돼지,경기도 포천시 일동면 수입로 *** (외*필지),,37.983614,127.322587,2020-07-23 10:12:23,동물_가축사육업.csv
포천시,지혜농장,돼지,경기도 포천시 영북면 금곡동로 **-**,,38.047512,127.272361,2015-12-28 11:43:23,동물_가축사육업.csv
포천시,95Farm,돼지,경기도 포천시 창수면 옥수로***번길 ***,,38.007024,127.19534,2022-09-13 09:06:35,동물_가축사육업.csv
포천시,승민농장,돼지,경기도 포천시 영북면 방골길 ***-**,,38.077086,127.266019,2005-12-17 17:33:28,동물_가축사육업.csv
포천시,새여리팜,돼지,경기도 포천시 창수면 포천로 ****,,37.995246,127.170996,2018-09-20 13:59:46,동물_가축사육업.csv
포천시,동암영농조합법인(신애농장),돼지,경기도 포천시 영중면 가영로***번길 **,,38.012616,127.206202,2023-05-22 10:01:40,동물_가축사육업.csv
포천시,돈스마트팜,돼지,경기도 포천시 관인면 탄동리 **,,38.158632,127.265701,2026-01-27 10:34:35,동물_가축사육업.csv
포천시,삼익농장,돼지,경기도 포천시 어룡*길 ** (어룡동),,37.882264,127.175881,2023-01-30 10:10:12,동물_가축사육업.csv
포천시,진양농장,돼지,경기도 포천시 일동면 사당말*길 **,,38.003387,127.353801,2025-04-22 09:09:26,동물_가축사육업.csv
포천시,보성농장,돼지,경기도 포천시 창수면 옥수로***번길 **,,38.011237,127.190238,2020-04-27 18:34:50,동물_가축사육업.csv
포천시,돈메이드팜,돼지,"경기도 포천시 일동면 새낭로***번길 **, 등 *필지(***-*,-**)",,37.995834,127.334694,2019-05-15 10:48:08,동물_가축사육업.csv
포천시,한결농장,돼지,경기도 포천시 이동면 화동로****번길 ***,,38.017776,127.383872,2020-10-21 11:10:37,동물_가축사육업.csv
포천시,양문농장,돼지,경기도 포천시 영중면 나삼길 **-**,,38.013189,127.250899,2026-01-07 16:50:07,동물_가축사육업.csv
창원시,제일농장,돼지,경상남도 창원시 마산합포구 진전면 회진로 ****-***,,35.103943,128.441481,2023-07-20 08:55:43,동물_가축사육업.csv
창원시,유목팜,돼지,경상남도 창원시 마산합포구 쌀재길 *** (예곡동),,35.185661,128.533712,2024-06-10 11:13:12,동물_가축사육업.csv
창원시,인황농장,돼지,경상남도 창원시 마산합포구 진북면 진북정곡길 ***-**,,35.12455,128.443768,2023-06-05 09:17:32,동물_가축사육업.csv
창원시,일원농장,돼지,경상남도 창원시 마산합포구 진북면 덕곡천길 ***,,35.133745,128.46774,2017-02-15 14:11:45,동물_가축사육업.csv
창원시,영일농장,돼지,경상남도 창원시 마산합포구 진북면 망곡길 **-*,,35.146087,128.48288,2023-06-05 09:10:13,동물_가축사육업.csv
창원시,진화농장,돼지,경상남도 창원시 의창구 동읍 동읍로****번길 ***,,35.329318,128.652223,2022-02-28 09:11:35,동물_가축사육업.csv
창원시,우원농장,돼지,경상남도 창원시 마산합포구 진북면 추곡*길 **,,35.156583,128.475818,2023-06-07 10:04:04,동물_가축사육업.csv
창원시,학수농장,돼지,경상남도 창원시 마산합포구 진전면 호산울빛길 ** (외 호산울빛길 **(***-**번지)),,35.096017,128.428945,2021-11-30 19:53:12,동물_가축사육업.csv
창원시,다호영농조합법인,돼지,경상남도 창원시 의창구 동읍 동읍로 ***-**,,35.300006,128.675199,2026-04-01 09:50:31,동물_가축사육업.csv
창원시,천지농장,돼지,경상남도 창원시 의창구 동읍 주남로 ***-*,,35.306565,128.682396,2023-06-02 08:59:34,동물_가축사육업.csv
창원시,진해축산,돼지,경상남도 창원시 진해구 가주로***번길 **-* (가주동),,35.117706,128.833174,2022-10-11 17:35:54,동물_가축사육업.csv
창원시,마루농장,돼지,경상남도 창원시 의창구 동읍 노연로 ***-*,,35.355729,128.670041,2020-05-25 13:28:55,동물_가축사육업.csv
창원시,재호농장,돼지,경상남도 창원시 의창구 동읍 동읍로 ****-**,,35.361873,128.653953,2026-06-04 09:19:49,동물_가축사육업.csv
창원시,잔디농장,돼지,경상남도 창원시 마산합포구 진북면 연동*길 **,,35.139251,128.486458,2024-07-08 09:27:00,동물_가축사육업.csv
창원시,동화농장,돼지,경상남도 창원시 마산합포구 진북면 진북신촌로 **,,35.132175,128.47429,2023-12-15 17:24:42,동물_가축사육업.csv
창원시,해성농장,돼지,경상남도 창원시 의창구 북면 온천로***번길 **,,35.356001,128.58216,2022-07-04 16:42:31,동물_가축사육업.csv
창원시,성목축산,돼지,경상남도 창원시 마산합포구 진북면 연동*길 **,,35.137833,128.489501,2020-11-05 17:31:29,동물_가축사육업.csv
창원시,호암농장,돼지,경상남도 창원시 마산합포구 진전면 호산울빛길 **,,35.09419,128.426677,2023-01-09 18:58:24,동물_가축사육업.csv
창원시,청록축산,돼지,경상남도 창원시 마산합포구 진북면 진북신촌로 ***-**,,35.132866,128.47767,2019-03-22 17:00:16,동물_가축사육업.csv
창원시,무학산산돼지,돼지,경상남도 창원시 마산회원구 내서읍 감천리 산 ***-*,,35.192096,128.529272,2019-03-22 21:21:35,동물_가축사육업.csv
창원시,영남농장,돼지,경상남도 창원시 마산합포구 진전면 내평길 **-***,,35.11703,128.385548,2023-02-09 17:55:45,동물_가축사육업.csv
창원시,성공농장,돼지,경상남도 창원시 의창구 동읍 화양리 ****,,35.310647,128.649933,2020-11-18 10:26:58,동물_가축사육업.csv
창원시,정현농장,돼지,경상남도 창원시 마산합포구 진북면 진북산업로 ***-**,,35.181142,128.467282,2019-10-28 17:49:32,동물_가축사육업.csv
창원시,성은농장,돼지,경상남도 창원시 마산합포구 진북면 연동*길 **,,35.138874,128.485978,2019-03-22 16:44:33,동물_가축사육업.csv
창원시,부산농장,돼지,경상남도 창원시 마산합포구 진북면 덕곡천길 ***-** (부산농장),,35.133449,128.46978,2024-08-19 13:39:57,동물_가축사육업.csv
창원시,금호농장,돼지,경상남도 창원시 의창구 동읍 석산길 ***,,35.318285,128.666627,2023-06-02 09:02:08,동물_가축사육업.csv
창원시,학산농장,돼지,경상남도 창원시 마산합포구 진북면 학동로 **,,35.118052,128.472077,2022-04-12 20:11:29,동물_가축사육업.csv
창원시,삼화농산,돼지,경상남도 창원시 마산합포구 진북면 망곡길 **,,35.145649,128.481856,2020-12-13 10:02:22,동물_가축사육업.csv
창원시,남해축산 2농장,돼지,경상남도 창원시 마산합포구 진북면 덕곡천길 ***,,35.133065,128.46886,2025-12-30 16:05:31,동물_가축사육업.csv
창원시,남해축산,돼지,경상남도 창원시 마산합포구 진북면 덕곡천길 ***,,35.132434,128.469539,2022-05-02 15:54:54,동물_가축사육업.csv
창원시,봉산농장,돼지,경상남도 창원시 의창구 동읍 신방로 ***-**,,35.283706,128.694851,2018-12-28 09:51:11,동물_가축사육업.csv
당진시,가화양돈영농조합법인,돼지,충청남도 당진시 순성면 본리로 ***-**,,36.845556,126.743132,2021-10-14 09:32:33,동물_가축사육업.csv
당진시,고광순농장,돼지,충청남도 당진시 송악읍 금곡리 ***-*,,36.919647,126.728582,2021-03-19 18:03:01,동물_가축사육업.csv
당진시,송학농장,돼지,충청남도 당진시 면천면 아미로 ***-**,,36.838943,126.65424,2021-12-27 10:00:41,동물_가축사육업.csv
당진시,의암농장,돼지,"충청남도 당진시 고대면 슬항리 *** , ***-*, ***-*, ***-**, ***-*, ***-**, ***-**, ***-*",,36.931325,126.615498,2021-07-15 13:45:23,동물_가축사육업.csv
당진시,육성농장,돼지,"충청남도 당진시 합덕읍 도곡리 ***-* ,***-*, ***-*, ***-*",,36.815557,126.72509,2020-11-26 09:38:39,동물_가축사육업.csv
당진시,선민양돈,돼지,"충청남도 당진시 신평면 고무레길 ***-*, 돈사",,36.876406,126.772114,2026-03-04 18:06:20,동물_가축사육업.csv
당진시,황골농장,돼지,충청남도 당진시 순성면 광천리 **-**,,36.833376,126.72739,2024-11-23 10:11:32,동물_가축사육업.csv
당진시,운곡농장,돼지,"충청남도 당진시 합덕읍 운산리 *** , ***-*, ***",,36.802499,126.763236,2020-12-02 10:35:17,동물_가축사육업.csv
당진시,엄지축산,돼지,"충청남도 당진시 합덕읍 도곡리 ***-** , ***-**",,36.819875,126.71973,2024-05-28 08:57:50,동물_가축사육업.csv
당진시,경우2농장,돼지,"충청남도 당진시 순성면 나산리 ***-* , ***-**",,36.820777,126.710279,2020-12-01 09:37:52,동물_가축사육업.csv
당진시,이화농장,돼지,충청남도 당진시 신평면 남산리 ***,,36.860348,126.767026,2022-12-23 11:28:21,동물_가축사육업.csv
당진시,인용농장,돼지,"충청남도 당진시 정미면 사관리 ***-* ***-*, ***-*, ***-*, ***",,36.852553,126.576083,2021-02-08 20:44:57,동물_가축사육업.csv
당진시,혜훈1농장,돼지,"충청남도 당진시 송산면 무수리 ***-* , ***, ***, ***-*, ***-*",,36.950415,126.66755,2020-11-02 10:39:25,동물_가축사육업.csv
당진시,제일축산,돼지,충청남도 당진시 우강면 송산리 ***-**,,36.821852,126.775339,2021-10-14 13:17:07,동물_가축사육업.csv
당진시,금탑2농장,돼지,"충청남도 당진시 고대면 옥현리 *** ,***-*, ***-*, ***, ***-*, ***-*, ***-*",,36.929842,126.5544,2025-02-28 16:44:01,동물_가축사육업.csv
당진시,오수흥1농장,돼지,"충청남도 당진시 합덕읍 분두길 **, 돈사",,36.802322,126.744987,2021-04-13 10:45:26,동물_가축사육업.csv
당진시,국일농장,돼지,충청남도 당진시 고대면 안개물길 **-***,,36.930806,126.586102,2024-12-26 16:47:57,동물_가축사육업.csv
당진시,형제1농장,돼지,충청남도 당진시 신평면 뱃골길 **,,36.875674,126.769606,2021-07-12 15:27:06,동물_가축사육업.csv
당진시,대광 농장,돼지,충청남도 당진시 순성면 대광길 **-**,,36.853846,126.712683,2025-12-08 14:20:27,동물_가축사육업.csv
당진시,대성농장,돼지,"충청남도 당진시 송악읍 전대리 ***-** , ***, ***-**",,36.918741,126.757192,2021-07-12 15:38:55,동물_가축사육업.csv
당진시,척촌농장,돼지,충청남도 당진시 순성면 척찬길 **,,36.821497,126.694297,2021-07-15 15:44:14,동물_가축사육업.csv
당진시,삼화농장,돼지,충청남도 당진시 석문면 은동길 ***,,36.966272,126.6211,2025-02-28 16:42:10,동물_가축사육업.csv
당진시,영축농장,돼지,충청남도 당진시 합덕읍 재오지로 ***-**,,36.798723,126.738109,2024-01-12 17:13:14,동물_가축사육업.csv
당진시,백두농장,돼지,"충청남도 당진시 신평면 초대리 ***-** , ***-**, ***-**, ***-**, 산**-*",,36.90946,126.741663,2020-08-26 11:10:44,동물_가축사육업.csv
당진시,태진농장,돼지,충청남도 당진시 합덕읍 도란말*길 **,,36.793074,126.740071,2025-02-28 13:08:26,동물_가축사육업.csv
당진시,우신농장,돼지,충청남도 당진시 순성면 순성로 ***-**,,36.832394,126.688871,2025-02-28 17:09:34,동물_가축사육업.csv
당진시,이희조농장,돼지,충청남도 당진시 면천면 안잠봉길 **-*,,36.783259,126.665188,2025-09-25 15:10:42,동물_가축사육업.csv
당진시,고문원농장,돼지,"충청남도 당진시 신평면 청금골길 **, 돈사",,36.870468,126.745419,2023-01-25 16:00:41,동물_가축사육업.csv
당진시,신영농장,돼지,충청남도 당진시 신평면 상오로 ***-*,,36.863085,126.751375,2021-07-15 16:17:40,동물_가축사육업.csv
당진시,금조,돼지,"충청남도 당진시 순성면 본리 ***-* ,***-**,***-*",,36.840154,126.733677,2021-01-26 11:14:22,동물_가축사육업.csv
당진시,신송농장,돼지,"충청남도 당진시 신평면 신송리 ***-* , ***-*, ***-*, ***-*, ***-*",,36.847202,126.77605,2021-07-12 15:55:46,동물_가축사육업.csv
당진시,철우농장,돼지,충청남도 당진시 순성면 대광길 **,,36.854288,126.715283,2023-10-18 16:04:53,동물_가축사육업.csv
당진시,신평1농장,돼지,충청남도 당진시 신평면 운정길 ***-*,,36.878689,126.817452,2023-11-15 18:56:29,동물_가축사육업.csv
당진시,일출농장,돼지,"충청남도 당진시 고대면 대촌리 ***-* , ***-*, ***-*",,36.947336,126.598084,2024-01-03 11:39:17,동물_가축사육업.csv
당진시,성진농장,돼지,충청남도 당진시 신평면 계명길 **-**,,36.884785,126.800902,2020-11-05 11:48:37,동물_가축사육업.csv
당진시,독원그린팜,돼지,"충청남도 당진시 우강면 대포리 ***-* , ***-*, ***-*, ***-*, ***-*, ***-*",,36.811074,126.815043,2021-07-12 15:31:17,동물_가축사육업.csv
당진시,고석1농장,돼지,충청남도 당진시 합덕읍 도란말*길 **,,36.789909,126.737437,2021-12-17 22:06:28,동물_가축사육업.csv
당진시,고산농장,돼지,"충청남도 당진시 합덕읍 소소리 ***-** , ***-**, ***-**",,36.826038,126.743459,2026-02-06 09:09:26,동물_가축사육업.csv
당진시,리얼팜,돼지,충청남도 당진시 순성면 순성로 ***,,36.860703,126.729108,2026-07-24 17:29:55,동물_가축사육업.csv
당진시,대한그린팜,돼지,"충청남도 당진시 고대면 옥현리 ***-** ***-*, ***-**, ***-*, ***-*, ***-*, ***-*, ***-**, ***, ***",,36.929478,126.557959,2025-03-07 17:11:30,동물_가축사육업.csv
당진시,가연농장,돼지,"충청남도 당진시 순성면 광천리 ***-* , ***-*, ***-*",,36.833218,126.715796,2020-11-02 10:10:16,동물_가축사육업.csv
당진시,신석한돈,돼지,충청남도 당진시 합덕읍 영당말길 **-**,,36.811853,126.718771,2023-07-07 15:44:57,동물_가축사육업.csv
당진시,꿈돼지합덕농장,돼지,"충청남도 당진시 합덕읍 석우리 ***-** , ***-**, ***-**",,36.790065,126.740054,2025-08-21 16:52:20,동물_가축사육업.csv
당진시,정순옥농장,돼지,충청남도 당진시 고대면 옥현리 산 ***,,36.915032,126.569585,2025-09-24 16:05:23,동물_가축사육업.csv
당진시,김영덕농장,돼지,충청남도 당진시 합덕읍 벌말길 **-*,,36.803019,126.762757,2020-11-30 09:00:55,동물_가축사육업.csv
당진시,천하양돈,돼지,"충청남도 당진시 정미면 봉성리 **-* , **-*, -**, -**, -**, -**, -**, -**, -**, -**",,36.838982,126.546454,2025-02-28 11:17:31,동물_가축사육업.csv
당진시,농업회사법인(주)국민팜,돼지,충청남도 당진시 고대면 당미로 ***-**,,36.933081,126.55257,2020-03-17 09:26:07,동물_가축사육업.csv
당진시,상오농장,돼지,"충청남도 당진시 신평면 상오리 *** , ***-*, ***-*, ***-*, ***-*, ***-*, ***-*, ***-*",,36.862453,126.755353,2023-11-17 18:08:31,동물_가축사육업.csv
당진시,경화축산,돼지,충청남도 당진시 순성면 일양길 **,,36.848424,126.762536,2020-08-26 13:17:47,동물_가축사육업.csv
당진시,알파양돈,돼지,"충청남도 당진시 순성면 옥호리 ***-* , ***-*, ***-*",,36.863461,126.717086,2021-09-10 17:01:01,동물_가축사육업.csv
당진시,드림팜스,돼지,"충청남도 당진시 고대면 슬항리 ***-* , ***, ***-**, ***-**, ***-**, ***-**, ***-**, ***-**, ***-*",,36.933699,126.599937,2023-12-22 19:39:55,동물_가축사육업.csv
당진시,명규농장,돼지,충청남도 당진시 대호지면 도당길 **-*,,36.879481,126.531929,2025-02-28 16:30:40,동물_가축사육업.csv
당진시,김진흥농장,돼지,"충청남도 당진시 신평면 상오리 *** ***-*, ***-*, ***-**",,36.864053,126.756583,2021-07-15 15:29:38,동물_가축사육업.csv
당진시,대웅농장,돼지,"충청남도 당진시 면천면 삼웅리 ***-* , ***-*, ***",,36.823858,126.633024,2023-09-18 10:30:01,동물_가축사육업.csv
당진시,제일농장,돼지,충청남도 당진시 송악읍 가교길 ***-**,,36.886148,126.689768,2026-03-04 11:20:25,동물_가축사육업.csv
당진시,매산양돈영농조합법인,돼지,충청남도 당진시 신평면 원머리로 ***-**,,36.903356,126.796974,2021-02-19 18:41:37,동물_가축사육업.csv
당진시,새내농장,돼지,"충청남도 당진시 신평면 초대리 ***-* ,***-*, ***-**, ***-**, ***-**, ***-**",,36.906486,126.736881,2021-12-21 10:37:28,동물_가축사육업.csv
당진시,금암2농장,돼지,충청남도 당진시 순성면 남원로 ***-**,,36.820254,126.710145,2025-02-28 16:16:49,동물_가축사육업.csv
당진시,준호농장,돼지,충청남도 당진시 송악읍 광명길 **-**,,36.888158,126.72064,2020-08-26 13:11:18,동물_가축사육업.csv
당진시,혜훈3농장,돼지,충청남도 당진시 송산면 무수리 ***,,36.94936,126.667712,2020-11-02 10:40:28,동물_가축사육업.csv
당진시,해피피그,돼지,"충청남도 당진시 송악읍 가학리 ***-* , ***-*",,36.909519,126.712136,2025-10-21 16:58:46,동물_가축사육업.csv
당진시,당진유전자연구소영농조합법인,돼지,충청남도 당진시 정미면 충장로 *-***,,36.89083,126.564323,2025-07-25 13:08:31,동물_가축사육업.csv
당진시,농부네아침 2,돼지,충청남도 당진시 합덕읍 재오지로 **,,36.803553,126.726711,2025-02-28 16:28:19,동물_가축사육업.csv
당진시,대주1농장,돼지,"충청남도 당진시 순성면 봉소리 ***-* , ***, ***-*, ***-*",,36.846246,126.705992,2026-05-04 09:14:45,동물_가축사육업.csv
당진시,석우농장,돼지,충청남도 당진시 합덕읍 재오지로 ***-**,,36.794743,126.741347,2024-06-12 17:56:52,동물_가축사육업.csv
당진시,대우농장,돼지,충청남도 당진시 순성면 틀모시로 ***-*,,36.886018,126.6996,2021-12-21 10:55:34,동물_가축사육업.csv
당진시,호서농장,돼지,충청남도 당진시 송악읍 샘골길 ***-**,,36.930403,126.736476,2021-07-12 15:39:58,동물_가축사육업.csv
당진시,준수농장,돼지,"충청남도 당진시 합덕읍 석우리 ***-** , ***-**",,36.788412,126.737399,2025-02-28 11:14:51,동물_가축사육업.csv
당진시,당산농장,돼지,충청남도 당진시 순성면 다량길 **-**,,36.828291,126.763419,2025-02-28 17:07:05,동물_가축사육업.csv
당진시,라온농장,돼지,충청남도 당진시 순성면 명월길 **-**,,36.828479,126.754737,2022-04-19 13:47:03,동물_가축사육업.csv
당진시,큰마을푸른농장,돼지,"충청남도 당진시 고대면 대촌리 ***-** , ***-*, ***-*, ***-**",,36.940345,126.59115,2023-05-17 15:25:17,동물_가축사육업.csv
당진시,벧엘농장(전주농장),돼지,"충청남도 당진시 순성면 봉소리 ***-* , -*, -*, -*, -**(이명재), -**(이준성)",,36.853195,126.693202,2025-04-29 14:23:17,동물_가축사육업.csv
당진시,오성농장,돼지,충청남도 당진시 송악읍 황새골길 **,,36.917453,126.763462,2025-09-26 15:36:00,동물_가축사육업.csv
당진시,밧들농장,돼지,충청남도 당진시 신평면 독우물길 **-** (돈사),,36.900441,126.813593,2020-11-24 10:48:13,동물_가축사육업.csv
당진시,혜훈2농장,돼지,"충청남도 당진시 송산면 무수리 ***-* , ***-*",,36.953548,126.668366,2020-11-02 10:40:02,동물_가축사육업.csv
당진시,산수농장,돼지,충청남도 당진시 순성면 옥호로 ***-**,,36.859101,126.724198,2021-07-12 15:30:42,동물_가축사육업.csv
당진시,고석2농장,돼지,"충청남도 당진시 합덕읍 석우리 ***-** , ***-(**,**,**,**),***-(*,*,*),***-(**,**),****-(*,*,*)",,36.799035,126.731455,2021-12-17 22:07:04,동물_가축사육업.csv
당진시,거봉축산,돼지,충청남도 당진시 송산면 연방축길 ***-***,,36.921157,126.69855,2022-08-09 10:22:45,동물_가축사육업.csv
당진시,철환농장,돼지,충청남도 당진시 신평면 초대리 ***,,36.904049,126.738794,2021-07-15 16:07:31,동물_가축사육업.csv
당진시,청명농장,돼지,"충청남도 당진시 합덕읍 도곡리 *-** , *-**, *-**, *-**, *-**, *-**, *-**",,36.818043,126.728171,2022-12-01 10:01:51,동물_가축사육업.csv
당진시,합동농장,돼지,충청남도 당진시 순성면 오리골길 **-*,,36.879209,126.679106,2021-12-21 10:56:46,동물_가축사육업.csv
당진시,금암1농장,돼지,충청남도 당진시 순성면 남원로 ***-**,,36.831663,126.715752,2025-02-03 14:28:13,동물_가축사육업.csv
당진시,경우농장,돼지,충청남도 당진시 신평면 뱃골길 **,,36.872144,126.764648,2020-12-01 09:38:24,동물_가축사육업.csv
당진시,도뜰한돈영농조합법인,돼지,충청남도 당진시 고대면 당미로 **,,36.940566,126.550042,2023-07-12 15:40:27,동물_가축사육업.csv
당진시,임을순농장,돼지,충청남도 당진시 합덕읍 가화로 ***-*,,36.822202,126.745878,2021-07-15 16:20:44,동물_가축사육업.csv
당진시,차준호 농장,돼지,충청남도 당진시 신평면 윗말길 **,,36.868014,126.772102,2021-10-15 10:03:39,동물_가축사육업.csv
당진시,한호민농장,돼지,"충청남도 당진시 순성면 백석리 ***-* , ***-*, ***-*",,36.831605,126.701204,2025-01-23 17:29:47,동물_가축사육업.csv
당진시,도암농장,돼지,충청남도 당진시 신평면 봉학로 ***-**,,36.882284,126.742791,2025-03-07 17:22:13,동물_가축사육업.csv
당진시,삼화2농장,돼지,충청남도 당진시 송산면 당산*로 ***,,36.940947,126.659727,2024-05-22 16:50:47,동물_가축사육업.csv
당진시,농업회사법인(주)청림축산,돼지,충청남도 당진시 석문면 초락*로 ***-**,,37.012394,126.488383,2026-06-17 10:59:41,동물_가축사육업.csv
당진시,서해농산,돼지,충청남도 당진시 면천면 미동길 **-*,,36.795088,126.672911,2021-04-08 10:25:28,동물_가축사육업.csv
당진시,부곡2농장,돼지,충청남도 당진시 순성면 한우울길 **,,36.843744,126.753929,2020-11-30 09:49:33,동물_가축사육업.csv
당진시,신흥양돈영농조합법인,돼지,충청남도 당진시 신평면 동산절길 ***-**,,36.900112,126.738819,2022-10-31 09:41:55,동물_가축사육업.csv
당진시,주식회사 도암농업회사법인,돼지,충청남도 당진시 송악읍 상중말길 ***,,36.885356,126.734613,2025-11-26 10:00:54,동물_가축사육업.csv
당진시,중방농장,돼지,충청남도 당진시 순성면 중방로 ***,,36.823806,126.758631,2022-01-11 13:30:29,동물_가축사육업.csv
당진시,의연농장,돼지,충청남도 당진시 합덕읍 장승백이길 **-**,,36.781779,126.74177,2020-11-02 14:04:31,동물_가축사육업.csv
당진시,태용농장,돼지,충청남도 당진시 송악읍 회총골길 **-***,,36.87051,126.712123,2025-09-12 13:18:26,동물_가축사육업.csv
당진시,멋쟁이농장,돼지,충청남도 당진시 신평면 하초들길 ***-**,,36.900464,126.756509,2025-03-07 16:31:11,동물_가축사육업.csv
당진시,양지농장,돼지,"충청남도 당진시 합덕읍 예덕로 **-* (, ***-**, ***-**)",,36.789512,126.741263,2025-03-07 17:47:29,동물_가축사육업.csv
당진시,신석 농장,돼지,충청남도 당진시 합덕읍 하흑*길 **,,36.775087,126.798345,2020-12-04 11:36:27,동물_가축사육업.csv
당진시,금탑농장,돼지,충청남도 당진시 고대면 양산길 **-**,,36.934111,126.600666,2026-06-30 11:34:44,동물_가축사육업.csv
당진시,현희농장,돼지,"충청남도 당진시 대호지면 도이리 **** ****-*, ****-*",,36.917244,126.553443,2025-02-14 14:27:34,동물_가축사육업.csv
당진시,농업회사법인주식회사삼봉축산,돼지,"충청남도 당진시 석문면 초락도리 ***-* 외 *필지(***-**,***-**,***-**)",,37.013815,126.483189,2024-11-22 10:42:55,동물_가축사육업.csv
당진시,갈산농장,돼지,"충청남도 당진시 순성면 갈산안길 ***-**, 갈산농장",,36.861933,126.667853,2026-04-07 15:05:45,동물_가축사육업.csv
당진시,조휘희농장,돼지,"충청남도 당진시 합덕읍 석우리 ***-* ***-**, ***-**",,36.799947,126.744953,2020-12-21 17:22:20,동물_가축사육업.csv
당진시,김광진농장,돼지,"충청남도 당진시 합덕읍 소소리 ***-* ,***-*,***-*,***,***-(*,*,*,*,*,*,**,**,**),***-*",,36.822677,126.737492,2025-02-28 17:38:23,동물_가축사육업.csv
당진시,문경농장,돼지,"충청남도 당진시 송산면 금암리 ***-* , ***-*, ***-*, ***-*, ***-*",,36.928877,126.647301,2023-07-10 16:19:10,동물_가축사육업.csv
당진시,농부네아침 1,돼지,충청남도 당진시 우강면 내포원장길 **-**,,36.812503,126.834441,2024-07-16 13:58:58,동물_가축사육업.csv
당진시,재람농장,돼지,"충청남도 당진시 순성면 나산리 *** ,***, ***, ***-*, ***-**",,36.830843,126.715124,2021-10-14 10:51:39,동물_가축사육업.csv
당진시,송죽농장,돼지,충청남도 당진시 순성면 남원로 ***-**,,36.830917,126.71567,2020-11-26 09:39:34,동물_가축사육업.csv
당진시,태양농장,돼지,"충청남도 당진시 합덕읍 소소리 ***-* , ***-*, ***-**, ***-*",,36.822125,126.746265,2021-10-14 16:39:45,동물_가축사육업.csv
당진시,우강그린팜,돼지,충청남도 당진시 순성면 남부로 ***-**,,36.874268,126.686776,2022-09-07 11:43:58,동물_가축사육업.csv
당진시,윤씨농장,돼지,충청남도 당진시 정미면 염솔로 ***,,36.840431,126.524044,2021-07-12 15:52:20,동물_가축사육업.csv
당진시,한별농장,돼지,"충청남도 당진시 합덕읍 석우리 ***-* , ***-(*, *, *, **, **)",,36.796771,126.727753,2025-01-08 11:17:58,동물_가축사육업.csv
당진시,신일영농조합법인,돼지,충청남도 당진시 합덕읍 절골길 **-*,,36.821315,126.719877,2022-02-07 18:28:38,동물_가축사육업.csv
당진시,박성열농장,돼지,충청남도 당진시 신평면 청금골길 ** (우사),,36.870852,126.746657,2021-12-21 10:46:41,동물_가축사육업.csv
당진시,부곡1농장,돼지,"충청남도 당진시 송산면 부곡리 *** , ***-*, ***-*, ***-*, ***-**, ***, ***-*, ***, ***-*",,36.920501,126.678779,2020-11-30 09:49:01,동물_가축사육업.csv
당진시,아람농장,돼지,"충청남도 당진시 합덕읍 오여미*길 **, 아람농장",,36.822339,126.754814,2021-12-21 10:57:34,동물_가축사육업.csv
당진시,정아농장,돼지,"충청남도 당진시 대덕동 *** , ***",,36.873934,126.662484,2023-09-12 14:33:40,동물_가축사육업.csv
당진시,현주농장,돼지,"충청남도 당진시 신평면 매산리 **-* , 산**-*, **-*",,36.90645,126.806297,2021-12-21 10:42:53,동물_가축사육업.csv
당진시,진농장,돼지,"충청남도 당진시 신평면 남산리 *** , ***, ***",,36.86016,126.778708,2022-09-07 13:56:07,동물_가축사육업.csv
당진시,동우농장,돼지,충청남도 당진시 합덕읍 거섬들*길 **,,36.797054,126.744525,2024-09-05 09:27:10,동물_가축사육업.csv
당진시,행정농장,돼지,충청남도 당진시 행정동 ***,,36.879806,126.610678,2023-02-23 10:03:54,동물_가축사육업.csv
당진시,초록농장,돼지,"충청남도 당진시 합덕읍 석우리 ***-** , ***-*, ***-**, ***-**, ***-**",,36.797211,126.733748,2025-02-28 13:17:30,동물_가축사육업.csv
당진시,연수축산,돼지,충청남도 당진시 합덕읍 소소길 **,,36.823528,126.749239,2021-12-30 19:52:17,동물_가축사육업.csv
전동면,두원농장,돼지,세종특별자치시 전동면 동막골길 ***-**,,36.648265,127.229939,2023-04-25 09:08:11,동물_가축사육업.csv
부강면,제1진수농장,돼지,세종특별자치시 부강면 등곡길 **-*,,36.510666,127.37714,2022-05-18 14:53:17,동물_가축사육업.csv
부강면,대훈농장2,돼지,세종특별자치시 부강면 시목부강로 ***-*,,36.508978,127.384056,2022-03-22 12:22:29,동물_가축사육업.csv
부강면,제2진수농장,돼지,세종특별자치시 부강면 등곡길 **-**,,36.51069,127.381297,2022-05-18 14:56:29,동물_가축사육업.csv
전동면,꽃밭농장,돼지,세종특별자치시  전동면 가재골길 **-**,,36.625702,127.261661,2018-10-31 09:36:46,동물_가축사육업.csv
연기면,제1삼명농장,돼지,세종특별자치시 연기면 눌왕리 ***-*,,36.547928,127.250454,2016-11-01 13:53:39,동물_가축사육업.csv
전의면,혜림농장,돼지,세종특별자치시 전의면 뱅이골길 **,,36.652894,127.190168,2022-07-08 09:28:22,동물_가축사육업.csv
전의면,숲거리농장,돼지,세종특별자치시 전의면 어천길 **,,36.694749,127.164778,2022-07-08 09:44:55,동물_가축사육업.csv
전동면,태양농장,돼지,세종특별자치시  전동면 학당이*길 **,,36.685685,127.220505,2025-06-10 09:14:31,동물_가축사육업.csv
연서면,동막골농원,돼지,세종특별자치시 연서면 기룡리 ***-*,,36.581707,127.23267,2016-05-26 21:20:21,동물_가축사육업.csv
전의면,신흥2농장,돼지,세종특별자치시  전의면 의당전의로 ***-**,,36.644616,127.175109,2015-07-30 17:36:33,동물_가축사육업.csv
연서면,봉암농장,돼지,세종특별자치시 연서면 기와말*길 ***,,36.564758,127.24715,2022-07-08 10:41:36,동물_가축사육업.csv
연기면,제2 삼명농장,돼지,세종특별자치시 연기면 송마길 **-**,,36.549324,127.250948,2024-11-21 15:19:32,동물_가축사육업.csv
전동면,우리농장,돼지,세종특별자치시  전동면 동막골길 ***-**,,36.649863,127.230856,2017-03-15 16:21:05,동물_가축사육업.csv
부강면,호현농장,돼지,세종특별자치시 부강면 시목부강로 ***-**,,36.509864,127.383372,2022-03-22 12:52:34,동물_가축사육업.csv
전의면,세종축산,돼지,세종특별자치시  전의면 운주산로 ****,,36.685325,127.176543,2023-01-20 17:55:59,동물_가축사육업.csv
부강면,준혁농장,돼지,세종특별자치시 부강면 등곡길 **,,36.513566,127.380596,2022-03-22 10:38:52,동물_가축사육업.csv
연기면,선일농장,돼지,"세종특별자치시 연기면 보통리 *** 번지 외 *필지(***, ***, ***-*)",,36.548779,127.287118,2022-02-21 10:25:44,동물_가축사육업.csv
전동면,단국대양돈연구실험농장,돼지,세종특별자치시  전동면 학당이*길 **,,36.685886,127.221211,2021-07-20 18:55:03,동물_가축사육업.csv
부강면,대한농장,돼지,"세종특별자치시 부강면 등곡리 ***-** ***-**,***-**,***-**,***-**,***-**,***-**,***,***,***,***-**",,36.510916,127.381843,2021-06-23 11:35:37,동물_가축사육업.csv
금남면,창대농장,돼지,세종특별자치시  금남면 범허리길 **-*,,36.415731,127.25775,2022-03-11 13:27:09,동물_가축사육업.csv
연기면,대진농장,돼지,세종특별자치시  연기면 잣띠길 **,,36.55142,127.286287,2022-01-28 18:41:24,동물_가축사육업.csv
연서면,기신농장,돼지,세종특별자치시 연서면 효교로 ***-*,,36.572641,127.236174,2024-04-01 10:20:22,동물_가축사육업.csv
부강면,에덴농장,돼지,세종특별자치시 부강면 등곡길 **,,36.512397,127.381466,2022-03-22 13:16:52,동물_가축사육업.csv
전동면,심중양돈장,돼지,세종특별자치시  전동면 붉은덕길 **-**,,36.646978,127.277398,2023-04-12 09:35:16,동물_가축사육업.csv
전의면,피그25,돼지,세종특별자치시 전의면 어천길 **-**,,36.698673,127.164042,2024-08-27 13:51:25,동물_가축사육업.csv
부강면,대훈농장3,돼지,세종특별자치시 부강면 등곡길 **-*,,36.512353,127.380181,2022-03-25 17:39:19,동물_가축사육업.csv
부강면,에덴농장2,돼지,세종특별자치시 부강면 등곡길 *,,36.512341,127.382816,2022-03-22 14:13:54,동물_가축사육업.csv
전의면,신신농장,돼지,세종특별자치시  전의면 다운내길 **,,36.685989,127.176538,2024-06-13 09:33:30,동물_가축사육업.csv
전동면,농업회사법인주식회사팜스월드 고복농장,돼지,세종특별자치시  전동면 지심골길 **,,36.622825,127.240279,2025-01-22 11:23:03,동물_가축사육업.csv
연서면,전의농장,돼지,세종특별자치시 연서면 평전길 **,,36.577803,127.234792,2022-11-24 17:30:41,동물_가축사육업.csv
금남면,도암농장,돼지,세종특별자치시  금남면 도암*길 **-**,,36.447662,127.277661,2022-03-11 14:54:15,동물_가축사육업.csv
연서면,황조농장,돼지,세종특별자치시  연서면 함박로 **,,36.576568,127.26319,2015-07-30 15:02:43,동물_가축사육업.csv
부강면,형제농장2,돼지,"세종특별자치시 부강면 등곡리 *** 외 **필지(***-*,***-*,***-*,***,***-*,***-*,***-*,***,***-* 등)",,36.513002,127.381531,2023-05-11 11:08:04,동물_가축사육업.csv
연서면,와룡농장,돼지,세종특별자치시 연서면 용연로 ***-**,,36.554084,127.241222,2022-05-25 09:38:51,동물_가축사육업.csv
부강면,이례농장,돼지,"세종특별자치시 부강면 등곡리 ***-* 외 *필지(***, ***, ***, ***-*번지)",,36.508851,127.382394,2021-01-06 20:05:38,동물_가축사육업.csv
부강면,성호팜스,돼지,세종특별자치시 부강면 시목부강로 ***,,36.510373,127.384094,2023-05-11 10:25:29,동물_가축사육업.csv
전동면,성동농장,돼지,세종특별자치시  전동면 동막골길 ***-**,,36.650812,127.230773,2014-12-24 09:43:04,동물_가축사육업.csv
전동면,미곡농장,돼지,세종특별자치시  전동면 미륵당*길 ***-**,,36.678757,127.221437,2023-06-22 10:25:55,동물_가축사육업.csv
전의면,장기농장,돼지,"세종특별자치시 전의면 양곡리 ***-* 외 *필지(***-*,***-*,***-*)",,36.644488,127.177706,2023-04-10 13:37:12,동물_가축사육업.csv
전의면,신성농장,돼지,세종특별자치시  전의면 황새울골길 **,,36.672196,127.203052,2016-11-21 17:22:58,동물_가축사육업.csv
전의면,거성농장,돼지,세종특별자치시  전의면 의당전의로 ***,,36.617661,127.177194,2022-03-11 20:09:12,동물_가축사육업.csv
전의면,도암4농장,돼지,"세종특별자치시 전의면 달전리 *** 외 *필지(***-*,***-*,***-*)",,36.615763,127.180587,2025-11-13 11:10:34,동물_가축사육업.csv
부강면,돈돈농장,돼지,세종특별자치시 부강면 시목부강로 ***-**,,36.508783,127.381523,2022-05-30 18:15:47,동물_가축사육업.csv
전의면,신흥농장,돼지,세종특별자치시 전의면 생송*길 **-**,,36.660851,127.185421,2023-05-15 13:18:01,동물_가축사육업.csv
전동면,상산농장,돼지,세종특별자치시 전동면 동막골길 ***,,36.647565,127.231472,2014-12-24 09:45:21,동물_가축사육업.csv
전의면,유천농장,돼지,세종특별자치시  전의면 어천길 **,,36.693354,127.164341,2016-02-20 17:08:44,동물_가축사육업.csv
연서면,함박농장,돼지,세종특별자치시 연서면 번암터길 **,,36.567201,127.25273,2025-10-02 10:14:08,동물_가축사육업.csv
부강면,그린팜,돼지,세종특별자치시 부강면 등곡길 **-**,,36.509527,127.382595,2023-06-27 10:19:43,동물_가축사육업.csv
조치원읍,우길농장,돼지,세종특별자치시  조치원읍 봉산로 ***,,36.620354,127.270451,2017-09-14 14:08:53,동물_가축사육업.csv
전의면,일화농장,돼지,세종특별자치시 전의면 동신길 ***-*,,36.687017,127.213229,2021-10-14 17:21:08,동물_가축사육업.csv
전동면,힘찬농장,돼지,세종특별자치시 전동면 학당이*길 **,,36.685579,127.222943,2022-07-28 17:03:48,동물_가축사육업.csv
전의면,형제농장,돼지,세종특별자치시 전의면 부거실길 ***,,36.627636,127.185681,2022-07-08 09:21:12,동물_가축사육업.csv
여주시,신원농장,돼지,경기도 여주시 강천면 설경주길 *** (외*필지),,37.278683,127.718304,2023-05-18 20:39:03,동물_가축사육업.csv
여주시,농업회사법인 성우농장 주식회사,돼지,경기도 여주시 강천면 적금리길 **-**,,37.247868,127.706694,2020-12-21 16:39:37,동물_가축사육업.csv
여주시,남한강농장,돼지,경기도 여주시 가남읍 가남로 ***-***,,37.1896,127.614935,2024-12-20 15:05:38,동물_가축사육업.csv
여주시,분당농장,돼지,경기도 여주시 흥천면 남산로 ***-**,,37.33979,127.523339,2021-10-13 16:02:16,동물_가축사육업.csv
여주시,일심농장,돼지,"경기도 여주시 주내로 ***-* (멱곡동,외*필지)",,37.250139,127.666254,2022-06-20 11:22:24,동물_가축사육업.csv
여주시,평화농장,돼지,경기도 여주시 대신면 여양*로 ***-**,,37.411759,127.599668,2024-12-08 15:24:31,동물_가축사육업.csv
여주시,재성농장,돼지,경기도 여주시 북내면 도예로 ***-**,,37.320491,127.66852,2023-05-10 16:26:51,동물_가축사육업.csv
여주시,누리영농조합,돼지,경기도 여주시 가남읍 건은로 ***-**,,37.177438,127.54293,2026-01-27 17:06:56,동물_가축사육업.csv
여주시,선봉농장,돼지,경기도 여주시 세종대왕면 매화*길 ***,,37.273435,127.529775,2025-07-17 11:24:39,동물_가축사육업.csv
여주시,보은농장,돼지,경기도 여주시 가남읍 연대*길 **,,37.189248,127.608283,2024-05-17 14:46:04,동물_가축사육업.csv
여주시,대영농장,돼지,경기도 여주시 세종대왕면 북성산로 **,,37.293574,127.592183,2023-03-15 10:55:19,동물_가축사육업.csv
여주시,동일축산,돼지,경기도 여주시 강천면 말개미길 **-**,,37.292398,127.716973,2023-05-18 20:27:09,동물_가축사육업.csv
여주시,거성농장,돼지,경기도 여주시 점동면 장여로 ****-**,,37.225123,127.661903,2025-03-25 18:09:34,동물_가축사육업.csv
여주시,햇님농장,돼지,경기도 여주시 북내면 여강로 ***-**,,37.341009,127.685867,2016-05-27 18:18:57,동물_가축사육업.csv
여주시,청솔농장,돼지,경기도 여주시 가남읍 연삼로 ***-*,,37.180566,127.618416,2023-05-18 20:42:17,동물_가축사육업.csv
여주시,청운농장,돼지,경기도 여주시 가남읍 본두리 ***-*,,37.248805,127.583403,2021-06-14 16:12:39,동물_가축사육업.csv
여주시,송강농장,돼지,"경기도 여주시 북내면 선돌로 ***-** (외*필지(***-*,***,***-*,***,***-*))",,37.369805,127.687501,2021-06-24 15:01:16,동물_가축사육업.csv
여주시,우리농장,돼지,경기도 여주시 흥천면 능북로 ***-**,,37.337656,127.560597,2025-07-14 16:32:04,동물_가축사육업.csv
여주시,주원농장,돼지,"경기도 여주시 점동면 선사길 ***-*** (외*필지(***,***,***))",,37.235129,127.673011,2014-06-25 15:47:27,동물_가축사육업.csv
여주시,신청봉농장,돼지,경기도 여주시 가남읍 신해*길 **-* (외*필지),,37.227936,127.544401,2023-05-18 20:33:55,동물_가축사육업.csv
여주시,반석2농장,돼지,경기도 여주시 흥천면 능북로 ***-*,,37.340723,127.564738,2020-03-04 09:36:13,동물_가축사육업.csv
여주시,유림농장,돼지,경기도 여주시 가남읍 김대*길 ** (외 *필지),,37.201463,127.599277,2025-09-29 09:58:52,동물_가축사육업.csv
여주시,장수농장,돼지,경기도 여주시 세종대왕면 북성산로 **,,37.294668,127.591826,2026-05-08 16:51:10,동물_가축사육업.csv
여주시,기준농장,돼지,경기도 여주시 흥천면 가막지길 **-*,,37.328299,127.570649,2022-06-30 11:05:43,동물_가축사육업.csv
여주시,창대2농장,돼지,경기도 여주시 대신면 하림리 ***-* 외*필지,,37.364766,127.641215,2016-01-09 14:28:27,동물_가축사육업.csv
여주시,기승농장,돼지,경기도 여주시 가남읍 설가로 ***-**,,37.190737,127.528614,2021-03-12 16:11:21,동물_가축사육업.csv
여주시,기대축산영농조합법인,돼지,경기도 여주시 점동면 송삼로 **-**,,37.167362,127.63516,2020-11-23 17:33:51,동물_가축사육업.csv
여주시,충북농장,돼지,경기도 여주시 북내면 상교*길 **,,37.398346,127.655051,2016-07-13 10:02:34,동물_가축사육업.csv
여주시,가남농장,돼지,경기도 여주시 가남읍 설가로 ***-**,,37.190422,127.530552,2020-03-10 16:28:10,동물_가축사육업.csv
여주시,가나안농장,돼지,경기도 여주시 가남읍 금당*길 **,,37.20553,127.61817,2015-09-16 09:35:17,동물_가축사육업.csv
여주시,반석농장,돼지,경기도 여주시 흥천면 능북로 ***,,37.341772,127.565502,2020-03-04 09:35:37,동물_가축사육업.csv
여주시,정헌농장,돼지,경기도 여주시 점동면 현수리 ***-*,,37.193195,127.69749,2023-05-18 20:44:17,동물_가축사육업.csv
여주시,수란농장,돼지,경기도 여주시 세종대왕면 매화*길 ***,,37.27508,127.535277,2025-07-17 10:53:00,동물_가축사육업.csv
여주시,기원농장,돼지,경기도 여주시 흥천면 능북로 ***-*,,37.341917,127.565292,2018-08-09 18:22:37,동물_가축사육업.csv
여주시,운경농장,돼지,경기도 여주시 가남읍 광대*길 ***-**,,37.248814,127.584726,2024-01-17 17:32:40,동물_가축사육업.csv
여주시,신영농장,돼지,경기도 여주시 세종대왕면 새미실*길 **,,37.291178,127.573285,2025-07-17 10:56:42,동물_가축사육업.csv
여주시,농업회사법인 성우농장 주식회사 사곡지점,돼지,경기도 여주시 점동면 점동로 ***,,37.204237,127.672069,2023-12-26 10:38:18,동물_가축사육업.csv
여주시,장현축산,돼지,"경기도 여주시 점동면 처리*길 *** (외*필지(**-*,**-**,**-*))",,37.215275,127.674327,2025-09-29 09:55:32,동물_가축사육업.csv
여주시,가현농장,돼지,경기도 여주시 가남읍 연삼로 *** (외 *필지),,37.179676,127.618049,2022-02-15 18:03:26,동물_가축사육업.csv
여주시,명산농장,돼지,경기도 여주시 가남읍 삼승*길 ** (외*필지),,37.168016,127.626778,2020-03-10 16:17:14,동물_가축사육업.csv
여주시,대암농장,돼지,경기도 여주시 대신면 파사성*길 ** (외*필지),,37.408884,127.555892,2021-06-24 14:57:27,동물_가축사육업.csv
여주시,수란농장2,돼지,경기도 여주시 세종대왕면 매화*길 ***,,37.274569,127.533626,2024-07-31 15:14:19,동물_가축사육업.csv
여주시,나이테농장,돼지,경기도 여주시 강천면 적금리길 **-**,,37.25797,127.706099,2021-03-12 16:12:17,동물_가축사육업.csv
여주시,태산농장,돼지,경기도 여주시 금사면 금품*로 *** (외*필지),,37.410295,127.510045,2023-05-18 20:41:17,동물_가축사육업.csv
여주시,명승농장,돼지,경기도 여주시 세종대왕면 매화*길 ***,,37.273028,127.529652,2024-11-04 14:12:09,동물_가축사육업.csv
여주시,상활농장,돼지,경기도 여주시 가남읍 상활*길 **-** (외*필지(***-*)),,37.230928,127.532082,2017-03-23 09:54:48,동물_가축사육업.csv
여주시,거목농장,돼지,경기도 여주시 대신면 파사성*길 **,,37.408885,127.555377,2022-01-18 17:43:37,동물_가축사육업.csv
여주시,농업회사법인 (주) 안성 여주지점,돼지,경기도 여주시 북내면 상교리 ***-* 외*필지,,37.39994,127.655606,2026-03-26 15:34:24,동물_가축사육업.csv
여주시,신청봉농장 매화지점,돼지,경기도 여주시 세종대왕면 매양로 ***,,37.266209,127.540298,2025-07-17 10:49:41,동물_가축사육업.csv
여주시,성실농장,돼지,경기도 여주시 가남읍 대신리길 ***-** (외*필지),,37.174406,127.536851,2022-02-15 18:00:18,동물_가축사육업.csv
여주시,길목농장,돼지,경기도 여주시 세종대왕면 부능로 **,,37.276637,127.532792,2025-07-17 10:46:38,동물_가축사육업.csv
여주시,대성농장,돼지,경기도 여주시 북내면 도예로 ***,,37.321861,127.664088,2023-05-18 20:36:24,동물_가축사육업.csv
여주시,태기농장,돼지,경기도 여주시 가남읍 연삼로 **-*,,37.191108,127.604226,2026-07-21 11:27:41,동물_가축사육업.csv
여주시,여주자영농업고등학교,돼지,"경기도 여주시 세종대왕면 농도원*길 ***, 여주자영농고협동농장",,37.293993,127.610694,2025-11-05 14:04:42,동물_가축사육업.csv
여주시,애농원,돼지,경기도 여주시 가남읍 신해*길 *** (외*필지),,37.230816,127.547847,2018-12-05 13:23:36,동물_가축사육업.csv
여주시,경화농장,돼지,경기도 여주시 세종대왕면 매화*길 **-*,,37.270301,127.538015,2025-07-17 10:52:31,동물_가축사육업.csv
여주시,정오농장,돼지,경기도 여주시 점동면 청안리길 **-**,,37.207511,127.651647,2022-12-19 17:38:36,동물_가축사육업.csv
여주시,수림농장,돼지,경기도 여주시 세종대왕면 북성산로 **,,37.29445,127.592585,2025-07-17 11:20:51,동물_가축사육업.csv
여주시,성우3농장,돼지,경기도 여주시 가남읍 송삼로 ***-**,,37.19526,127.624099,2024-12-20 15:11:12,동물_가축사육업.csv
여주시,이레농장,돼지,경기도 여주시 북벌로 ***-** (상거동),,37.246782,127.633257,2025-08-12 14:26:46,동물_가축사육업.csv
여주시,남양농장,돼지,경기도 여주시 점동면 성주로 ***-**,,37.175927,127.677739,2026-08-07 14:01:20,동물_가축사육업.csv
여주시,현구농장,돼지,경기도 여주시 세종대왕면 부능로 **,,37.276636,127.535616,2022-12-20 13:27:57,동물_가축사육업.csv
여주시,덕성농장,돼지,경기도 여주시 흥천면 신율로 ***,,37.322067,127.564761,2023-05-18 20:49:24,동물_가축사육업.csv
여주시,세영농장,돼지,경기도 여주시 점동면 성주로 *** (외 *필지),,37.176582,127.674125,2023-08-03 09:09:11,동물_가축사육업.csv
여주시,성우2농장,돼지,경기도 여주시 세종대왕면 매양로 **-*,,37.272523,127.542674,2025-07-17 10:48:02,동물_가축사육업.csv
여주시,미소농장,돼지,경기도 여주시 북내면 장암리 *** 외*필지,,37.338694,127.692866,2014-06-26 17:14:08,동물_가축사육업.csv
여주시,꿀꿀이농장,돼지,경기도 여주시 점동면 청안리길 **-**,,37.206606,127.651354,2024-11-04 13:07:34,동물_가축사육업.csv
여주시,원용농장,돼지,경기도 여주시 강천면 말개미길 **-**,,37.291691,127.718455,2015-09-17 15:46:24,동물_가축사육업.csv
여주시,대지농장2,돼지,경기도 여주시 흥천면 금대울로 ***-** (외*필지),,37.35914,127.538049,2017-11-13 10:28:02,동물_가축사육업.csv
여주시,두람농장,돼지,경기도 여주시 세종대왕면 새미실*길 **,,37.290741,127.576345,2025-07-17 11:00:49,동물_가축사육업.csv
여주시,대부축산,돼지,경기도 여주시 가남읍 송삼로 ***-**,,37.196243,127.623294,2025-12-19 16:03:01,동물_가축사육업.csv
여주시,고세환농장,돼지,경기도 여주시 강천면 강천로 ***-**,,37.246874,127.692324,2023-05-18 20:49:50,동물_가축사육업.csv
여주시,오계농장,돼지,경기도 여주시 세종대왕면 월평로 ***-**,,37.272787,127.591223,2025-07-17 11:16:33,동물_가축사육업.csv
여주시,육일농장,돼지,경기도 여주시 세종대왕면 매화*길 ***,,37.274593,127.530739,2025-07-17 10:47:10,동물_가축사육업.csv
여주시,남한강농장2,돼지,경기도 여주시 가남읍 가남로 ***-***,,37.189631,127.614292,2026-01-30 10:39:53,동물_가축사육업.csv
여주시,도안농장,돼지,경기도 여주시 가남읍 양화로 ***-**,,37.255724,127.55232,2025-09-25 17:22:55,동물_가축사육업.csv
여주시,자영농장,돼지,경기도 여주시 세종대왕면 양화로 **-**,,37.270558,127.561058,2025-07-17 10:51:07,동물_가축사육업.csv
여주시,푸른농장,돼지,경기도 여주시 북내면 연마루길 **,,37.361908,127.663397,2026-01-30 10:28:34,동물_가축사육업.csv
여주시,豚村유전자,돼지,경기도 여주시 점동면 성주로 ***,,37.155903,127.655765,2017-03-23 09:57:27,동물_가축사육업.csv
여주시,오금영농조합법인,돼지,경기도 여주시 오금*길 ** (오금동),,37.331855,127.640106,2024-12-16 16:39:46,동물_가축사육업.csv
여주시,청산농장,돼지,"경기도 여주시 가업길 **-* (가업동,외*필지)",,37.275436,127.619214,2020-02-28 14:28:27,동물_가축사육업.csv
여주시,기언농장2,돼지,경기도 여주시 북내면 당전로 ***-**,,37.33444,127.700282,2023-05-18 20:34:48,동물_가축사육업.csv
여주시,연대농장,돼지,경기도 여주시 가남읍 연삼로 ***-**,,37.184587,127.60818,2024-09-22 15:53:30,동물_가축사육업.csv
여주시,한우리농장,돼지,경기도 여주시 가남읍 정단길 ***-* (외*필지),,37.246912,127.552746,2023-05-18 20:40:02,동물_가축사육업.csv
여주시,호산나농장,돼지,경기도 여주시 가남읍 이화길 ***-** (외*필지),,37.225379,127.54272,2014-06-24 17:51:55,동물_가축사육업.csv
여주시,미미축산,돼지,경기도 여주시 강천면 마감로 *** (외*필지(***-*)),,37.29825,127.717521,2025-12-16 11:35:14,동물_가축사육업.csv
여주시,동천농장,돼지,경기도 여주시 흥천면 시랏길 ** (외*필지),,37.355901,127.499749,2023-05-18 20:32:36,동물_가축사육업.csv
여주시,우리축산,돼지,경기도 여주시 흥천면 웃다리실길 ** (외*필지),,37.354177,127.54914,2026-05-27 16:26:51,동물_가축사육업.csv
여주시,여주 샘농장,돼지,경기도 여주시 세종대왕면 양화로 ***-**,,37.257357,127.55965,2024-07-03 13:27:23,동물_가축사육업.csv
여주시,김정기농장,돼지,경기도 여주시 점동면 성주로 ***-** (외*필지),,37.176431,127.677623,2023-05-18 20:50:53,동물_가축사육업.csv
청주시,세세리농장,돼지,충청북도 청주시 청원구 북이면 서당대길길 **-***,,36.723515,127.570273,2017-05-29 11:12:36,동물_가축사육업.csv
부강면,성호농장,돼지,세종특별자치시 부강면 등곡리 ***,,36.512194,127.381786,2009-07-17 14:46:18,동물_가축사육업.csv
청주시,농업회사법인(주)국사,돼지,충청북도 청주시 흥덕구 옥산면 국사길 ***-**,,36.692041,127.378354,2022-07-18 14:42:54,동물_가축사육업.csv
청주시,반탄농장,돼지,충청북도 청주시 상당구 미원면 용곡구방로 **-**,,36.681084,127.647675,2022-01-26 13:49:34,동물_가축사육업.csv
청주시,부강농장,돼지,충청북도 청주시 청원구 오창읍 후기길 ***-*,,36.744338,127.391411,2020-04-17 10:48:26,동물_가축사육업.csv
청주시,해종1농장,돼지,충청북도 청주시 상당구 미원면 수산길 ***,,36.649292,127.633558,2019-05-28 15:51:42,동물_가축사육업.csv
청주시,새우리농장,돼지,충청북도 청주시 청원구 내수읍 비상길 **,,36.706021,127.589005,2022-08-17 15:19:04,동물_가축사육업.csv
청주시,농업회사법인한우리육종주식회사,돼지,충청북도 청주시 청원구 오창읍 호죽화산로 ***,,36.718438,127.395633,2020-12-02 12:39:45,동물_가축사육업.csv
청주시,한아름농장,돼지,"충청북도 청주시 상당구 가덕면 청용행정길 **, , 행정리 *번지",,36.541073,127.537453,2019-05-28 15:50:01,동물_가축사육업.csv
청주시,동원농장,돼지,충청북도 청주시 청원구 북이면 신기리 ** 외 *필지(**번지),,36.735625,127.546023,2018-09-04 09:51:21,동물_가축사육업.csv
청주시,신화농산,돼지,충청북도 청주시 상당구 가덕면 행정노동길 **-**,,36.542187,127.530163,2019-05-28 16:08:45,동물_가축사육업.csv
부강면,진준농장,돼지,세종특별자치시 부강면 등곡리 ***,,36.501255,127.405126,2005-06-14 13:55:30,동물_가축사육업.csv
청주시,나래농장,돼지,충청북도 청주시 청원구 오창읍 후기길 ***-**,,36.744668,127.394522,2022-01-18 10:14:49,동물_가축사육업.csv
청주시,팜원,돼지,충청북도 청주시 흥덕구 옥산면 성재사정로 **-**,,36.722918,127.312404,2019-06-17 11:45:06,동물_가축사육업.csv
청주시,숲안골 토종돼지,돼지,충청북도 청주시 청원구 팔결로**번길 ***-** (외평동),,36.698542,127.497748,2024-06-26 14:30:17,동물_가축사육업.csv
청주시,한나농장,돼지,"충청북도 청주시 청원구 오창읍 괴정리 ***-** ,가곡리 ***-*",,36.71971,127.475827,2020-05-21 10:15:11,동물_가축사육업.csv
부강면,이례농장,돼지,세종특별자치시 부강면 등곡리 ***,,36.509103,127.382841,2007-04-09 13:28:55,동물_가축사육업.csv
청주시,광암농장,돼지,충청북도 청주시 청원구 북이면 장재금대로 ***-**,,36.751983,127.566478,2021-02-26 11:50:47,동물_가축사육업.csv
부강면,경영농장,돼지,세종특별자치시 부강면 등곡리 ***-*,,36.512437,127.379667,2005-06-14 14:02:36,동물_가축사육업.csv
청주시,흥돈농장,돼지,충청북도 청주시 청원구 북이면 장양길 **,,36.756487,127.528314,2023-02-27 09:02:33,동물_가축사육업.csv
부강면,석근농장,돼지,세종특별자치시 부강면 등곡리 ***-* ***-*외*필지,,36.514188,127.380785,2012-03-29 09:06:59,동물_가축사육업.csv
청주시,소나무 숲 멧돼지농장,돼지,"충청북도 청주시 상당구 가덕면 한계리 산 **-* , **",,36.59365,127.572923,2019-05-28 16:06:12,동물_가축사육업.csv
청주시,가나안농장,돼지,충청북도 청주시 청원구 내수읍 도원세교로 ***,,36.700624,127.563394,2017-07-05 09:48:18,동물_가축사육업.csv
청주시,청암농장,돼지,충청북도 청주시 청원구 북이면 대율내추길 ***-**,,36.753707,127.536929,2020-10-16 16:09:30,동물_가축사육업.csv
부강면,진섭농장,돼지,세종특별자치시 부강면 등곡리 ***,,36.501255,127.405126,2005-06-14 13:37:44,동물_가축사육업.csv
청주시,복진농장,돼지,충청북도 청주시 흥덕구 옥산면 신촌*길 ***-**,,36.6652,127.347045,2026-01-08 15:58:19,동물_가축사육업.csv
청주시,선진영농조합법인,돼지,충청북도 청주시 상당구 미원면 구방*길 **-**,,36.666531,127.708444,2020-02-12 10:25:33,동물_가축사육업.csv
부강면,윤배농장,돼지,세종특별자치시 부강면 등곡리 *** 외 *필지,,36.512428,127.380083,2005-06-14 11:39:01,동물_가축사육업.csv
청주시,양지농장,돼지,충청북도 청주시 상당구 가덕면 삼항리 **-*,,36.533017,127.513454,2025-07-01 13:24:47,동물_가축사육업.csv
청주시,네리농장,돼지,충청북도 청주시 청원구 북이면 서당대길길 **-**,,36.727506,127.567268,2013-10-11 15:08:10,동물_가축사육업.csv
청주시,농업회사법인 여리(주) 다리농장,돼지,충청북도 청주시 청원구 북이면 서당대길길 **-**,,36.72434,127.567479,2019-12-26 12:23:50,동물_가축사육업.csv
청주시,명천농장,돼지,충청북도 청주시 청원구 북이면 용계내추로 ***,,36.758514,127.524442,2021-03-25 13:36:10,동물_가축사육업.csv
청주시,녹돈농장,돼지,충청북도 청주시 상당구 가덕면 국전삼항길 ***,,36.539443,127.515549,2018-11-21 13:32:48,동물_가축사육업.csv
청주시,자연농장,돼지,충청북도 청주시 서원구 남이면 척산화당로 ***,,36.553034,127.470438,2025-11-12 16:51:45,동물_가축사육업.csv
부강면,종구농장,돼지,"세종특별자치시 부강면 등곡리 산 ***-* , ***",,36.509527,127.382595,2005-06-14 13:38:32,동물_가축사육업.csv
청주시,농업회사법인 유한회사 호정팜,돼지,충청북도 청주시 흥덕구 옥산면 오산가좌로 ***-**,,36.716292,127.363637,2024-01-12 17:13:28,동물_가축사육업.csv
청주시,승호농장,돼지,충청북도 청주시 청원구 북이면 장양리 ***,,36.760517,127.527641,2022-04-19 13:26:02,동물_가축사육업.csv
부강면,규암농장,돼지,세종특별자치시 부강면 등곡리 **,,36.507906,127.407077,2005-06-14 15:05:08,동물_가축사육업.csv
청주시,팜투,돼지,충청북도 청주시 흥덕구 옥산면 사정리 ** 외 *필지(**번지),,36.721801,127.310889,2021-05-28 11:29:34,동물_가축사육업.csv
청주시,토성농장,돼지,충청북도 청주시 청원구 북이면 토성*길 **-**,,36.74907,127.56771,2019-03-06 11:47:54,동물_가축사육업.csv
청주시,농업회사법인 두리 주식회사,돼지,충청북도 청주시 청원구 북이면 대율현암길 **-**,,36.742286,127.533765,2021-04-23 17:22:49,동물_가축사육업.csv
청주시,영림축산,돼지,충청북도 청주시 상당구 미원면 단재로 ****-**,,36.642617,127.674198,2018-11-14 11:56:40,동물_가축사육업.csv
청주시,학영농장,돼지,충청북도 청주시 청원구 북이면 화상길 ***-*,,36.755489,127.500369,2023-11-29 13:22:35,동물_가축사육업.csv
청주시,복진2농장,돼지,충청북도 청주시 청원구 오창읍 후기길 ***-**,,36.7432,127.394689,2022-07-07 14:47:43,동물_가축사육업.csv
청주시,도담농원,돼지,충청북도 청주시 상당구 낭성면 귀래길 ***-**,,36.633294,127.626441,2021-10-08 08:38:42,동물_가축사육업.csv
청주시,가나안농장,돼지,충청북도 청주시 청원구 북이면 신대현암길 ***-**,,36.748014,127.537246,2013-10-11 15:56:21,동물_가축사육업.csv
청주시,우송농장,돼지,충청북도 청주시 상당구 가덕면 상장인차로 ***-**,,36.541557,127.542516,2020-10-13 11:02:04,동물_가축사육업.csv
부강면,진수농장,돼지,세종특별자치시 부강면 등곡리 ***,,36.501255,127.405126,2005-06-14 13:21:21,동물_가축사육업.csv
청주시,새두리농장,돼지,"충청북도 청주시 청원구 북이면 서당대길길 **-** (, **-*)",,36.723647,127.566637,2019-08-01 13:22:17,동물_가축사육업.csv
청주시,내추농장,돼지,충청북도 청주시 청원구 북이면 내추*길 **,,36.760245,127.549204,2021-03-04 11:54:06,동물_가축사육업.csv
청주시,선경농장,돼지,충청북도 청주시 청원구 북이면 토성*길 ***-**,,36.743978,127.574299,2013-10-11 14:00:47,동물_가축사육업.csv
청주시,새네리농장,돼지,충청북도 청주시 흥덕구 옥산면 소로*길 ***-***,,36.691663,127.392058,2022-08-31 09:49:46,동물_가축사육업.csv
청주시,농업회사법인 주식회사 다산육종,돼지,충청북도 청주시 청원구 북이면 용계내추로 ***-*,,36.758672,127.527807,2022-07-25 17:08:55,동물_가축사육업.csv
청주시,금홍농장,돼지,충청북도 청주시 청원구 북이면 옥수리 ***-*,,36.778301,127.562147,2013-10-11 15:20:17,동물_가축사육업.csv
청주시,북이농장,돼지,충청북도 청주시 청원구 북이면 금대*길 **-**,,36.76909,127.56989,2019-01-04 15:20:46,동물_가축사육업.csv
청주시,흑돼지농장,돼지,충청북도 청주시 상당구 미원면 대덕리 ***,,36.703247,127.678597,2022-06-08 18:03:05,동물_가축사육업.csv
청주시,보광축산,돼지,충청북도 청주시 흥덕구 오송읍 정중연제로 ***-**,,36.629442,127.309114,2020-08-03 10:50:59,동물_가축사육업.csv
청주시,주성농장,돼지,충청북도 청주시 청원구 내수읍 내수*길 **,,36.733091,127.526582,2006-03-03 14:16:15,동물_가축사육업.csv
청주시,승호농장,돼지,충청북도 청주시 청원구 북이면 용계내추로 ***-*,,36.760411,127.528547,2020-03-31 10:25:14,동물_가축사육업.csv
부강면,호현농장,돼지,세종특별자치시 부강면 등곡리 ***,,36.509864,127.383372,2010-09-07 14:20:28,동물_가축사육업.csv
청주시,한빛농장,돼지,충청북도 청주시 흥덕구 옥산면 오송가락로 ***-**,,36.644038,127.360427,2024-12-26 14:18:02,동물_가축사육업.csv
청주시,세리농장,돼지,"충청북도 청주시 청원구 북이면 석화리 **,**,**,**",,36.720813,127.571377,2014-06-05 13:43:14,동물_가축사육업.csv
청주시,대운농장,돼지,충청북도 청주시 청원구 북이면 장양길 **-**,,36.753563,127.535949,2020-12-21 15:25:59,동물_가축사육업.csv
청주시,정규농장,돼지,"충청북도 청주시 청원구 내수읍 내수*길 **-* (,*호)",,36.732985,127.525587,2005-06-14 13:40:44,동물_가축사육업.csv
청주시,상지농장,돼지,충청북도 청주시 상당구 미원면 수산리 **,,36.668258,127.64575,2019-05-28 15:51:09,동물_가축사육업.csv
청주시,청원농장,돼지,충청북도 청주시 청원구 북이면 장양길 **-**,,36.755241,127.525481,2020-11-05 11:42:57,동물_가축사육업.csv
청주시,우성농장,돼지,"충청북도 청주시 흥덕구 옥산면 수락리 **-* ,**-*,**",,36.711075,127.344503,2023-05-12 15:37:05,동물_가축사육업.csv
목포시,고하농장,돼지,전남광주통합특별시 목포시 고하도길 *** (달동),,34.76825,126.372356,2017-07-28 10:22:23,동물_가축사육업.csv
목포시,옥암농장,돼지,전남광주통합특별시 목포시 선곡로 **-** (옥암동),,34.818422,126.430088,2026-05-13 09:51:19,동물_가축사육업.csv
여수시,장민서농장,돼지,전남광주통합특별시 여수시 율촌면 신풍리 **-**,,34.840969,127.634259,2017-08-30 10:14:30,동물_가축사육업.csv
여수시,새운농장영농조합법인,돼지,전남광주통합특별시 여수시 소라면 마산로 ***-***,,34.782892,127.60655,2024-01-15 14:19:32,동물_가축사육업.csv
여수시,동주2농장,돼지,전남광주통합특별시 여수시 율촌면 산돌길 **-**,,34.841098,127.632666,2022-03-15 10:02:17,동물_가축사육업.csv
여수시,자연애농장,돼지,전남광주통합특별시 여수시 화양면 옥적리 ***-*,,34.707236,127.591126,2024-05-17 17:33:24,동물_가축사육업.csv
여수시,희망축산,돼지,전남광주통합특별시 여수시 율촌면 산돌길 **-**,,34.84247,127.633737,2024-09-24 16:21:29,동물_가축사육업.csv
여수시,풍운농원,돼지,전남광주통합특별시 여수시 화양면 이천리 ***,,34.735865,127.590524,2018-01-22 10:08:15,동물_가축사육업.csv
여수시,진영농장,돼지,전남광주통합특별시 여수시 율촌면 신풍리 **-**,,34.841285,127.614278,2008-03-27 09:18:53,동물_가축사육업.csv
여수시,월평축산,돼지,전남광주통합특별시 여수시 율촌면 월산리 ***-*,,34.877232,127.563126,2005-10-26 10:41:29,동물_가축사육업.csv
여수시,정선영농장,돼지,전남광주통합특별시 여수시 율촌면 산돌길 **-**,,34.842153,127.634268,2018-12-21 10:55:22,동물_가축사육업.csv
여수시,농업회사법인(유)대성축산,돼지,전남광주통합특별시 여수시 율촌면 연화길 ***-**,,34.823918,127.570014,2026-06-24 10:41:41,동물_가축사육업.csv
여수시,선한축산,돼지,전남광주통합특별시 여수시 율촌면 산돌길 **-*,,34.842188,127.632912,2017-08-16 13:19:43,동물_가축사육업.csv
여수시,정선영농장,돼지,전남광주통합특별시 여수시 율촌면 산돌길 ***-**,,34.840702,127.633395,2018-03-29 16:19:01,동물_가축사육업.csv
여수시,한우리2농장,돼지,전남광주통합특별시 여수시 소라면 마륜길 **-**,,34.768709,127.623354,2021-09-03 13:49:17,동물_가축사육업.csv
여수시,상금농장,돼지,전남광주통합특별시 여수시 소라면 덕양로 **-**,,34.769336,127.628674,2026-07-09 16:23:20,동물_가축사육업.csv
여수시,자연팜,돼지,전남광주통합특별시 여수시 화양면 석교로 ***,,34.707207,127.590452,2022-10-24 10:41:25,동물_가축사육업.csv
여수시,신기농장,돼지,전남광주통합특별시 여수시 돌산읍 돌산로 ***-*,,34.608522,127.743368,2020-06-17 18:11:17,동물_가축사육업.csv
여수시,희망1농장,돼지,전남광주통합특별시 여수시 율촌면 산돌길 **-**,,34.840785,127.632343,2016-06-27 14:39:53,동물_가축사육업.csv
여수시,거북농장,돼지,전남광주통합특별시 여수시 화양면 화양로 ****-*,,34.725416,127.621351,2014-01-09 16:07:38,동물_가축사육업.csv
여수시,신복양돈장,돼지,전남광주통합특별시 여수시 돌산읍 돌산로 ***-*,,34.608721,127.743349,2020-06-17 18:06:17,동물_가축사육업.csv
여수시,이화농장,돼지,전남광주통합특별시 여수시 소라면 마산로 ***-***,,34.782699,127.603623,2022-06-23 17:22:14,동물_가축사육업.csv
여수시,성우농장,돼지,전남광주통합특별시 여수시 율촌면 신풍리 ***-*,,34.842936,127.622043,2005-11-23 09:42:51,동물_가축사육업.csv
여수시,동주농장,돼지,전남광주통합특별시 여수시 율촌면 산돌길 **-**,,34.841208,127.632748,2011-11-25 17:25:44,동물_가축사육업.csv
여수시,마륜농장,돼지,전남광주통합특별시 여수시 소라면 마륜길 **-**,,34.770363,127.619484,2019-03-24 16:37:29,동물_가축사육업.csv
여수시,한돈산업,돼지,전남광주통합특별시 여수시 율촌면 산돌길 ***-**,,34.840613,127.634479,2017-01-06 15:41:53,동물_가축사육업.csv
여수시,대명농장,돼지,전남광주통합특별시 여수시 상암로 ***-** (호명동),,34.813514,127.72383,2012-04-20 09:26:16,동물_가축사육업.csv
여수시,조은농장,돼지,"전남광주통합특별시 여수시 율촌면 취적리 *** 외*필지(***-*, ***)",,34.865189,127.595093,2021-09-14 11:38:49,동물_가축사육업.csv
여수시,믿음농장,돼지,전남광주통합특별시 여수시 소라면 하세동길 **-**,,34.797482,127.635977,2005-10-26 10:29:16,동물_가축사육업.csv
여수시,승진농장,돼지,전남광주통합특별시 여수시 화양면 석교로 **-***,,34.707688,127.578857,2019-08-23 09:53:07,동물_가축사육업.csv
여수시,신풍농장,돼지,전남광주통합특별시 여수시 율촌면 구암*길 **,,34.843961,127.620278,2005-07-22 17:42:00,동물_가축사육업.csv
순천시,분홍돼지영농조합법인,돼지,전남광주통합특별시 순천시 서면 새장척길 ***,,35.055251,127.437598,2019-10-16 14:46:17,동물_가축사육업.csv
순천시,골드피그,돼지,전남광주통합특별시 순천시 별량면 마산길 **,,34.858456,127.444525,2026-08-13 09:59:23,동물_가축사육업.csv
순천시,행운농장,돼지,전남광주통합특별시 순천시 주암면 오산리 ***-*,,35.071542,127.294306,2020-08-31 16:31:31,동물_가축사육업.csv
순천시,행운농장,돼지,"전남광주통합특별시 순천시 주암면 오산리 ***-* , *번지",,35.066569,127.284601,2020-08-31 16:31:51,동물_가축사육업.csv
순천시,지유팜,돼지,"전남광주통합특별시 순천시 낙안면 창녕리 ***-**, ***-**, ***-**",,34.920428,127.381616,2023-05-10 16:27:02,동물_가축사육업.csv
순천시,모후농장,돼지,전남광주통합특별시 순천시 송광면 후곡리 ***,,35.014555,127.212971,2016-02-03 10:27:41,동물_가축사육업.csv
순천시,학구농장,돼지,전남광주통합특별시 순천시 서면 새장척길 ***,,35.053942,127.438197,2025-12-04 11:09:26,동물_가축사육업.csv
순천시,해인농장,돼지,전남광주통합특별시 순천시 주암면 주석로 ***-**,,35.09145,127.237767,2025-09-29 17:34:28,동물_가축사육업.csv
순천시,전남양돈,돼지,"전남광주통합특별시 순천시 해룡면 농주리 ***-*, *, *, ***-*",,34.86459,127.527789,2019-07-15 18:28:28,동물_가축사육업.csv
순천시,개미농장,돼지,전남광주통합특별시 순천시 외서면 수직길 **,,34.905514,127.235206,2019-11-29 17:40:15,동물_가축사육업.csv
순천시,김종훈 농장,돼지,전남광주통합특별시 순천시 왕지로 ***-* (왕지동),,34.977056,127.540795,2019-11-29 17:42:37,동물_가축사육업.csv
순천시,신전농장,돼지,전남광주통합특별시 순천시 대룡동 ***-*,,34.907368,127.498102,2024-12-17 16:15:42,동물_가축사육업.csv
순천시,대죽농장,돼지,전남광주통합특별시 순천시 월등면 장척길 **,,35.10628,127.397487,2025-08-22 15:27:13,동물_가축사육업.csv
순천시,정원농장,돼지,"전남광주통합특별시 순천시 황전면 덕림리 ***-* , *호, *호",,35.107375,127.512414,2020-10-19 14:03:41,동물_가축사육업.csv
순천시,화천농장,돼지,전남광주통합특별시 순천시 서면 대구*구길 ***-*,,35.037374,127.416639,2025-12-24 09:32:20,동물_가축사육업.csv
순천시,신영축산,돼지,전남광주통합특별시 순천시 월등면 중봉산길 **-**,,35.092234,127.387576,2024-10-16 09:22:54,동물_가축사육업.csv
순천시,대덕농장,돼지,전남광주통합특별시 순천시 월등면 송천두지길 **,,35.081666,127.384693,2015-09-15 09:57:53,동물_가축사육업.csv
순천시,농업회사법인(주)천사농장1,돼지,전남광주통합특별시 순천시 월등면 화지길 ***-***,,35.104926,127.380017,2021-12-17 12:57:01,동물_가축사육업.csv
순천시,농업회사법인에코팜주식회사,돼지,전남광주통합특별시 순천시 낙안면 민속마을길 ****-**,,34.91447,127.37199,2023-06-20 10:48:37,동물_가축사육업.csv
순천시,은창농장,돼지,전남광주통합특별시 순천시 월등면 월용리 ***,,35.106592,127.397867,2022-03-17 17:23:18,동물_가축사육업.csv
순천시,복지농장,돼지,전남광주통합특별시 순천시 월등면 태안로 **,,35.095079,127.375937,2023-02-15 13:40:15,동물_가축사육업.csv
순천시,로뎀축산,돼지,전남광주통합특별시 순천시 상사면 선동길 **,,34.90182,127.437432,2016-11-24 15:24:18,동물_가축사육업.csv
순천시,두월농장,돼지,전남광주통합특별시 순천시 승주읍 신두길 ***,,35.027069,127.323595,2022-07-21 11:26:07,동물_가축사육업.csv
순천시,농업회사법인(주)천사농장2,돼지,전남광주통합특별시 순천시 월등면 농선리 ***,,35.103131,127.417913,2021-12-17 12:56:10,동물_가축사육업.csv
나주시,청송양돈 영농조합법인,돼지,"전남광주통합특별시 나주시 반남면 청송리 ***-** 외 *필지(***-*,***-**,***-***,***)",,34.939748,126.656084,2025-08-11 15:23:36,동물_가축사육업.csv
나주시,봉학양돈,돼지,"전남광주통합특별시 나주시 왕곡면 신원리 ***-* 외 **필지(***,***-*,***-*~**,***)",,34.943652,126.702958,2025-09-04 13:48:15,동물_가축사육업.csv
나주시,2대샛별농장,돼지,"전남광주통합특별시 나주시 노안면 구정리 ***-** 외 *필지(***-*, ***-*, ***-*, ***-*, ***-*, ***-*)",,35.073129,126.710631,2026-03-08 13:58:24,동물_가축사육업.csv
나주시,에스비팜세지 영농조합법인,돼지,"전남광주통합특별시 나주시 세지면 오봉리 **-* 외 *필지(**, -*, -*, -*, -**, **)",,34.907516,126.757273,2025-08-11 14:17:38,동물_가축사육업.csv
나주시,아이엠팜영농조합법인,돼지,"전남광주통합특별시 나주시 봉황면 황용리 **-** ***-**,***-**,**-**,***-*,***-*",,34.967191,126.765042,2026-05-15 09:29:39,동물_가축사육업.csv
나주시,남일농장,돼지,전남광주통합특별시 나주시 노안면 현애*길 **,,35.104988,126.737965,2015-12-31 15:30:36,동물_가축사육업.csv
나주시,다윗농장,돼지,전남광주통합특별시 나주시 노안면 유곡리 산 **-*,,35.104003,126.736241,2022-03-31 14:27:08,동물_가축사육업.csv
나주시,한라산농장,돼지,전남광주통합특별시 나주시 봉황면 죽황로 ***,,34.969579,126.766442,2017-11-14 14:52:47,동물_가축사육업.csv
나주시,일용농장,돼지,전남광주통합특별시 나주시 노안면 유곡리 산 **,,35.095106,126.760371,2015-12-31 14:49:09,동물_가축사육업.csv
나주시,태성양돈,돼지,"전남광주통합특별시 나주시 반남면 청송리 ***-** 외 *필지(***-*,-*,-**,***-*,-**,***-**,-**,-**,-***)",,34.937238,126.658125,2026-05-08 11:36:30,동물_가축사육업.csv
나주시,욥농장,돼지,전남광주통합특별시 나주시 노안면 유곡리 ***-* 외 *필지(***-*),,35.100191,126.736116,2021-12-03 15:41:12,동물_가축사육업.csv
나주시,인농축산,돼지,전남광주통합특별시 나주시 노안면 유곡리 산 **,,35.101846,126.73688,2023-01-26 20:46:52,동물_가축사육업.csv
나주시,영민농장,돼지,전남광주통합특별시 나주시 봉황면 황용리 **-** 외*필지,,34.962699,126.767948,2017-06-14 10:08:15,동물_가축사육업.csv
나주시,현철농장,돼지,전남광주통합특별시 나주시 노안면 유곡리 산 **-*,,35.102743,126.73693,2026-05-15 16:50:17,동물_가축사육업.csv
나주시,에스비팜 나주 농업회사법인 주식회사,돼지,전남광주통합특별시 나주시 동강면 곡천리 ***-*,,34.916126,126.545028,2024-03-22 14:14:34,동물_가축사육업.csv
나주시,광암축산,돼지,전남광주통합특별시 나주시 노안면 현애*길 **-* (외*필지(**-*)),,35.101637,126.73897,2026-05-14 16:41:26,동물_가축사육업.csv
나주시,한라산 제2농장,돼지,전남광주통합특별시 나주시 문평면 동옥선로 ***-**,,35.03883,126.619987,2018-04-04 09:11:18,동물_가축사육업.csv
나주시,가나안목장,돼지,"전남광주통합특별시 나주시 다도면 덕동리 ***-* 외 *필지(-*,-*)",,34.974952,126.820516,2026-05-26 10:14:56,동물_가축사육업.csv
나주시,우리손에프앤지농업회사법인주식회사,돼지,전남광주통합특별시 나주시 반남면 장송길 **,,34.947532,126.652783,2016-02-22 13:50:58,동물_가축사육업.csv
나주시,한솔농장,돼지,전남광주통합특별시 나주시 노안면 유현*길 **,,35.105954,126.740006,2019-08-08 11:23:13,동물_가축사육업.csv
나주시,영승농장,돼지,전남광주통합특별시 나주시 노안면 유곡리 산 **-*,,35.104003,126.736241,2015-12-31 15:19:55,동물_가축사육업.csv
나주시,병천농장,돼지,전남광주통합특별시 나주시 문평면 오륜길 **-** (외 *필지),,35.052732,126.613179,2026-05-12 10:06:27,동물_가축사육업.csv
나주시,다도샛별농장,돼지,"전남광주통합특별시 나주시 다도면 덕동리 ***-* ,***-*,***,***,***,***-*",,34.971346,126.82512,2023-07-19 09:53:50,동물_가축사육업.csv
나주시,마이피그팜,돼지,전남광주통합특별시 나주시 노안면 오목내길 ***-**,,35.104667,126.733268,2026-05-11 15:08:57,동물_가축사육업.csv
나주시,대마2농장,돼지,"전남광주통합특별시 나주시 다도면 덕동리 *** 외 *필지(***-**, ***-**)",,34.970084,126.825066,2025-01-14 18:51:15,동물_가축사육업.csv
나주시,청송농장,돼지,전남광주통합특별시 나주시 반남면 청송리 산 ***-*,,34.945172,126.647601,2015-12-31 14:57:24,동물_가축사육업.csv
나주시,재환축산,돼지,전남광주통합특별시 나주시 노안면 유곡리 산 ** 외*필지(**-*),,35.1056,126.735681,2026-02-25 15:45:18,동물_가축사육업.csv
나주시,수성농장,돼지,전남광주통합특별시 나주시 봉황면 장성리 *-*,,34.978304,126.802664,2019-06-25 11:52:19,동물_가축사육업.csv
나주시,청송양돈영종조합,돼지,전남광주통합특별시 나주시 반남면 장송길 **-**,,34.939748,126.656084,2005-03-14 17:26:25,동물_가축사육업.csv
나주시,남평농장,돼지,전남광주통합특별시 나주시 남평읍 교원리 ***-* 외*필지(***-**),,35.034023,126.831655,2025-09-17 10:02:10,동물_가축사육업.csv
나주시,늘푸른농장,돼지,전남광주통합특별시 나주시 노안면 유곡리 산 **-*,,35.104003,126.736241,2015-12-31 15:26:02,동물_가축사육업.csv
나주시,인혜농장,돼지,전남광주통합특별시 나주시 왕곡면 월천길 **,,34.962577,126.648007,2026-05-14 09:49:13,동물_가축사육업.csv
나주시,대영축산,돼지,전남광주통합특별시 나주시 봉황면 한들길 ***-*,,34.957274,126.756886,2018-08-06 13:07:57,동물_가축사육업.csv
나주시,청야농장,돼지,"전남광주통합특별시 나주시 봉황면 관전길 ** (외*필지(***-*,***-*))",,34.978091,126.783017,2026-05-11 16:04:12,동물_가축사육업.csv
나주시,농업회사법인 보물촌 유한회사 나주지점,돼지,"전남광주통합특별시 나주시 남평읍 지석로 ***-** (외*필지(***-**,***-**))",,34.991957,126.888146,2022-05-02 09:30:35,동물_가축사육업.csv
나주시,수양축산,돼지,전남광주통합특별시 나주시 노안면 노안삼도로 ***,,35.078212,126.700909,2022-01-28 17:01:59,동물_가축사육업.csv
나주시,농업회사법인(주)지엘,돼지,전남광주통합특별시 나주시 다시면 문동리 ***,,34.992282,126.611743,2024-07-11 17:42:59,동물_가축사육업.csv
나주시,밀알축산,돼지,전남광주통합특별시 나주시 노안면 현애*길 **,,35.104988,126.737965,2026-05-11 14:53:06,동물_가축사육업.csv
나주시,두레농장,돼지,전남광주통합특별시 나주시 노안면 유곡리 산 **,,35.105954,126.740006,2018-01-24 19:55:07,동물_가축사육업.csv
나주시,대성2농장,돼지,"전남광주통합특별시 나주시 봉황면 장성리 ** 외 *필지(**,**)",,34.977239,126.801785,2026-05-14 16:11:16,동물_가축사육업.csv
나주시,봉황축산3,돼지,전남광주통합특별시 나주시 봉황면 장성리 **-** 외 *필지 (**-*),,34.976785,126.797299,2026-05-14 14:28:03,동물_가축사육업.csv
나주시,수성농장,돼지,전남광주통합특별시 나주시 봉황면 장성리 ** 외*필지(**-*),,34.977979,126.803316,2026-05-14 17:30:56,동물_가축사육업.csv
나주시,누리농장,돼지,전남광주통합특별시 나주시 노안면 현애*길 **,,35.106173,126.736339,2026-05-08 11:05:29,동물_가축사육업.csv
나주시,샛별농장,돼지,"전남광주통합특별시 나주시 세지면 대산리 ***-* 외 *필지(***-*, ***-**)",,34.939181,126.741562,2024-01-29 16:16:24,동물_가축사육업.csv
나주시,코리아양돈,돼지,전남광주통합특별시 나주시 봉황면 오림리 ***-*,,34.931423,126.761687,2020-03-06 17:59:46,동물_가축사육업.csv
나주시,용섭농장,돼지,"전남광주통합특별시 나주시 문평면 오룡리 *** 외**(***,***,***,***-*~*,***,***,***,***-*)",,35.052584,126.61446,2021-06-24 16:13:21,동물_가축사육업.csv
나주시,오선농장,돼지,"전남광주통합특별시 나주시 동강면 월송리 ***-* 외 *필지(***-*,***-*,***,***-*)",,34.964106,126.548899,2022-01-13 16:12:00,동물_가축사육업.csv
나주시,보은축산,돼지,전남광주통합특별시 나주시 노안면 노안삼도로 ***-*,,35.077378,126.701708,2018-07-12 14:10:54,동물_가축사육업.csv
나주시,가야축산,돼지,전남광주통합특별시 나주시 노안면 유곡리 산 **,,35.095106,126.760371,2015-05-18 21:39:44,동물_가축사육업.csv
나주시,6-2-농 영농조합법인,돼지,"전남광주통합특별시 나주시 노안면 유곡리 산 **-* 산**-*,산**,산**-**,산**-**,산**-**",,35.106976,126.733129,2019-12-31 15:33:41,동물_가축사육업.csv
나주시,천하코리아,돼지,전남광주통합특별시 나주시 노안면 오목내길 ***-**,,35.106976,126.733129,2026-05-11 15:09:33,동물_가축사육업.csv
나주시,환영축산,돼지,전남광주통합특별시 나주시 왕곡면 신포내동길 **-**,,34.951237,126.634258,2026-05-11 15:20:52,동물_가축사육업.csv
나주시,다도농원,돼지,"전남광주통합특별시 나주시 다도면 덕동리 ** 외 *필지(**,**,**,**-*)",,34.969824,126.827286,2025-10-23 18:11:05,동물_가축사육업.csv
나주시,현철농장,돼지,전남광주통합특별시 나주시 노안면 유현*길 **,,35.102036,126.737444,2026-05-15 16:53:59,동물_가축사육업.csv
나주시,장성농장,돼지,전남광주통합특별시 나주시 동강면 장동리 ****-*,,34.90371,126.545986,2014-08-08 13:56:20,동물_가축사육업.csv
나주시,영욱농장,돼지,전남광주통합특별시 나주시 노안면 현애*길 **,,35.104988,126.737965,2026-05-08 10:59:53,동물_가축사육업.csv
나주시,대마축산,돼지,"전남광주통합특별시 나주시 봉황면 송현리 **-* 외*필지(**-*,**-*,**-*,**-**,**,**,**)",,34.955534,126.810799,2026-05-08 17:16:37,동물_가축사육업.csv
나주시,창일농장,돼지,전남광주통합특별시 나주시 노안면 유현*길 **-*,,35.104988,126.737965,2017-11-15 16:18:23,동물_가축사육업.csv
나주시,수성농장,돼지,전남광주통합특별시 나주시 동강면 인월로 ***-**,,34.955514,126.550184,2026-05-14 09:58:58,동물_가축사육업.csv
나주시,승리농장,돼지,"전남광주통합특별시 나주시 문평면 옥당리 *** 외 *필지(***, ***-*, ***-*, ***-**, ***-*, ***-*)",,35.022858,126.622528,2020-11-19 23:12:17,동물_가축사육업.csv
나주시,승호농장,돼지,전남광주통합특별시 나주시 노안면 유곡리 산 **-*,,35.107166,126.737425,2026-05-08 11:06:18,동물_가축사육업.csv
나주시,거상농장,돼지,전남광주통합특별시 나주시 노안면 유곡리 산 ** 외*필지(산**),,35.10291,126.739979,2020-02-26 09:44:47,동물_가축사육업.csv
나주시,희망축산,돼지,전남광주통합특별시 나주시 다시면 월태리 **** (****-*),,35.030642,126.631653,2026-05-11 15:59:54,동물_가축사육업.csv
나주시,재영농장,돼지,"전남광주통합특별시 나주시 봉황면 운곡리 ***-* 외 *필지(***-*,***-*)",,34.942126,126.776666,2026-05-11 11:00:50,동물_가축사육업.csv
나주시,명림축산,돼지,전남광주통합특별시 나주시 왕곡면 양산길 **-**,,34.970225,126.702015,2015-12-31 15:23:17,동물_가축사육업.csv
나주시,거상농장,돼지,전남광주통합특별시 나주시 노안면 유곡리 산 ** 외 *필지(산**-*),,35.105898,126.738675,2017-12-14 21:49:27,동물_가축사육업.csv
나주시,환영2농장,돼지,전남광주통합특별시 나주시 왕곡면 신포내동길 **-**,,34.951309,126.633156,2026-05-11 15:47:31,동물_가축사육업.csv
나주시,해성축산,돼지,전남광주통합특별시 나주시 노안면 유곡리 산 **,,35.095106,126.760371,2026-05-08 10:52:45,동물_가축사육업.csv
나주시,재환축산,돼지,전남광주통합특별시 나주시 노안면 유곡리 ***-* 외*필지(산**),,35.100048,126.740794,2026-02-25 15:45:43,동물_가축사육업.csv
나주시,갈릴리농장,돼지,전남광주통합특별시 나주시 왕곡면 신포내동길 **-**,,34.951705,126.634148,2023-07-28 11:00:38,동물_가축사육업.csv
나주시,미르축산,돼지,전남광주통합특별시 나주시 봉황면 유정길 **-**,,34.986851,126.794419,2026-05-08 15:57:43,동물_가축사육업.csv
나주시,대한축산,돼지,전남광주통합특별시 나주시 봉황면 유정길 **-**,,34.987671,126.795529,2026-05-08 17:17:15,동물_가축사육업.csv
나주시,갈릴리제5농장,돼지,전남광주통합특별시 나주시 왕곡면 신포내동길 **-**,,34.950843,126.633001,2023-04-10 13:35:39,동물_가축사육업.csv
나주시,현성축산,돼지,전남광주통합특별시 나주시 노안면 유곡리 산 **,,35.095106,126.760371,2026-05-08 14:31:23,동물_가축사육업.csv
나주시,농업회사법인(유) 선민,돼지,전남광주통합특별시 나주시 문평면 체암로 ***,,35.080315,126.595916,2025-01-06 09:48:57,동물_가축사육업.csv
나주시,필종농장,돼지,전남광주통합특별시 나주시 노안면 유곡리 산 **,,35.095106,126.760371,2025-12-15 16:55:07,동물_가축사육업.csv
나주시,(주)의연 농업회사법인,돼지,전남광주통합특별시 나주시 봉황면 마음길 ***-**,,34.942939,126.770247,2026-02-10 08:14:17,동물_가축사육업.csv
나주시,자미농장,돼지,전남광주통합특별시 나주시 반남면 대안리 ***-*,,34.906958,126.65144,2019-09-05 09:47:45,동물_가축사육업.csv
나주시,원일축산,돼지,전남광주통합특별시 나주시 반남면 흥덕길 **-*,,34.904884,126.646403,2026-05-08 14:59:51,동물_가축사육업.csv
나주시,유현팜,돼지,전남광주통합특별시 나주시 노안면 유곡리 산 ** 외 *필지(산**-*),,35.102355,126.739172,2024-05-17 14:37:14,동물_가축사육업.csv
나주시,성월축산,돼지,"전남광주통합특별시 나주시 봉황면 유정길 **-** (외*필지(***-*,***,산***-*))",,34.988302,126.796899,2017-12-05 20:28:17,동물_가축사육업.csv
나주시,선미농장,돼지,"전남광주통합특별시 나주시 왕곡면 신원리 ***-* 외 *필지(***-*,***-**,***-**,***-**,***-**,***)",,34.954325,126.707411,2020-06-16 21:43:43,동물_가축사육업.csv
나주시,백돼지농장,돼지,"전남광주통합특별시 나주시 봉황면 철천리 ****-* , ****-*",,34.939794,126.786204,2026-07-24 14:12:16,동물_가축사육업.csv
나주시,봉황축산,돼지,전남광주통합특별시 나주시 봉황면 장서길 **-*,,34.960417,126.767247,2026-05-08 14:56:40,동물_가축사육업.csv
나주시,유진농장,돼지,전남광주통합특별시 나주시 봉황면 죽석길 **-** (외 *필지),,34.955624,126.79137,2026-05-08 11:33:32,동물_가축사육업.csv
나주시,대성농장,돼지,전남광주통합특별시 나주시 봉황면 장성리 *** 외*필지,,34.982279,126.795452,2018-10-11 20:57:59,동물_가축사육업.csv
나주시,동산농장,돼지,전남광주통합특별시 나주시 공산면 가양로 ***,,34.953879,126.572108,2026-05-08 13:13:09,동물_가축사육업.csv
나주시,진환농장,돼지,"전남광주통합특별시 나주시 봉황면 오림리 ***-* 외*필지(***-*, 산***)",,34.930989,126.75481,2026-05-08 15:09:02,동물_가축사육업.csv
나주시,중인농장,돼지,전남광주통합특별시 나주시 노안면 유곡리 산 **,,35.101846,126.73688,2026-05-14 11:22:38,동물_가축사육업.csv
나주시,도헌축산,돼지,"전남광주통합특별시 나주시 봉황면 죽석리 ***-* 외 *필지(***-*, ***-**)",,34.954858,126.791978,2026-05-08 14:36:12,동물_가축사육업.csv
광양시,석원농장,돼지,전남광주통합특별시 광양시 진월면 국사봉로 **-**,,35.010984,127.75959,2022-01-17 13:46:53,동물_가축사육업.csv
광양시,임마누엘시온농장,돼지,전남광주통합특별시 광양시 진월면 차동길 ***,,34.999147,127.741572,2016-03-09 17:44:51,동물_가축사육업.csv
광양시,오뚜기농장,돼지,전남광주통합특별시 광양시 정산길 **-* (성황동),,34.956506,127.679109,2023-08-03 17:56:39,동물_가축사육업.csv
남구,조차현농장,돼지,전남광주통합특별시 남구 원화장길 ** (화장동),,35.074776,126.801736,2024-03-11 10:41:22,동물_가축사육업.csv
광산구,도그동물농장,돼지,전남광주통합특별시 광산구 고봉로 ***-** (광산동),,35.2303,126.741153,2022-07-08 08:57:03,동물_가축사육업.csv
광산구,봉림축산,돼지,전남광주통합특별시 광산구 쌍내길 **-** (내산동),,35.135268,126.659406,2026-02-03 16:06:52,동물_가축사육업.csv
광산구,도인주,돼지,전남광주통합특별시 광산구 복림길 * (오운동),,35.148484,126.689277,2017-02-27 09:49:28,동물_가축사육업.csv
광산구,박준영,돼지,전남광주통합특별시 광산구 임곡두정길 ***-*** (두정동),,35.223402,126.766092,2021-04-09 14:02:11,동물_가축사육업.csv
광산구,백산제1농장,돼지,전남광주통합특별시 광산구 오목내길 *** (연산동),,35.110016,126.735834,2015-05-26 16:34:42,동물_가축사육업.csv
광산구,하나농장,돼지,전남광주통합특별시 광산구 대산로 ***-** (내산동),,35.145136,126.663836,2025-01-14 19:57:37,동물_가축사육업.csv
광산구,재고축산2,돼지,전남광주통합특별시 광산구 쌍내길 **-** (내산동),,35.135,126.658174,2026-04-08 09:59:18,동물_가축사육업.csv
광산구,동산팜,돼지,전남광주통합특별시 광산구 오목내길 ***-** (동산동),,35.108036,126.72862,2020-05-13 10:39:33,동물_가축사육업.csv
담양군,추월농장2,돼지,전남광주통합특별시 담양군 용면 추령로 ***,,35.374041,126.974819,2023-11-10 09:29:26,동물_가축사육업.csv
담양군,초록흑돼지농장,돼지,전남광주통합특별시 담양군 고서면 가사문학로 ***-**,,35.240462,126.964323,2016-03-07 11:19:45,동물_가축사육업.csv
담양군,호인축산,돼지,전남광주통합특별시 담양군 담양읍 가산길 ***-**,,35.326183,126.94962,2022-12-26 18:55:29,동물_가축사육업.csv
담양군,엔에이치(NH)·AI·FARM,돼지,전남광주통합특별시 담양군 용면 박곡길 **-**,,35.35913,126.982765,2026-07-02 13:31:22,동물_가축사육업.csv
담양군,봉산축산,돼지,전남광주통합특별시 담양군 봉산면 곡정길 ***,,35.283532,126.951099,2023-11-21 16:50:57,동물_가축사육업.csv
담양군,유진농장,돼지,전남광주통합특별시 담양군 금성면 태봉로 ***-**,,35.337876,127.016411,2024-09-26 15:43:23,동물_가축사육업.csv
담양군,평화농장,돼지,"전남광주통합특별시 담양군 금성면 봉서리 ***-* , ***,, ***, ***-*, ***-*",,35.34582,127.038569,2023-02-06 08:30:55,동물_가축사육업.csv
담양군,애그리팜,돼지,전남광주통합특별시 담양군 금성면 새덕굴길 **-**,,35.359238,127.037875,2022-04-08 13:25:31,동물_가축사육업.csv
담양군,이삼례,돼지,전남광주통합특별시 담양군 수북면 미산샛터길 ***,,35.301704,126.950488,2021-09-29 14:58:27,동물_가축사육업.csv
담양군,디제이팜,돼지,전남광주통합특별시 담양군 용면 추령로 ***,,35.374196,126.974497,2024-05-08 08:52:29,동물_가축사육업.csv
담양군,대추농장,돼지,전남광주통합특별시 담양군 봉산면 대추*길 ***,,35.300239,126.958135,2022-03-15 15:36:48,동물_가축사육업.csv
담양군,추월농장,돼지,전남광주통합특별시 담양군 용면 추령로 ***,,35.376675,126.973246,2023-11-10 09:27:48,동물_가축사육업.csv
담양군,성원팜,돼지,전남광주통합특별시 담양군 봉산면 대추*길 ***,,35.297678,126.95796,2025-10-24 09:24:35,동물_가축사육업.csv
담양군,김한식,돼지,전남광주통합특별시 담양군 창평면 유천길 **-**,,35.232633,127.021593,2022-03-10 13:20:04,동물_가축사육업.csv
곡성군,대박농장,돼지,전남광주통합특별시 곡성군 삼기면 곡순로 ****-**,,35.241273,127.206824,2026-03-31 16:43:13,동물_가축사육업.csv
곡성군,주성축산,돼지,전남광주통합특별시 곡성군 겸면 마전리 **-* **-*,,35.270428,127.181181,2020-04-13 14:40:41,동물_가축사육업.csv
곡성군,이건농장,돼지,전남광주통합특별시 곡성군 목사동면 용봉길 **-**,,35.10595,127.305883,2020-03-03 08:57:25,동물_가축사육업.csv
곡성군,골드피그,돼지,전남광주통합특별시 곡성군 삼기면 통명산길 ***-**,,35.189108,127.247403,2021-06-19 13:29:30,동물_가축사육업.csv
곡성군,농업회사법인 팜스텍(주),돼지,전남광주통합특별시 곡성군 입면 입면로 ***-**,,35.29838,127.175909,2023-11-09 14:48:24,동물_가축사육업.csv
곡성군,이서농장,돼지,전남광주통합특별시 곡성군 죽곡면 오죽로 ***-**,,35.189158,127.28786,2020-07-21 09:35:50,동물_가축사육업.csv
곡성군,에이치팜,돼지,전남광주통합특별시 곡성군 곡성읍 곡성로 ***-**,,35.253062,127.267854,2025-01-22 14:02:57,동물_가축사육업.csv
곡성군,자연먹은꺼먹돼지농장,돼지,전남광주통합특별시 곡성군 석곡면 구봉리 ***-**,,35.120847,127.238843,2021-05-28 11:39:52,동물_가축사육업.csv
곡성군,호랑이농장,돼지,전남광주통합특별시 곡성군 죽곡면 고치리 *** ***,,35.173097,127.348973,2022-03-25 14:21:56,동물_가축사육업.csv
곡성군,진원농장,돼지,전남광주통합특별시 곡성군 곡성읍 구원리 **-*,,35.259308,127.277206,2023-07-11 11:53:02,동물_가축사육업.csv
곡성군,성화농장,돼지,전남광주통합특별시 곡성군 오산면 산이재로 **,,35.22059,127.136026,2017-02-08 16:31:25,동물_가축사육업.csv
곡성군,고달농장,돼지,전남광주통합특별시 곡성군 고달면 대사로 ***-**,,35.307279,127.338617,2026-01-29 11:24:06,동물_가축사육업.csv
곡성군,찬미제2농장,돼지,전남광주통합특별시 곡성군 죽곡면 태안로 ***-**,,35.120492,127.367981,2017-02-08 15:20:44,동물_가축사육업.csv
곡성군,대복농장,돼지,전남광주통합특별시 곡성군 목사동면 신전*길 *-**,,35.09481,127.295615,2020-08-20 15:23:42,동물_가축사육업.csv
곡성군,바우농장,돼지,전남광주통합특별시 곡성군 석곡면 주석로 ***-*,,35.124322,127.248001,2024-12-23 11:00:19,동물_가축사육업.csv
구례군,농업회사법인 아침농장구례,돼지,전남광주통합특별시 구례군 광의면 은행정*길 **,,35.243468,127.456773,2024-12-12 17:59:32,동물_가축사육업.csv
구례군,산성농장,돼지,전남광주통합특별시 구례군 간전면 금산길 **,,35.136597,127.537651,2024-03-29 17:03:06,동물_가축사육업.csv
구례군,드림농장,돼지,전남광주통합특별시 구례군 간전면 효곡리 ***-*,,35.142889,127.534037,2020-11-05 15:23:11,동물_가축사육업.csv
구례군,덕산농장,돼지,"전남광주통합특별시 구례군 용방면 용강리 ***-*,*,*,**",,35.239578,127.437351,2025-04-04 10:07:26,동물_가축사육업.csv
구례군,토실농장,돼지,"전남광주통합특별시 구례군 간전면 효곡리 ***-*, ***-*, ***",,35.129877,127.570002,2025-04-03 17:24:17,동물_가축사육업.csv
구례군,수경농장,돼지,전남광주통합특별시 구례군 간전면 논실*길 ** (외*필지),,35.142665,127.53574,2011-09-26 09:14:19,동물_가축사육업.csv
구례군,대동농장,돼지,전남광주통합특별시 구례군 간전면 선창길 ***-*,,35.140388,127.552925,2024-04-03 11:36:10,동물_가축사육업.csv
구례군,산수유 양돈 교육농장,돼지,전남광주통합특별시 구례군 산동면 둔기길 *-**,,35.283448,127.407381,2025-11-04 16:57:34,동물_가축사육업.csv
구례군,토지농장,돼지,전남광주통합특별시 구례군 토지면 섬진강대로 ****-**,,35.190952,127.531798,2015-12-02 10:22:44,동물_가축사육업.csv
구례군,효산농장,돼지,전남광주통합특별시 구례군 간전면 선창길 ***,,35.142625,127.559344,2019-07-26 10:00:18,동물_가축사육업.csv
고흥군,영덕농장,돼지,전남광주통합특별시 고흥군 고흥읍 두원로 ***-**,,34.620197,127.271264,2019-09-26 17:22:31,동물_가축사육업.csv
고흥군,농업회사법인주식회사봉산지피,돼지,전남광주통합특별시 고흥군 도화면 봉산로 ***-** ((주)봉산지피),,34.506741,127.351635,2016-02-03 12:50:07,동물_가축사육업.csv
고흥군,정위농장,돼지,전남광주통합특별시 고흥군 금산면 석정리 **,,34.479592,127.17703,2015-11-23 18:06:24,동물_가축사육업.csv
고흥군,신금축산,돼지,전남광주통합특별시 고흥군 금산면 거금일주로 ***-**,,34.475254,127.124246,2026-05-21 18:00:25,동물_가축사육업.csv
고흥군,수한옥축산,돼지,전남광주통합특별시 고흥군 포두면 내산길 ***-*,,34.537128,127.374184,2021-08-17 15:40:11,동물_가축사육업.csv
고흥군,근불농장,돼지,전남광주통합특별시 고흥군 포두면 해창로 ****-**,,34.594893,127.345755,2025-07-26 06:30:35,동물_가축사육업.csv
고흥군,만호농장,돼지,전남광주통합특별시 고흥군 영남면 천사로 ***,,34.60643,127.393878,2017-09-04 15:16:24,동물_가축사육업.csv
고흥군,이정윤,돼지,전남광주통합특별시 고흥군 영남면 천사로 ***-**,,34.60643,127.393878,2020-08-25 15:42:59,동물_가축사육업.csv
고흥군,신월농장,돼지,전남광주통합특별시 고흥군 포두면 신세동로 ***-**,,34.524625,127.342204,2026-02-07 16:39:30,동물_가축사육업.csv
고흥군,길중농장,돼지,전남광주통합특별시 고흥군 과역면 민등길 **-** (***-*),,34.685113,127.355962,2023-08-08 17:50:03,동물_가축사육업.csv
고흥군,정연농장,돼지,전남광주통합특별시 고흥군 고흥읍 두원로 ***-**,,34.620197,127.271264,2019-12-13 11:18:54,동물_가축사육업.csv
고흥군,농부가,돼지,전남광주통합특별시 고흥군 남양면 망월로 **-***,,34.770442,127.362565,2022-12-08 10:15:07,동물_가축사육업.csv
고흥군,승지양돈,돼지,전남광주통합특별시 고흥군 대서면 봉두로 ***-**,,34.776379,127.267406,2021-05-10 10:40:39,동물_가축사육업.csv
고흥군,두원축산,돼지,전남광주통합특별시 고흥군 두원면 금성*길 **-***,,34.664099,127.293744,2022-01-27 15:45:21,동물_가축사육업.csv
고흥군,고실GP,돼지,"전남광주통합특별시 고흥군 두원면 금계길 ***-***, 주건축물 제*동",,34.660113,127.270822,2023-03-08 11:11:28,동물_가축사육업.csv
고흥군,오공주축산,돼지,전남광주통합특별시 고흥군 두원면 금성*길 ***-**,,34.662414,127.296878,2022-05-10 17:06:45,동물_가축사육업.csv
고흥군,고실GP,돼지,전남광주통합특별시 고흥군 두원면 금계길 ***-***,,34.660113,127.270822,2025-10-02 14:33:41,동물_가축사육업.csv
고흥군,김영균,돼지,전남광주통합특별시 고흥군 도화면 구암로 ***-**,,34.487225,127.280826,2005-04-26 11:00:36,동물_가축사육업.csv
고흥군,농업회사법인(주)성진종돈,돼지,전남광주통합특별시 고흥군 점암면 만화길 ***-***,,34.609528,127.373241,2024-01-29 17:54:08,동물_가축사육업.csv
보성군,성림축산,돼지,전남광주통합특별시 보성군 율어면 고음길 ***-**,,34.887703,127.20347,2021-09-25 17:30:37,동물_가축사육업.csv
보성군,덕림축산,돼지,전남광주통합특별시 보성군 웅치면 용추덕림길 **-**,,34.700435,127.013769,2026-03-23 15:53:13,동물_가축사육업.csv
보성군,승준농장(3),돼지,전남광주통합특별시 보성군 보성읍 쾌상리 ***-*,,34.742047,127.072425,2020-08-27 09:57:12,동물_가축사육업.csv
보성군,동원농장,돼지,전남광주통합특별시 보성군 득량면 공룡로 ****-*,,34.738966,127.207993,2011-12-20 20:58:43,동물_가축사육업.csv
보성군,승준농장(2),돼지,전남광주통합특별시 보성군 보성읍 쾌상리 ****-*,,34.749787,127.060083,2020-08-27 10:10:52,동물_가축사육업.csv
보성군,승준농장(4),돼지,전남광주통합특별시 보성군 보성읍 일림로 ****-**,,34.747671,127.058179,2020-08-27 10:02:15,동물_가축사육업.csv
보성군,케이디바이오,돼지,전남광주통합특별시 보성군 조성면 수당길 ***,,34.82531,127.258739,2022-10-25 10:33:44,동물_가축사육업.csv
보성군,승지농장,돼지,전남광주통합특별시 보성군 보성읍 동암*길 **,,34.749594,127.072799,2019-10-07 08:53:55,동물_가축사육업.csv
보성군,화원농장,돼지,"전남광주통합특별시 보성군 미력면 용정리 ***-* ,*, *, *, *, *, *, **",,34.820002,127.089914,2023-02-01 10:37:46,동물_가축사육업.csv
보성군,명진농장,돼지,전남광주통합특별시 보성군 조성면 높은담*길 **-**,,34.810233,127.231568,2021-11-16 18:12:15,동물_가축사육업.csv
보성군,늘푸른농장,돼지,전남광주통합특별시 보성군 회천면 화동분매길 ***-**,,34.706717,127.105534,2021-10-25 09:46:04,동물_가축사육업.csv
화순군,가이오농장,돼지,전남광주통합특별시 화순군 화순읍 서당길 ***,,35.0316,126.99396,2024-12-12 16:41:12,동물_가축사육업.csv
화순군,전일농장,돼지,전남광주통합특별시 화순군 동면 농소길 ***,,35.01823,127.030656,2025-12-08 15:57:35,동물_가축사육업.csv
화순군,광덕농원,돼지,전남광주통합특별시 화순군 동면 운곡길 **,,35.016203,127.033829,2017-07-10 13:51:15,동물_가축사육업.csv
화순군,회송농장,돼지,전남광주통합특별시 화순군 춘양면 용회로 ***,,34.949546,126.937303,2019-06-04 13:48:22,동물_가축사육업.csv
화순군,주식회사 중앙축산농업회사법인 나주지점,돼지,전남광주통합특별시 화순군 화순읍 서당길 **,,35.034528,126.993614,2026-01-29 09:15:46,동물_가축사육업.csv
화순군,춘양농장,돼지,전남광주통합특별시 화순군 춘양면 회송리 ***-*,,34.945266,126.943602,2017-07-10 14:13:45,동물_가축사육업.csv
화순군,영인농장,돼지,전남광주통합특별시 화순군 춘양면 회화길 **-**,,34.944425,126.944256,2017-07-10 14:07:13,동물_가축사육업.csv
화순군,무,돼지,전남광주통합특별시 화순군 사평면 효당로 ***,,35.02359,127.122395,2025-12-08 15:08:01,동물_가축사육업.csv
화순군,농업회사법인 유한회사 대성축산,돼지,전남광주통합특별시 화순군 화순읍 서당길 **,,35.033119,126.993921,2023-11-27 16:28:51,동물_가축사육업.csv
화순군,한우리농장,돼지,전남광주통합특별시 화순군 화순읍 서당길 **,,35.033785,126.99483,2018-11-01 18:58:48,동물_가축사육업.csv
화순군,무,돼지,전남광주통합특별시 화순군 백아면 수양로 ***-**,,35.13508,127.152446,2017-07-10 14:10:12,동물_가축사육업.csv
화순군,현미농장,돼지,전남광주통합특별시 화순군 화순읍 서당길 **,,35.033977,126.993752,2018-10-04 16:45:08,동물_가축사육업.csv
화순군,천운축산,돼지,전남광주통합특별시 화순군 동면 농소길 **,,35.018906,127.030167,2017-10-31 17:47:45,동물_가축사육업.csv
화순군,주식회사 중앙축산농업회사법인 나주지점,돼지,전남광주통합특별시 화순군 화순읍 서당길 **-**,,35.033855,126.992477,2026-01-29 09:15:17,동물_가축사육업.csv
화순군,주명농장,돼지,전남광주통합특별시 화순군 동면 오동리 ***,,35.042177,127.053735,2021-12-24 10:39:36,동물_가축사육업.csv
화순군,화순 대영농장,돼지,"전남광주통합특별시 화순군 이서면 규봉로 ***, 요셉농장",,35.097548,127.042942,2025-09-12 09:15:24,동물_가축사육업.csv
화순군,모산농장,돼지,전남광주통합특별시 화순군 한천면 학포로 ****-**,,34.978455,126.969156,2021-07-29 18:01:40,동물_가축사육업.csv
화순군,강성농장,돼지,전남광주통합특별시 화순군 이양면 강성리 ***,,34.931,127.009787,2025-07-11 13:03:34,동물_가축사육업.csv
화순군,승준농장,돼지,전남광주통합특별시 화순군 화순읍 서당길 ** (**),,35.033645,126.993336,2014-12-24 14:29:37,동물_가축사육업.csv
화순군,모두농장,돼지,전남광주통합특별시 화순군 동복면 백아로 ***-**,,35.110884,127.155884,2024-10-29 13:09:49,동물_가축사육업.csv
화순군,대동농장,돼지,전남광주통합특별시 화순군 동복면 축동길 ***,,35.052591,127.138623,2024-12-20 09:05:46,동물_가축사육업.csv
화순군,부경농장,돼지,"전남광주통합특별시 화순군 동복면 독상리 **-* , **-*, **-*, **, **-*, **, **, ***-*, **, **-*",,35.06683,127.140127,2022-02-09 15:18:59,동물_가축사육업.csv
화순군,농업회사법인(주)은혜축산,돼지,전남광주통합특별시 화순군 화순읍 서당길 **,,35.033443,126.993143,2022-05-25 09:30:33,동물_가축사육업.csv
화순군,없  음,돼지,전남광주통합특별시 화순군 한천면 산음길 **,,34.975508,127.02964,2019-04-18 17:19:28,동물_가축사육업.csv
화순군,무,돼지,전남광주통합특별시 화순군 백아면 만선길 **-**,,35.142109,127.109421,2013-08-06 14:17:33,동물_가축사육업.csv
화순군,농업회사법인(주)돈모아(1),돼지,전남광주통합특별시 화순군 화순읍 서당길 **,,35.034419,126.995455,2025-03-14 09:54:44,동물_가축사육업.csv
화순군,송가네농장,돼지,"전남광주통합특별시 화순군 동면 오동리 ***-* , ***-*",,35.042591,127.054148,2021-07-02 16:34:16,동물_가축사육업.csv
화순군,농업회사법인(주)돈모아(2),돼지,전남광주통합특별시 화순군 화순읍 서당길 ***,,35.032451,126.993934,2025-03-14 09:55:29,동물_가축사육업.csv
화순군,혜광농장,돼지,전남광주통합특별시 화순군 화순읍 서당길 **,,35.034412,126.994251,2016-03-16 11:16:29,동물_가축사육업.csv
화순군,대흥축산,돼지,전남광주통합특별시 화순군 청풍면 백운길 **-*,,34.878231,126.95888,2017-12-21 10:11:06,동물_가축사육업.csv
화순군,주명농장,돼지,전남광주통합특별시 화순군 동면 천운길 **,,35.040664,127.055984,2016-08-29 11:31:08,동물_가축사육업.csv
화순군,신토불이,돼지,전남광주통합특별시 화순군 춘양면 용회로 ***,,34.94465,126.934542,2018-12-11 10:45:44,동물_가축사육업.csv
화순군,천운농장,돼지,"전남광주통합특별시 화순군 동면 농소길 ***, 천운농장",,35.01766,127.030738,2020-05-14 15:27:50,동물_가축사육업.csv
화순군,구암청솔농장,돼지,전남광주통합특별시 화순군 동면 넘은골길 ***,,35.046324,127.068932,2023-02-23 17:32:47,동물_가축사육업.csv
화순군,무,돼지,전남광주통합특별시 화순군 능주면 남정리 **-** 외 *필지,,35.002992,126.951448,2025-12-19 16:48:42,동물_가축사육업.csv
화순군,주식회사 중앙축산농업회사법인 나주지점,돼지,전남광주통합특별시 화순군 화순읍 서당길 **-**,,35.034263,126.992976,2026-01-29 09:16:50,동물_가축사육업.csv
장흥군,야베스축산2농장,돼지,"전남광주통합특별시 장흥군 용산면 상금리 ***-* , ***-**, ***-*, ***번지",,34.602226,126.951245,2024-03-06 09:30:07,동물_가축사육업.csv
장흥군,도담농장,돼지,전남광주통합특별시 장흥군 대덕읍 신리옹암로 ***,,34.446261,126.878963,2022-06-15 21:30:09,동물_가축사육업.csv
장흥군,대상농장,돼지,전남광주통합특별시 장흥군 관산읍 죽청리 ***-*,,34.581998,126.980539,2022-07-15 08:31:26,동물_가축사육업.csv
장흥군,천금농장,돼지,전남광주통합특별시 장흥군 용산면 덕암풍길로 ***-**,,34.62119,126.956633,2026-04-24 17:46:05,동물_가축사육업.csv
장흥군,판호농장,돼지,"전남광주통합특별시 장흥군 관산읍 죽청리 *** , ***번지",,34.582506,126.984186,2023-01-11 20:17:47,동물_가축사육업.csv
장흥군,야베스 축산,돼지,전남광주통합특별시 장흥군 관산읍 남끝동두길 ***,,34.543145,126.970083,2022-06-23 11:38:47,동물_가축사육업.csv
장흥군,정남진축산,돼지,전남광주통합특별시 장흥군 용산면 유동상금길 ***-***,,34.60106,126.954182,2025-04-03 09:28:47,동물_가축사육업.csv
장흥군,없음,돼지,전남광주통합특별시 장흥군 대덕읍 덕촌*길 **-**,,34.463631,126.881231,2005-09-21 14:34:02,동물_가축사육업.csv
장흥군,농업회사법인(주)송하미트,돼지,전남광주통합특별시 장흥군 관산읍 저곡길 **-**,,34.554254,126.968179,2024-09-23 14:42:05,동물_가축사육업.csv
강진군,명산농장,돼지,전남광주통합특별시 강진군 성전면 명동길 **-*,,34.685895,126.752885,2024-04-26 17:28:19,동물_가축사육업.csv
강진군,농업회사법인(유)재경팜,돼지,전남광주통합특별시 강진군 성전면 솔치로 ***-* (명산리 ***-*번지 외 *필지),,34.672941,126.753837,2020-04-17 11:24:02,동물_가축사육업.csv
강진군,벌정축산,돼지,전남광주통합특별시 강진군 신전면 해안관광로 ***-**,,34.499646,126.759755,2021-11-10 11:05:18,동물_가축사육업.csv
강진군,농업회사법인 주식회사 엘케이팜,돼지,전남광주통합특별시 강진군 신전면 영관로 *-***,,34.498035,126.693119,2024-11-28 09:58:48,동물_가축사육업.csv
강진군,주식회사남양축산농업회사법인,돼지,전남광주통합특별시 강진군 도암면 해강로 ***-**,,34.568616,126.693319,2019-12-02 13:00:47,동물_가축사육업.csv
강진군,성일축산,돼지,전남광주통합특별시 강진군 성전면 예향로 ***-**,,34.72876,126.711789,2021-11-10 11:07:41,동물_가축사육업.csv
강진군,정태농장,돼지,전남광주통합특별시 강진군 성전면 사문로 **,,34.727941,126.722649,2019-12-02 13:01:37,동물_가축사육업.csv
강진군,명산농장,돼지,전남광주통합특별시 강진군 성전면 명동길 **-**,,34.681361,126.761383,2018-07-26 16:55:58,동물_가축사육업.csv
강진군,양곡농장,돼지,전남광주통합특별시 강진군 군동면 화방로 ***-**,,34.677381,126.809578,2019-11-11 10:27:45,동물_가축사육업.csv
강진군,전남광주통합특별시농업기술원 축산연구소,돼지,전남광주통합특별시 강진군 작천면 금강로 *** (시험장),,34.712115,126.774806,2026-08-03 11:02:15,동물_가축사육업.csv
강진군,정흠농장,돼지,전남광주통합특별시 강진군 작천면 하멜로 ***,,34.703677,126.803342,2021-10-14 14:46:26,동물_가축사육업.csv
강진군,엘케이팜,돼지,전남광주통합특별시 강진군 신전면 백도로 ****-***,,34.499171,126.693835,2021-07-09 13:15:02,동물_가축사육업.csv
해남군,가보영농조합법인 옥천지점,돼지,전남광주통합특별시 해남군 옥천면 신죽리 ***-* 외 *필지,,34.626248,126.644488,2019-04-23 15:04:55,동물_가축사육업.csv
해남군,한농장,돼지,전남광주통합특별시 해남군 북평면 이진리 ****-* 외*필지(****-*번지),,34.390869,126.601884,2019-12-22 14:11:39,동물_가축사육업.csv
해남군,해진영농조합법인,돼지,전남광주통합특별시 해남군 황산면 원호리 *,,34.560675,126.510357,2019-03-28 10:09:13,동물_가축사육업.csv
해남군,허병국농장,돼지,전남광주통합특별시 해남군 송지면 서정리 ****-*,,34.369535,126.557293,2019-12-04 13:18:30,동물_가축사육업.csv
해남군,천하농장,돼지,전남광주통합특별시 해남군 삼산면 평활리 ****-* 외*필지(충리 ****-**번지),,34.523815,126.602746,2022-07-05 10:10:30,동물_가축사육업.csv
해남군,팜스월드 해남팜 1농장,돼지,전남광주통합특별시 해남군 마산면 호교길 ***,,34.580486,126.530839,2020-08-12 16:04:06,동물_가축사육업.csv
해남군,매화영농조합법인,돼지,전남광주통합특별시 해남군 현산면 월송리 ***-* 외 *필지,,34.405739,126.599367,2019-04-18 17:00:15,동물_가축사육업.csv
해남군,한드림농장,돼지,전남광주통합특별시 해남군 황산면 송한길 ***,,34.566488,126.456036,2025-12-19 17:27:14,동물_가축사육업.csv
해남군,황금농장,돼지,전남광주통합특별시 해남군 북평면 남창리 ***-* 외 *필지,,34.405862,126.620685,2018-06-04 16:48:00,동물_가축사육업.csv
해남군,무지개농장,돼지,전남광주통합특별시 해남군 현산면 현산북평로 ***-**,,34.437027,126.567127,2017-09-29 11:32:17,동물_가축사육업.csv
해남군,농업회사법인 선푸드주식회사,돼지,전남광주통합특별시 해남군 마산면 신덕길 **-**,,34.599128,126.542751,2025-08-13 16:41:06,동물_가축사육업.csv
해남군,남도의꿈 2농장,돼지,전남광주통합특별시 해남군 황산면 일신리 **-* 외 *필지,,34.594262,126.514573,2020-05-27 11:43:30,동물_가축사육업.csv
해남군,이암농장,돼지,전남광주통합특별시 해남군 황산면 옥동리 **-*,,34.569575,126.377432,2008-06-25 10:42:45,동물_가축사육업.csv
해남군,부곡농장,돼지,전남광주통합특별시 해남군 황산면 명량로 ****-** (남성축산),,34.574173,126.394935,2015-11-18 09:33:35,동물_가축사육업.csv
해남군,황토농장,돼지,전남광주통합특별시 해남군 북평면 백도로 ***-** (외 *필지),,34.4235,126.630996,2017-12-28 16:00:46,동물_가축사육업.csv
해남군,에스비팜 해남 농업회사법인 주식회사,돼지,전남광주통합특별시 해남군 마산면 외호리 ** 외 *필지,,34.62548,126.596301,2024-03-19 14:40:57,동물_가축사육업.csv
해남군,청운농장,돼지,전남광주통합특별시 해남군 옥천면 백호리 ***-* 외 *필지,,34.531725,126.649558,2019-10-22 18:10:43,동물_가축사육업.csv
해남군,송호하나농장,돼지,전남광주통합특별시 해남군 황산면 송한길 **-***,,34.572018,126.469907,2025-07-10 11:18:46,동물_가축사육업.csv
해남군,남도의꿈 1농장,돼지,전남광주통합특별시 해남군 황산면 송한길 ***,,34.566267,126.455286,2020-05-27 11:31:15,동물_가축사육업.csv
해남군,오산축산,돼지,전남광주통합특별시 해남군 북평면 오산길 ***-*,,34.410499,126.644577,2019-12-22 14:26:45,동물_가축사육업.csv
해남군,다우리농장,돼지,전남광주통합특별시 해남군 현산면 수정동길 ***-**,,34.394969,126.580936,2022-11-08 17:22:18,동물_가축사육업.csv
해남군,세민농장,돼지,전남광주통합특별시 해남군 해남읍 신안리 ***,,34.55453,126.614385,2011-10-04 10:57:06,동물_가축사육업.csv
해남군,에스비팜 서백,돼지,전남광주통합특별시 해남군 마산면 간척지*길 ****-**,,34.628363,126.5906,2024-02-26 15:59:13,동물_가축사육업.csv
해남군,해송축산,돼지,전남광주통합특별시 해남군 산이면 산이로 ***-**,,34.633651,126.467899,2020-11-10 10:17:20,동물_가축사육업.csv
해남군,농업회사법인그린피그팜(주),돼지,전남광주통합특별시 해남군 황산면 남석길 ***,,34.585154,126.406827,2024-12-11 18:28:24,동물_가축사육업.csv
해남군,가보영농조합법인 해남지점,돼지,전남광주통합특별시 해남군 옥천면 해남로 ****-**,,34.629616,126.64835,2019-10-23 16:35:17,동물_가축사육업.csv
해남군,농업회사법인그린피그팜(주)자돈,돼지,전남광주통합특별시 해남군 황산면 교동길 ***,,34.568294,126.489278,2024-12-11 18:18:00,동물_가축사육업.csv
해남군,팜스월드 해남팜 2농장,돼지,전남광주통합특별시 해남군 마산면 상등리 ***-* 외 *필지,,34.585972,126.543911,2020-08-12 16:26:12,동물_가축사육업.csv
해남군,대정축산,돼지,전남광주통합특별시 해남군 옥천면 신계리 ***,,34.606795,126.632722,2026-07-21 09:57:03,동물_가축사육업.csv
해남군,북일농장,돼지,전남광주통합특별시 해남군 북일면 양화리길 **,,34.418139,126.674038,2023-10-16 16:49:16,동물_가축사육업.csv
해남군,저담정농장,돼지,전남광주통합특별시 해남군 현산면 월송리 ***-* 외 *필지(***-*),,34.404346,126.598562,2026-06-10 10:35:52,동물_가축사육업.csv
해남군,지우축산,돼지,전남광주통합특별시 해남군 북평면 오산리 *** 외 *필지,,34.414216,126.647268,2022-01-24 13:35:45,동물_가축사육업.csv
영암군,성일축산영농조합법인,돼지,전남광주통합특별시 영암군 미암면 잿등로 ***-**,,34.71568,126.546209,2020-09-24 10:46:15,동물_가축사육업.csv
영암군,구시월드 구시GGP,돼지,전남광주통합특별시 영암군 도포면 선불길 **-**,,34.84324,126.667748,2015-02-17 14:06:15,동물_가축사육업.csv
영암군,농업회사법인 팜돈(주),돼지,전남광주통합특별시 영암군 시종면 여천길 **-**,,34.870949,126.596347,2026-04-17 10:12:20,동물_가축사육업.csv
영암군,김광동농장3,돼지,전남광주통합특별시 영암군 도포면 영호길 *-**,,34.872417,126.642593,2023-04-10 08:57:01,동물_가축사육업.csv
영암군,우성축산,돼지,전남광주통합특별시 영암군 서호면 영산로 ****-***,,34.792893,126.56361,2022-11-23 11:50:43,동물_가축사육업.csv
영암군,성재축산,돼지,전남광주통합특별시 영암군 서호면 성재길 **-**,,34.79908,126.575693,2018-06-12 09:29:55,동물_가축사육업.csv
영암군,밤재농장,돼지,전남광주통합특별시 영암군 학산면 녹색로 ****,,34.698232,126.6702,2021-09-27 15:52:48,동물_가축사육업.csv
영암군,다울농장,돼지,전남광주통합특별시 영암군 미암면 선황로 **,,34.701773,126.574287,2016-03-25 09:02:41,동물_가축사육업.csv
영암군,농업회사법인 주식회사 올바른,돼지,전남광주통합특별시 영암군 학산면 녹색로 ****-*,,34.701206,126.654483,2023-07-05 10:16:02,동물_가축사육업.csv
영암군,해누리팜,돼지,전남광주통합특별시 영암군 도포면 마한문화로 ***-**,,34.873662,126.640778,2015-01-30 10:38:37,동물_가축사육업.csv
영암군,구시월드 대양축산,돼지,전남광주통합특별시 영암군 신북면 예향로 ****-**,,34.845297,126.698352,2019-06-11 10:42:55,동물_가축사육업.csv
영암군,봉학농장,돼지,전남광주통합특별시 영암군 도포면 마한문화로 ***-*,,34.874374,126.640162,2016-03-25 10:08:49,동물_가축사육업.csv
영암군,재고축산,돼지,전남광주통합특별시 영암군 신북면 박망동길 **-**,,34.913361,126.696346,2025-08-17 16:10:02,동물_가축사육업.csv
영암군,코리아축산,돼지,전남광주통합특별시 영암군 도포면 원산로 ** (외*필지),,34.848366,126.664075,2021-11-26 11:36:53,동물_가축사육업.csv
영암군,진영축산,돼지,전남광주통합특별시 영암군 덕진면 서리등로 **,,34.834801,126.68434,2021-04-26 13:30:43,동물_가축사육업.csv
영암군,우리손 영암농장,돼지,전남광주통합특별시 영암군 도포면 영평길 ***,,34.869898,126.642269,2021-12-07 16:51:12,동물_가축사육업.csv
영암군,김광동농장2,돼지,전남광주통합특별시 영암군 도포면 영호리 ***-**,,34.872766,126.642021,2023-04-10 11:42:34,동물_가축사육업.csv
영암군,이유농장,돼지,전남광주통합특별시 영암군 학산면 율치제길 ***,,34.703507,126.656677,2021-10-05 15:44:56,동물_가축사육업.csv
영암군,칠봉농장,돼지,전남광주통합특별시 영암군 덕진면 소방항공대길 **-**,,34.826324,126.699351,2021-09-30 10:53:42,동물_가축사육업.csv
영암군,정일농장,돼지,전남광주통합특별시 영암군 학산면 율치제길 **,,34.703059,126.652996,2015-01-30 11:09:49,동물_가축사육업.csv
영암군,농업회사법인 새유리,돼지,전남광주통합특별시 영암군 도포면 원산로 ***-**,,34.849957,126.670456,2025-01-14 18:11:08,동물_가축사육업.csv
영암군,에스엘축산영농조합법인,돼지,전남광주통합특별시 영암군 미암면 흑석로 ****-**,,34.699506,126.565602,2020-03-10 10:55:33,동물_가축사육업.csv
영암군,전일농장,돼지,전남광주통합특별시 영암군 미암면 흑석로 ****-**,,34.700855,126.565346,2026-03-11 16:41:14,동물_가축사육업.csv
영암군,창업축산,돼지,전남광주통합특별시 영암군 미암면 신포리 **-* 외 *필지,,34.704123,126.547327,2015-01-30 09:56:51,동물_가축사육업.csv
영암군,오선농장,돼지,전남광주통합특별시 영암군 도포면 영호리 ***-**,,34.87595,126.641128,2020-04-22 13:17:29,동물_가축사육업.csv
영암군,유진농장,돼지,전남광주통합특별시 영암군 도포면 영호리 ***-**,,34.873183,126.64243,2016-05-03 15:12:50,동물_가축사육업.csv
영암군,송광농장,돼지,전남광주통합특별시 영암군 도포면 반용길 **-**,,34.8703,126.680035,2015-02-22 12:57:18,동물_가축사육업.csv
영암군,김광동농장1,돼지,전남광주통합특별시 영암군 도포면 마한문화로 ***-**,,34.873929,126.640525,2023-04-10 11:42:14,동물_가축사육업.csv
영암군,서현농장,돼지,전남광주통합특별시 영암군 학산면 녹색로 ****-*,,34.697795,126.669915,2020-07-20 08:58:33,동물_가축사육업.csv
영암군,늘행복한농장,돼지,전남광주통합특별시 영암군 신북면 박망동길 **-**,,34.912448,126.695495,2025-12-01 14:42:32,동물_가축사육업.csv
영암군,낭주농장,돼지,전남광주통합특별시 영암군 도포면 숭의길 ***,,34.824218,126.602422,2019-10-17 14:05:28,동물_가축사육업.csv
영암군,영호양돈축산영농조합법인,돼지,전남광주통합특별시 영암군 도포면 마한문화로 ***-** (외 *필지),,34.873929,126.640525,2015-02-17 14:04:49,동물_가축사육업.csv
영암군,희망돈 농장,돼지,전남광주통합특별시 영암군 군서면 오산로 **-**,,34.794539,126.66557,2018-11-26 10:03:54,동물_가축사육업.csv
영암군,동성농장,돼지,전남광주통합특별시 영암군 금정면 청용리 ***-*,,34.859285,126.847846,2026-04-07 09:55:04,동물_가축사육업.csv
무안군,일심제2농장,돼지,전남광주통합특별시 무안군 일로읍 문화로 ***,,34.871631,126.473927,2021-01-28 09:12:29,동물_가축사육업.csv
무안군,대호팜스 농업회사법인 주식회사,돼지,전남광주통합특별시 무안군 일로읍 일로농장길 **-**,,34.860001,126.508644,2023-10-12 09:20:34,동물_가축사육업.csv
무안군,초은농장,돼지,전남광주통합특별시 무안군 현경면 메부리길 **,,35.02558,126.412353,2025-12-19 10:47:28,동물_가축사육업.csv
무안군,천지영농조합법인(박천재),돼지,"전남광주통합특별시 무안군 청계면 서호리 *** ***-*,-*,-*,-**,-**,-**,-**,-**,-**,-**,-**,-**,-**,-**등**필지",,34.949583,126.416587,2024-10-24 13:54:58,동물_가축사육업.csv
무안군,대우농장,돼지,전남광주통합특별시 무안군 청계면 송복길 ***-**,,34.935237,126.422124,2026-07-29 17:36:02,동물_가축사육업.csv
무안군,농업회사법인 유한회사 희망찬,돼지,"전남광주통합특별시 무안군 망운면 목동리 ***-* , ***, ***-*, ***-*, ***-**, ***-*, ***-**, ***-**",,35.002661,126.404022,2026-02-20 10:09:54,동물_가축사육업.csv
무안군,용호농장,돼지,전남광주통합특별시 무안군 운남면 운해로 ***-**,,34.925125,126.331248,2023-03-03 13:58:16,동물_가축사육업.csv
무안군,성일축산 영농조합법인(대표 이용기),돼지,전남광주통합특별시 무안군 일로읍 백련로 ***-**,,34.85221,126.545049,2023-10-12 09:31:57,동물_가축사육업.csv
무안군,송전농장,돼지,"전남광주통합특별시 무안군 삼향읍 맥포리 **** , ****, ***-*, ***-*, ****-**, ***",,34.843264,126.475826,2023-07-26 13:29:26,동물_가축사육업.csv
무안군,영해축산A,돼지,전남광주통합특별시 무안군 운남면 동암리 ****-*,,34.924085,126.362223,2023-03-03 13:42:48,동물_가축사육업.csv
무안군,분이농장,돼지,전남광주통합특별시 무안군 운남면 저동길 ***,,34.967023,126.336016,2023-09-05 16:01:45,동물_가축사육업.csv
무안군,돈유촌농장,돼지,"전남광주통합특별시 무안군 일로읍 인의로 ***-** (,***번지 *호)",,34.841942,126.515014,2024-04-29 15:06:34,동물_가축사육업.csv
무안군,청솔농장,돼지,전남광주통합특별시 무안군 현경면 현해로 ***-**,,35.040875,126.387284,2024-10-24 14:03:18,동물_가축사육업.csv
무안군,기선농장,돼지,전남광주통합특별시 무안군 운남면 운해로 ***-**,,34.93418,126.336612,2024-02-29 20:42:33,동물_가축사육업.csv
무안군,청하농장,돼지,전남광주통합특별시 무안군 삼향읍 수련길 ***,,34.876349,126.43691,2026-02-26 10:37:16,동물_가축사육업.csv
무안군,농업회사법인(주)행복한동행,돼지,전남광주통합특별시 무안군 운남면 운해로 **-**,,34.918585,126.342432,2024-07-03 10:06:46,동물_가축사육업.csv
무안군,팔금농장,돼지,전남광주통합특별시 무안군 삼향읍 왕산로 ***-* (팔금농장),,34.86553,126.405927,2021-12-09 09:23:17,동물_가축사육업.csv
무안군,가보영농조합법인 무안지점,돼지,전남광주통합특별시 무안군 청계면 남청길 **-**,,34.953046,126.427863,2021-12-23 17:01:35,동물_가축사육업.csv
무안군,대박축산,돼지,"전남광주통합특별시 무안군 운남면 성내리 *** ,***",,34.925817,126.341466,2024-02-29 20:56:01,동물_가축사육업.csv
무안군,서당농장,돼지,전남광주통합특별시 무안군 일로읍 감돈길 **-**,,34.873234,126.463197,2023-10-30 11:25:15,동물_가축사육업.csv
무안군,승지축산,돼지,전남광주통합특별시 무안군 현경면 용정리 ***-*,,35.04682,126.374436,2024-02-29 21:55:51,동물_가축사육업.csv
무안군,성혁농장,돼지,전남광주통합특별시 무안군 운남면 신월로 ***-**,,34.959917,126.324386,2025-12-19 09:21:57,동물_가축사육업.csv
무안군,정은축산,돼지,전남광주통합특별시 무안군 몽탄면 사내길 ***-*,,34.928755,126.467907,2015-04-03 17:30:15,동물_가축사육업.csv
무안군,성아영농조합법인,돼지,"전남광주통합특별시 무안군 청계면 서호리 ***-** , ***-**, ***-**, ***-**, ***-**",,34.948677,126.414606,2024-02-29 17:14:02,동물_가축사육업.csv
무안군,청하농장,돼지,"전남광주통합특별시 무안군 삼향읍 수련길 *** (***-*,***-**,***-**)",,34.876349,126.43691,2024-01-12 21:03:56,동물_가축사육업.csv
무안군,목섬농장,돼지,전남광주통합특별시 무안군 운남면 동암리 ***-*,,34.940949,126.372591,2024-02-29 20:47:22,동물_가축사육업.csv
무안군,에스엘축산영농조합법인,돼지,전남광주통합특별시 무안군 일로읍 백련로 ***-**,,34.85215,126.543279,2020-10-29 16:54:39,동물_가축사육업.csv
무안군,S-농장,돼지,전남광주통합특별시 무안군 운남면 신월로 ***-**,,34.969142,126.324158,2024-12-07 10:30:23,동물_가축사육업.csv
무안군,삼호축산농장,돼지,"전남광주통합특별시 무안군 운남면 영해로 **-** (, **번지 *호)",,34.930492,126.341554,2024-01-12 19:16:40,동물_가축사육업.csv
무안군,영해축산B,돼지,전남광주통합특별시 무안군 운남면 영해촌길 **-**,,34.923983,126.362639,2021-07-02 15:48:54,동물_가축사육업.csv
무안군,부영농장,돼지,"전남광주통합특별시 무안군 망운면 동목장길 ***, 부영농장",,35.002117,126.406138,2023-10-19 13:05:54,동물_가축사육업.csv
무안군,학골농장,돼지,전남광주통합특별시 무안군 삼향읍 송죽길 ***-***,,34.852432,126.470639,2026-06-26 15:08:48,동물_가축사육업.csv
무안군,유한회사 승지,돼지,전남광주통합특별시 무안군 현경면 용정리 ***-**,,35.046855,126.375151,2021-07-06 12:59:07,동물_가축사육업.csv
무안군,평산농장,돼지,"전남광주통합특별시 무안군 삼향읍 왕산리 ** , **-*, **-*, **, **, ****-*, **, **-*",,34.863074,126.434323,2024-01-19 09:20:51,동물_가축사육업.csv
무안군,열린미생물농장,돼지,전남광주통합특별시 무안군 삼향읍 왕산리 ****-*,,34.863442,126.403849,2020-07-24 08:57:32,동물_가축사육업.csv
무안군,오선농장,돼지,전남광주통합특별시 무안군 운남면 영해로 **-**,,34.928472,126.342753,2024-10-24 14:01:35,동물_가축사육업.csv
무안군,성내농장,돼지,"전남광주통합특별시 무안군 운남면 영해로 ***-*, 성내농장",,34.922102,126.352042,2024-06-25 13:59:20,동물_가축사육업.csv
무안군,달성농장,돼지,전남광주통합특별시 무안군 몽탄면 법천길 ***,,34.893258,126.470769,2024-02-29 18:29:02,동물_가축사육업.csv
무안군,현화농장,돼지,전남광주통합특별시 무안군 현경면 백양동길 ***-**,,35.029023,126.44682,2023-03-03 14:08:08,동물_가축사육업.csv
무안군,하늘팜,돼지,"전남광주통합특별시 무안군 운남면 하묘리 ***-* , ***-**, ***-**, ***-**, ***-**, ***",,34.978697,126.350843,2025-07-03 16:52:31,동물_가축사육업.csv
무안군,농업회사법인(주)승언팜스,돼지,전남광주통합특별시 무안군 무안읍 몽탄로 ***-*** (농업회사법인주식회사병아리나라),,34.987393,126.510295,2017-06-16 17:09:51,동물_가축사육업.csv
무안군,이천농원,돼지,전남광주통합특별시 무안군 몽탄면 봉명양장로 ***-**,,34.889386,126.475379,2024-02-19 13:17:34,동물_가축사육업.csv
무안군,복룡농장,돼지,전남광주통합특별시 무안군 삼향읍 복룡길 **-**,,34.865882,126.412615,2025-12-29 10:06:48,동물_가축사육업.csv
무안군,미영농장,돼지,전남광주통합특별시 무안군 운남면 운해로 ***,,34.924818,126.337463,2024-02-29 20:40:36,동물_가축사육업.csv
무안군,산내골농장,돼지,전남광주통합특별시 무안군 삼향읍 송죽길 ***-*** (외 *필지),,34.85329,126.468612,2024-02-29 16:42:25,동물_가축사육업.csv
무안군,신성농장,돼지,전남광주통합특별시 무안군 운남면 영해로 **-**,,34.929433,126.342547,2015-04-03 17:43:46,동물_가축사육업.csv
무안군,용희농장,돼지,전남광주통합특별시 무안군 삼향읍 수련길 ***,,34.875898,126.436528,2026-01-15 13:11:14,동물_가축사육업.csv
무안군,태양축산,돼지,전남광주통합특별시 무안군 운남면 동암리 ****-** 외 **필지,,34.938715,126.34564,2025-03-17 15:35:03,동물_가축사육업.csv
무안군,옛고을농장,돼지,전남광주통합특별시 무안군 현경면 지망길 ***-*,,35.031862,126.437267,2024-04-15 16:57:22,동물_가축사육업.csv
무안군,양돈 농장,돼지,전남광주통합특별시 무안군 일로읍 인의로 ***-**,,34.842221,126.514695,2024-10-23 14:27:05,동물_가축사육업.csv
무안군,에벤에셀축산,돼지,전남광주통합특별시 무안군 청계면 해안로 ***-*,,34.930795,126.395192,2019-01-23 09:54:06,동물_가축사육업.csv
무안군,진봉농장,돼지,전남광주통합특별시 무안군 삼향읍 지산리 ***-**,,34.865882,126.412615,2025-12-29 10:07:09,동물_가축사육업.csv
무안군,부영농장,돼지,"전남광주통합특별시 무안군 망운면 동목장길 ***, 부영농장",,35.002117,126.406138,2020-10-29 16:53:07,동물_가축사육업.csv
무안군,농업회사법인 유한회사 진성축산(대표 : 박진성),돼지,전남광주통합특별시 무안군 현경면 오류길 ***-**,,35.049139,126.349346,2025-07-03 15:41:16,동물_가축사육업.csv
무안군,성오축산영농조합법인,돼지,전남광주통합특별시 무안군 일로읍 백련로 ***-**,,34.852181,126.544094,2022-08-31 09:39:32,동물_가축사육업.csv
무안군,웅지농장,돼지,"전남광주통합특별시 무안군 삼향읍 덕산길 *-** (,***-*)",,34.866376,126.427258,2024-02-28 19:16:28,동물_가축사육업.csv
무안군,홍성농장,돼지,전남광주통합특별시 무안군 몽탄면 양장길 ***-**,,34.883881,126.475382,2024-10-23 14:51:07,동물_가축사육업.csv
무안군,이천 농장,돼지,전남광주통합특별시 무안군 일로읍 감돈리 ***-*,,34.868198,126.464633,2024-10-23 14:25:38,동물_가축사육업.csv
무안군,농업회사법인 주식회사 승언팜스,돼지,전남광주통합특별시 무안군 무안읍 몽탄로 ***-***,,34.985097,126.510989,2018-02-14 08:57:15,동물_가축사육업.csv
무안군,이화축산,돼지,전남광주통합특별시 무안군 운남면 월악길 **-** (외 *필지),,34.953116,126.325035,2026-01-28 11:45:38,동물_가축사육업.csv
무안군,용호농장,돼지,"전남광주통합특별시 무안군 청계면 해안로 **-*** (산**-*, ***-*,***-*)",,34.905565,126.416143,2026-03-13 15:13:05,동물_가축사육업.csv
무안군,삼민농장,돼지,전남광주통합특별시 무안군 몽탄면 양장길 **,,34.878023,126.472363,2023-03-03 14:12:56,동물_가축사육업.csv
무안군,해동축산,돼지,"전남광주통합특별시 무안군 삼향읍 왕산리 ****-** , **번지, **번지",,34.879388,126.402811,2024-02-29 20:38:41,동물_가축사육업.csv
무안군,새한농장,돼지,"전남광주통합특별시 무안군 청계면 독골길 **, 새한농장",,34.877693,126.441665,2020-11-11 21:22:43,동물_가축사육업.csv
무안군,두레축산,돼지,전남광주통합특별시 무안군 현경면 원평산길 **-**,,35.024044,126.431293,2024-10-23 14:49:33,동물_가축사육업.csv
무안군,일로성실축산,돼지,전남광주통합특별시 무안군 일로읍 백련로 ***-**,,34.852151,126.543555,2024-10-24 13:36:00,동물_가축사육업.csv
무안군,온유축산,돼지,전남광주통합특별시 무안군 운남면 운해로 ***-**,,34.966818,126.347628,2023-02-23 15:10:05,동물_가축사육업.csv
무안군,연동축산,돼지,전남광주통합특별시 무안군 운남면 월악길 **-**,,34.957229,126.328037,2024-02-29 17:37:38,동물_가축사육업.csv
무안군,무안지혜팜,돼지,전남광주통합특별시 무안군 운남면 영해로 ***-**,,34.956691,126.351216,2025-08-25 11:33:39,동물_가축사육업.csv
무안군,정암축산,돼지,전남광주통합특별시 무안군 운남면 와우로 ***-**,,34.967423,126.33186,2026-01-09 11:08:20,동물_가축사육업.csv
무안군,목섬2농장,돼지,전남광주통합특별시 무안군 운남면 화전길 **,,34.939369,126.372123,2024-10-24 11:26:46,동물_가축사육업.csv
무안군,림해축산,돼지,전남광주통합특별시 무안군 청계면 해안로 ***,,34.930991,126.39582,2024-02-29 18:24:41,동물_가축사육업.csv
무안군,창원축산,돼지,전남광주통합특별시 무안군 청계면 강정길 **-* (창원축산),,34.937375,126.406829,2020-04-16 08:53:52,동물_가축사육업.csv
무안군,일요농장,돼지,전남광주통합특별시 무안군 일로읍 일로연동길 **-**,,34.861423,126.493457,2016-05-29 15:06:06,동물_가축사육업.csv
무안군,저동농장,돼지,전남광주통합특별시 무안군 운남면 와우로 ***-**,,34.968872,126.33235,2021-05-06 16:47:37,동물_가축사육업.csv
무안군,내덕농장,돼지,전남광주통합특별시 무안군 망운면 서목장길 **-**,,35.018352,126.382425,2020-03-19 09:41:22,동물_가축사육업.csv
무안군,무안SP센타,돼지,전남광주통합특별시 무안군 현경면 평산리 ***-**,,35.030117,126.440251,2016-06-01 13:33:44,동물_가축사육업.csv
무안군,성원축산,돼지,전남광주통합특별시 무안군 청계면 해안로 ***,,34.95098,126.393819,2018-12-31 11:47:39,동물_가축사육업.csv
무안군,신월농장,돼지,"전남광주통합특별시 무안군 운남면 신월로 ***-*, 신월농장",,34.969855,126.298008,2021-10-16 14:32:52,동물_가축사육업.csv
무안군,부영농장3,돼지,전남광주통합특별시 무안군 망운면 목동리 ***-** 외 **필지,,35.001683,126.405897,2023-11-01 16:21:32,동물_가축사육업.csv
무안군,이레농장,돼지,전남광주통합특별시 무안군 몽탄면 양장길 ***,,34.883561,126.481927,2024-10-23 14:53:34,동물_가축사육업.csv
무안군,농업회사법인유한회사성아축산,돼지,전남광주통합특별시 무안군 현경면 오류길 ***-**,,35.045588,126.354436,2024-02-29 17:35:56,동물_가축사육업.csv
무안군,새순농장,돼지,전남광주통합특별시 무안군 운남면 영해로 **-**,,34.928731,126.341537,2025-04-03 15:30:43,동물_가축사육업.csv
무안군,봉산농장,돼지,전남광주통합특별시 무안군 몽탄면 봉산길 **-**,,34.974776,126.532051,2018-07-19 16:43:38,동물_가축사육업.csv
무안군,내화축산,돼지,전남광주통합특별시 무안군 운남면 양금로 ***-**,,34.947412,126.336691,2024-11-28 16:32:42,동물_가축사육업.csv
함평군,신광축산,돼지,전남광주통합특별시 함평군 신광면 덕일길 ***,,35.149226,126.518416,2019-07-12 14:17:08,동물_가축사육업.csv
함평군,주포농장,돼지,전남광주통합특별시 함평군 손불면 석산로 ***-**,,35.10431,126.46226,2025-08-21 10:52:30,동물_가축사육업.csv
함평군,세화농장,돼지,전남광주통합특별시 함평군 월야면 문화로 ****-***,,35.232176,126.604888,2019-03-19 17:32:41,동물_가축사육업.csv
함평군,기림농장,돼지,전남광주통합특별시 함평군 나산면 삼방길 ***,,35.108106,126.568862,2023-01-05 09:45:04,동물_가축사육업.csv
함평군,버든농장,돼지,전남광주통합특별시 함평군 손불면 유록길 **,,35.132485,126.433266,2020-12-17 17:54:59,동물_가축사육업.csv
함평군,대림축산(2),돼지,전남광주통합특별시 함평군 신광면 유천리 산 **-*,,35.123918,126.490649,2021-05-25 19:44:54,동물_가축사육업.csv
함평군,버든농장,돼지,전남광주통합특별시 함평군 손불면 감남길 **-**,,35.12722,126.434043,2020-12-17 17:48:58,동물_가축사육업.csv
함평군,성철농장,돼지,전남광주통합특별시 함평군 학교면 월호리 ***-*,,34.992521,126.56877,2016-03-11 13:24:10,동물_가축사육업.csv
함평군,그린농장,돼지,전남광주통합특별시 함평군 함평읍 작동신풍길 ***-**,,35.045596,126.471385,2021-12-15 17:14:45,동물_가축사육업.csv
함평군,전농영농조합법인,돼지,전남광주통합특별시 함평군 신광면 학천길 **-**,,35.124898,126.491025,2021-09-30 18:25:36,동물_가축사육업.csv
함평군,고려축산,돼지,전남광주통합특별시 함평군 함평읍 장년길 ***,,35.097845,126.479815,2023-11-30 10:58:17,동물_가축사육업.csv
함평군,월천농장,돼지,전남광주통합특별시 함평군 손불면 북성길 **-**,,35.154204,126.413826,2025-02-25 13:32:32,동물_가축사육업.csv
함평군,어전농장,돼지,전남광주통합특별시 함평군 손불면 북성길 **-**,,35.153116,126.414097,2021-12-24 09:15:26,동물_가축사육업.csv
함평군,농업회사법인 선경 주식회사,돼지,전남광주통합특별시 함평군 신광면 군유로 **,,35.149221,126.490274,2018-08-22 13:31:53,동물_가축사육업.csv
함평군,농업회사법인주식회사드림피그,돼지,전남광주통합특별시 함평군 함평읍 성남리 ***-*,,35.0349,126.488226,2022-08-30 18:13:07,동물_가축사육업.csv
함평군,서원농장,돼지,전남광주통합특별시 함평군 월야면 예덕리 ***-*,,35.220519,126.613149,2025-11-21 13:45:59,동물_가축사육업.csv
함평군,도흥농장,돼지,전남광주통합특별시 함평군 나산면 삼축길 ***-**,,35.126602,126.602958,2020-02-25 18:09:20,동물_가축사육업.csv
함평군,해보단지7호,돼지,전남광주통합특별시 함평군 해보면 상곡리 ***-*,,35.156733,126.588674,2007-08-10 14:53:35,동물_가축사육업.csv
함평군,연암농장,돼지,전남광주통합특별시 함평군 학교면 중천포로 ***-**,,35.012917,126.5673,2022-04-13 15:32:20,동물_가축사육업.csv
함평군,함평천지생태농장,돼지,전남광주통합특별시 함평군 함평읍 만흥리 ***-*,,35.048572,126.476465,2012-02-20 11:11:05,동물_가축사육업.csv
함평군,초원농장,돼지,전남광주통합특별시 함평군 학교면 서당매길 **-**,,35.007925,126.539971,2026-02-03 10:34:56,동물_가축사육업.csv
함평군,큰부자농장,돼지,전남광주통합특별시 함평군 함평읍 함장로 ***-**,,35.046057,126.491753,2020-08-04 19:08:05,동물_가축사육업.csv
함평군,석창양돈장,돼지,전남광주통합특별시 함평군 손불면 석산로 ***-**,,35.11132,126.43492,2022-05-17 14:14:15,동물_가축사육업.csv
함평군,영진축산,돼지,전남광주통합특별시 함평군 학교면 학교월봉길 ***-**,,35.04604,126.550423,2019-12-09 15:35:56,동물_가축사육업.csv
함평군,고막농장,돼지,전남광주통합특별시 함평군 학교면 영산로 ****-*,,35.035304,126.578272,2022-07-04 09:24:24,동물_가축사육업.csv
함평군,대호농장,돼지,전남광주통합특별시 함평군 함평읍 돌머리길  ***-**,,35.075874,126.49234,2024-11-07 17:11:22,동물_가축사육업.csv
함평군,미래축산,돼지,전남광주통합특별시 함평군 함평읍 성덕길 **-**,,35.076798,126.460273,2015-07-31 09:52:24,동물_가축사육업.csv
함평군,감박농장,돼지,전남광주통합특별시 함평군 함평읍 자풍길  **-**,,35.032078,126.472129,2023-03-13 10:00:22,동물_가축사육업.csv
함평군,백돼지팜,돼지,"전남광주통합특별시 함평군 함평읍 자풍길 **-**, 외 *필지",,35.034356,126.480485,2023-03-27 10:34:27,동물_가축사육업.csv
함평군,천지축산,돼지,전남광주통합특별시 함평군 함평읍 작동신풍길 **-**,,35.042478,126.476428,2019-01-17 16:35:18,동물_가축사육업.csv
함평군,함평농장,돼지,전남광주통합특별시 함평군 월야면 용월길 **-**,,35.153694,126.634124,2025-01-14 16:05:49,동물_가축사육업.csv
함평군,악사농장,돼지,전남광주통합특별시 함평군 학교면 함영로 ***,,34.997227,126.536756,2024-02-14 17:56:27,동물_가축사육업.csv
함평군,대림축산(1),돼지,전남광주통합특별시 함평군 학교면 학교월봉길 ***-**,,35.044921,126.550615,2018-10-01 09:43:32,동물_가축사육업.csv
함평군,돈벗영농조합법인,돼지,전남광주통합특별시 함평군 신광면 군유로 ***-**,,35.16046,126.473381,2019-04-05 09:50:10,동물_가축사육업.csv
함평군,수정축산,돼지,전남광주통합특별시 함평군 신광면 동정리 ***,,35.16539,126.466752,2014-05-14 15:34:01,동물_가축사육업.csv
함평군,바울농장,돼지,전남광주통합특별시 함평군 월야면 문화로 ***-**,,35.210339,126.611054,2021-07-08 09:26:03,동물_가축사육업.csv
함평군,엄다농장,돼지,전남광주통합특별시 함평군 엄다면 함무길 ***,,35.036572,126.503755,2020-03-16 16:47:33,동물_가축사육업.csv
함평군,화돈농장,돼지,전남광주통합특별시 함평군 함평읍 돌머리길 ***-**,,35.076579,126.470156,2022-08-30 14:48:14,동물_가축사육업.csv
함평군,농업회사법인 유한회사 아성농장,돼지,전남광주통합특별시 함평군 손불면 죽암죽장길 ***-**,,35.135271,126.477075,2019-08-19 15:54:18,동물_가축사육업.csv
함평군,양림농장,돼지,전남광주통합특별시 함평군 함평읍 주포로 **-**,,35.085027,126.493437,2019-08-16 17:11:36,동물_가축사육업.csv
함평군,이레농장,돼지,전남광주통합특별시 함평군 신광면 신광해안길 **-** (외 *필지),,35.155034,126.443892,2019-02-26 09:17:43,동물_가축사육업.csv
함평군,벧엘농장,돼지,전남광주통합특별시 함평군 함평읍 지우재길 ***-**,,35.073045,126.48317,2022-08-22 17:54:09,동물_가축사육업.csv
함평군,위경포크,돼지,전남광주통합특별시 함평군 함평읍 자풍길 **-**,,35.03216,126.473193,2026-01-13 14:54:55,동물_가축사육업.csv
함평군,대성축산,돼지,전남광주통합특별시 함평군 함평읍 가작길 **,,35.073196,126.48771,2022-07-27 09:57:55,동물_가축사육업.csv
함평군,다산농장,돼지,전남광주통합특별시 함평군 월야면 문화로 ****-***,,35.233101,126.6037,2019-06-24 18:09:24,동물_가축사육업.csv
함평군,부림축산,돼지,전남광주통합특별시 함평군 손불면 손무로 ***-**,,35.146895,126.416092,2018-12-11 10:31:59,동물_가축사육업.csv
함평군,저수농장,돼지,전남광주통합특별시 함평군 손불면 신동길 ***,,35.145689,126.412023,2016-03-09 17:14:05,동물_가축사육업.csv
함평군,수지농원,돼지,전남광주통합특별시 함평군 월야면 월삼길 ***-**,,35.196738,126.634111,2015-03-13 09:50:34,동물_가축사육업.csv
영광군,금오축산,돼지,전남광주통합특별시 영광군 묘량면 덕흥길*길 **,,35.291248,126.53917,2026-06-17 17:53:37,동물_가축사육업.csv
영광군,금오2농장,돼지,전남광주통합특별시 영광군 묘량면 덕흥리 ***-*,,35.290741,126.540143,2023-07-21 17:56:49,동물_가축사육업.csv
영광군,만년농장,돼지,전남광주통합특별시 영광군 군서면 가남로 ***-**,,35.251803,126.497645,2022-05-31 17:30:04,동물_가축사육업.csv
영광군,거성농장,돼지,전남광주통합특별시 영광군 대마면 영대로 ***-**,,35.303186,126.551577,2020-08-03 10:44:45,동물_가축사육업.csv
영광군,상화농장,돼지,전남광주통합특별시 영광군 대마면 화평길*길 **-**,,35.285277,126.56074,2017-04-17 11:38:37,동물_가축사육업.csv
영광군,태화축산,돼지,전남광주통합특별시 영광군 묘량면 덕흥길*길 **-*,,35.290335,126.539013,2018-10-29 16:54:00,동물_가축사육업.csv
영광군,동산농원,돼지,전남광주통합특별시 영광군 대마면 영장로**길 ***,,35.308251,126.614686,2015-06-16 10:39:20,동물_가축사육업.csv
영광군,은이농장,돼지,"전남광주통합특별시 영광군 묘량면 덕흥리 ***-** ***-**, ***-**, 산**-**",,35.28827,126.538444,2023-03-13 17:51:15,동물_가축사육업.csv
영광군,부농농장,돼지,전남광주통합특별시 영광군 염산면 봉덕로 ***-**,,35.235209,126.3589,2024-07-18 16:12:24,동물_가축사육업.csv
영광군,연동축산,돼지,전남광주통합특별시 영광군 영광읍 영대로 ***,,35.287787,126.518681,2020-08-03 13:30:06,동물_가축사육업.csv
영광군,한울축산,돼지,전남광주통합특별시 영광군 법성면 용성월산로*길 **-*,,35.342126,126.504518,2022-07-27 15:28:25,동물_가축사육업.csv
영광군,이레농장,돼지,전남광주통합특별시 영광군 염산면 오동길*길 ***,,35.215102,126.397024,2020-08-03 11:27:47,동물_가축사육업.csv
영광군,삼미농장,돼지,전남광주통합특별시 영광군 법성면 삼당길 **-**,,35.373747,126.480308,2023-02-03 14:53:33,동물_가축사육업.csv
영광군,대오축산,돼지,전남광주통합특별시 영광군 묘량면 묘량로 ***-**,,35.245953,126.542682,2023-03-30 14:04:05,동물_가축사육업.csv
영광군,은혜농장,돼지,전남광주통합특별시 영광군 묘량면 덕흥길 **,,35.290741,126.540143,2021-09-28 09:51:21,동물_가축사육업.csv
영광군,녹색농원,돼지,전남광주통합특별시 영광군 영광읍 용성월산로 ***-**,,35.346971,126.512785,2017-09-28 21:12:52,동물_가축사육업.csv
영광군,포야농장,돼지,전남광주통합특별시 영광군 묘량면 덕흥길*길 *-*,,35.28963,126.538686,2019-11-04 14:26:59,동물_가축사육업.csv
영광군,시병축산,돼지,전남광주통합특별시 영광군 영광읍 입석길 ***,,35.295692,126.530331,2020-02-13 17:36:49,동물_가축사육업.csv
영광군,피그존,돼지,전남광주통합특별시 영광군 군서면 백수로**길 **-*,,35.289213,126.464462,2026-04-24 09:48:27,동물_가축사육업.csv
장성군,부흥농장,돼지,전남광주통합특별시 장성군 북일면 구해길 **-**,,35.362502,126.79209,2025-04-30 10:54:17,동물_가축사육업.csv
장성군,장성축산,돼지,전남광주통합특별시 장성군 장성읍 밀동길 ** (외 *필지),,35.329403,126.816237,2017-05-28 16:30:19,동물_가축사육업.csv
장성군,영농조합법인 디원,돼지,전남광주통합특별시 장성군 삼서면 삼본로 ***-**,,35.207941,126.656123,2022-03-18 13:17:17,동물_가축사육업.csv
장성군,양호농장,돼지,전남광주통합특별시 장성군 북일면 성산리 ***-**,,35.361498,126.790135,2025-03-04 17:24:49,동물_가축사육업.csv
장성군,용암축산,돼지,전남광주통합특별시 장성군 장성읍 용암길 **-**,,35.348618,126.781344,2023-01-31 15:53:00,동물_가축사육업.csv
장성군,미미팜,돼지,전남광주통합특별시 장성군 황룡면 아곡리 *** 외 *필지,,35.322629,126.732001,2021-07-13 16:21:05,동물_가축사육업.csv
장성군,주은농장,돼지,전남광주통합특별시 장성군 북일면 구해길 **-**,,35.362502,126.79209,2025-04-29 11:03:28,동물_가축사육업.csv
장성군,장일농장,돼지,전남광주통합특별시 장성군 황룡면 홍길동로 ***-**,,35.322099,126.732388,2022-10-26 17:17:02,동물_가축사육업.csv
장성군,도담농장,돼지,전남광주통합특별시 장성군 장성읍 단풍로 ***-**,,35.316692,126.805478,2018-10-25 15:08:32,동물_가축사육업.csv
장성군,브니엘2농장,돼지,"전남광주통합특별시 장성군 황룡면 아곡리 ***-* 외 *필지(***-**, ***-**)",,35.312008,126.735013,2023-07-31 17:19:55,동물_가축사육업.csv
장성군,성산종돈장,돼지,전남광주통합특별시 장성군 북일면 구해길 **-**,,35.361932,126.789474,2025-03-04 17:24:20,동물_가축사육업.csv
장성군,신평농장,돼지,전남광주통합특별시 장성군 북이면 신평리 ***,,35.445137,126.792335,2017-09-01 20:41:04,동물_가축사육업.csv
장성군,브니엘농장,돼지,전남광주통합특별시 장성군 황룡면 홍길동로 ***-**,,35.312008,126.735013,2023-07-31 17:32:45,동물_가축사육업.csv
장성군,벧엘농장,돼지,전남광주통합특별시 장성군 서삼면 봉암로 ***-**,,35.350581,126.781077,2019-06-18 16:08:09,동물_가축사육업.csv
장성군,덕인축산,돼지,전남광주통합특별시 장성군 서삼면 축령로 ***-**,,35.365608,126.756304,2015-07-20 14:08:45,동물_가축사육업.csv
장성군,준호농장,돼지,전남광주통합특별시 장성군 북일면 구해길 **-**,,35.361428,126.789775,2025-03-04 17:23:40,동물_가축사육업.csv
장성군,장미축산,돼지,전남광주통합특별시 장성군 장성읍 용암길 **-** (외 *필지),,35.348272,126.780239,2021-06-23 16:44:42,동물_가축사육업.csv
장성군,남일농장,돼지,전남광주통합특별시 장성군 북이면 원덕리 ***-* 외 *필지,,35.438962,126.809119,2024-11-19 19:19:29,동물_가축사육업.csv
장성군,풍성농장,돼지,전남광주통합특별시 장성군 장성읍 상오리 ** 외 *필지,,35.337587,126.83263,2017-05-29 10:47:42,동물_가축사육업.csv
장성군,대덕농장,돼지,전남광주통합특별시 장성군 서삼면 축령로 ***-**,,35.361303,126.758819,2017-05-28 16:57:01,동물_가축사육업.csv
완도군,토종돼지농장,돼지,전남광주통합특별시 완도군 완도읍 중도리 ***-* 외 *필지,,34.300854,126.716627,2016-12-12 13:12:21,동물_가축사육업.csv
완도군,한우축산,돼지,전남광주통합특별시 완도군 고금면 덕암**번길 ***,,34.409977,126.813072,2016-12-12 13:25:32,동물_가축사육업.csv
완도군,장수농장,돼지,전남광주통합특별시 완도군 신지면 대곡리 **,,34.354477,126.832575,2019-04-03 17:56:47,동물_가축사육업.csv
완도군,고대범농장,돼지,전남광주통합특별시 완도군 노화읍 노화로 ***,,34.194158,126.584129,2025-04-30 11:01:06,동물_가축사육업.csv
완도군,조신자축사,돼지,전남광주통합특별시 완도군 고금면 덕암**번길 ***,,34.40959,126.813223,2025-04-30 10:42:11,동물_가축사육업.csv
완도군,거돈축산,돼지,전남광주통합특별시 완도군 신지면 동고리 ***,,34.332537,126.860717,2025-12-19 13:22:08,동물_가축사육업.csv
완도군,신광운 농장,돼지,전남광주통합특별시 완도군 노화읍 노화북로 ***,,34.205251,126.577024,2021-05-10 09:53:00,동물_가축사육업.csv
완도군,피그팜,돼지,전남광주통합특별시 완도군 군외면 삼두리 *** 외 *필지,,34.344006,126.654558,2024-10-24 21:09:55,동물_가축사육업.csv
진도군,피그브라더스,돼지,전남광주통합특별시 진도군 임회면 진도대로 ****-**,,34.379376,126.172179,2017-02-28 17:39:10,동물_가축사육업.csv
진도군,라온팜,돼지,전남광주통합특별시 진도군 의신면 죽엽돈지로 ***-**,,34.445086,126.261954,2025-12-11 17:19:58,동물_가축사육업.csv
진도군,농업회사법인창포농장주식회사,돼지,전남광주통합특별시 진도군 의신면 죽엽돈지로 ***,,34.444948,126.26332,2025-03-17 11:18:39,동물_가축사육업.csv
진도군,늘푸른 진도농장,돼지,전남광주통합특별시 진도군 임회면 매실로 ***-**,,34.407893,126.253634,2023-03-14 08:47:53,동물_가축사육업.csv
진도군,유로팜(주),돼지,"전남광주통합특별시 진도군 임회면 매실로 **-*, 유로팜 *동 *층",,34.414129,126.252716,2026-07-06 13:57:57,동물_가축사육업.csv
진도군,보배농장,돼지,전남광주통합특별시 진도군 의신면 진도대로 ****-*,,34.405415,126.287094,2025-12-08 10:08:08,동물_가축사육업.csv
진도군,가덕농장,돼지,전남광주통합특별시 진도군 의신면 죽엽돈지로 ***-**,,34.44453,126.258206,2015-01-26 14:07:50,동물_가축사육업.csv
진도군,농업회사법인 유한회사 이유팜,돼지,전남광주통합특별시 진도군 임회면 매실로 **-*,,34.413427,126.252551,2026-07-06 13:57:04,동물_가축사육업.csv
진도군,초일농장,돼지,전남광주통합특별시 진도군 의신면 죽엽돈지로 ***,,34.444473,126.261805,2018-01-29 16:39:02,동물_가축사육업.csv
진도군,피그 패밀리,돼지,전남광주통합특별시 진도군 지산면 지산로 ****-**,,34.421544,126.190815,2023-03-26 10:32:03,동물_가축사육업.csv
진도군,늘푸른희망농장,돼지,전남광주통합특별시 진도군 임회면 매실로 ***-*,,34.41449,126.259497,2025-02-04 14:00:31,동물_가축사육업.csv
신안군,효진팜2,돼지,"전남광주통합특별시 신안군 지도읍 감정리 **** ****,****",,35.07655,126.183449,2026-04-08 13:35:01,동물_가축사육업.csv
신안군,윤석농장,돼지,전남광주통합특별시 신안군 암태면 신석리 ***,,34.86464,126.125004,2024-10-17 09:47:44,동물_가축사육업.csv
신안군,농업법인(주)하늘애,돼지,전남광주통합특별시 신안군 지도읍 동천길 ***-**,,35.042696,126.251414,2025-12-12 16:22:08,동물_가축사육업.csv
신안군,수정마을,돼지,전남광주통합특별시 신안군 지도읍 해제지도로 ****-**,,35.083835,126.17522,2026-03-13 16:31:50,동물_가축사육업.csv
신안군,미연농장,돼지,전남광주통합특별시 신안군 압해읍 분매리 ***-***,,34.855435,126.318431,2025-12-17 15:01:59,동물_가축사육업.csv
신안군,효진팜,돼지,전남광주통합특별시 신안군 지도읍 두류산길 ***-***,,35.074301,126.167689,2025-07-02 17:57:49,동물_가축사육업.csv
신안군,정현농장,돼지,전남광주통합특별시 신안군 압해읍 두지숭의길 **-*,,34.858187,126.343771,2020-11-11 13:21:28,동물_가축사육업.csv
신안군,영농장,돼지,"전남광주통합특별시 신안군 압해읍 분매리 *** -***, -***",,34.845681,126.346936,2019-01-15 11:10:38,동물_가축사육업.csv
신안군,지도축산,돼지,전남광주통합특별시 신안군 지도읍 두류산길 ***-***,,35.078682,126.167984,2023-04-27 17:34:46,동물_가축사육업.csv
신안군,헌영축산,돼지,전남광주통합특별시 신안군 압해읍 대벌길 ***,,34.850149,126.272151,2024-09-26 09:15:27,동물_가축사육업.csv
신안군,실로마루영농조합법인,돼지,전남광주통합특별시 신안군 지도읍 원자동길 **-***,,35.065548,126.251984,2025-07-02 17:56:27,동물_가축사육업.csv
신안군,효진팜3,돼지,전남광주통합특별시 신안군 지도읍 두류산길 ***-***,,35.073101,126.167599,2023-07-05 13:52:34,동물_가축사육업.csv
신안군,압해 성일축산,돼지,전남광주통합특별시 신안군 압해읍 분매리 ***-***,,34.846032,126.346407,2026-06-04 13:52:13,동물_가축사육업.csv
제주시,유성농장,돼지,제주특별자치도 제주시 한림읍 명상로 ***-**,,33.367892,126.275899,2025-05-07 15:49:48,동물_가축사육업.csv
제주시,제주대학교 AI 스마트 인큐베이트 돈사,돼지,제주특별자치도 제주시 아라일동 *-**,,33.445346,126.564083,2026-06-08 18:03:51,동물_가축사육업.csv
제주시,향나무농장,돼지,제주특별자치도 제주시 신비마을*길 **(해안동),,33.444725,126.474865,2025-12-17 20:33:26,동물_가축사육업.csv
제주시,육호농장,돼지,제주특별자치도 제주시 한림읍 금악북로 ***,,33.356522,126.313598,2025-05-07 17:08:15,동물_가축사육업.csv
제주시,송천농원,돼지,제주특별자치도 제주시 한림읍 명월로*길 ***,,33.386489,126.277849,2025-05-07 15:50:57,동물_가축사육업.csv
제주시,농업회사법인 (주)피그랜드(제주 성진천지점),돼지,제주특별자치도 제주시 한림읍 상명*길 ***,,33.353613,126.264509,2025-05-07 15:30:05,동물_가축사육업.csv
제주시,홍석양돈,돼지,제주특별자치도 제주시 한림읍 금악북로 ***-**,,33.359133,126.318935,2025-05-07 17:34:44,동물_가축사육업.csv
제주시,농업회사법인(주)성신,돼지,제주특별자치도 제주시 애월읍 평화로 ****-**,,33.437557,126.422868,2017-09-13 18:46:46,동물_가축사육업.csv
제주시,돈마축산,돼지,제주특별자치도 제주시 애월읍 광령리 산 ***-*,,33.42631,126.441322,2023-10-18 14:06:57,동물_가축사육업.csv
제주시,녹돈다원,돼지,제주특별자치도 제주시 한림읍 명월성로 ***-*,,33.362289,126.258492,2017-01-31 18:38:06,동물_가축사육업.csv
제주시,동찬양돈,돼지,제주특별자치도 제주시 한림읍 금악북로 ***,,33.355886,126.314223,2014-06-18 16:13:06,동물_가축사육업.csv
제주시,대현농장,돼지,제주특별자치도 제주시 한림읍 금능남로 ***-**,,33.364789,126.248658,2020-03-04 16:47:51,동물_가축사육업.csv
제주시,SB팜,돼지,제주특별자치도 제주시 구좌읍 김녕리 ****,,33.538245,126.743904,2020-03-05 11:32:46,동물_가축사육업.csv
제주시,제주우성축산,돼지,제주특별자치도 제주시 한림읍 금악동길 ***,,33.361374,126.338534,2025-05-07 15:43:42,동물_가축사육업.csv
제주시,농업회사법인 유한회사 한솔,돼지,제주특별자치도 제주시 한림읍 명상로 ***-*,,33.367609,126.272985,2025-12-29 20:48:06,동물_가축사육업.csv
제주시,상일농장,돼지,제주특별자치도 제주시 한림읍 명상로 ***-*,,33.366865,126.27274,2025-05-07 16:04:04,동물_가축사육업.csv
제주시,국립축산과학원 축산자원개발부 난지축산연구센터,돼지,제주특별자치도 제주시 산록북로 ***-** (오등동),,33.431889,126.548694,2025-12-19 16:32:59,동물_가축사육업.csv
제주시,가현농장,돼지,제주특별자치도 제주시 한림읍 금악북로 ***,,33.360463,126.307494,2025-02-21 10:30:11,동물_가축사육업.csv
제주시,동백팜,돼지,제주특별자치도 제주시 한림읍 감낭길 **,,33.368831,126.271929,2021-10-27 10:25:42,동물_가축사육업.csv
제주시,월금농장,돼지,제주특별자치도 제주시 한림읍 상명북*길 **,,33.367603,126.268337,2021-02-18 16:14:52,동물_가축사육업.csv
제주시,영축산업,돼지,제주특별자치도 제주시 조천읍 대흘서길 **,,33.498905,126.645955,2014-04-28 12:09:27,동물_가축사육업.csv
제주시,대림축산,돼지,제주특별자치도 제주시 한림읍 금악북로 ***-**,,33.36154,126.311604,2025-05-07 15:38:43,동물_가축사육업.csv
제주시,한성농장,돼지,제주특별자치도 제주시 한림읍 가린내길 **-*,,33.362914,126.313874,2020-10-29 17:30:31,동물_가축사육업.csv
제주시,탐라농장,돼지,제주특별자치도 제주시 한림읍 금악북로 ***,,33.35847,126.310096,2025-05-07 17:30:44,동물_가축사육업.csv
제주시,한길농장,돼지,제주특별자치도 제주시 구좌읍 비자림로동*길 ***-**,,33.505179,126.814224,2020-10-30 16:18:31,동물_가축사육업.csv
제주시,일수축산,돼지,제주특별자치도 제주시 구좌읍 비자림로동*길 **-**,,33.5046,126.815172,2024-06-11 18:15:33,동물_가축사육업.csv
제주시,스카이팜,돼지,제주특별자치도 제주시 한림읍 상대*길 **,,33.399762,126.289583,2021-02-16 11:06:12,동물_가축사육업.csv
제주시,태화농장,돼지,제주특별자치도 제주시 한경면 저지동길 **,,33.333992,126.2619,2020-05-31 18:25:57,동물_가축사육업.csv
제주시,수농장,돼지,제주특별자치도 제주시 한림읍 가린내길 **-**,,33.36229,126.312793,2025-05-07 15:54:05,동물_가축사육업.csv
제주시,승원농장,돼지,제주특별자치도 제주시 한림읍 감낭길 ***,,33.379893,126.268362,2025-03-25 18:21:53,동물_가축사육업.csv
제주시,제주청정양돈제일농장,돼지,제주특별자치도 제주시 한림읍 중산간서로 ****-**,,33.360969,126.286191,2025-10-29 18:25:16,동물_가축사육업.csv
제주시,영농조합법인제주광평축산,돼지,제주특별자치도 제주시 한림읍 명상로 **-**,,33.375425,126.274783,2023-09-18 09:35:26,동물_가축사육업.csv
제주시,창수농장,돼지,제주특별자치도 제주시 애월읍 평화로 ****-**,,33.437833,126.422143,2009-12-10 12:24:43,동물_가축사육업.csv
제주시,망오름농장,돼지,제주특별자치도 제주시 한림읍 봉수대길 **-**,,33.362196,126.263947,2021-07-09 15:46:10,동물_가축사육업.csv
제주시,나리농장,돼지,제주특별자치도 제주시 한경면 조수*길 **,,33.329761,126.232779,2025-05-07 15:15:33,동물_가축사육업.csv
제주시,농업회사법인(주)바오,돼지,제주특별자치도 제주시 한림읍 상명북*길 **,,33.369508,126.267601,2022-04-22 09:41:01,동물_가축사육업.csv
제주시,영농조합법인 유경,돼지,제주특별자치도 제주시 한림읍 중산간서로 ****,,33.362844,126.290927,2025-12-17 20:05:19,동물_가축사육업.csv
제주시,유명농장,돼지,제주특별자치도 제주시 조천읍 조천남*길 ***,,33.524443,126.640794,2025-05-07 17:15:50,동물_가축사육업.csv
제주시,여흥농장,돼지,제주특별자치도 제주시 한림읍 금악남*길 **-**,,33.343466,126.313684,2022-09-15 14:50:37,동물_가축사육업.csv
제주시,오름축산,돼지,제주특별자치도 제주시 한림읍 개오기길 ** (외 *),,33.362281,126.254978,2025-05-07 17:46:28,동물_가축사육업.csv
제주시,바다농장,돼지,제주특별자치도 제주시 한림읍 중산간서로 ****-*,,33.368941,126.286642,2024-09-12 18:24:59,동물_가축사육업.csv
제주시,데베스양돈농장,돼지,제주특별자치도 제주시 한림읍 금악북로 ***-**,,33.358737,126.318355,2025-12-17 20:07:27,동물_가축사육업.csv
제주시,영축축산,돼지,제주특별자치도 제주시 조천읍 조천남*길 ***,,33.524221,126.639931,2023-10-24 17:23:04,동물_가축사육업.csv
제주시,태순농장,돼지,제주특별자치도 제주시 한림읍 명월장수길 **,,33.372774,126.278734,2021-09-07 16:19:39,동물_가축사육업.csv
제주시,지혁농장,돼지,제주특별자치도 제주시 한림읍 상대*길 **,,33.396845,126.292296,2020-10-30 15:17:46,동물_가축사육업.csv
제주시,영훈농장,돼지,제주특별자치도 제주시 조천읍 대와상길 **-*,,33.495247,126.647685,2017-01-20 10:32:15,동물_가축사육업.csv
제주시,대성농장,돼지,제주특별자치도 제주시 한림읍 명월로*길 ***,,33.385718,126.276568,2025-05-07 17:03:12,동물_가축사육업.csv
제주시,성일농장,돼지,제주특별자치도 제주시 한림읍 금악북로 *** (외 *필지),,33.36114,126.308335,2021-01-21 10:24:02,동물_가축사육업.csv
제주시,명자농장,돼지,제주특별자치도 제주시 한경면 신정로 **,,33.331957,126.188835,2020-10-29 16:11:03,동물_가축사육업.csv
제주시,삼축산업,돼지,제주특별자치도 제주시 애월읍 하소로 ***,,33.436364,126.39497,2025-05-07 17:40:42,동물_가축사육업.csv
제주시,제일축산(2),돼지,제주특별자치도 제주시 한림읍 금악리 ***-*,,33.356871,126.315641,2025-12-17 20:08:25,동물_가축사육업.csv
제주시,새천년축산,돼지,제주특별자치도 제주시 한림읍 명월남길 *-**,,33.364806,126.284788,2021-07-09 15:49:41,동물_가축사육업.csv
제주시,태흥축산,돼지,제주특별자치도 제주시 신비마을*길 ** (해안동),,33.444361,126.47506,2025-12-17 20:06:06,동물_가축사육업.csv
제주시,E.F축산,돼지,제주특별자치도 제주시 애월읍 항몽로 ***-**,,33.439565,126.420887,2019-07-22 16:30:53,동물_가축사육업.csv
제주시,신보람농장,돼지,"제주특별자치도 제주시 한림읍 금악리 ***-* , ***-*번지",,33.356249,126.314637,2024-03-21 10:07:23,동물_가축사육업.csv
제주시,전희농장,돼지,제주특별자치도 제주시 한림읍 상대*길 **-**,,33.398758,126.292423,2021-12-01 17:28:12,동물_가축사육업.csv
제주시,농업회사법인(주)홍도야지 6농장,돼지,제주특별자치도 제주시 한림읍 금악북로 ***,,33.360568,126.308448,2026-02-06 14:36:39,동물_가축사육업.csv
제주시,송백농원,돼지,제주특별자치도 제주시 한림읍 명월로*길 **-** (외 *필지),,33.384726,126.278233,2025-05-07 16:07:48,동물_가축사육업.csv
제주시,스마일팜,돼지,제주특별자치도 제주시 한림읍 중산간서로 ****-**,,33.40567,126.28851,2025-05-07 15:42:34,동물_가축사육업.csv
제주시,서정농장,돼지,제주특별자치도 제주시 한림읍 한창로 ****-*,,33.345046,126.314328,2025-12-08 16:06:45,동물_가축사육업.csv
제주시,농업회사법인 피그팜 주식회사,돼지,제주특별자치도 제주시 한림읍 명월동길 **,,33.37882,126.279963,2025-06-12 15:57:59,동물_가축사육업.csv
제주시,늘푸른농원,돼지,제주특별자치도 제주시 한경면 두모리 ***-*,,33.344162,126.20429,2025-05-07 15:32:43,동물_가축사육업.csv
제주시,영농조합법인 신명,돼지,제주특별자치도 제주시 한림읍 금악북로 ***-**,,33.360843,126.315526,2026-08-21 14:25:50,동물_가축사육업.csv
제주시,제일축산,돼지,제주특별자치도 제주시 한림읍 금악북로 ***-**,,33.358196,126.317554,2025-12-17 20:07:59,동물_가축사육업.csv
제주시,맹호농장,돼지,제주특별자치도 제주시 한림읍 봉수대길 **,,33.362792,126.263115,2025-05-07 17:15:20,동물_가축사육업.csv
제주시,없음,돼지,제주특별자치도 제주시 한경면 저지동길 **-**,,33.331895,126.259935,2025-05-07 15:25:44,동물_가축사육업.csv
제주시,케이원영농조합법인,돼지,제주특별자치도 제주시 한림읍 금능남로 ***-**,,33.363018,126.248403,2025-07-03 16:34:31,동물_가축사육업.csv
제주시,칠육농장,돼지,제주특별자치도 제주시 한림읍 명월로 ***,,33.377201,126.276042,2022-12-13 09:07:09,동물_가축사육업.csv
제주시,아솔팜,돼지,제주특별자치도 제주시 한림읍 개오기길 **,,33.359016,126.254798,2021-08-04 10:56:35,동물_가축사육업.csv
제주시,믿음농장,돼지,제주특별자치도 제주시 한림읍 가린내길 **-*,,33.363556,126.313525,2026-06-19 15:40:13,동물_가축사육업.csv
제주시,선호농장,돼지,제주특별자치도 제주시 한림읍 금악북로 ***-**,,33.352991,126.313144,2025-05-07 17:01:44,동물_가축사육업.csv
제주시,아름팜,돼지,제주특별자치도 제주시 한림읍 봉수대길 **,,33.363635,126.266222,2025-05-07 17:39:29,동물_가축사육업.csv
제주시,우리농장,돼지,제주특별자치도 제주시 한림읍 상대*길 **,,33.398407,126.287933,2026-06-30 15:08:51,동물_가축사육업.csv
제주시,금석농장,돼지,제주특별자치도 제주시 한림읍 명상로 ***,,33.370203,126.276019,2025-05-07 17:25:33,동물_가축사육업.csv
제주시,승영농장,돼지,제주특별자치도 제주시 애월읍 광상로 ***-*,,33.445496,126.410489,2026-04-14 17:28:57,동물_가축사육업.csv
제주시,신천영농조합법인,돼지,제주특별자치도 제주시 애월읍 항몽로 ***,,33.438424,126.420087,2020-11-03 09:10:08,동물_가축사육업.csv
제주시,태명축산,돼지,제주특별자치도 제주시 한림읍 금악북로 ***-**,,33.357791,126.316972,2016-05-30 11:19:24,동물_가축사육업.csv
제주시,은성농장,돼지,제주특별자치도 제주시 한림읍 상한로 ***,,33.370258,126.26826,2025-05-07 15:07:22,동물_가축사육업.csv
제주시,삼영농장,돼지,제주특별자치도 제주시 한림읍 명월로 ***,,33.380815,126.271024,2020-10-29 17:08:25,동물_가축사육업.csv
제주시,창이농장,돼지,제주특별자치도 제주시 한림읍 감낭길 **-*,,33.367687,126.272522,2025-05-07 15:59:41,동물_가축사육업.csv
제주시,우경농장,돼지,제주특별자치도 제주시 한림읍 금능남로 ***-**,,33.364606,126.247637,2020-10-29 14:18:43,동물_가축사육업.csv
제주시,승신농장,돼지,제주특별자치도 제주시 한림읍 중산간서로 ****,,33.368658,126.285814,2023-11-02 10:46:53,동물_가축사육업.csv
제주시,제일농장,돼지,제주특별자치도 제주시 신비마을*길 ** (해안동),,33.445257,126.474986,2020-10-29 09:52:32,동물_가축사육업.csv
제주시,청림,돼지,제주특별자치도 제주시 한림읍 금악북로 ***,,33.36163,126.308334,2025-05-07 15:40:28,동물_가축사육업.csv
제주시,주사랑농장,돼지,제주특별자치도 제주시 한림읍 금악북로 ***-**,,33.359645,126.319686,2025-05-07 17:09:29,동물_가축사육업.csv
제주시,평대농장,돼지,제주특별자치도 제주시 구좌읍 비자림로동*길 ***,,33.506013,126.814761,2026-08-12 16:25:42,동물_가축사육업.csv
제주시,기성농장,돼지,"제주특별자치도 제주시 한경면 용금로 ***-*, 기성농장",,33.334315,126.263405,2025-04-01 18:14:07,동물_가축사육업.csv
제주시,금원농장,돼지,제주특별자치도 제주시 한림읍 금악북로 ***,,33.352252,126.31715,2024-03-18 16:14:11,동물_가축사육업.csv
제주시,"봄,가을농장",돼지,제주특별자치도 제주시 한림읍 금악북로 ***,,33.360274,126.310067,2026-06-22 09:30:55,동물_가축사육업.csv
제주시,동축산업,돼지,제주특별자치도 제주시 조천읍 종인내길 ***-**,,33.48473,126.634922,2025-05-07 17:13:10,동물_가축사육업.csv
제주시,케이제이팜,돼지,제주특별자치도 제주시 한림읍 가린내길 *,,33.361923,126.307549,2025-05-07 17:44:34,동물_가축사육업.csv
제주시,비라비농장,돼지,제주특별자치도 제주시 한림읍 금능농공길 **-*,,33.361155,126.246842,2026-01-14 16:24:30,동물_가축사육업.csv
제주시,복돼지농장,돼지,제주특별자치도 제주시 조천읍 조천남*길 ***,,33.520768,126.642225,2023-10-24 17:24:56,동물_가축사육업.csv
제주시,푸른농장,돼지,제주특별자치도 제주시 한림읍 명월로*길 **-**,,33.383326,126.277342,2025-05-07 15:10:44,동물_가축사육업.csv
제주시,명성농장,돼지,제주특별자치도 제주시 한림읍 금악북로 ***-*,,33.358522,126.308926,2025-05-07 17:30:06,동물_가축사육업.csv
제주시,진성축산,돼지,제주특별자치도 제주시 한림읍 금악북로 ***-**,,33.358767,126.312169,2025-05-07 15:01:37,동물_가축사육업.csv
제주시,봉진농장,돼지,제주특별자치도 제주시 한림읍 상대*길 **,,33.399843,126.290638,2025-05-07 15:52:44,동물_가축사육업.csv
제주시,14호농장,돼지,제주특별자치도 제주시 한림읍 금악북로 ***,,33.356452,126.312324,2024-10-24 09:11:57,동물_가축사육업.csv
제주시,진욱농장,돼지,제주특별자치도 제주시 한경면 신정로 **-*,,33.332196,126.188131,2021-06-14 16:53:24,동물_가축사육업.csv
제주시,조은농장,돼지,제주특별자치도 제주시 한림읍 금악남*길 **-*,,33.341903,126.315636,2026-03-24 17:55:08,동물_가축사육업.csv
제주시,은창농장,돼지,제주특별자치도 제주시 한림읍 상한로 ***,,33.368042,126.270163,2021-08-04 17:36:45,동물_가축사육업.csv
제주시,농업회사법인고려 주식회사 제주지점,돼지,제주특별자치도 제주시 한림읍 상명리 ****-* 외*필지,,33.367472,126.269732,2026-08-12 17:50:28,동물_가축사육업.csv
제주시,청솔농장,돼지,제주특별자치도 제주시 한림읍 상대*길 **-*,,33.397396,126.291578,2025-05-07 17:42:06,동물_가축사육업.csv
제주시,금능축산,돼지,제주특별자치도 제주시 한림읍 금능농공길 **-**,,33.363034,126.244853,2025-05-07 17:38:27,동물_가축사육업.csv
제주시,호창농장,돼지,제주특별자치도 제주시 한경면 조수배낭*길 **,,33.347162,126.222523,2021-08-31 08:51:40,동물_가축사육업.csv
제주시,운성농장,돼지,제주특별자치도 제주시 한림읍 금악북로 ***-**,,33.35227,126.312084,2025-12-23 15:48:39,동물_가축사육업.csv
제주시,태연농장,돼지,제주특별자치도 제주시 구좌읍 한동로*길 **,,33.528261,126.808099,2020-02-27 14:20:42,동물_가축사육업.csv
제주시,우리돈,돼지,제주특별자치도 제주시 한림읍 금악남*길 **-*,,33.342664,126.315528,2025-07-18 11:41:45,동물_가축사육업.csv
제주시,승희농장,돼지,제주특별자치도 제주시 한림읍 금악북로 ***-**,,33.361243,126.310823,2025-08-11 16:13:43,동물_가축사육업.csv
제주시,농업회사법인고려 주식회사,돼지,제주특별자치도 제주시 한림읍 금악북로 ***-**,,33.356011,126.31131,2026-08-12 17:51:35,동물_가축사육업.csv
제주시,승광농장,돼지,제주특별자치도 제주시 구좌읍 동복남*길 **,,33.544789,126.71337,2025-05-07 17:47:33,동물_가축사육업.csv
제주시,선진농장,돼지,제주특별자치도 제주시 애월읍 봉성동*길 ***-***,,33.412878,126.327544,2025-05-07 17:17:22,동물_가축사육업.csv
제주시,은진농장,돼지,제주특별자치도 제주시 한경면 홍수암로 ***,,33.347878,126.231128,2017-07-20 09:54:08,동물_가축사육업.csv
제주시,제일양돈영농조합법인,돼지,"제주특별자치도 제주시 애월읍 광령리 산 ***-* , ***-**",,33.428291,126.441218,2021-08-31 17:37:41,동물_가축사육업.csv
제주시,농업회사법인 (주) 대한에코팜 제주지점,돼지,제주특별자치도 제주시 구좌읍 한동로*길 **-*,,33.52982,126.808784,2024-07-09 09:42:34,동물_가축사육업.csv
제주시,제주동부축산 영농조합법인,돼지,제주특별자치도 제주시 구좌읍 상도로 ***-**,,33.500111,126.854316,2026-04-09 17:13:21,동물_가축사육업.csv
제주시,동방골농장,돼지,제주특별자치도 제주시 한림읍 상대*길 **,,33.398959,126.288676,2025-05-07 17:28:31,동물_가축사육업.csv
제주시,튼튼농장,돼지,제주특별자치도 제주시 한림읍 상대*길 **-*,,33.400116,126.290111,2021-10-22 09:07:58,동물_가축사육업.csv
제주시,장수축산,돼지,제주특별자치도 제주시 한림읍 명상로 **,,33.371986,126.276603,2020-07-06 16:06:47,동물_가축사육업.csv
제주시,농업회사법인 (주)피그랜드(제주 백록지점),돼지,제주특별자치도 제주시 애월읍 광령평화*길 ***,,33.428237,126.44229,2024-12-20 16:23:30,동물_가축사육업.csv
제주시,태현농장,돼지,제주특별자치도 제주시 한림읍 명상로 ***,,33.368571,126.275051,2020-05-26 19:53:10,동물_가축사육업.csv
제주시,동원농장,돼지,제주특별자치도 제주시 한경면 용금로 ***-**,,33.339506,126.240338,2020-03-31 16:13:41,동물_가축사육업.csv
제주시,성진농장,돼지,제주특별자치도 제주시 한림읍 명월성로 ***-*,,33.358288,126.257287,2020-12-14 14:02:08,동물_가축사육업.csv
제주시,세원농장,돼지,"제주특별자치도 제주시 한림읍 협재리 *** , 금능리 **",,33.364378,126.258394,2026-08-11 13:49:01,동물_가축사육업.csv
제주시,덕림농장,돼지,제주특별자치도 제주시 한림읍 명월로*길 **,,33.384587,126.274537,2020-10-30 15:25:10,동물_가축사육업.csv
제주시,삼호농장,돼지,제주특별자치도 제주시 한림읍 금악북로 ***-*,,33.358416,126.311841,2025-03-25 18:18:47,동물_가축사육업.csv
제주시,새남농장,돼지,제주특별자치도 제주시 한림읍 금악북로 ***,,33.353291,126.316636,2023-11-02 10:45:18,동물_가축사육업.csv
제주시,돼지사랑농장,돼지,제주특별자치도 제주시 구좌읍 김녕남*길 ***-**,,33.538204,126.739838,2021-06-14 16:55:36,동물_가축사육업.csv
제주시,우리들농장,돼지,제주특별자치도 제주시 한림읍 상대*길 **-*,,33.399718,126.292209,2021-01-12 10:31:41,동물_가축사육업.csv
제주시,요한농장,돼지,"제주특별자치도 제주시 한경면 홍수암로 ***, 요한농장",,33.34082,126.229459,2025-05-07 15:23:13,동물_가축사육업.csv
제주시,유환농장,돼지,제주특별자치도 제주시 한림읍 중산간서로 ****-*,,33.364689,126.288255,2022-05-03 15:25:34,동물_가축사육업.csv
제주시,일조농장,돼지,제주특별자치도 제주시 한림읍 명월남길 *,,33.366828,126.285322,2020-10-29 16:55:14,동물_가축사육업.csv
제주시,요한농장,돼지,제주특별자치도 제주시 한림읍 금악남*길 **,,33.343791,126.316329,2024-12-13 16:22:31,동물_가축사육업.csv
제주시,고산농장,돼지,제주특별자치도 제주시 한경면 고조로 ***-**,,33.311722,126.198351,2025-09-01 11:06:48,동물_가축사육업.csv
제주시,고은축산,돼지,제주특별자치도 제주시 한경면 홍수암로 ***,,33.34551,126.231112,2024-07-11 10:52:51,동물_가축사육업.csv
제주시,우일축산,돼지,제주특별자치도 제주시 한림읍 금악북로 ***,,33.359934,126.309486,2026-08-11 10:23:40,동물_가축사육업.csv
제주시,평화농장,돼지,제주특별자치도 제주시 한림읍 금악북로 ***,,33.359713,126.307666,2020-10-29 16:40:12,동물_가축사육업.csv
제주시,현수농장,돼지,제주특별자치도 제주시 한림읍 금악북로 ***-**,,33.357791,126.316972,2022-06-30 12:56:42,동물_가축사육업.csv
제주시,농업회사법인(주)홍도야지 7농장,돼지,제주특별자치도 제주시 한림읍 금능남로 ***-**,,33.363538,126.247656,2026-02-06 14:37:38,동물_가축사육업.csv
제주시,경배농장,돼지,제주특별자치도 제주시 한경면 배낭골길 ***,,33.344672,126.226841,2022-07-13 17:33:44,동물_가축사육업.csv
제주시,오름농장,돼지,제주특별자치도 제주시 한림읍 개오기길 **-**,,33.361277,126.256229,2020-10-30 17:14:59,동물_가축사육업.csv
제주시,현준농장,돼지,제주특별자치도 제주시 한경면 녹차분재로 ***-**,,33.319717,126.255136,2020-05-01 11:29:11,동물_가축사육업.csv
제주시,동화축산,돼지,제주특별자치도 제주시 한림읍 금악남*길 **-**,,33.342456,126.314754,2025-12-08 16:07:53,동물_가축사육업.csv
제주시,동산농장,돼지,제주특별자치도 제주시 한림읍 상대*길 **,,33.396625,126.285649,2022-12-22 16:11:28,동물_가축사육업.csv
제주시,한솔축산,돼지,제주특별자치도 제주시 한림읍 상대*길 ***,,33.394334,126.293935,2022-02-15 16:40:49,동물_가축사육업.csv
제주시,농업회사법인 누림(주),돼지,제주특별자치도 제주시 한림읍 월림**길 **,,33.351089,126.261591,2022-04-22 09:39:19,동물_가축사육업.csv
제주시,송백농장,돼지,제주특별자치도 제주시 한림읍 명월로*길 **-*,,33.384052,126.27701,2025-05-07 17:48:44,동물_가축사육업.csv
제주시,정일농장,돼지,제주특별자치도 제주시 한경면 홍수암로 ***-*,,33.352528,126.227921,2025-05-07 15:12:09,동물_가축사육업.csv
제주시,영농조합법인 광평 조수농장,돼지,제주특별자치도 제주시 한경면 홍수암로 ***-*,,33.346459,126.231282,2020-03-04 17:45:30,동물_가축사육업.csv
제주시,지율농장,돼지,제주특별자치도 제주시 한림읍 상명북*길 **,,33.368626,126.268051,2021-02-25 17:49:05,동물_가축사육업.csv
제주시,진성농장,돼지,제주특별자치도 제주시 한림읍 가린내길 **-*,,33.363222,126.314878,2023-10-25 11:13:24,동물_가축사육업.csv
제주시,선진팜,돼지,제주특별자치도 제주시 애월읍 천덕로 ***-**,,33.409303,126.363228,2025-05-07 17:50:09,동물_가축사육업.csv
제주시,농업회사법인 대종 주식회사,돼지,제주특별자치도 제주시 한림읍 금능남로 ***-**,,33.364009,126.247801,2024-10-31 13:49:15,동물_가축사육업.csv
제주시,제주특별자치도 축산생명연구원,돼지,"제주특별자치도 제주시 신비마을길 **, 제주특별자치도 축산생명연구원 (노형동)",,33.443642,126.486324,2025-01-02 19:12:20,동물_가축사육업.csv
제주시,해성농장,돼지,제주특별자치도 제주시 한림읍 조성서길 **,,33.351988,126.271443,2024-09-12 18:22:43,동물_가축사육업.csv
제주시,농업회사법인(주)피그랜드(산하지점),돼지,"제주특별자치도 제주시 한림읍 금악북로 ***-**, 금악북로 ***-**",,33.359234,126.313067,2025-08-05 11:32:41,동물_가축사육업.csv
제주시,현소농장,돼지,제주특별자치도 제주시 한림읍 금악북로 ***-**,,33.358574,126.319451,2022-01-20 09:08:00,동물_가축사육업.csv
제주시,제주양돈,돼지,제주특별자치도 제주시 애월읍 평화로 ****-*,,33.438222,126.424934,2025-05-07 17:54:04,동물_가축사육업.csv
제주시,상용농장,돼지,제주특별자치도 제주시 한림읍 홀못길 **,,33.363609,126.287174,2022-04-04 13:39:47,동물_가축사육업.csv
제주시,해피팜,돼지,제주특별자치도 제주시 한림읍 금악북로 ***-**,,33.359997,126.31398,2023-02-24 14:30:03,동물_가축사육업.csv
제주시,신제주농장,돼지,제주특별자치도 제주시 한림읍 금악남*길 **,,33.342289,126.316351,2020-03-31 16:11:51,동물_가축사육업.csv
제주시,4호목장,돼지,제주특별자치도 제주시 한림읍 금악북로 ***,,33.355276,126.314725,2024-07-22 09:23:33,동물_가축사육업.csv
제주시,HJ농원,돼지,제주특별자치도 제주시 한림읍 봉수대길 *-**,,33.361483,126.260931,2022-02-09 17:48:25,동물_가축사육업.csv
제주시,제주흑돼지농장,돼지,제주특별자치도 제주시 한림읍 상명리 ****,,33.365744,126.269716,2025-12-02 18:17:36,동물_가축사육업.csv
제주시,성주농장,돼지,제주특별자치도 제주시 한림읍 명월리 ****,,33.378228,126.277342,2025-05-07 17:04:19,동물_가축사육업.csv
제주시,배낭골농장,돼지,제주특별자치도 제주시 한경면 조수동*길 **-**,,33.347667,126.225716,2021-01-19 11:02:06,동물_가축사육업.csv
제주시,늘조은농장,돼지,제주특별자치도 제주시 한림읍 금능남로 ***,,33.355882,126.250138,2021-07-09 15:38:37,동물_가축사육업.csv
제주시,동성농장,돼지,제주특별자치도 제주시 구좌읍 김녕남*길 ***,,33.538474,126.742364,2025-12-08 10:50:37,동물_가축사육업.csv
제주시,탐라축산,돼지,제주특별자치도 제주시 애월읍 광령평화*길 ***-**,,33.42714,126.440911,2021-03-23 13:49:29,동물_가축사육업.csv
제주시,먼동축산영농조합법인,돼지,"제주특별자치도 제주시 한림읍 금악리 ***-** (***-*, ***-*, ***-**, ***-**, ***-*, ***-*, ***-*)",,33.360236,126.314386,2022-09-01 11:14:56,동물_가축사육업.csv
제주시,에스엠축산,돼지,제주특별자치도 제주시 한림읍 명상로 ***-**,,33.368385,126.273762,2024-10-23 16:25:43,동물_가축사육업.csv
제주시,농업회사법인 주식회사 서현,돼지,제주특별자치도 제주시 한경면 한원남길 ***,,33.318338,126.204458,2023-07-11 17:06:38,동물_가축사육업.csv
제주시,에덴농장,돼지,제주특별자치도 제주시 한림읍 금악북로 ***,,33.359718,126.30858,2016-09-17 13:46:14,동물_가축사육업.csv
제주시,다솜농원,돼지,제주특별자치도 제주시 한림읍 상한로 ***,,33.369499,126.268549,2020-10-29 17:33:39,동물_가축사육업.csv
제주시,광일축산,돼지,제주특별자치도 제주시 애월읍 광령*리 산 ***,,33.371021,126.515391,2008-01-03 16:33:54,동물_가축사육업.csv
제주시,없음,돼지,제주특별자치도 제주시 한경면 저지*길 **-**,,33.331885,126.259412,2021-01-26 17:18:29,동물_가축사육업.csv
제주시,남광농장,돼지,제주특별자치도 제주시 애월읍 항몽로 ***-**,,33.439298,126.42214,2025-07-14 17:59:37,동물_가축사육업.csv
제주시,마리아농장,돼지,제주특별자치도 제주시 한림읍 금악북로 ***-**,,33.358995,126.320745,2024-05-07 09:22:23,동물_가축사육업.csv
제주시,호농장,돼지,제주특별자치도 제주시 한림읍 금악남*길 **,,33.341277,126.316915,2022-09-15 14:47:55,동물_가축사육업.csv
제주시,우진축산,돼지,"제주특별자치도 제주시 한림읍 금능리 ** , 협재리 ***",,33.363491,126.25809,2026-08-11 13:48:22,동물_가축사육업.csv
제주시,제주새벽농장,돼지,제주특별자치도 제주시 한림읍 중산간서로 ****-**,,33.367716,126.287346,2026-04-08 13:07:59,동물_가축사육업.csv
제주시,한다농원,돼지,제주특별자치도 제주시 한림읍 중산간서로 ****,,33.362541,126.289256,2016-06-13 19:14:15,동물_가축사육업.csv
제주시,부민농장,돼지,제주특별자치도 제주시 한림읍 봉수대길 *-**,,33.359199,126.262428,2022-04-26 17:15:24,동물_가축사육업.csv
서귀포시,보리농장,돼지,"제주특별자치도 서귀포시 대정읍 일과리 **** ,****-*,****-*",,33.249675,126.221073,2023-10-19 13:26:19,동물_가축사육업.csv
서귀포시,성지농장,돼지,제주특별자치도 서귀포시 대정읍 암반수마농로 ***,,33.261726,126.238594,2022-04-05 14:42:32,동물_가축사육업.csv
서귀포시,관흡농장,돼지,제주특별자치도 서귀포시 표선면 한마음초등로 ***,,33.34947,126.786139,2021-06-06 15:49:48,동물_가축사육업.csv
서귀포시,돈돈축산,돼지,제주특별자치도 서귀포시 대정읍 동일리 ***,,33.259577,126.238177,2021-06-06 15:36:05,동물_가축사육업.csv
서귀포시,와일드오차드영농조합법인,돼지,제주특별자치도 서귀포시 표선면 성읍이리로**번길 **,,33.417721,126.780529,2025-06-27 14:06:36,동물_가축사육업.csv
서귀포시,영농조합법인 거부양돈,돼지,제주특별자치도 서귀포시 남원읍 자배오름로 ***-**,,33.300661,126.662621,2021-06-06 15:24:54,동물_가축사육업.csv
서귀포시,송주팜,돼지,제주특별자치도 서귀포시 대정읍 대한로 ***-**,,33.262014,126.243419,2025-07-31 21:44:34,동물_가축사육업.csv
서귀포시,대정양돈,돼지,제주특별자치도 서귀포시 대정읍 암반수마농로 ***,,33.254836,126.238529,2023-08-05 09:08:22,동물_가축사육업.csv
서귀포시,케이원영농조합법인,돼지,제주특별자치도 서귀포시 대정읍 대한로 ***-**,,33.262505,126.243642,2024-07-12 08:57:47,동물_가축사육업.csv
서귀포시,명신양돈2,돼지,제주특별자치도 서귀포시 표선면 가시로***번길 ***-**,,33.35686,126.78543,2021-06-06 15:17:09,동물_가축사육업.csv
서귀포시,정우영농조합법인,돼지,제주특별자치도 서귀포시 표선면 중산간동로 ****-***,,33.381863,126.770237,2018-08-08 11:01:04,동물_가축사육업.csv
서귀포시,제주한라축산,돼지,제주특별자치도 서귀포시 대정읍 암반수마농로***번길 **,,33.250671,126.237202,2021-06-06 15:39:59,동물_가축사육업.csv
서귀포시,오름농장,돼지,제주특별자치도 서귀포시 대정읍 평화로 **-*,,33.255957,126.283883,2023-11-27 10:28:56,동물_가축사육업.csv
서귀포시,피그피아,돼지,제주특별자치도 서귀포시 대정읍 무릉도원로 ***-**,,33.289942,126.209131,2021-06-06 15:17:53,동물_가축사육업.csv
서귀포시,두리농장,돼지,제주특별자치도 서귀포시 대정읍 암반수마농로 ***,,33.259893,126.239202,2021-06-06 15:30:28,동물_가축사육업.csv
서귀포시,창진길갈축산지점,돼지,제주특별자치도 서귀포시 남원읍 서성로***번길 ***-**,,33.326452,126.698367,2026-06-10 10:20:41,동물_가축사육업.csv
서귀포시,삼목농장,돼지,제주특별자치도 서귀포시 소보리당로***번길 **-** (상예동),,33.267062,126.38571,2021-12-01 13:39:33,동물_가축사육업.csv
서귀포시,서림농장,돼지,제주특별자치도 서귀포시 대정읍 일과리 ***,,33.252095,126.231307,2021-01-19 17:08:07,동물_가축사육업.csv
서귀포시,명신양돈,돼지,제주특별자치도 서귀포시 표선면 가시로***번길 ***-**,,33.357319,126.785165,2021-06-06 15:39:20,동물_가축사육업.csv
서귀포시,휴애리축사,돼지,제주특별자치도 서귀포시 남원읍 신례리 ****-*,,33.310541,126.636636,2021-06-06 15:15:21,동물_가축사육업.csv
서귀포시,신나축산,돼지,제주특별자치도 서귀포시 안덕면 사계북로**번길 ***-*,,33.242703,126.29516,2021-06-06 15:26:54,동물_가축사육업.csv
서귀포시,자연농장,돼지,제주특별자치도 서귀포시 동홍로***번길 ** (토평동),,33.281984,126.56648,2021-06-06 15:08:55,동물_가축사육업.csv
서귀포시,홍우농장,돼지,제주특별자치도 서귀포시 성산읍 신풍하동로***번길 ***,,33.36589,126.853099,2023-07-19 11:24:10,동물_가축사육업.csv
서귀포시,칠성양돈,돼지,"제주특별자치도 서귀포시 표선면 가시로***번길 **, 칠성양돈장",,33.342901,126.805401,2022-01-19 18:27:01,동물_가축사육업.csv
서귀포시,천미농장,돼지,제주특별자치도 서귀포시 대정읍 암반수마농로***번길 **,,33.25473,126.236579,2021-06-06 15:03:30,동물_가축사육업.csv
서귀포시,서부팜,돼지,제주특별자치도 서귀포시 대정읍 암반수마농로 ***,,33.249565,126.238974,2022-04-05 15:43:21,동물_가축사육업.csv
서귀포시,수산양돈장,돼지,제주특별자치도 서귀포시 성산읍 서성일로 ***-**,,33.437098,126.883948,2021-06-06 15:41:04,동물_가축사육업.csv
서귀포시,별빛농장,돼지,제주특별자치도 서귀포시 대정읍 암반수마농로 ***,,33.259756,126.24023,2021-06-06 15:34:41,동물_가축사육업.csv
서귀포시,세하축산,돼지,제주특별자치도 서귀포시 남원읍 자배오름로 ***-*,,33.299157,126.658769,2024-02-20 17:25:41,동물_가축사육업.csv
서귀포시,태양농장,돼지,제주특별자치도 서귀포시 대정읍 암반수마농로 ***,,33.259674,126.239845,2025-06-12 18:26:27,동물_가축사육업.csv
서귀포시,농업회사법인(주)피그랜드 삼본지점,돼지,제주특별자치도 서귀포시 대정읍 암반수마농로***번길 **,,33.256168,126.233817,2024-12-17 16:03:00,동물_가축사육업.csv
서귀포시,홍관농장,돼지,제주특별자치도 서귀포시 대정읍 중산간서로 ****-**,,33.269527,126.248879,2021-06-06 15:38:36,동물_가축사육업.csv
서귀포시,안성농장,돼지,제주특별자치도 서귀포시 대정읍 평화로 **-**,,33.254059,126.28536,2025-09-15 14:49:31,동물_가축사육업.csv
서귀포시,한솔농장,돼지,제주특별자치도 서귀포시 대정읍 대한로 ***-**,,33.261789,126.241472,2021-06-06 15:44:02,동물_가축사육업.csv
서귀포시,서흥축산영농조합법인,돼지,제주특별자치도 서귀포시 ****로 *** (대포동),,33.302243,126.451915,2021-06-21 10:15:48,동물_가축사육업.csv
서귀포시,동진팜,돼지,제주특별자치도 서귀포시 대정읍 암반수마농로 ***-* (동진농장),,33.253434,126.237705,2021-01-19 14:52:29,동물_가축사육업.csv
서귀포시,윤창영농조합법인,돼지,"제주특별자치도 서귀포시 ****로 ***, 윤창영농조합법인 (대포동)",,33.302243,126.451915,2021-06-06 14:54:55,동물_가축사육업.csv
서귀포시,자모농장,돼지,제주특별자치도 서귀포시 대정읍 일주서로 ****-***,,33.237425,126.274259,2021-06-06 15:33:02,동물_가축사육업.csv
서귀포시,문선농장,돼지,제주특별자치도 서귀포시 대정읍 암반수마농로***번길 **,,33.255193,126.236205,2021-06-06 15:41:37,동물_가축사육업.csv
서귀포시,하원농장,돼지,제주특별자치도 서귀포시 구산봉로**번길 ** (하원동),,33.255801,126.455051,2023-10-19 14:26:17,동물_가축사육업.csv
서귀포시,가시농장,돼지,제주특별자치도 서귀포시 표선면 중산간동로 ****-***,,33.384172,126.775866,2024-11-22 17:53:18,동물_가축사육업.csv
서귀포시,알드르농장,돼지,제주특별자치도 서귀포시 서홍로***번길 ** (서홍동),,33.280784,126.53802,2021-06-06 15:23:20,동물_가축사육업.csv
서귀포시,농업회사법인(주)피그랜드 대지지점,돼지,제주특별자치도 서귀포시 대정읍 암반수마농로 ***,,33.260799,126.239789,2024-12-17 16:06:00,동물_가축사육업.csv
서귀포시,봉영팜,돼지,제주특별자치도 서귀포시 남원읍 태수로 ***-**,,33.322798,126.718466,2026-08-07 13:40:29,동물_가축사육업.csv
서귀포시,대포양돈,돼지,제주특별자치도 서귀포시 대포복개로***번길 ** (대포동),,33.248916,126.442482,2021-06-06 15:19:39,동물_가축사육업.csv
서귀포시,장수농장,돼지,제주특별자치도 서귀포시 대정읍 대한로 ***-**,,33.262252,126.241591,2021-06-06 15:35:21,동물_가축사육업.csv
서귀포시,우남농장,돼지,제주특별자치도 서귀포시 일주서로 ****-** (색달동),,33.265547,126.396582,2021-06-06 15:09:59,동물_가축사육업.csv
서귀포시,태근농장,돼지,제주특별자치도 서귀포시 대정읍 암반수마농로 ***,,33.260297,126.238561,2021-01-19 15:28:25,동물_가축사육업.csv
서귀포시,농업회사법인(주)피그랜드 일과지점,돼지,제주특별자치도 서귀포시 대정읍 암반수마농로 ***,,33.25156,126.23806,2024-12-18 15:29:23,동물_가축사육업.csv
서귀포시,천일농장,돼지,제주특별자치도 서귀포시 대정읍 암반수마농로 ***,,33.255319,126.239058,2021-06-06 15:42:12,동물_가축사육업.csv
서귀포시,신풍농장,돼지,제주특별자치도 서귀포시 성산읍 남산봉로 **-**,,33.373696,126.828836,2022-03-17 08:53:06,동물_가축사육업.csv
서귀포시,신흥농장,돼지,제주특별자치도 서귀포시 남원읍 신흥앞동산로 ***-**,,33.31433,126.76636,2021-06-06 15:50:51,동물_가축사육업.csv
서귀포시,성실농장,돼지,제주특별자치도 서귀포시 소보리당로***번길 *** (상예동),,33.271263,126.385576,2022-10-05 16:34:28,동물_가축사육업.csv
서귀포시,우담농장,돼지,제주특별자치도 서귀포시 색달로***번길 ** (색달동),,33.265464,126.41935,2021-06-06 14:59:49,동물_가축사육업.csv
서귀포시,길갈영농조합법인,돼지,제주특별자치도 서귀포시 남원읍 한남리 ***-*,,33.326003,126.69913,2021-06-06 15:22:31,동물_가축사육업.csv
서귀포시,새미농장,돼지,"제주특별자치도 서귀포시 대정읍 동일리 *** ,***-*",,33.260212,126.240415,2021-06-29 07:31:07,동물_가축사육업.csv
서귀포시,승하축산,돼지,제주특별자치도 서귀포시 안덕면 상창리 ****,,33.26815,126.347267,2021-06-06 15:44:43,동물_가축사육업.csv
서귀포시,사랑농원,돼지,제주특별자치도 서귀포시 표선면 원님로***번길 **-**,,33.347483,126.759298,2022-10-19 09:08:10,동물_가축사육업.csv
서귀포시,도래물축산영농조합법인,돼지,제주특별자치도 서귀포시 중산간서로***번길 *** (회수동),,33.27581,126.443105,2021-06-06 15:14:41,동물_가축사육업.csv
서귀포시,세길농장,돼지,제주특별자치도 서귀포시 대포동 ****,,33.246798,126.443534,2021-06-06 14:58:50,동물_가축사육업.csv
서귀포시,태웅농장,돼지,제주특별자치도 서귀포시 남원읍 중산간동로 ****-*,,33.291085,126.665975,2021-06-06 15:48:39,동물_가축사육업.csv
서귀포시,정진농장,돼지,제주특별자치도 서귀포시 대정읍 서림중앙로**번길 **-**,,33.251366,126.231693,2021-06-06 15:47:13,동물_가축사육업.csv
서귀포시,먼농장,돼지,제주특별자치도 서귀포시 안덕면 평화로***번길 **-*,,33.27838,126.310767,2021-06-06 15:45:26,동물_가축사육업.csv
서귀포시,농업회사법인(주)피그랜드 한라지점,돼지,제주특별자치도 서귀포시 대정읍 암반수마농로***번길 **,,33.259213,126.236057,2024-12-18 10:20:31,동물_가축사육업.csv
서귀포시,장군팜,돼지,제주특별자치도 서귀포시 대정읍 도원남로 **,,33.272919,126.183442,2021-06-06 14:49:13,동물_가축사육업.csv
서귀포시,봉영농장,돼지,제주특별자치도 서귀포시 성산읍 난산온평로***번길 **,,33.402816,126.889828,2021-06-06 15:32:26,동물_가축사육업.csv
서귀포시,흑돼지농장,돼지,제주특별자치도 서귀포시 서홍로***번길 ** (서홍동),,33.282164,126.539208,2021-06-06 15:21:06,동물_가축사육업.csv
서귀포시,팜CI,돼지,제주특별자치도 서귀포시 대정읍 대한로 ***-*,,33.260858,126.243405,2026-05-08 10:47:57,동물_가축사육업.csv
서귀포시,대우축산,돼지,제주특별자치도 서귀포시 중산간서로***번길 *** (회수동),,33.275407,126.442831,2025-01-22 09:10:48,동물_가축사육업.csv
서귀포시,제주그린농장,돼지,제주특별자치도 서귀포시 남원읍 남조로 ***-**,,33.318365,126.712365,2021-06-06 15:42:55,동물_가축사육업.csv
서귀포시,올레축산,돼지,제주특별자치도 서귀포시 대정읍 대한로 ***,,33.263195,126.244902,2024-02-01 14:32:58,동물_가축사육업.csv
나주시,농업회사법인 (주)사조원 나주공장,도축장,전남광주통합특별시 나주시 금천면 금영로 792,,35.019652,126.759865,2024-11-20 10:26:14,동물_도축업.csv
장성군,(주)대원축산,도축장,전남광주통합특별시 장성군 황룡면 강변로 420-14,,35.28063,126.766646,2018-08-11 13:55:24,동물_도축업.csv
나주시,(주)정다운,도축장,전남광주통합특별시 나주시 동수농공단지길 155 (동수동),,34.986901,126.676719,2026-07-22 11:06:37,동물_도축업.csv
나주시,주식회사 미스터덕,도축장,전남광주통합특별시 나주시 동수농공단지길 164 (오량동),,34.987562,126.676214,2026-05-18 09:01:33,동물_도축업.csv
강진군,주식회사 보성녹돈,도축장,전남광주통합특별시 강진군 강진읍 지전로 515,,34.637033,126.750033,2025-04-15 19:32:56,동물_도축업.csv
화순군,농업회사법인녹색흑염소주식회사,도축장,전남광주통합특별시 화순군 동면 동농공길 26-8,,35.021583,127.024673,2019-04-10 16:48:23,동물_도축업.csv
장흥군,농업회사법인 주식회사 다솔,도축장,전남광주통합특별시 장흥군 장흥읍 산단로 277,,34.69314,126.930926,2026-02-26 16:04:36,동물_도축업.csv
무안군,주)금화,도축장,전남광주통합특별시 무안군 청계면 청계공단1길 128,,34.943092,126.431349,2025-02-12 11:06:17,동물_도축업.csv
함평군,함평엘피씨(주)농업회사법인,도축장,"전남광주통합특별시 함평군 학교면 학교길 281-22, 함평축산물종합처리장(주) 00동 00호",,35.031989,126.542178,2026-07-15 14:23:45,동물_도축업.csv
강진군,가온축산,도축장,전남광주통합특별시 강진군 성전면 강진산단로1길 71,,34.680592,126.742596,2022-03-10 18:30:50,동물_도축업.csv
담양군,농업회사법인유한회사참푸른글로벌,도축장,전남광주통합특별시 담양군 담양읍 월광로 43,,35.333747,126.975672,2025-03-06 17:08:18,동물_도축업.csv
광양시,(주)대호축산,도축장,전남광주통합특별시 광양시 광양읍 해광로 719-30,,34.949406,127.584927,2024-10-31 09:46:41,동물_도축업.csv
나주시,농업회사법인주식회사사조원나주공장,도축장,전남광주통합특별시 나주시 금천면 금영로 792,,35.01864,126.757586,2026-08-11 17:24:50,동물_도축업.csv
나주시,(주)중앙축산농업회사법인 1공장,도축장,전남광주통합특별시 나주시 금천면 영산로 5576-19,,35.034108,126.739127,2026-08-18 17:57:42,동물_도축업.csv
나주시,(주)일영이부쳐스,도축장,전남광주통합특별시 나주시 동수농공단지길 160-13 (오량동),,34.988596,126.67702,2026-05-21 10:44:13,동물_도축업.csv
순천시,새순천축산,도축장,전남광주통합특별시 순천시 홍내교길 106 (홍내동),,34.915212,127.517542,2023-05-23 13:32:35,동물_도축업.csv
목포시,㈜오성식품,도축장,전남광주통합특별시 목포시 고하대로 1140-53 (대양동),,34.83892,126.406906,2021-07-13 08:08:21,동물_도축업.csv
장성군,㈜체리부로 금계지점,도축장,전남광주통합특별시 장성군 동화면 연산로 88-23,,35.267127,126.720506,2024-08-05 13:50:17,동물_도축업.csv
화순군,농업회사법인주식회사만나,도축장,전남광주통합특별시 화순군 화순읍 학포로 2521-25,,35.034691,126.955983,2024-11-25 14:02:00,동물_도축업.csv
북구,삼호축산(주),도축장,전남광주통합특별시 북구 하서로176번길 32 (양산동),,35.194063,126.878814,2025-12-24 13:08:15,동물_도축업.csv
광산구,삼국산업,도축장,전남광주통합특별시 광산구 어등대로 539-11 (운수동),,35.153976,126.782195,2024-08-06 18:09:50,동물_도축업.csv
나주시,농협경제지주 주식회사 나주축산물공판장,도축장,전남광주통합특별시 나주시 왕곡면 혁신산단2길 13,,34.974477,126.693951,2026-05-18 09:02:10,동물_도축업.csv
서구,풀토래(주),도축장,대구광역시 서구 와룡로73길 50 (중리동),,35.867085,128.533137,2026-05-22 09:02:32,동물_도축업.csv
군위군,주식회사 민속엘피씨,도축장,대구광역시 군위군 군위읍 경북대로 4052,,36.263025,128.572847,2024-12-20 10:50:10,동물_도축업.csv
서해구,인천식품(주),도축장,인천광역시 서해구 중봉대로 154 (가좌동),,37.492997,126.648659,2022-04-22 17:48:25,동물_도축업.csv
서해구,삼성식품(주),도축장,인천광역시 서해구 가좌로96번길 17 (가좌동),,37.479761,126.687671,2024-10-24 17:16:00,동물_도축업.csv
대덕구,(주)장원식품,도축장,대전광역시 대덕구 한밭대로1003번길 161-67 (오정동),,36.359391,127.404741,2021-12-10 16:12:48,동물_도축업.csv
남구,삼와산업(주),도축장,울산광역시 남구 상개로 202-28(상개동),,35.502028,129.319278,2023-03-22 10:47:47,동물_도축업.csv
울주군,(주)한축산업,도축장,울산광역시 울주군 언양읍 반구대로 1204-15,,35.597236,129.138479,2026-05-28 19:20:08,동물_도축업.csv
화성시,주식회사 우경축산 (지점),도축장,경기도 화성시 정남면 내향로 360,,37.126007,126.998445,2025-11-11 13:27:05,동물_도축업.csv
안양시,(주)협신식품,도축장,경기도 안양시 만안구 박달로 298 (박달동),,37.404605,126.887352,2024-10-24 17:06:08,동물_도축업.csv
광주시,우진산업,도축장,경기도 광주시 곤지암읍 광여로 200-18,,37.350143,127.366366,2021-03-25 21:49:19,동물_도축업.csv
평택시,(주)평농,도축장,경기도 평택시 칠괴길 25 (지제동),,37.026828,127.074657,2022-03-04 17:27:32,동물_도축업.csv
화성시,에비앙푸드 주식회사,도축장,경기도 화성시 효행구 봉담읍 효행로20번길 16-32,,37.241353,126.95564,2026-03-10 17:21:31,동물_도축업.csv
화성시,(주)한강식품,도축장,경기도 화성시 만년로969번길 17 (안녕동),,37.196374,127.00273,2022-09-15 17:12:07,동물_도축업.csv
안성시,주식회사 도드람엘피씨,도축장,경기도 안성시 일죽면 일생로 185-11,,37.074066,127.494819,2026-08-07 16:34:42,동물_도축업.csv
포천시,포천농축산(주),도축장,경기도 포천시 신북면 중앙로461번길 25,,37.927949,127.2191,2022-06-27 13:39:45,동물_도축업.csv
동두천시,(주)마니커 동두천지점,도축장,경기도 동두천시 승전로 6 (하봉암동),,37.970963,127.065593,2025-04-15 18:40:16,동물_도축업.csv
양주시,(주)청정계,도축장,경기도 양주시 평화로 1600 (회정동),,37.833498,127.058935,2026-01-16 09:41:53,동물_도축업.csv
포천시,농업회사법인정우식품주식회사,도축장,경기도 포천시 신북면 중앙로 378,,37.918762,127.215482,2025-08-22 13:05:03,동물_도축업.csv
부천시,농협경제지주주식회사 부천축산물공판장,도축장,경기도 부천시 오정구 송내대로518번길 71 (삼정동),,37.530216,126.764745,2026-03-31 12:36:50,동물_도축업.csv
연천군,농업회사법인 주식회사 경기엘피씨,도축장,경기도 연천군 군남면 황남로 70-57,,38.024014,127.050345,2022-01-24 13:55:02,동물_도축업.csv
김포시,영농조합법인 김포축산,도축장,경기도 김포시 대곶면 대곶로 429-19 (외 1필지),,37.681841,126.552587,2026-01-05 13:14:30,동물_도축업.csv
청주시,동아식품(주),도축장,충청북도 청주시 흥덕구 사운로 391-1 (송절동),,36.659616,127.463291,2025-02-19 10:58:05,동물_도축업.csv
음성군,(주)팜스코,도축장,충청북도 음성군 삼성면 대청로 54,,36.992509,127.454988,2024-01-22 11:45:41,동물_도축업.csv
제천시,금보식품,도축장,충청북도 제천시 청풍호로19안길 65 (산곡동),,37.097909,128.208054,2026-01-30 18:55:49,동물_도축업.csv
청주시,충청산업,도축장,"충청북도 청주시 청원구 토성로120번길 84-13, 1동 1동 (사천동)",,36.676173,127.466578,2026-05-26 10:08:00,동물_도축업.csv
진천군,농업회사법인 주식회사 들녁(진천공장),도축장,충청북도 진천군 이월면 장수로 349,,36.889234,127.421965,2026-01-16 09:35:52,동물_도축업.csv
진천군,농업회사법인(주)주원산오리,도축장,충청북도 진천군 광혜원면 진광로 941-5,,36.944108,127.42382,2026-04-16 14:00:36,동물_도축업.csv
충주시,(주)충남에프앤비 충주공장,도축장,충청북도 충주시 주덕읍 후삼로 541,,36.962118,127.785369,2024-12-30 13:19:35,동물_도축업.csv
제천시,(주)박달재엘피씨(LPC),도축장,충청북도 제천시 봉양읍 의암로 19,,37.130899,128.091121,2019-09-05 12:55:30,동물_도축업.csv
충주시,대성실업(주),도축장,충청북도 충주시 하용두5길 45 (용두동),,36.965057,127.890961,2022-04-22 20:07:58,동물_도축업.csv
충주시,예성실업,도축장,충청북도 충주시 중원대로 3749 (용관동),,36.959675,127.889509,2023-03-15 09:19:57,동물_도축업.csv
옥천군,한우영농조합법인맥우,도축장,충청북도 옥천군 군서면 성왕로 991,,36.307237,127.551227,2025-02-19 11:07:37,동물_도축업.csv
청원군,(주)팜스토리한냉,도축장,충청북도 청원군 오창읍 성재2길 21,,36.720544,127.344328,2022-07-19 14:14:21,동물_도축업.csv
음성군,(주)농협목우촌,도축장,충청북도 음성군 금왕읍 대금로1278번길 81,,36.983375,127.579824,2025-03-04 18:00:35,동물_도축업.csv
음성군,(주)대산푸드,도축장,충청북도 음성군 삼성면 금율로 349-36,,37.03516,127.535009,2022-07-29 15:21:10,동물_도축업.csv
진천군,(주)체리부로,도축장,충청북도 진천군 이월면 생거진천로 1770,,36.901301,127.450946,2025-05-07 15:06:36,동물_도축업.csv
음성군,(주)모란식품,도축장,충청북도 음성군 대소면 대금로105번길 106,,36.987669,127.468374,2020-08-31 11:28:47,동물_도축업.csv
음성군,농협경제지주주식회사 음성축산물공판장,도축장,충청북도 음성군 삼성면 청용로 183-9,,37.007584,127.453954,2025-03-21 09:48:13,동물_도축업.csv
제천시,제천염소도축장,도축장,충청북도 제천시 청풍호로20길 31 (산곡동),,37.094681,128.197741,2021-12-01 17:30:14,동물_도축업.csv
서산시,농업회사법인 모아모아 토종닭(주),도축장,충청남도 서산시 성연면 솔예로 344-3,,36.864448,126.500075,2024-04-19 13:36:30,동물_도축업.csv
천안시,대전충남양돈농협 포크빌 축산물공판장,도축장,충청남도 천안시 동남구 성남면 5산단1로 81,,36.739757,127.259583,2023-06-22 07:16:33,동물_도축업.csv
당진시,주식회사 한국육계유통,도축장,충청남도 당진시 송악읍 송악로 625-1,,36.937931,126.738849,2023-05-24 16:22:52,동물_도축업.csv
천안시,산성식품,도축장,충청남도 천안시 동남구 병천면 송정리3길 21-165,,36.72576,127.317069,2023-05-23 09:45:27,동물_도축업.csv
홍성군,(주)홍주미트,도축장,충청남도 홍성군 광천읍 홍남로 578-46,,36.500815,126.613505,2024-06-21 17:44:56,동물_도축업.csv
부여군,주식회사 대오,도축장,충청남도 부여군 초촌면 금백로 1007,,36.280886,127.032899,2024-09-03 10:38:01,동물_도축업.csv
천안시,(주)마니커 천안지점,도축장,충청남도 천안시 동남구 동면 화복로 551,,36.765812,127.407422,2026-04-15 14:13:25,동물_도축업.csv
보령시,금화식품(주) 보령공장,도축장,충청남도 보령시 오천면 오천해안로 296,,36.411885,126.506469,2026-03-30 15:51:04,동물_도축업.csv
아산시,(주)들녘,도축장,충청남도 아산시 인주면 아산호로 23-46,,36.887204,126.915376,2022-04-29 12:37:48,동물_도축업.csv
논산시,논산계룡축산업협동조합 축산물유통센터,도축장,충청남도 논산시 연무읍 신화길 35-14,,36.132069,127.083793,2023-04-03 15:16:23,동물_도축업.csv
서산시,농업회사법인(주)신우에프에스,도축장,충청남도 서산시 고북면 고북1로 343-22,,36.672261,126.529522,2024-11-15 17:34:20,동물_도축업.csv
예산군,(주)티와이,도축장,충청남도 예산군 오가면 원천길 27-7,,36.70139,126.787758,2021-06-15 09:05:18,동물_도축업.csv
서산시,주식회사 광축,도축장,충청남도 서산시 팔봉면 팔봉1로 115,,36.791149,126.359367,2024-09-04 11:16:07,동물_도축업.csv
천안시,사조산업(주),도축장,충청남도 천안시 서북구 직산읍 성진로 378,,36.909816,127.173894,2025-05-15 18:09:08,동물_도축업.csv
논산시,화정식품,도축장,충청남도 논산시 지산2길 5 (지산동),,36.203091,127.118724,2019-05-22 19:22:34,동물_도축업.csv
공주시,백제나루 영농조합법인,도축장,충청남도 공주시 의당면 의당로 216,,36.490724,127.136051,2021-09-29 18:24:32,동물_도축업.csv
예산군,중앙산업 도축장,도축장,충청남도 예산군 삽교읍 윤봉길로 1674,,36.687486,126.754471,2025-08-12 16:50:32,동물_도축업.csv
칠곡군,농업회사법인 주식회사 미환축산,도축장,경상북도 칠곡군 기산면 영리 301번지 10호,,35.977613,128.372577,2025-12-31 09:30:37,동물_도축업.csv
상주시,(주)올품,도축장,경상북도 상주시 발산로 135 (초산동),,36.456925,128.175492,2024-01-25 09:17:12,동물_도축업.csv
문경시,농업회사법인 문경통도리 토종닭주식회사,도축장,경상북도 문경시 유곡동  334번지 0호,,36.616593,128.157375,2021-12-27 08:54:06,동물_도축업.csv
영주시,(주)소백산한우,도축장,경상북도 영주시 반구로 416 (적서동),,36.77338,128.618376,2024-08-29 09:53:51,동물_도축업.csv
고령군,농협경제지주 주식회사 고령축산물공판장,도축장,경상북도 고령군 다산면 성암로 566,,35.798306,128.393042,2026-02-09 17:44:52,동물_도축업.csv
경산시,(주)새람,도축장,경상북도 경산시 강변동로 384 (대평동),,35.843264,128.727281,2024-08-12 08:38:45,동물_도축업.csv
영천시,(주)삼세,도축장,경상북도 영천시 동강포길 29-5 (도남동),,35.929105,128.92975,2024-04-22 11:02:43,동물_도축업.csv
구미시,구미칠곡축산업협동조합(축산물유통센타),도축장,경상북도 구미시 선기로 119 (선기동),,36.12953,128.309645,2023-04-10 10:21:32,동물_도축업.csv
군위군,주식회사 민속엘피씨,도축장,경상북도 군위군 군위읍 경북대로 4052,,36.263917,128.572632,2023-02-28 11:00:25,동물_도축업.csv
김천시,농업회사법인 김천염소산업(주),도축장,경상북도 김천시 공단1길 126 (대광동),,36.147818,128.140914,2026-07-08 10:15:07,동물_도축업.csv
안동시,안동봉화축협 안동축산물공판장,도축장,경상북도 안동시 서후면 죽전길 222,,36.602222,128.604547,2026-07-24 14:51:39,동물_도축업.csv
진주시,농업회사법인현대씨앤에프주식회사,도축장,경상남도 진주시 지수면 청담길175번길 16-16,,35.249039,128.254268,2026-01-16 00:00:30,동물_도축업.csv
함양군,농업회사법인 이스트스프링 주식회사 함양도축장지점,도축장,경상남도 함양군 하림강변길 43-90,,35.511983,127.738011,2026-03-10 09:34:40,동물_도축업.csv
창녕군,창녕축산물공판장,도축장,경상남도 창녕군 대지면 우포2로 1069-79,,35.555376,128.481413,2025-09-08 08:56:20,동물_도축업.csv
창녕군,정도축산,도축장,경상남도 창녕군 성산면 창한로 385-62,,35.632301,128.458348,2023-06-23 14:21:36,동물_도축업.csv
김해시,부경양돈협동조합 부경축산물공판장,도축장,경상남도 김해시 주촌면 서부로1403번길 23-100,,35.225599,128.811014,2025-09-15 07:50:23,동물_도축업.csv
하동군,주식회사 정다운 하동공장,도축장,"경상남도 하동군 북천면 가리골길 49-19, (주)정다운하동공장",,35.114008,127.896556,2026-06-08 16:35:20,동물_도축업.csv
창녕군,해드림엘피씨,도축장,경상남도 창녕군 대지면 경남대로 4897-14,,35.558459,128.479966,2026-03-12 08:50:18,동물_도축업.csv
진주시,농업회사법인 서라벌 주식회사,도축장,경상남도 진주시 남강로 1369 (상대동),,35.182911,128.128433,2024-08-14 16:37:39,동물_도축업.csv
고성군,부경제일축산물유통센터(주),도축장,경상남도 고성군 고성읍 월평로 169,,34.966313,128.34996,2025-07-14 16:17:34,동물_도축업.csv
거제시,(주)한려식품,도축장,경상남도 거제시 사등면 거제대로 5943,,34.901269,128.512215,2025-08-21 16:21:22,동물_도축업.csv
서귀포시,제주양돈축산업협동조합 축산물종합유통센터(제주 LPC),도축장,제주특별자치도 서귀포시 안덕면 한창로 746-31,,33.323809,126.336423,2019-04-18 12:01:24,동물_도축업.csv
제주시,제주축산농협 축산물공판장,도축장,제주특별자치도 제주시 애월읍 해암이길 215,,33.418236,126.33712,2024-07-17 09:46:33,동물_도축업.csv
제주시,건강한닭영농조합법인,도축장,제주특별자치도 제주시 청풍남6길 15 (화북일동),,33.51723,126.568811,2026-05-19 15:46:34,동물_도축업.csv
제주시,농업회사법인(주)한라씨에프엔,도축장,제주특별자치도 제주시 구좌읍 행원로13길 99,,33.555214,126.814225,2024-08-02 12:52:35,동물_도축업.csv
횡성군,주식회사 횡성케이씨,도축장,강원특별자치도 횡성군 횡성읍 한우로 588,,37.491764,128.016713,2025-03-24 13:29:32,동물_도축업.csv
춘천시,(주)현진,도축장,강원특별자치도 춘천시 동면 만천양지길 147,,37.890878,127.768223,2025-02-24 10:51:07,동물_도축업.csv
춘천시,농업회사법인주식회사춘천꿩농장,도축장,강원특별자치도 춘천시 남산면 한치로 228-80,,37.775216,127.650855,2024-01-04 15:44:15,동물_도축업.csv
춘천시,춘천흑염소도축장,도축장,강원특별자치도 춘천시 동내면 원창고개길 165-1,,37.82351,127.762585,2025-12-17 15:26:13,동물_도축업.csv
원주시,행구축산,도축장,강원특별자치도 원주시 덕성길 18 (행구동),,37.353115,128.006475,2014-01-22 15:29:40,동물_도축업.csv
원주시,우리손에프앤지 농업회사법인(주) 강원엘피씨,도축장,강원특별자치도 원주시 저금어지길 456 (가현동),,37.390782,127.934577,2023-06-14 17:31:10,동물_도축업.csv
인제군,(주)해마로,도축장,강원특별자치도 인제군 인제읍 덕산로20번길 94,,38.083998,128.19491,2022-11-10 18:04:35,동물_도축업.csv
평창군,평창육가공영농조합법인,도축장,강원특별자치도 평창군 용평면 평창대로 1948-21,,37.580868,128.418088,2025-05-16 16:25:18,동물_도축업.csv
철원군,철원한양영농조합축산물종합처리장,도축장,강원특별자치도 철원군 갈말읍 호국로 4991,,38.165278,127.312651,2020-04-29 13:01:16,동물_도축업.csv
홍천군,주식회사 한다운에프에스엘,도축장,강원특별자치도 홍천군 홍천읍 미루나무길 146,,37.655645,127.868941,2026-01-09 17:48:38,동물_도축업.csv
부안군,농업회사 법인 한송 주식회사,도축장,"전북특별자치도 부안군 행안면 옥여길 76-5, 농업회사법인한송주식회사 1동",,35.737496,126.728152,2026-05-25 12:24:21,동물_도축업.csv
김제시,도드람김제에프엠씨,도축장,전북특별자치도 김제시 백산면 지평선산단5길 412,,35.841345,126.886169,2025-05-20 14:14:57,동물_도축업.csv
익산시,(주)싱그린에프에스,도축장,전북특별자치도 익산시 용안면 익산대로 2078,,36.103763,126.962076,2026-03-09 19:03:26,동물_도축업.csv
부안군,한국양토양록축산업협동조합(안현구),도축장,전북특별자치도 부안군 부안읍 덕림로 36-20,,35.680211,126.721558,2019-07-02 16:41:23,동물_도축업.csv
부안군,(주)참프레,도축장,전북특별자치도 부안군 행안면 옥여길 32-29,,35.735784,126.724494,2026-04-13 17:33:41,동물_도축업.csv
김제시,주식회사 유피에프앤비 농업회사법인,도축장,전북특별자치도 김제시 순동산단길 216 (순동),,35.817224,126.925966,2026-06-01 21:17:37,동물_도축업.csv
정읍시,(주)하림 정읍공장,도축장,전북특별자치도 정읍시 북면 3산단2길 95,,35.61786,126.908582,2023-02-06 08:31:58,동물_도축업.csv
익산시,주식회사 중앙축산 농업회사법인,도축장,전북특별자치도 익산시 현영길 94 (현영동),,35.969411,126.935458,2026-03-09 18:58:19,동물_도축업.csv
정읍시,(주)삼호유황오리,도축장,전북특별자치도 정읍시 고부면 고부농단길 12-30,,35.607477,126.774262,2026-08-03 19:21:58,동물_도축업.csv
남원시,유한회사 금돈,도축장,전북특별자치도 남원시 대산면 대곡신계길 74-26,,35.403983,127.318312,2025-01-23 13:04:45,동물_도축업.csv
정읍시,산수들 주식회사,도축장,전북특별자치도 정읍시 태인면 석지로 972-13,,35.683473,126.902622,2025-05-26 10:33:08,동물_도축업.csv
군산시,유한회사 엔에프군산엘피씨,도축장,전북특별자치도 군산시 서수면 남산로 284,,35.978609,126.860805,2025-01-22 09:58:48,동물_도축업.csv
김제시,농업회사법인(주)사조원,도축장,전북특별자치도 김제시 금산면 구성6길 122,,35.747464,127.007662,2024-11-04 09:46:24,동물_도축업.csv
익산시,(주)하림,도축장,전북특별자치도 익산시 망성면 망성로 14,,36.076771,127.040856,2026-01-15 16:45:20,동물_도축업.csv
장수군,(주)복수,도축장,전북특별자치도 장수군 계남면 장수로 2734,,35.679885,127.555118,2024-01-05 11:26:52,동물_도축업.csv
김제시,(주)부광산업,도축장,전북특별자치도 김제시 진봉면 해학로 775,,35.834307,126.808871,2026-01-26 22:02:30,동물_도축업.csv
정읍시,주식회사 삼정푸드,도축장,전북특별자치도 정읍시 정신로 22-12 (하북동),,35.595826,126.869648,2024-03-28 22:12:11,동물_도축업.csv
남원시,(주)코리아더커드,도축장,전북특별자치도 남원시 산책길 184 (조산동),,35.39311,127.357665,2025-10-21 17:24:06,동물_도축업.csv
군산시,(주)동우팜투테이블,도축장,전북특별자치도 군산시 서수면 동군산로 1095,,36.011534,126.876031,2023-04-11 09:08:02,동물_도축업.csv
익산시,주식회사 정다운 익산공장,도축장,전북특별자치도 익산시 무왕로 1377 (부송동),,35.964736,127.007458,2023-05-30 14:29:35,동물_도축업.csv
김제시,(주)농협목우촌,도축장,전북특별자치도 김제시 금산면 구성길 630,,35.75354,127.004121,2026-05-25 12:26:04,동물_도축업.csv
