시군명,농장명,축종명,사육두수,소재지도로명주소,소재지지번주소,위도,경도,데이터기준일자,비고
가평군,KT목장,소,7,경기도 가평군 설악면 한서로375번길 41,경기도 가평군 설악면 위곡리 145번지 5호,37.6736655377,127.5318195163,20260520,
가평군,가골 2목장,소,50,경기도 가평군 북면 가화로 833-47,경기도 가평군 북면 이곡리 242번지,37.8782833767,127.5347159986,20260520,
가평군,가골목장A,소,60,경기도 가평군 북면 가화로 819,경기도 가평군 북면 이곡리 155번지 23호,37.8771117356,127.5345107722,20260520,
가평군,가골목장B,소,0,경기도 가평군 북면 이곡둑길 3,"경기도 가평군 북면 이곡리 179번지 3호 외 3필지(180-1,180-2,180-3)",37.8759472978,127.5400364085,20260520,
가평군,가덕목장,소,46,경기도 가평군 북면 화악지암길 72-36,경기도 가평군 북면 화악리 369번지 외 1필지(369-1),37.9321566787,127.5699946734,20260520,
가평군,가평흑염소농장,염소,60,경기도 가평군 북면 내촌길 46-159,경기도 가평군 북면 이곡리 152번지 외 1필지(153),37.8788421038,127.5350005405,20260520,
가평군,갈현목장,소,33,경기도 가평군 설악면 장수로79번길 64-6,경기도 가평군 설악면 묵안리 688번지 외1필지(582),37.6092051992,127.5101290586,20260520,
가평군,강만목장,소,8,경기도 가평군 설악면 한서로 111-1,경기도 가평군 설악면 창의리 438번지 11호,37.6726872952,127.5041730236,20260520,
가평군,개누리목장,소,79,경기도 가평군 상면 청군로 794,"경기도 가평군 상면 임초리 495번지 2호 495-4, 504-1, 505",37.7822544141,127.3706850505,20260520,
가평군,건호목장,소,10,경기도 가평군 조종면 비득재길 192-134,"경기도 가평군 조종면 현리 445번지 4호 ,444-6번지",37.8123126780,127.3406283333,20260520,
가평군,경반 목장,소,66,경기도 가평군 가평읍 석봉로191번길 199,경기도 가평군 가평읍 경반리 74번지 외 1필지 (70번지),37.8302030396,127.4898295048,20260520,
가평군,경반농장,돼지,880,경기도 가평군 가평읍 석봉로191번길 193-22,"경기도 가평군 가평읍 경반리 64번지 외7필지(59,61,64-1,66,67,67-2,산19-1)",37.8288781432,127.4902842272,20260520,
가평군,경반농장2,소,0,경기도 가평군 가평읍 석봉로191번길 193-33,경기도 가평군 가평읍 경반리 66번지,37.8288961918,127.4905569492,20260520,
가평군,경반농장3,소,93,경기도 가평군 가평읍 석봉로191번길 193-22,"경기도 가평군 가평읍 경반리 67번지 ,67-2",37.8288781432,127.4902842272,20260520,
가평군,경반목장,소,66,,경기도 가평군 가평읍 경반리 359번지 1호,,,20260520,
가평군,경석목장,소,92,경기도 가평군 가평읍 각담말길 163,"경기도 가평군 가평읍 마장리 206번지 2호 206,206-1번지",37.8702659314,127.5146444208,20260520,
가평군,경영농장,소,6,경기도 가평군 하면 연인산로 185,경기도 가평군 하면 신하리 326번지 1호,37.8333738103,127.3598226182,20260520,
가평군,경훈목장,소,15,경기도 가평군 북면 대촌들길 68,경기도 가평군 북면 도대리 165번지 12호,37.9250028798,127.4921831462,20260520,
가평군,계훈농장,소,23,경기도 가평군 북면 화악산로 541-28,경기도 가평군 북면 화악리 696번지,37.9271760507,127.5637203301,20260520,
가평군,고누실 목장,소,60,경기도 가평군 설악면 한서로 327-103,"경기도 가평군 설악면 위곡리 139번지 1호 외 5필지(139-4,139-5,139-6,139-7,139-9)",37.6772626914,127.5286684353,20260520,
가평군,고성리산양목장,산양,19,경기도 가평군 청평면 말래골길 36,경기도 가평군 청평면 고성리 491번지 1호,37.7155188888,127.4982981045,20260520,
가평군,골든피그하우스,돼지,1700,경기도 가평군 가평읍 태봉두밀로 557-113,경기도 가평군 가평읍 두밀리 258번지 14호,37.8091335818,127.4403233941,20260520,
가평군,광운목장,소,43,경기도 가평군 북면 손일로 208,"경기도 가평군 북면 소법리 609번지 1호 609-2,609-3,609-4",37.9044091230,127.5440786157,20260520,
가평군,구의목장,소,4,경기도 가평군 설악면 신천중앙로28번길 15,경기도 가평군 설악면 신천리 350번지 3호,37.6705508347,127.4908151751,20260520,
가평군,권성목장,소,10,,경기도 가평군 설악면 창의리 253번지 4호,,,20260520,
가평군,규형목장,소,22,경기도 가평군 가평읍 물안산길 57,경기도 가평군 가평읍 마장리 100번지 5호,37.8576644781,127.5219060355,20260520,
가평군,그린농장,소,30,경기도 가평군 설악면 뽕나뭇골길 6,경기도 가평군 설악면 천안리 555번지 1호,37.6411563644,127.4780670787,20260520,
가평군,근범목장,소,21,경기도 가평군 설악면 묵안로 134-423,경기도 가평군 설악면 엄소리 383번지 외 1필지(383-3),37.6474851662,127.4873719266,20260520,
가평군,근원목장,소,24,경기도 가평군 설악면 봉미산안길 175-50,경기도 가평군 설악면 설곡리 165번지,37.6176363281,127.5374272738,20260520,
가평군,금녹원,사슴,26,경기도 가평군 상면 청군로 1579-50,경기도 가평군 상면 원흥리 541번지,37.8230408659,127.3175164512,20260520,
가평군,금성목장,소,32,경기도 가평군 상면 아랫벌길 22-47,경기도 가평군 상면 태봉리 23번지,37.7956800742,127.3382333697,20260520,
가평군,금호농장,소,33,,경기도 가평군 북면 화악리 670번지 2호,,,20260520,
가평군,기명목장,소,3,,경기도 가평군 가평읍 하색리 220번지 1호,,,20260520,
가평군,기상목장,소,23,경기도 가평군 설악면 봉미산안길7번길 27,경기도 가평군 설악면 설곡리 686번지 1호,37.6223274083,127.5209868944,20260520,
가평군,기영목장,소,20,경기도 가평군 상면 수목원로 105-1,경기도 가평군 상면 행현리 325번지 1호,37.7671785633,127.3655792718,20260520,
가평군,기영목장,소,5,경기도 가평군 설악면 봉미산안길7번길 15-1,경기도 가평군 설악면 설곡리 688번지 2호,37.6224808545,127.5197290830,20260520,
가평군,기영목장 2,소,5,경기도 가평군 상면 수목원로 92-26,경기도 가평군 상면 행현리 23번지 5호,37.7691243555,127.3646446925,20260520,
가평군,기영목장3,소,0,경기도 가평군 상면 청군로 910-35,경기도 가평군 상면 항사리 267번지 1호,37.7940678892,127.3681088738,20260520,
가평군,기종목장,소,8,,경기도 가평군 가평읍 마장리 36번지 2호,,,20260520,
가평군,기형목장,소,6,경기도 가평군 설악면 미사리로540번길 19-1,경기도 가평군 설악면 미사리 239번지,37.6986925777,127.5418125892,20260520,
가평군,기효목장,소,30,경기도 가평군 조종면 보름골길 80-26,경기도 가평군 조종면 대보리 261번지,37.8136296930,127.3709711799,20260520,
가평군,기효목장2,소,80,경기도 가평군 상면 물골길 498-18,"경기도 가평군 상면 봉수리 164번지 5호 164-6, 164-7, 164-8번지",37.8575176567,127.2913194409,20260520,
가평군,기훈목장,소,115,경기도 가평군 가평읍 당목가일길 247,"경기도 가평군 가평읍 개곡리 690번지 5호 ,690-2,690-4,690-6,689-2",37.8707106135,127.5402609734,20260520,
가평군,길수농장,소,14,경기도 가평군 상면 청군로 753-42,경기도 가평군 상면 임초리 520번지,37.7810364039,127.3695742670,20260520,
가평군,김석태,사슴,3,,경기도 가평군 가평읍 읍내리 223번지,,,20260520,
가평군,나래목장,소,50,경기도 가평군 상면 원흥길 60-5,경기도 가평군 상면 원흥리 474번지 1호,37.8176511240,127.3235173773,20260520,
가평군,나리목장,소,87,경기도 가평군 설악면 유명로 991-31,경기도 가평군 설악면 방일리 496번지,37.6276284734,127.4869219747,20260520,
가평군,낙원농장,소,12,,경기도 가평군 상면 행현리 872번지,37.7744707639,127.3523676222,20260520,
가평군,남복목장,소,1,경기도 가평군 설악면 미사리로 688-5,경기도 가평군 설악면 미사리 389번지 1호,37.7120685370,127.5414003150,20260520,
가평군,남연목장,소,40,경기도 가평군 가평읍 경반안로116번길 60-130,경기도 가평군 가평읍 승안리 199번지,37.8409828186,127.4904076586,20260520,
가평군,녹산사슴,사슴,3,경기도 가평군 상면 축령로45번길 114-48,경기도 가평군 상면 행현리 348번지,37.7669288771,127.3601411482,20260520,
가평군,농사꾼농장,소,92,경기도 가평군 조종면 연인산로150번길 41,"경기도 가평군 조종면 신하리 283번지 ,282,285-1,285-2,285-3",37.8305391957,127.3636802958,20260520,
가평군,다듬이농장,염소,0,,경기도 가평군 청평면 하천리 136번지,37.7422733335,127.4380722931,20260520,
가평군,다름목장,소,115,"경기도 가평군 상면 청군로 910-67, 다름목장","경기도 가평군 상면 항사리 273번지 273-1, 272, 272-1",37.7946642904,127.3694821635,20260520,
가평군,다부진범강농장,소,60,경기도 가평군 청평면 상천고갯길 126-37,경기도 가평군 청평면 상천리 115번지 25호 외 1필지(124),37.7887111589,127.4670977596,20260520,
가평군,대경목장,소,0,경기도 가평군 설악면 묵안로654번길 33-35,경기도 가평군 설악면 설곡리 749번지 1호,37.6191467884,127.5130992646,20260520,
가평군,대박농장,소,11,경기도 가평군 설악면 유명로 1818-36,경기도 가평군 설악면 선촌리 546번지 2호,37.6791559850,127.4733835539,20260520,
가평군,대선목장,소,24,경기도 가평군 조종면 대보간선로79번길 15-9,"경기도 가평군 조종면 대보리 394번지 1호 외 2필지(394-2, 394-3)",37.8143384157,127.3601653720,20260520,
가평군,대선목장,소,25,경기도 가평군 하면 연인산로 122,경기도 가평군 하면 신하리 224번지 1호,37.8278289388,127.3583331466,20260520,
가평군,대옥농장 2,소,91,경기도 가평군 설악면 한서로 213-50,경기도 가평군 설악면 위곡리 742번지,37.6719025374,127.5125302163,20260520,
가평군,대우목장,소,54,경기도 가평군 설악면 이문안길 1-94,경기도 가평군 설악면 방일리 440번지 1호,37.6236540494,127.4930193951,20260520,
가평군,도대목장,소,2,경기도 가평군 북면 가화로 1938,경기도 가평군 북면 도대리 194번지 1호,37.9261205874,127.4937532557,20260520,
가평군,도현농장,소,0,경기도 가평군 가평읍 각담말길 174,"경기도 가평군 가평읍 마장리 208번지 1호 외3필지(208-2,3,4)",37.8708970368,127.5130413808,20260520,
가평군,돈우목장,소,56,경기도 가평군 조종면 연인산로208번길 53,경기도 가평군 조종면 신하리 287번지,37.8312962989,127.3636789029,20260520,
가평군,동민농장,염소,50,경기도 가평군 조종면 대보간선로 134-57,경기도 가평군 조종면 대보리 344번지 8호,37.8097669259,127.3586516764,20260520,
가평군,동산유덕현,소,4,,경기도 가평군 상면 원흥리 509번지 7호,37.8204604904,127.3239952935,20260520,
가평군,동열목장,소,6,,경기도 가평군 조종면 신상리 444번지 2호,,,20260520,
가평군,두밀축산,소,270,경기도 가평군 가평읍 태봉두밀로 557-113,"경기도 가평군 가평읍 두밀리 258번지 1호 외3필지(258,258-5,258-6)",37.8088725085,127.4409370682,20260520,
가평군,마일목장,소,20,경기도 가평군 조종면 연인산로 521,경기도 가평군 조종면 마일리 357번지 2호,37.8514282750,127.3769866627,20260520,
가평군,마장리 목장,소,75,경기도 가평군 가평읍 각담말길 100 (외1필지(251-5번지)),경기도 가평군 가평읍 마장리 251번지 1호 외1필지(251-5번지),37.8657414069,127.5142114968,20260520,
가평군,만호농장,소,52,경기도 가평군 조종면 세곡로104번길 20-18,경기도 가평군 조종면 신상리 435번지,37.8367796616,127.3378822718,20260520,
가평군,말뚝목장,소,5,경기도 가평군 가평읍 당목가일길 185,"경기도 가평군 가평읍 개곡리 780번지 6호 , 산7번지",37.8673507127,127.5339604871,20260520,
가평군,말래골목장,소,5,경기도 가평군 청평면 말래골길 73,경기도 가평군 청평면 고성리 518번지,37.7167626667,127.4958018751,20260520,
가평군,명선목장,소,81,경기도 가평군 상면 수목원로 84-76,"경기도 가평군 상면 행현리 38번지 3호 ,35-1번지",37.7702694523,127.3650059502,20260520,
가평군,명옥목장,소,12,경기도 가평군 설악면 유명로 994-10,경기도 가평군 설악면 방일리 476번지 6호,37.6291338803,127.4884290043,20260520,
가평군,미경목장,소,47,경기도 가평군 가평읍 석봉로3번길 160-58,경기도 가평군 가평읍 대곡리 592번지 1호,37.8267783324,127.4941707141,20260520,
가평군,미래목장,소,93,경기도 가평군 가평읍 각담말길 50-93,경기도 가평군 가평읍 마장리 365번지 1호,37.8609461989,127.5160295257,20260520,
가평군,백두농장,소,25,경기도 가평군 가평읍 잎너비길 24-41,경기도 가평군 가평읍 읍내리 164번지 4호,37.8453722795,127.5088087159,20260520,
가평군,백두산 목장,소,0,경기도 가평군 가평읍 각담말길 163,"경기도 가평군 가평읍 마장리 209번지 1호 , 마장리 206-5",37.8702659314,127.5146444208,20260520,
가평군,백학목장,소,26,,경기도 가평군 조종면 신상리 240번지 7호,,,20260520,
가평군,백호목장2,소,134,경기도 가평군 상면 솔안길 27-16 (영서목장),경기도 가평군 상면 율길리 83번지,37.8269597778,127.3051322717,20260520,
가평군,별바우목장,소,50,경기도 가평군 청평면 상천고갯길 126-37,"경기도 가평군 청평면 상천리 115번지 10호 외 3필지(115-25,124,1608)",37.7887111589,127.4670977596,20260520,
가평군,병목목장,소,32,경기도 가평군 설악면 묵안로 916-26,경기도 가평군 설악면 묵안리 379번지 3호 외 1필지(379-2),37.6024428975,127.5248105033,20260520,
가평군,병철농장,소,9,경기도 가평군 설악면 봉미산안길 175-32,경기도 가평군 설악면 설곡리 170번지 1호,37.6171582264,127.5386281429,20260520,
가평군,병호목장,소,2,경기도 가평군 설악면 장수로79번길 3,경기도 가평군 설악면 묵안리 636번지,37.6127560894,127.5142651899,20260520,
가평군,보납산 목장,소,66,경기도 가평군 가평읍 잎너비길 50-72,경기도 가평군 가평읍 읍내리 186번지 1호,37.8426501268,127.5110019580,20260520,
가평군,복임목장,소,15,경기도 가평군 북면 화악산로 553,경기도 가평군 북면 화악리 521번지 4호,37.9273200239,127.5641528429,20260520,
가평군,복형목장,소,12,경기도 가평군 설악면 묵안로 85-25,경기도 가평군 설악면 엄소리 289번지 2호,37.6547322384,127.4902162670,20260520,
가평군,봉근목장,소,3,경기도 가평군 조종면 운악청계로490번길 11-56,경기도 가평군 조종면 운악리 348번지 1호,37.8612826958,127.3558703877,20260520,
가평군,봉림흑염소,염소,20,경기도 가평군 상면 서대길 58,경기도 가평군 상면 임초리 6번지 4호,37.7765966734,127.3817097411,20260520,
가평군,봉화목장,소,5,경기도 가평군 상면 샘골길 21,경기도 가평군 상면 항사리 351번지 2호,37.7880986015,127.3658593894,20260520,
가평군,부경목장,소,68,경기도 가평군 북면 화악지암길 218,경기도 가평군 북면 화악리 275번지 7호,,,20260520,
가평군,부국흑염소,염소,23,경기도 가평군 상면 샘골길 21,경기도 가평군 상면 항사리 352번지,37.7880986015,127.3658593894,20260520,
가평군,부마목장,소,35,경기도 가평군 조종면 연인산로208번길 76,"경기도 가평군 조종면 신하리 316번지 (316-3,306-3)",37.8289428679,127.3628196055,20260520,
가평군,부흥목장,소,47,경기도 가평군 설악면 봉미산안길 71,경기도 가평군 설악면 설곡리 587번지 4호,37.6184506861,127.5256656775,20260520,
가평군,북배산흑염소농장,산양,150,경기도 가평군 북면 멱골로272번길 193,경기도 가평군 북면 목동리 103번지,37.9155366913,127.5955995409,20260520,
가평군,삼랑목장,소,24,경기도 가평군 가평읍 능모루길 115,"경기도 가평군 가평읍 개곡리 781번지 12호 외2필지(781-20,781-17)",37.8673512172,127.5321641191,20260520,
가평군,삼봉목장,소,34,"경기도 가평군 청평면 삼봉터길 22 (408-3, 408-4)","경기도 가평군 청평면 상천리 408번지 2호 408-3, 408-4",37.7760176208,127.4579622751,20260520,
가평군,삼수목장,소,20,경기도 가평군 가평읍 잎너비길 105-17,"경기도 가평군 가평읍 읍내리 191번지 5호 ,191-1번지",37.8430825040,127.5134456462,20260520,
가평군,삼우농원,소,11,,경기도 가평군 북면 목동리 575번지 3호,,,20260520,
가평군,삼원 농장,소,150,경기도 가평군 조종면 세곡로 68,"경기도 가평군 조종면 신상리 651번지 3호 652-12, 666-2, 667-1, 현리 81-3",37.8336905583,127.3396391248,20260520,
가평군,상동목장,소,7,경기도 가평군 상면 둔덕말길 18,경기도 가평군 상면 상동리 137번지 1호,37.7945900790,127.3200057595,20260520,
가평군,상색목장,소,43,경기도 가평군 가평읍 경춘로 1719-77,경기도 가평군 가평읍 상색리 395번지 2호,37.7947334249,127.4727174384,20260520,
가평군,상수 목장,소,11,경기도 가평군 가평읍 진동안길 37,경기도 가평군 가평읍 하색리 402번지 3호,37.8103472921,127.4938652679,20260520,
가평군,새금일목장,소,94,"경기도 가평군 상면 장막동길 26-339, 새금일목장","경기도 가평군 상면 율길리 469번지 1호 새금일목장, 469-6,8,11",37.8446325253,127.2833427873,20260520,
가평군,새덕영목장,소,73,경기도 가평군 조종면 명지산로 289,"경기도 가평군 조종면 상판리 435번지 4호 435-2,435-5,435-6",37.8988019379,127.3694349781,20260520,
가평군,새말농장,소,270,경기도 가평군 북면 화악지암길 194-10,경기도 가평군 북면 화악리 283번지 3호 외 14필지,37.9408067558,127.5739178459,20260520,
가평군,샘골농장,소,15,경기도 가평군 설악면 평촌길 136,경기도 가평군 설악면 방일리 605번지 4호,37.6113688647,127.4985724086,20260520,
가평군,서리산농장,염소,68,경기도 가평군 상면 돌아우길 140,경기도 가평군 상면 상동리 48번지 25호,37.7813022287,127.3184594732,20260520,
가평군,서물목장,소,80,경기도 가평군 청평면 상천고갯길 126-81,"경기도 가평군 청평면 상천리 122번지 외 4필지(115-14,115-15,121-1,1609-5)",37.7882424903,127.4671661112,20260520,
가평군,서우목장 2,소,140,경기도 가평군 상면 축령로45번길 51,경기도 가평군 상면 행현리 258번지 3호 외 1필지(261-1),37.7709161776,127.3630744874,20260520,
가평군,석규목장,소,21,경기도 가평군 상면 축령로45번길 93-31,경기도 가평군 상면 행현리 307번지 1호,37.7693388760,127.3630887503,20260520,
가평군,석우농장,소,5,,경기도 가평군 북면 소법리 464번지 3호,,,20260520,
가평군,석인목장,소,35,경기도 가평군 상면 기와집길 130-22,경기도 가평군 상면 연하리 270번지 3호,37.7956786698,127.3508298563,20260520,
가평군,석정농장,소,30,"경기도 가평군 가평읍 석봉로3번길 160-84, 석정농장",경기도 가평군 가평읍 대곡리 591번지 8호,37.8276526172,127.4943297319,20260520,
가평군,석화농장,소,40,경기도 가평군 가평읍 쇠내골길 102,경기도 가평군 가평읍 금대리 814번지 4호,37.7544547825,127.5194462155,20260520,
가평군,선목장,소,30,경기도 가평군 가평읍 능모루길 49,경기도 가평군 가평읍 개곡리 750번지 3호,37.8722910806,127.5295511256,20260520,
가평군,선호농장,소,3,경기도 가평군 북면 대촌들길 17,경기도 가평군 북면 도대리 126번지 3호,37.9230111157,127.4941176142,20260520,
가평군,선화목장,소,4,경기도 가평군 설악면 묵안로 134-521,경기도 가평군 설악면 엄소리 390번지,37.6499006828,127.4866006569,20260520,
가평군,선화목장,소,74,경기도 가평군 설악면 한서로156번길 148,경기도 가평군 설악면 창의리 344번지 2호,37.6594376495,127.4991383706,20260520,
가평군,설봉농장,소,32,경기도 가평군 상면 금강로 3359,경기도 가평군 상면 봉수리 143번지 2호,37.8578797656,127.2871691199,20260520,
가평군,성근목장,소,14,경기도 가평군 설악면 한서로156번길 39-15,"경기도 가평군 설악면 창의리 162번지 3호 , 162-4,160, 222-1번지",37.6667292580,127.5076650241,20260520,
가평군,성수목장,소,28,,경기도 가평군 상면 태봉리 721번지,37.7960860667,127.3320761898,20260520,
가평군,성수목장,소,10,경기도 가평군 설악면 천안길 63,경기도 가평군 설악면 천안리 630번지 1호,37.6351808699,127.4804943008,20260520,
가평군,성수목장 2,소,6,경기도 가평군 설악면 가마소길 17-270,경기도 가평군 설악면 천안리 842번지,37.6350622082,127.4729572662,20260520,
가평군,성업목장,소,27,경기도 가평군 북면 화악산로 554-15,경기도 가평군 북면 화악리 518번지 8호,37.9280675280,127.5652003384,20260520,
가평군,성우농장,소,39,경기도 가평군 설악면 한서로210번길 165-35,경기도 가평군 설악면 위곡리 398번지 2호,37.6548663840,127.5185699435,20260520,
가평군,성우목장,소,51,경기도 가평군 조종면 운악청계로 55-11,경기도 가평군 조종면 현리 150번지 1호,37.8265788878,127.3461769639,20260520,
가평군,성필목장,소,45,경기도 가평군 청평면 삼봉터길 33,경기도 가평군 청평면 상천리 425번지,37.7765578500,127.4564062657,20260520,
가평군,세연목장,소,49,경기도 가평군 조종면 연인산로150번길 88,경기도 가평군 조종면 신하리 124번지 2호 외 1필지(124-1),37.8292097109,127.3675918053,20260520,
가평군,소령목장,소,20,경기도 가평군 조종면 명지산로 184-7,경기도 가평군 조종면 상판리 320번지 1호,37.8897325198,127.3673925093,20260520,
가평군,소명목장,소,40,경기도 가평군 북면 가화로 819,경기도 가평군 북면 이곡리 240번지 4호 외 1필지(240-8),37.8771117356,127.5345107722,20260520,
가평군,송산목장,소,13,경기도 가평군 설악면 미사리로645번길 190-106,경기도 가평군 설악면 송산리 912번지,37.7182727100,127.5317364661,20260520,
가평군,송죽농장,돼지,4500,경기도 가평군 조종면 보름골길 209-138,"경기도 가평군 조종면 마일리 225번지 외 4필지(221,220,225-2,224)",37.8213473622,127.3731734045,20260520,
가평군,송희농장,소,3,경기도 가평군 설악면 다락재로 558-39,경기도 가평군 설악면 이천리 359번지,37.6536160687,127.4367863007,20260520,
가평군,수동목장,소,134,"경기도 가평군 상면 연하길 64-20, 수동목장","경기도 가평군 상면 연하리 155번지 ,155-2,146-1",37.8010196490,127.3549652365,20260520,
가평군,수목원목장,소,30,경기도 가평군 상면 수목원로 84-77,경기도 가평군 상면 행현리 34번지 1호,37.7698825195,127.3655630228,20260520,
가평군,수복목장,소,4,경기도 가평군 설악면 평촌길 53-6,경기도 가평군 설악면 방일리 310번지 7호,37.6185255656,127.4978583921,20260520,
가평군,수영목장,소,20,경기도 가평군 설악면 장수로 196,경기도 가평군 설악면 설곡리 805번지,37.6192916181,127.5051672128,20260520,
가평군,수영목장,소,5,경기도 가평군 설악면 한서로 228-9,경기도 가평군 설악면 위곡리 795번지 10호,37.6695767511,127.5153079244,20260520,
가평군,수진목장,소,7,,경기도 가평군 청평면 상천리 411번지 1호 외 1필지(412-4),37.7771152891,127.4563414120,20260520,
가평군,수진목장,소,50,경기도 가평군 하면 세곡로 193-30,경기도 가평군 하면 신상리 718번지 1호,37.8352308555,127.3262598022,20260520,
가평군,수천목장,소,21,경기도 가평군 상면 청군로 961-25,경기도 가평군 상면 항사리 534번지 1호,37.7969563696,127.3639237684,20260520,
가평군,수흥목장,소,190,경기도 가평군 가평읍 달전천벚꽃길 241-217,"경기도 가평군 가평읍 하색리 161번지 2호 ,160,161-1, 161-7,162,929",37.8026681768,127.4972964712,20260520,
가평군,순복목장,소,135,경기도 가평군 조종면 대보간선로 208,"경기도 가평군 조종면 대보리 498번지 1호 외 2필지(497, 499)",37.8064760484,127.3654399121,20260520,
가평군,순봉목장,소,45,경기도 가평군 가평읍 잎너비길 50-18,경기도 가평군 가평읍 읍내리 169번지,37.8450567078,127.5101953298,20260520,
가평군,순산목장,소,96,경기도 가평군 북면 가화로 898-61,경기도 가평군 북면 이곡리 17번지 11호,37.8751262253,127.5425488698,20260520,
가평군,순연목장,소,5,경기도 가평군 설악면 봉미산안길 80-32,경기도 가평군 설악면 설곡리 612번지,37.6164677901,127.5253363937,20260520,
가평군,술막목장,소,106,경기도 가평군 상면 장막동길 26-249,"경기도 가평군 상면 율길리 469번지 10호 외 2필지(469-13, 470-6)",37.8442721278,127.2834120368,20260520,
가평군,술막목장,소,148,경기도 가평군 상면 장막동길 26-155,"경기도 가평군 상면 율길리 470번지 1호 외 3필지(470-6, 470-9, 470-11)",37.8414784500,127.2836247843,20260520,
가평군,쉬리목장,소,90,경기도 가평군 조종면 연인산로 68-6,"경기도 가평군 조종면 신하리 468번지 외 2필지(466-1, 467-1)",37.8231411740,127.3575694491,20260520,
가평군,승민목장,소,13,경기도 가평군 조종면 연인산로527번길 2,경기도 가평군 조종면 마일리 339번지 16호,37.8518621449,127.3781794804,20260520,
가평군,시원목장,소,16,경기도 가평군 상면 솔안길 93,경기도 가평군 상면 율길리 183번지 1호,37.8240814883,127.2979472123,20260520,
가평군,신시골목장,소,31,"경기도 가평군 조종면 보름골길 42, 등 2필지(42-1)",경기도 가평군 조종면 대보리 296번지 등 2필지(295-1),37.8117233260,127.3668504993,20260520,
가평군,신양 농장,소,72,경기도 가평군 조종면 보름골길 209-50,경기도 가평군 조종면 마일리 201번지 4호,37.8215959825,127.3781610686,20260520,
가평군,신우주목장,소,35,경기도 가평군 조종면 연인산로100번길 13,경기도 가평군 조종면 신하리 218번지 1호,37.8257116693,127.3590189753,20260520,
가평군,신촌목장,소,45,경기도 가평군 가평읍 아랫마장길 49-128,경기도 가평군 가평읍 승안리 116번지,37.8446604930,127.4957150740,20260520,
가평군,신행복목장,소,26,경기도 가평군 조종면 연인산로 68-62,"경기도 가평군 조종면 신하리 189번지 , 188-2번지",37.8245855020,127.3594188173,20260520,
가평군,신황보목장,소,50,경기도 가평군 하면 연인산로 140,경기도 가평군 하면 신하리 264번지 3호,37.8293171011,127.3591598422,20260520,
가평군,실로암농장,소,3,경기도 가평군 상면 청군로 985-67,경기도 가평군 상면 항사리 547번지 4호,37.7982074478,127.3624107524,20260520,
가평군,양지농원,소,81,경기도 가평군 가평읍 각담말길 89-16,"경기도 가평군 가평읍 마장리 270번지 6호 외2필지(270-3,270-1)",37.8650024473,127.5132222468,20260520,
가평군,양지목장,소,90,경기도 가평군 조종면 연인산로208번길 78-17,"경기도 가평군 조종면 신하리 318번지 1호 외 2필지(318-3, 318-4)",37.8277616432,127.3623899855,20260520,
가평군,양태봉농장,소,135,경기도 가평군 가평읍 태봉안길 86-10,"경기도 가평군 가평읍 하색리 636번지 1호 ,636-5,637,876-2,667-1",37.8075701624,127.4830051007,20260520,
가평군,엄지농원2,염소,100,경기도 가평군 설악면 묵안로 134-243,"경기도 가평군 설악면 엄소리 331번지 4호 외 2필지(331-5, 333-7)",37.6494415815,127.4935384437,20260520,
가평군,에덴농장,소,40,경기도 가평군 조종면 대보간선로 182,"경기도 가평군 조종면 대보리 330번지 3호 외 2필지(519-46, 572)",37.8086201544,127.3645385498,20260520,
가평군,에벤에셀 목장,소,0,경기도 가평군 가평읍 각담말길 154,경기도 가평군 가평읍 마장리 189번지 193,37.8705902176,127.5160657246,20260520,
가평군,에코농장,소,206,경기도 가평군 설악면 한서로 443,경기도 가평군 설악면 위곡리 47번지 22호 외 6필지,37.6679858697,127.5360691930,20260520,
가평군,연갈목장,소,80,경기도 가평군 가평읍 연갈길 65,경기도 가평군 가평읍 상색리 275번지 1호,37.7974392475,127.4824962806,20260520,
가평군,연인산풍경,소,40,경기도 가평군 조종면 연인산로 523,경기도 가평군 조종면 마일리 355번지 2호 외1필지(355-3),37.8518615201,127.3775770287,20260520,
가평군,영균농장,소,5,경기도 가평군 북면 화악지암길 43-93,경기도 가평군 북면 화악리 563번지 1호,37.9308069153,127.5662155049,20260520,
가평군,영민목장,소,40,경기도 가평군 설악면 장수로 139-19,"경기도 가평군 설악면 묵안리 662번지 1호 ,662-5,662-11,653",37.6149738213,127.5102998043,20260520,
가평군,영성목장,소,30,경기도 가평군 조종면 연인산로100번길 21,"경기도 가평군 조종면 신하리 216번지 ,216-2",37.8256046772,127.3599963972,20260520,
가평군,영숙목장,소,1,경기도 가평군 조종면 보름골길 60-71,경기도 가평군 조종면 대보리 316번지 5호 (316-10),37.8098153079,127.3693305329,20260520,
가평군,영숙목장1,소,0,경기도 가평군 조종면 보름골길 60-61,경기도 가평군 조종면 대보리 316번지 4호,37.8101305544,127.3691368466,20260520,
가평군,영업목장,소,93,경기도 가평군 상면 물골길 216,"경기도 가평군 상면 봉수리 41번지 1호 외 2필지(39, 41-8)",37.8395028429,127.3049909477,20260520,
가평군,오광농장,염소,32,경기도 가평군 상면 역촌길 12-24,경기도 가평군 상면 연하리 434번지,37.8005001383,127.3434253508,20260520,
가평군,오균목장,소,31,경기도 가평군 설악면 양방가루재길 84,"경기도 가평군 설악면 방일리 46번지 ,46-2",37.6298014384,127.4988100519,20260520,
가평군,오르매기농장,소,43,경기도 가평군 설악면 묵안안길 43-18,경기도 가평군 설악면 묵안리 454번지 1호 외 1필지(454-5),37.6077874492,127.5268969604,20260520,
가평군,와가목장,소,137,경기도 가평군 상면 기와집길 117,"경기도 가평군 상면 연하리 75번지 3호 외12필지(257,258,259-1~2,260,261,262,263-1~4,593-1)",37.7978077550,127.3523930816,20260520,
가평군,용광덕목장,소,12,경기도 가평군 북면 오목골길 39-39,"경기도 가평군 북면 도대리 69번지 30호 외3필지(69-31,69-37,69-38)",37.9140612525,127.4957679347,20260520,
가평군,용무농장,소,2,경기도 가평군 북면 화악지암길 134,경기도 가평군 북면 화악리 347번지 5호,37.9366176205,127.5708182691,20260520,
가평군,용사목장,소,34,경기도 가평군 조종면 연인산로100번길 56,경기도 가평군 조종면 신하리 205번지 1호,37.8253929169,127.3638829333,20260520,
가평군,용사목장2,소,40,경기도 가평군 조종면 연인산로208번길 112,경기도 가평군 조종면 신하리 235번지,37.8261564924,127.3616998179,20260520,
가평군,용수목장,소,25,경기도 가평군 설악면 봉미산안길 80-212,경기도 가평군 설악면 설곡리 257번지 2호,37.6156648549,127.5285541219,20260520,
가평군,용철농장,소,14,경기도 가평군 조종면 연인산로150번길 50,경기도 가평군 조종면 신하리 113번지 1호,37.8302699156,127.3646467074,20260520,
가평군,용필목장,소,15,경기도 가평군 북면 가화로 797-7,경기도 가평군 북면 이곡리 205번지 7호,37.8766979173,127.5317247195,20260520,
가평군,용환목장,소,17,경기도 가평군 설악면 다락재로 117,"경기도 가평군 설악면 회곡리 121번지 2호 122, 122-1",37.6723380364,127.4598805257,20260520,
가평군,우리목장,소,29,,경기도 가평군 조종면 신상리 3번지 7호,,,20260520,
가평군,우신목장,소,71,경기도 가평군 조종면 운악청계로368번길 45,경기도 가평군 조종면 신상리 3번지 2호 외 1필지(3-4),37.8459552701,127.3590827398,20260520,
가평군,우유샘목장,소,46,경기도 가평군 조종면 연인산로208번길 67-6,경기도 가평군 조종면 신하리 278번지 외1필지(244),37.8293945537,127.3637051289,20260520,
가평군,우전목장,소,172,경기도 가평군 가평읍 용추로171번길 34-15,"경기도 가평군 가평읍 승안리 250번지 2호 외 2필지(205-3, 205-4)",37.8436502036,127.4854745647,20260520,
가평군,운악사슴농장,사슴,80,경기도 가평군 상면 장막동길 26-313,경기도 가평군 상면 율길리 469번지 2호 외 1필지(469-12),37.8435500143,127.2828344957,20260520,
가평군,운악스마일목장,소,133,경기도 가평군 상면 청군로 932-1,"경기도 가평군 상면 항사리 248번지 , 248-1, 247-1, 249, 233번지",37.7956619599,127.3669815567,20260520,
가평군,원우농장,소,12,경기도 가평군 하면 운악청계로281번길 38,경기도 가평군 하면 신상리 313번지,37.8423862201,127.3518610238,20260520,
가평군,웰빙목장,소,70,경기도 가평군 설악면 신천중앙로28번길 101-171,"경기도 가평군 설악면 신천리 249번지 1호 ,249-2번지",37.6632231376,127.4940247925,20260520,
가평군,위곡농장,소,5,경기도 가평군 설악면 한서로 422-6,경기도 가평군 설악면 위곡리 57번지 2호 외 1(57-4),37.6690319261,127.5343915129,20260520,
가평군,위곡목장,소,80,경기도 가평군 설악면 한서로375번길 19-27,"경기도 가평군 설악면 위곡리 176번지 3호 외 2필지(176-1, 176-2)",37.6732782738,127.5306400177,20260520,
가평군,유경농장,소,22,경기도 가평군 가평읍 달전천벚꽃길 173-87,경기도 가평군 가평읍 하색리 136번지,37.8080310469,127.5018404030,20260520,
가평군,유덕목장,소,49,경기도 가평군 조종면 연인산로 118,"경기도 가평군 조종면 신하리 437번지 2호 ,437-1, 220",37.8274229782,127.3580271141,20260520,
가평군,유명 한우농장,소,31,경기도 가평군 설악면 전위골길 61-16,경기도 가평군 설악면 방일리 523번지 2호,37.6150814383,127.4846806542,20260520,
가평군,유명산목장,소,8,경기도 가평군 설악면 유명로 721,경기도 가평군 설악면 가일리 349번지 1호,37.6100344313,127.4897575896,20260520,
가평군,윤우목장,소,68,경기도 가평군 설악면 묵안로 134-26,경기도 가평군 설악면 엄소리 325번지 4호 외 1필지(325-6),37.6504600781,127.4931529222,20260520,
가평군,윤정목장,소,4,경기도 가평군 가평읍 달전천벚꽃길 257-598,경기도 가평군 가평읍 하색리 149번지 3호,37.8015594729,127.4948883342,20260520,
가평군,윤주목장,소,5,,경기도 가평군 북면 이곡리 292번지,37.8813289323,127.5313708732,20260520,
가평군,율목목장,소,30,,경기도 가평군 가평읍 개곡리 201번지 1호,,,20260520,
가평군,으뜸목장,소,22,경기도 가평군 설악면 평촌길 44-539,경기도 가평군 설악면 방일리 360번지,37.6187687332,127.4928612115,20260520,
가평군,은성목장,소,38,경기도 가평군 가평읍 당목가일길 139-122,경기도 가평군 가평읍 개곡리 1113번지 2호,37.8688130055,127.5253429682,20260520,
가평군,음메목장,소,80,경기도 가평군 북면 화악지암길 223-32,경기도 가평군 북면 화악리 254번지,37.9450601619,127.5750602446,20260520,
가평군,의순농장,소,26,경기도 가평군 조종면 연인산로208번길 70,경기도 가평군 조종면 신하리 316번지 1호,37.8291955795,127.3631145900,20260520,
가평군,이곡 목장,소,29,경기도 가평군 북면 가화로 759,경기도 가평군 북면 이곡리 519번지 7호,37.8767439798,127.5277790499,20260520,
가평군,이레목장,소,5,경기도 가평군 청평면 수리재길 299-43,경기도 가평군 청평면 상천리 1006번지,37.7879649654,127.4301302590,20260520,
가평군,이문목장,소,17,경기도 가평군 조종면 연인산로208번길 18-10,경기도 가평군 조종면 신하리 347번지 3호,37.8339532006,127.3619807358,20260520,
가평군,이오사슴,사슴,12,경기도 가평군 북면 가화로 2476,"경기도 가평군 북면 도대리 409번지 8호 ,410-6, 410-11",37.9607365036,127.4728496655,20260520,
가평군,인섭목장,소,17,경기도 가평군 상면 수목원로 92-44,경기도 가평군 상면 행현리 34번지 3호,37.7692862280,127.3643264748,20260520,
가평군,인혁목장,소,96,,경기도 가평군 설악면 엄소리 385번지 9호,37.6487063169,127.4876499449,20260520,
가평군,일식목장,소,6,경기도 가평군 설악면 양방가루재길 71-53,경기도 가평군 설악면 방일리 55번지,37.6283411677,127.4952742064,20260520,
가평군,임석목장,소,9,경기도 가평군 가평읍 능모루길 16-37,경기도 가평군 가평읍 개곡리 1108번지 3호,37.8734093706,127.5267658365,20260520,
가평군,자연농장,돼지,954,경기도 가평군 북면 막골길 18-12,"경기도 가평군 북면 제령리 340번지 외 2필지(341,341-1)",37.8981765406,127.5299254449,20260520,
가평군,자연으로 농장,염소,24,경기도 가평군 상면 장막동길 26-177,경기도 가평군 상면 율길리 470번지 24호,37.8430354717,127.2824041092,20260520,
가평군,자호 목장,소,70,경기도 가평군 가평읍 달전천벚꽃길 173-62,경기도 가평군 가평읍 하색리 202번지,37.8071387545,127.5002953962,20260520,
가평군,장락목장,소,20,경기도 가평군 설악면 미사리로 549,"경기도 가평군 설악면 미사리 272번지 5호 , 273",37.7002435779,127.5397829114,20260520,
가평군,장락목장,소,16,경기도 가평군 설악면 미사리로 716-111,경기도 가평군 설악면 미사리 76번지,37.7130756471,127.5477091428,20260520,
가평군,장석목장,소,6,경기도 가평군 북면 제령아랫말길 44-39,경기도 가평군 북면 제령리 174번지,37.8907919819,127.5396122711,20260520,
가평군,장수목장,소,38,경기도 가평군 가평읍 호반로 1905,경기도 가평군 가평읍 산유리 328번지 5호,37.7630636200,127.5101840645,20260520,
가평군,장원목장,소,120,경기도 가평군 상면 청군로 2005-31,"경기도 가평군 상면 율길리 334번지 3호 외 3필지(335, 299, 335-3)",37.8296813876,127.2943183120,20260520,
가평군,재원농장,소,32,경기도 가평군 북면 화악지암길 268,경기도 가평군 북면 화악리 134번지 1호,37.9471410725,127.5767468532,20260520,
가평군,정우영농장,염소,50,경기도 가평군 청평면 상지로53번길 62,경기도 가평군 청평면 상천리 332번지 3호,37.7724856358,127.4614956416,20260520,
가평군,정천농원,산양,100,,경기도 가평군 상면 항사리 349번지,37.7877784548,127.3651789094,20260520,
가평군,정행목장,소,0,경기도 가평군 가평읍 경반안로116번길 22-125,경기도 가평군 가평읍 경반리 305번지 3호,37.8371795207,127.4942494492,20260520,
가평군,제국목장,소,55,경기도 가평군 상면 축령로45번길 49,경기도 가평군 상면 행현리 255번지,37.7715016013,127.3626987022,20260520,
가평군,조종농장,소,75,경기도 가평군 조종면 연인산로 208-1,경기도 가평군 조종면 신하리 366번지 4호 햄프리웰빙관,37.8350794683,127.3616604328,20260520,
가평군,종기목장,소,4,,경기도 가평군 청평면 하천리 266번지,37.7516553690,127.4364507267,20260520,
가평군,종열목장,소,4,경기도 가평군 설악면 평촌길 44-72,경기도 가평군 설악면 방일리 348번지 5호,37.6192645465,127.4941642906,20260520,
가평군,종우축산,소,20,경기도 가평군 상면 원흥길 77-66,경기도 가평군 상면 원흥리 273번지 1호,37.8158495495,127.3242260795,20260520,
가평군,종은목장,소,23,경기도 가평군 설악면 봉미산안길 80-119,경기도 가평군 설악면 설곡리 245번지 1호 19통 1반,37.6152409185,127.5297776996,20260520,
가평군,종은목장 3,소,83,,"경기도 가평군 설악면 설곡리 235번지 1호 외 2필지(236, 237번지)",37.6144893087,127.5310931949,20260520,
가평군,종은목장2,소,59,경기도 가평군 설악면 봉미산안길 80-136,"경기도 가평군 설악면 설곡리 242번지 2호 242-1, 242",37.6143939034,127.5287575902,20260520,
가평군,종찬목장,소,8,,경기도 가평군 북면 도대리 167번지 1호,,,20260520,
가평군,종학목장,소,35,경기도 가평군 가평읍 당목가일길 368-15,"경기도 가평군 가평읍 개곡리 509번지 외 2필지(508, 509-1)",37.8677679815,127.5514583126,20260520,
가평군,주용목장,소,60,,경기도 가평군 가평읍 개곡리 351번지 1호 외 2필지,37.8692553911,127.5560740784,20260520,
가평군,주헌목장,소,37,,경기도 가평군 조종면 신하리 96번지 1호,37.8294814530,127.3687958612,20260520,
가평군,준기목장,소,60,경기도 가평군 설악면 양방가루재길 137-13,경기도 가평군 설악면 방일리 113번지,37.6304954396,127.5031393385,20260520,
가평군,중기목장,소,78,경기도 가평군 조종면 연인산로208번길 67-16,"경기도 가평군 조종면 신하리 117번지 ,116,142",37.8293688760,127.3648869885,20260520,
가평군,중오목장,소,14,경기도 가평군 설악면 묵안안길 123,경기도 가평군 설악면 묵안리 244번지 2호,37.6059202117,127.5326176906,20260520,
가평군,지완목장,소,68,"경기도 가평군 청평면 경춘로 1327-69, 지안목장","경기도 가평군 청평면 상천리 548번지 ,549,550-3,555-5",37.7759437079,127.4531703357,20260520,
가평군,진달래목장,소,72,경기도 가평군 조종면 대보간선로 34-16,경기도 가평군 조종면 대보리 432번지 5호 외1필지(432-13),37.8188393148,127.3554530278,20260520,
가평군,진성목장,소,24,경기도 가평군 북면 멱골로272번길 37,경기도 가평군 북면 목동리 352번지,37.9134846459,127.5795560023,20260520,
가평군,진용농장,소,89,경기도 가평군 설악면 한서로 213-50,경기도 가평군 설악면 위곡리 744번지 외 1필지(744-1),37.6719025374,127.5125302163,20260520,
가평군,진주목장,소,190,경기도 가평군 설악면 신천중앙로28번길 101-199,경기도 가평군 설악면 신천리 240번지 외 5필지,37.6640524134,127.4949091165,20260520,
가평군,진흥목장,소,122,경기도 가평군 가평읍 석봉로3번길 178-47,경기도 가평군 가평읍 대곡리 605번지,37.8261832154,127.4903868484,20260520,
가평군,참살이소농장,소,63,경기도 가평군 북면 화악산로 554-26,경기도 가평군 북면 화악리 489번지 2호,37.9272738373,127.5661782004,20260520,
가평군,참터목장,소,11,경기도 가평군 상면 청군로 985-67,경기도 가평군 상면 항사리 547번지 4호,37.7982074478,127.3624107524,20260520,
가평군,창기목장,소,27,경기도 가평군 조종면 연인산로 68-11,경기도 가평군 조종면 신하리 463번지 13호,37.8234924116,127.3573415205,20260520,
가평군,창수목장,소,3,,경기도 가평군 북면 도대리 101번지,37.9161702505,127.4945277285,20260520,
가평군,창의목장,소,5,경기도 가평군 설악면 한서로 119-70,경기도 가평군 설악면 창의리 53번지 8호,37.6739941000,127.5070760991,20260520,
가평군,창진 한우농장,소,22,,경기도 가평군 북면 화악리 270번지,37.9438213028,127.5743114078,20260520,
가평군,창포 목장,소,50,경기도 가평군 가평읍 경춘로 2110-82,"경기도 가평군 가평읍 하색리 20번지 2호 외 3필지(20-1,20-2,20-13)",37.8145925959,127.5039878561,20260520,
가평군,창호목장,소,12,,경기도 가평군 북면 화악리 산 327번지 3호,37.9332986541,127.5634163268,20260520,
가평군,천유목장,소,40,경기도 가평군 청평면 수리재길 337,경기도 가평군 청평면 상천리 741번지 2호,37.7919952242,127.4324434676,20260520,
가평군,청산목장,소,28,경기도 가평군 가평읍 물안산길 71,경기도 가평군 가평읍 마장리 104번지 3호,37.8577092572,127.5233952487,20260520,
가평군,청원목장,소,239,경기도 가평군 북면 가화로 1144-42,경기도 가평군 북면 제령리 138번지,37.8961637972,127.5395241588,20260520,
가평군,청홍목장,소,90,경기도 가평군 북면 화악지암길 224,"경기도 가평군 북면 화악리 107번지 외 4필지(107-1,107-4,107-5,109-7)",37.9434374249,127.5756845561,20260520,
가평군,초리농장,염소,40,경기도 가평군 상면 왕대벌길 165-20,경기도 가평군 상면 임초리 389번지,37.7694489739,127.3728646907,20260520,
가평군,초리체험목장,염소,0,경기도 가평군 상면 왕대벌길 165-20,경기도 가평군 상면 임초리 389번지,37.7694489739,127.3728646907,20260520,
가평군,초옥농원,소,10,경기도 가평군 청평면 상천고갯길 48,경기도 가평군 청평면 상천리 181번지 9호,37.7841590315,127.4655325583,20260520,
가평군,초이목장,소,41,경기도 가평군 가평읍 당목가일길 101-53,경기도 가평군 가평읍 마장리 18번지 1호,37.8640896674,127.5274446005,20260520,
가평군,최고봉흑염소,염소,100,경기도 가평군 조종면 현창로68번길 3,"경기도 가평군 조종면 마일리 121번지 , 122",37.8205498534,127.3467689504,20260520,
가평군,축복농장,소,10,경기도 가평군 북면 화악산로 502-1,경기도 가평군 북면 화악리 452번지 1호,37.9239291701,127.5676543589,20260520,
가평군,춘기목장,소,31,,경기도 가평군 조종면 신상리 50번지 12호,37.8386903146,127.3544972491,20260520,
가평군,충길목장,소,43,경기도 가평군 설악면 한서로375번길 33-31,경기도 가평군 설악면 위곡리 145번지 1호,37.6745308362,127.5317745261,20260520,
가평군,칠악골목장,소,27,,"경기도 가평군 가평읍 하색리 188번지 188-1,193-2번지",,,20260520,
가평군,코뚜레목장,소,72,경기도 가평군 가평읍 호반로 1815,"경기도 가평군 가평읍 산유리 201번지 외 3필지(201-1,201-2,202)",37.7557086644,127.5115680384,20260520,
가평군,탐선제1목장,소,14,경기도 가평군 설악면 유명로 1720-15,경기도 가평군 설악면 선촌리 435번지 2호,37.6773544977,127.4793265480,20260520,
가평군,탐선제2목장,소,23,경기도 가평군 설악면 봉미산안길 212-48,경기도 가평군 설악면 설곡리 62번지,37.6158950835,127.5422874098,20260520,
가평군,태유목장,소,20,"경기도 가평군 상면 축령로45번길 90-33 (외 3필지(343-2,3,4))","경기도 가평군 상면 행현리 343번지 1호 외 3필지(343-2,3,4)",37.7678042617,127.3610705402,20260520,
가평군,투머치목장,소,37,경기도 가평군 상면 장막동길 26-157,경기도 가평군 상면 율길리 470번지 11호 외 1필지(470-12),37.8415828727,127.2816014305,20260520,
가평군,평화목장,소,96,경기도 가평군 북면 손일로 82-27,"경기도 가평군 북면 소법리 627번지 17호 외 2필지(627-13,627-46)",37.8969432775,127.5515582346,20260520,
가평군,푸른농장,소,40,경기도 가평군 설악면 장수로79번길 30-23,경기도 가평군 설악면 묵안리 587번지 1호,37.6107464101,127.5112056406,20260520,
가평군,푸른목장,소,9,경기도 가평군 상면 축령로45번길 61-1,경기도 가평군 상면 행현리 258번지 2호,37.7707725191,127.3635516459,20260520,
가평군,하곡농장,사슴,5,경기도 가평군 조종면 대보간선로 65,경기도 가평군 조종면 대보리 442번지 3호,37.8165708630,127.3578093060,20260520,
가평군,하림농장,소,23,경기도 가평군 하면 운악청계로 270-7,경기도 가평군 하면 신상리 57번지 1호,37.8401098481,127.3550364752,20260520,
가평군,하천농장,산양,9,경기도 가평군 청평면 우무내길 98,경기도 가평군 청평면 하천리 산 8번지 1호,37.7449134263,127.4387405001,20260520,
가평군,학연목장,소,1,경기도 가평군 설악면 묵안로 661,경기도 가평군 설악면 설곡리 717번지 1호,37.6219766017,127.5164540173,20260520,
가평군,학재목장,소,173,경기도 가평군 상면 비룡로 2268-12,경기도 가평군 상면 연하리 198번지 1호,37.8031868048,127.3509397120,20260520,
가평군,한국사슴백화점,사슴,29,,경기도 가평군 가평읍 하색리 735번지 6호,37.8085977270,127.4740876635,20260520,
가평군,한우목장,소,21,경기도 가평군 설악면 한서로 153-49,경기도 가평군 설악면 창의리 76번지,37.6715694174,127.5082665146,20260520,
가평군,한우애목장,소,60,경기도 가평군 가평읍 달전천벚꽃길 173-52,경기도 가평군 가평읍 하색리 200번지,37.8072108598,127.4996137849,20260520,
가평군,항천목장,소,12,,경기도 가평군 상면 항사리 423번지 3호,,,20260520,
가평군,해민농장,소,5,경기도 가평군 가평읍 아랫마장길 49-52,경기도 가평군 가평읍 승안리 109번지 3호,37.8443901654,127.4983633428,20260520,
가평군,해용목장,소,5,경기도 가평군 설악면 묵안로 134-183,경기도 가평군 설악면 엄소리 215번지,37.6490359902,127.4937878721,20260520,
가평군,행운목장,소,46,경기도 가평군 상면 축령로45번길 56,경기도 가평군 상면 행현리 254번지 1호,37.7717353885,127.3622213702,20260520,
가평군,행운목장,소,56,경기도 가평군 조종면 연인산로208번길 67-21,경기도 가평군 조종면 신하리 281번지 5호,37.8299362336,127.3644768619,20260520,
가평군,행현목장,소,10,,경기도 가평군 상면 행현리 814번지 2호,,,20260520,
가평군,허니소농장,소,0,경기도 가평군 설악면 묵안로 746-22,"경기도 가평군 설악면 설곡리 637번지 3호 외 4필지(637-4,5,6,636-1)",37.6160544986,127.5181183762,20260520,
가평군,현민농장,소,2,경기도 가평군 조종면 연인산로 92,경기도 가평군 조종면 신하리 463번지 8호,37.8252323466,127.3576676966,20260520,
가평군,현승목장,소,90,"경기도 가평군 조종면 대보간선로 216, 현승목장","경기도 가평군 조종면 대보리 504번지 2호 ,504-1,504-6,504-7,504-12,504-13,504-15",37.8063048500,127.3654856629,20260520,
가평군,현우목장,소,31,경기도 가평군 상면 축령로 34-15,경기도 가평군 상면 행현리 49번지 3호,37.7718571915,127.3662407340,20260520,
가평군,현웅목장,소,20,경기도 가평군 상면 축령로 34-15,"경기도 가평군 상면 행현리 48번지 1호 외2필지(49-2,49-4)",37.7718571915,127.3662407340,20260520,
가평군,현적목장,소,60,경기도 가평군 상면 원흥길 77-29,경기도 가평군 상면 태봉리 272번지 2호,37.8161751391,127.3249751700,20260520,
가평군,형성목장,소,24,경기도 가평군 청평면 상천고갯길 126-30,"경기도 가평군 청평면 상천리 167번지 4호 외 2필지(167-2,167-5)",37.7870974921,127.4660422636,20260520,
가평군,호근목장,소,7,경기도 가평군 가평읍 태봉두밀로 33-60,경기도 가평군 가평읍 상색리 212번지,37.8035048323,127.4805637129,20260520,
가평군,홀인원목장,소,63,"경기도 가평군 상면 물골길 42, 홀인원농장",경기도 가평군 상면 봉수리 7번지 5호 외 8필지,37.8331553226,127.3186165925,20260520,
가평군,화악목장,소,80,경기도 가평군 북면 내촌길 46-143,경기도 가평군 북면 이곡리 243번지 2호,37.8786710726,127.5342613342,20260520,
가평군,화악목장,소,12,경기도 가평군 북면 화악지암길274번길 12-41,경기도 가평군 북면 화악리 118번지 1호,37.9455093366,127.5773369914,20260520,
가평군,화악한우농장,소,81,경기도 가평군 북면 화악지암길 30-84,경기도 가평군 북면 화악리 466번지,37.9242262050,127.5683373211,20260520,
가평군,황금목장,소,51,경기도 가평군 북면 화악지암길274번길 12-18,경기도 가평군 북면 화악리 131번지 1호,37.9467352953,127.5770423538,20260520,
가평군,황룡뿌리(흑염소농장),산양,150,,경기도 가평군 상면 임초리 15번지,37.7777024826,127.3790260834,20260520,
가평군,황소목장,소,65,경기도 가평군 상면 축령로45번길 38-15,경기도 가평군 상면 행현리 241번지 2호,37.7726984034,127.3610273185,20260520,
가평군,훈묵목장,소,10,경기도 가평군 설악면 한서로 376-20,경기도 가평군 설악면 위곡리 192번지 4호,37.6699885566,127.5299583106,20260520,
가평군,훈이네목장,소,127,경기도 가평군 가평읍 각담말길 143,경기도 가평군 가평읍 마장리 203번지 외 1필지(203-3),37.8694996862,127.5156675466,20260520,
가평군,희망목장,소,0,경기도 가평군 가평읍 상지로 1012-112,경기도 가평군 가평읍 복장리 670번지 2호 외1필지(670-3),37.7383672733,127.4903868654,20260520,
고양시,KJ목장,소,70,경기도 고양시 일산동구 장진천길 75-9 (설문동),경기도 고양시 일산동구 설문동 1083번지,37.7139260901,126.8104550398,20231208,
고양시,ND농장,소,165,경기도 고양시 일산동구 장진천길 75-26(설문동),"경기도 고양시 일산동구 설문동 1067, 1068",37.7149857363,126.8097871577,20231208,
고양시,가을목장,소,86,경기도 고양시 일산동구 장진천길 168 (설문동),경기도 고양시 일산동구 설문동 395번지,37.7220183201,126.8086439442,20231208,
고양시,거그매목장,소,69,경기도 고양시 일산서구 산율길 81-38 (구산동),경기도 고양시 일산서구 구산동 1025번지,37.6899935142,126.7081672923,20231208,
고양시,경성목장,소,25,경기도 고양시 덕양구 신평길 136-12 (신평동),경기도 고양시 덕양구 신평동 3번지 11호,37.6231066281,126.7918492830,20231208,
고양시,경실목장,소,83,경기도 고양시 일산동구 공릉천로 428-30 (지영동),경기도 고양시 일산동구 지영동 521번지,37.7241019608,126.8276199288,20231208,
고양시,경연목장,소,63,경기도 고양시 일산동구 지영로194번길 82 (지영동),"경기도 고양시 일산동구 지영동 336번지 1호 , 336-19",37.7114228512,126.8296291891,20231208,
고양시,경원농장,소,12,,경기도 고양시 일산동구 지영동 335번지,37.7107666621,126.8300943036,20231208,
고양시,고골한우2농장,소,64,경기도 고양시 덕양구 통일로 1113-67 (내유동),경기도 고양시 덕양구 내유동 509번지 1호,37.7133718383,126.8476852640,20231208,
고양시,고골한우목장,소,79,경기도 고양시 덕양구 통일로 1030-62 (관산동),"경기도 고양시 덕양구 관산동 685번지 35호 , 685-25",37.7096626498,126.8583141042,20231208,
고양시,고양1호농장,염소,300,경기도 고양시 일산서구 곳산길 99-18 (구산동),경기도 고양시 일산서구 구산동 1279번지,37.6764947893,126.7019263864,20231208,
고양시,고양낙농체험장,소,13,,경기도 고양시 덕양구 관산동 847번지 198호,,,20231208,
고양시,고향목장,소,76,경기도 고양시 일산동구 공릉천로473번길 97 (설문동),경기도 고양시 일산동구 설문동 80번지,37.7210790131,126.8222802061,20231208,
고양시,공선목장,소,15,경기도 고양시 덕양구 곰싸리길 33 (지축동),"경기도 고양시 덕양구 지축동 산 106번지 1호 , 산 105",37.6520444235,126.9235748019,20231208,
고양시,광훈농장,소,8,경기도 고양시 덕양구 통일로 1149 (내유동),경기도 고양시 덕양구 내유동 413번지 3호,37.7167064472,126.8492671836,20231208,
고양시,구강농장,소,2,,경기도 고양시 덕양구 내유동 534번지 2호  4동,37.7108711352,126.8468670383,20231208,
고양시,구강목장,소,80,경기도 고양시 덕양구 통일로 1079-100 (내유동),경기도 고양시 덕양구 내유동 532번지 2호 외 6필지,37.7115265767,126.8464988302,20231208,
고양시,구산목장,소,150,경기도 고양시 일산서구 송산로131번길 134-70 (구산동),경기도 고양시 일산서구 구산동 687번지,37.6896203283,126.6943227392,20231208,
고양시,구산목장,소,88,"경기도 고양시 일산서구 송산로131번길 132, 130 (구산동)","경기도 고양시 일산서구 구산동 679번지 , 679-1번지",37.6876331691,126.6910665030,20231208,
고양시,군읍2,소,7,,경기도 고양시 일산서구 법곳동 268번지 3호,,,20231208,
고양시,군읍목장,소,13,경기도 고양시 일산동구 성석로 196-72 (성석동),경기도 고양시 일산동구 성석동 2031번지,37.6927438354,126.8010554949,20231208,
고양시,군읍목장,소,23,경기도 고양시 일산서구 멱절길 39-17 (법곳동),경기도 고양시 일산서구 법곳동 268번지 2호,37.6602006363,126.7265331292,20231208,
고양시,군읍목장,소,0,경기도 고양시 일산동구 성석로 196-76,경기도 고양시 일산동구 성석동 2032번지,37.6927537892,126.8012141963,20231208,
고양시,규엽농장,소,0,경기도 고양시 일산동구 장진천길 53-9 (설문동),경기도 고양시 일산동구 설문동 1092번지 1094번지,37.7121737789,126.8098132422,20231208,
고양시,그린목장,소,48,경기도 고양시 일산동구 공릉천로 209-46 (사리현동),경기도 고양시 일산동구 사리현동 728번지,37.7111612104,126.8407726501,20231208,
고양시,글라라목장,소,39,경기도 고양시 덕양구 신평길 196-15(신평동),경기도 고양시 덕양구 신평동 26번지 12호 외 1필지 (26-281),37.6259823813,126.7859518533,20231208,
고양시,금화목장,소,150,경기도 고양시 일산동구 은마길 246-18 (설문동),경기도 고양시 일산동구 설문동 913번지 1호,37.7273081699,126.8023761950,20231208,
고양시,김주목장,소,49,경기도 고양시 일산동구 장진천길 200 (설문동),경기도 고양시 일산동구 설문동 434번지 1호,37.7247350848,126.8077562906,20231208,
고양시,김주목장,소,36,경기도 고양시 일산동구 장진천길 211 (설문동),"경기도 고양시 일산동구 설문동 948번지 , 949, 950",37.7256135890,126.8054105272,20231208,
고양시,남부농원,염소,5,,경기도 고양시 일산서구 대화동 1949번지 22호,37.6598828455,126.7430729712,20231208,
고양시,남운목장,소,57,경기도 고양시 일산동구 지영로181번길 85 (지영동),"경기도 고양시 일산동구 지영동 703번지 , 704",37.7172626776,126.8247657620,20231208,
고양시,노루메농장,돼지,1800,,경기도 고양시 일산서구 구산동 1289번지,37.6758207115,126.7048851358,20231208,
고양시,농협경제지주(주)젖소개량사업소,소,80,"경기도 고양시 덕양구 서삼릉길 233-127 (원당동, 젖소개량선진낙농)",경기도 고양시 덕양구 원당동 201번지 64호,37.6634462217,126.8656170547,20231208,
고양시,느락골목장,소,104,경기도 고양시 덕양구 통일로 1169-98 (내유동),경기도 고양시 덕양구 내유동 390번지 2호 외 2필지,37.7184234076,126.8435676018,20231208,
고양시,능대목장,소,109,경기도 고양시 덕양구 통일로 1113-98 (내유동),"경기도 고양시 덕양구 내유동 504번지 1호 , 503-3, 504-2, 504-5",37.7138666209,126.8458882995,20231208,
고양시,달영목장,소,37,경기도 고양시 덕양구 통일로 1028-29 (관산동),경기도 고양시 덕양구 관산동 685번지 86호,37.7090342791,126.8571282967,20231208,
고양시,대덕농장,소,18,경기도 고양시 덕양구 해포길 102-29 (현천동),경기도 고양시 덕양구 현천동 582번지 15호,37.5947983248,126.8535473204,20231208,
고양시,대부목장,소,50,경기도 고양시 덕양구 신평길 188-15 (신평동),경기도 고양시 덕양구 신평동 3번지 116호,37.6256100123,126.7869753200,20231208,
고양시,대영농장,돼지,1000,,"경기도 고양시 일산서구 구산동 1290번지  나, 다동",37.6757135701,126.7052709671,20231208,
고양시,덕골목장,소,50,,경기도 고양시 일산동구 성석동 862번지,37.6864062818,126.7973981648,20231208,
고양시,도흥농장,돼지,700,경기도 고양시 덕양구 흥도로278번길 119 (도내동),경기도 고양시 덕양구 도내동 470번지 3호,37.6315667931,126.8623861873,20231208,
고양시,동림2목장,소,102,,경기도 고양시 일산동구 지영동 595번지,37.7255362822,126.8320903927,20231208,
고양시,동림목장,소,74,경기도 고양시 일산동구 지영로 257-34 (지영동),경기도 고양시 일산동구 지영동 225번지 1호,37.7202766700,126.8285508968,20231208,
고양시,동문목장,소,0,경기도 고양시 일산동구 성현로 338-10 (문봉동),경기도 고양시 일산동구 문봉동 323번지,37.7022403639,126.8205232934,20231208,
고양시,두꺼비농장,소,0,경기도 고양시 일산동구 성현로135번길 156 (성석동),경기도 고양시 일산동구 성석동 1065번지 12호,37.7148004120,126.7967297972,20231208,
고양시,드링크목장,소,131,경기도 고양시 일산동구 성현로268번길 68-20 (성석동),경기도 고양시 일산동구 성석동 63번지 2호 외 5필지,37.7027930285,126.8116925911,20231208,
고양시,드링크목장,소,3,,경기도 고양시 일산동구 성석동 63번지 8호,,,20231208,
고양시,드링크목장2,소,100,경기도 고양시 일산동구 성현로268번길 68-20 (성석동),경기도 고양시 일산동구 성석동 63번지 5호,37.7027930285,126.8116925911,20231208,
고양시,록수목장,소,72,경기도 고양시 일산동구 지영로148번길 39 (지영동),경기도 고양시 일산동구 지영동 735번지 1호 외 1필지(735),37.7123858267,126.8246398382,20231208,
고양시,마동목장,소,100,경기도 고양시 일산동구 진밭로 114-20(성석동),경기도 고양시 일산동구 성석동 1588번지,37.7047517787,126.8075678308,20231208,
고양시,마동목장,소,100,"경기도 고양시 일산동구 진밭로 92-13, 마동목장 (성석동)","경기도 고양시 일산동구 성석동 1596번지 외 2필지(1596-1,1597)",37.7033848621,126.8065595767,20231208,
고양시,마포사슴장,사슴,60,경기도 고양시 덕양구 호국로1283번길 159-46 (신원동),경기도 고양시 덕양구 신원동 377번지 2호,37.6831828848,126.8736032352,20231208,
고양시,만물목장,소,25,경기도 고양시 일산동구 공릉천로 281-24 (사리현동),"경기도 고양시 일산동구 사리현동 684번지 외 2필지(683,684-1)",37.7164292655,126.8383319407,20231208,
고양시,만석농장,소,10,경기도 고양시 일산동구 장진천길 166 (설문동),경기도 고양시 일산동구 설문동 391번지,37.7226863221,126.8088192882,20231208,
고양시,명성 제2농장,소,0,경기도 고양시 일산서구 구산로67번길 174 (구산동),경기도 고양시 일산서구 구산동 784번지,37.6853533146,126.6937678110,20231208,
고양시,명성농장,소,105,경기도 고양시 일산서구 구산로67번길 116-1 (구산동),경기도 고양시 일산서구 구산동 777번지 1호,37.6871082102,126.6960171262,20231208,
고양시,명지농장1,돼지,900,경기도 고양시 덕양구 월현길 128-66 (원당동),경기도 고양시 덕양구 원당동 820번지 1호,37.6880921401,126.8497441259,20231208,
고양시,미리내농장,염소,61,경기도 고양시 일산동구 문원길102번길 106 (지영동),경기도 고양시 일산동구 지영동 676번지,37.7183829572,126.8236549915,20231208,
고양시,백세사슴농장,사슴,45,,경기도 고양시 덕양구 주교동 497번지 1호,37.6711327461,126.8297101815,20231208,
고양시,범주농장,소,10,,경기도 고양시 덕양구 화정동 811번지 5호,37.6373273500,126.8229796004,20231208,
고양시,별샘농장,소,50,경기도 고양시 일산서구 법곳길 222-46 (법곳동),경기도 고양시 일산서구 법곳동 1537번지,37.6678222925,126.7164420119,20231208,
고양시,보령농장,돼지,150,경기도 고양시 덕양구 양곡1길 121-37 (행주외동),경기도 고양시 덕양구 행주외동 288번지,37.6120194985,126.8115217193,20231208,
고양시,복성농장,소,58,경기도 고양시 일산동구 지영로229번길 7-16 (지영동),경기도 고양시 일산동구 지영동 260번지 외 1필지(259),37.7170900750,126.8276833068,20231208,
고양시,복성농장2호,소,72,경기도 고양시 일산동구 지영로181번길 109 (지영동),"경기도 고양시 일산동구 지영동 710번지 외 6필지(709,710-1,711,711-1,712,713)",37.7167663395,126.8262339227,20231208,
고양시,봉화1농장,소,70,경기도 고양시 일산동구 공릉천로159번길 36,경기도 고양시 일산동구 사리현동 822번지,37.7065713909,126.8436267744,20231208,
고양시,봉화2농장,소,78,경기도 고양시 일산동구 공릉천로257번길 91,경기도 고양시 일산동구 지영동 14번지,37.7132516221,126.8374412026,20231208,
고양시,봉화농장,소,116,경기도 고양시 덕양구 통일로 1079-70 (내유동),경기도 고양시 덕양구 내유동 535번지 3호,37.7110222069,126.8481937102,20231208,
고양시,부부목장,소,83,"경기도 고양시 일산동구 공릉천로473번길 59-38, 부부목장 (설문동)",경기도 고양시 일산동구 설문동 1226번지 부부목장,37.7219628214,126.8239401566,20231208,
고양시,사리현농장,소,17,경기도 고양시 일산동구 월현길 128-40 (사리현동),경기도 고양시 일산동구 사리현동 1011번지 1010번지 2필지,37.6882646330,126.8483362319,20231208,
고양시,삼종목장,소,42,경기도 고양시 덕양구 동헌로225번길 46 (대자동),경기도 고양시 덕양구 대자동 797번지,37.7121372594,126.8794520987,20231208,
고양시,상구농장,소,56,,경기도 고양시 덕양구 대자동 716번지 3호,,,20231208,
고양시,새벽목장,소,62,경기도 고양시 일산동구 공릉천로 406-70 (지영동),경기도 고양시 일산동구 지영동 572번지,37.7256968114,126.8307033871,20231208,
고양시,새안말목장,소,120,경기도 고양시 일산동구 공릉천로473번길 65-19,"경기도 고양시 일산동구 설문동 78번지 2호 1228-1,1228,1228-2,1229,1229-1,1186,78",37.7212881963,126.8226073590,20231208,
고양시,새터농장,소,51,경기도 고양시 일산동구 공릉천로175번길 27 (사리현동),경기도 고양시 일산동구 사리현동 808번지,37.7076863825,126.8431518040,20231208,
고양시,샛터농원,소,185,경기도 고양시 일산동구 통일로1267번길 144-46 (지영동),경기도 고양시 일산동구 지영동 903번지,37.7224621791,126.8340798714,20231208,
고양시,선농장,소,124,경기도 고양시 일산서구 송포로164번길 42-47 (대화동),경기도 고양시 일산서구 대화동 1741번지,37.6790903633,126.7289906929,20231208,
고양시,설문농장,소,100,경기도 고양시 일산동구 공릉천로 442-59 (설문동),경기도 고양시 일산동구 설문동 1182번지,37.7257476976,126.8238263199,20231208,
고양시,섬말농장,소,7,경기도 고양시 덕양구 원당로392번길 125 (원당동),경기도 고양시 덕양구 원당동 540번지 5호 외 1필지,37.6818613086,126.8541760949,20231208,
고양시,성룡농장,소,15,경기도 고양시 일산동구 지영로148번길 118 (지영동),경기도 고양시 일산동구 지영동 748번지,37.7115772024,126.8282436623,20231208,
고양시,성일농장,소,3,경기도 고양시 일산서구 구산로 37-86 (구산동),경기도 고양시 일산서구 구산동 823번지,37.6849541731,126.6973559621,20231208,
고양시,솔목장,소,94,경기도 고양시 일산동구 견달산로369번길 115 (문봉동),경기도 고양시 일산동구 문봉동 272번지 3호 외 8필지,37.6954662997,126.8165130122,20231208,
고양시,송아목장,소,34,경기도 고양시 덕양구 동헌로235번길 120-31 (대자동),경기도 고양시 덕양구 대자동 780번지 5호,37.7161281191,126.8773651686,20231208,
고양시,송이목장,소,38,경기도 고양시 일산동구 성현로268번길 68-22,경기도 고양시 일산동구 성석동 69번지,37.7034673254,126.8114027523,20231208,
고양시,송이목장,소,16,경기도 고양시 덕양구 유산길50번길 72 (내유동),경기도 고양시 덕양구 내유동 761번지 2호,37.7289667108,126.8513273894,20231208,
고양시,수정목장,소,28,경기도 고양시 일산동구 문원길 187-24,"경기도 고양시 일산동구 설문동 333번지 4호 , 286",37.7219146795,126.8140460536,20231208,
고양시,수한목장,소,0,경기도 고양시 일산동구 지영로196번길 108 (지영동),경기도 고양시 일산동구 지영동 53번지,37.7126575377,126.8311950961,20231208,
고양시,숙연농장,소,40,경기도 고양시 덕양구 통일로1170번길 179-35 (내유동),경기도 고양시 덕양구 내유동 214번지,37.7248490823,126.8565150316,20231208,
고양시,순복농장,소,54,경기도 고양시 일산동구 공릉천로 209-70 (사리현동),경기도 고양시 일산동구 사리현동 724번지,37.7116586855,126.8394748674,20231208,
고양시,슈렉목장,소,30,경기도 고양시 일산서구 송산로131번길 134-11 (구산동),경기도 고양시 일산서구 구산동 677번지 15호,37.6881116862,126.6911860641,20231208,
고양시,승재목장,소,64,경기도 고양시 일산서구 송산로131번길 88-79 (구산동),경기도 고양시 일산서구 구산동 730번지,37.6883988904,126.6949597504,20231208,
고양시,신화목장,소,4,,경기도 고양시 일산동구 설문동 1174번지 0호,37.7256198421,126.8216773250,20231208,
고양시,신흥목장,소,83,경기도 고양시 덕양구 통일로893번길 408 (관산동),"경기도 고양시 덕양구 관산동 837번지 1호 , 836-1, 836-2, 837-2, 837-3",37.7073888056,126.8512659276,20231208,
고양시,쌍둥이농장,돼지,10,경기도 고양시 덕양구 삼대길 121 (대장동),경기도 고양시 덕양구 대장동 457번지 7호,37.6282387337,126.8076323445,20231208,
고양시,억척목장,소,140,경기도 고양시 일산동구 지영로139번길 34 (지영동),"경기도 고양시 일산동구 지영동 688번지 , 683-1, 687-1, 689",37.7153823995,126.8222299871,20231208,
고양시,에셀목장,소,38,경기도 고양시 덕양구 통일로 1049-120 (내유동),경기도 고양시 덕양구 내유동 565번지 2호,37.7088644551,126.8475432562,20231208,
고양시,여무시농장,소,20,경기도 고양시 덕양구 통일로 1113-90 (내유동),경기도 고양시 덕양구 내유동 503번지 2호,37.7140497703,126.8464085946,20231208,
고양시,연동2농장,소,72,경기도 고양시 덕양구 통일로 1049-80 (내유동),경기도 고양시 덕양구 내유동 813번지 1호,37.7093100395,126.8498877739,20231208,
고양시,연동농장,소,52,경기도 고양시 덕양구 고골길 40-12 (관산동),"경기도 고양시 덕양구 관산동 573번지 3호 외 3필지(573-2,573-5,667-3)",37.7110583273,126.8597202336,20231208,
고양시,연주농장,소,30,경기도 고양시 일산동구 성현로 340-6 (문봉동),경기도 고양시 일산동구 문봉동 157번지 4호,37.7018968344,126.8219103850,20231208,
고양시,연홍목장,소,80,경기도 고양시 덕양구 통일로1031번길 42 (관산동),"경기도 고양시 덕양구 관산동 681번지 1호 , 681-6",37.7083778799,126.8541162218,20231208,
고양시,연희농장,소,52,경기도 고양시 일산동구 지영로194번길 132-7 (지영동),"경기도 고양시 일산동구 지영동 346번지 5호 , 346-8, 346-9",37.7095894232,126.8273880357,20231208,
고양시,영석농장,소,38,경기도 고양시 일산서구 법곳길 412-18 (구산동),경기도 고양시 일산서구 구산동 1930번지 2호,37.6747149645,126.6973188617,20231208,
고양시,오목골목장,소,115,경기도 고양시 일산동구 문봉길62번길 32-54 (문봉동),경기도 고양시 일산동구 문봉동 194번지 2호 외 10필지,37.7086204947,126.8187519604,20231208,
고양시,용주농장,소,24,경기도 고양시 일산동구 견달산로 403 (문봉동),경기도 고양시 일산동구 문봉동 157번지 12호,37.7012172779,126.8228581105,20231208,
고양시,용현목장,소,4,,경기도 고양시 일산서구 구산동 1939번지,37.6711591031,126.6964367700,20231208,
고양시,우리농장,소,12,경기도 고양시 일산동구 장진천길82번길 93-6 (설문동),경기도 고양시 일산동구 설문동 120번지,37.7163048569,126.8149714293,20231208,
고양시,우아농장,소,23,"경기도 고양시 일산동구 고봉로658번길 192-17, 우아농장 (성석동)",경기도 고양시 일산동구 성석동 541번지 31호 우아농장,37.7102328873,126.7970906308,20231208,
고양시,우아농장,소,17,"경기도 고양시 일산동구 고봉로658번길 192-16, 우아농장 (성석동)",경기도 고양시 일산동구 성석동 541번지 13호 우아농장,37.7103022824,126.7966361686,20231208,
고양시,운주2,소,3,경기도 고양시 일산동구 문봉길 113-8 (성석동),경기도 고양시 일산동구 성석동 472번지 1호,37.7066923478,126.8111119877,20231208,
고양시,운주목장,소,110,,경기도 고양시 일산동구 성석동 1651번지,37.7073217851,126.8105631167,20231208,
고양시,원당양돈,돼지,600,경기도 고양시 덕양구 도내로156번길 58-22,"경기도 고양시 덕양구 도내동 572, 572-2, 572-3",37.6251031856,126.8605262555,20231208,
고양시,은성목장,소,20,경기도 고양시 일산동구 식사로 104 (식사동),경기도 고양시 일산동구 식사동 420번지,37.6750539277,126.8185146732,20231208,
고양시,이미농장,소,0,경기도 고양시 일산서구 법곳길 177-44 (법곳동),경기도 고양시 일산서구 법곳동 1624번지,37.6626185976,126.7173357162,20231208,
고양시,이주목장,소,90,경기도 고양시 일산동구 성현로 338-42 (문봉동),"경기도 고양시 일산동구 문봉동 327번지 , 328-1, 329",37.7010595665,126.8205113844,20231208,
고양시,임천목장,소,50,경기도 고양시 덕양구 신평들길 107 (토당동),경기도 고양시 덕양구 토당동 674번지 10호,37.6257925178,126.7963567235,20231208,
고양시,자유농장,소,26,경기도 고양시 일산서구 산율길 105-78 (구산동),경기도 고양시 일산서구 구산동 972번지,37.6898321515,126.7056170612,20231208,
고양시,자유로농장,소,12,,경기도 고양시 덕양구 신평동 26번지 187호,,,20231208,
고양시,장산목장,소,27,경기도 고양시 일산서구 곳산길 119-40 (구산동),경기도 고양시 일산서구 구산동 1245번지,37.6787485603,126.7006661508,20231208,
고양시,장성농원,소,5,경기도 고양시 일산서구 송산로131번길 88-53 (구산동),경기도 고양시 일산서구 구산동 733번지,37.6881264458,126.6933408299,20231208,
고양시,장월목장,소,49,경기도 고양시 일산서구 법곳길 530 (구산동),경기도 고양시 일산서구 구산동 1625번지,37.6825015040,126.6879808189,20231208,
고양시,재상한우농장,소,94,,경기도 고양시 덕양구 내유동 633번지 7호 외 3필지,37.7254810147,126.8509539004,20231208,
고양시,재승농장,소,2,경기도 고양시 덕양구 대양로 123-44 (대자동),경기도 고양시 덕양구 대자동 산 65번지 2호,37.6965381493,126.8799791487,20231208,
고양시,전씨농장,소,26,경기도 고양시 일산동구 공릉천로 384-127 (지영동),경기도 고양시 일산동구 지영동 586번지,37.7273228203,126.8329356146,20231208,
고양시,정군목장 1,소,35,경기도 고양시 일산동구 문원길 187-42,경기도 고양시 일산동구 설문동 283번지 285,37.7213128100,126.8143920096,20231208,
고양시,정군목장 2,소,31,,"경기도 고양시 일산동구 설문동 281번지 282,283,284",,,20231208,
고양시,정우농장,돼지,1800,"경기도 고양시 일산서구 곳산길 100-8 (구산동, 송포양돈단지)",경기도 고양시 일산서구 구산동 1286번지,37.6760447336,126.7033486928,20231208,
고양시,정진고양,돼지,1500,,경기도 고양시 일산서구 구산동 1287번지 0호,37.6758182445,126.7039103021,20231208,
고양시,정환목장,소,0,경기도 고양시 일산동구 공릉천로 452,경기도 고양시 일산동구 설문동 1200번지,37.7248724901,126.8236640659,20231208,
고양시,종로목장,소,8,경기도 고양시 덕양구 통일로 1049-68 (내유동),경기도 고양시 덕양구 내유동 813번지 3호,37.7093945932,126.8505110135,20231208,
고양시,중앙사슴목장,사슴,70,경기도 고양시 덕양구 호국로1427번길 212 (대자동),경기도 고양시 덕양구 대자동 412번지,37.6888712702,126.8892639911,20231208,
고양시,지영농장,소,146,경기도 고양시 일산동구 공릉천로 428-70 (지영동),경기도 고양시 일산동구 지영동 511번지,37.7262258950,126.8286447074,20231208,
고양시,지우농원,소,15,경기도 고양시 일산동구 지영로 228-22 (지영동),경기도 고양시 일산동구 지영동 280번지 2호 외 1(255-15),37.7163411505,126.8291196841,20231208,
고양시,진농장,소,0,경기도 고양시 일산동구 공릉천로133번길 22,경기도 고양시 일산동구 사리현동 833번지,37.7048218509,126.8450715927,20231208,
고양시,진일농장,소,110,경기도 고양시 일산서구 곳산길 100-28 (구산동),경기도 고양시 일산서구 구산동 1288번지,37.6758265391,126.7044056321,20231208,
고양시,진주목장,소,5,경기도 고양시 일산동구 견달산로 178-20 (식사동),경기도 고양시 일산동구 식사동 141번지 4호,37.6810755123,126.8217710813,20231208,
고양시,창원목장,소,55,경기도 고양시 일산동구 공릉천로473번길 59-51 (지영동),경기도 고양시 일산동구 지영동 441번지 2호,37.7219035696,126.8246101653,20231208,
고양시,철구농장,소,53,경기도 고양시 일산동구 공릉천로175번길 93-74 (사리현동),경기도 고양시 일산동구 사리현동 777번지,37.7029364408,126.8399266306,20231208,
고양시,청기와농장,소,80,경기도 고양시 덕양구 고골길 94 (관산동),경기도 고양시 덕양구 관산동 565번지 2호,37.7129517265,126.8631643513,20231208,
고양시,청대농장,소,66,경기도 고양시 일산동구 지영로147번길 62-7 (지영동),경기도 고양시 일산동구 지영동 702번지,37.7175310438,126.8244115914,20231208,
고양시,청솔목장,소,150,,경기도 고양시 일산동구 성석동 1269번지,37.7069592176,126.7884053946,20231208,
고양시,청엽목장,소,130,경기도 고양시 덕양구 고골길 162 (관산동),경기도 고양시 덕양구 관산동 635번지 2호,37.7148395568,126.8706364860,20231208,
고양시,청은농장,소,68,경기도 고양시 일산서구 멱절길 45 (법곳동),경기도 고양시 일산서구 법곳동 267번지 6호,37.6593262401,126.7278913468,20231208,
고양시,청전목장,소,70,"경기도 고양시 일산동구 공릉천로231번길 54, 56 (사리현동)","경기도 고양시 일산동구 사리현동 701번지 , 702-2, 701-2",37.7135771278,126.8392309231,20231208,
고양시,청하축산,소,39,경기도 고양시 일산동구 둑방길 56-4 (설문동),경기도 고양시 일산동구 설문동 1161번지,37.7268963723,126.8229534499,20231208,
고양시,초동목장,소,79,경기도 고양시 일산동구 공릉천로 406-20 (지영동),"경기도 고양시 일산동구 지영동 581번지 , 582",37.7235708292,126.8293154644,20231208,
고양시,충남농장,소,65,경기도 고양시 일산동구 지영로181번길 97-1 (지영동),"경기도 고양시 일산동구 지영동 707번지 2호 , 708",37.7169340780,126.8256197091,20231208,
고양시,타운목장,소,83,경기도 고양시 덕양구 통일로 1079-91 (내유동),경기도 고양시 덕양구 내유동 557번지 5호,37.7106278155,126.8469605331,20231208,
고양시,통일로 사슴농장,사슴,100,경기도 고양시 덕양구 통일로1108번길 98-16 (내유동),경기도 고양시 덕양구 내유동 280번지 3호,37.7165350085,126.8574492570,20231208,
고양시,파랑새,소,180,경기도 고양시 일산서구 송산로131번길 134-39 (구산동),경기도 고양시 일산서구 구산동 677번지 10호,37.6894597547,126.6919313313,20231208,
고양시,포코목장,소,59,경기도 고양시 덕양구 통일로1031번길 108 (관산동),경기도 고양시 덕양구 관산동 826번지 1호,37.7080581407,126.8500575383,20231208,
고양시,하나농장,소,19,경기도 고양시 일산서구 곳산길 100-23,경기도 고양시 일산서구 구산동 1273번지,37.6763856982,126.7044563608,20231208,
고양시,하늘농장,소,56,경기도 고양시 일산동구 지영로 223-18,경기도 고양시 일산동구 지영동 275번지 1호,37.7167135462,126.8280384405,20231208,
고양시,하예성,소,18,,경기도 고양시 일산동구 사리현동 697번지,37.7139258455,126.8405322318,20231208,
고양시,하예성목장,소,51,"경기도 고양시 일산동구 공릉천로231번길 20-37, 하예성목장 (사리현동)","경기도 고양시 일산동구 사리현동 696번지 , 697",37.7142760016,126.8400983429,20231208,
고양시,한우농장,소,67,,"경기도 고양시 덕양구 내유동 208번지 209,210",,,20231208,
고양시,해밀목장,소,106,경기도 고양시 덕양구 통일로893번길 452 (관산동),경기도 고양시 덕양구 관산동 860번지 1호,37.7069253936,126.8538678997,20231208,
고양시,혁이목장,소,61,경기도 고양시 일산서구 법곳길 546-80 (구산동),경기도 고양시 일산서구 구산동 1568번지 1호,37.6850306621,126.6914009834,20231208,
고양시,현대농장,소,240,"경기도 고양시 일산동구 공릉천로473번길 59-31, 59-37 (설문동)","경기도 고양시 일산동구 설문동 1218번지 , 1219",37.7224910552,126.8233226152,20231208,
고양시,형제목장,소,105,경기도 고양시 일산동구 공릉천로 384-107 (지영동),"경기도 고양시 일산동구 지영동 589번지 , 590-1",37.7271406394,126.8325968161,20231208,
고양시,혜운농장,소,0,경기도 고양시 일산동구 장진천길 149 (설문동),경기도 고양시 일산동구 설문동 1018번지,37.7206320321,126.8089404975,20231208,
고양시,화신농장,소,149,경기도 고양시 일산동구 문원길120번길 138 (설문동),경기도 고양시 일산동구 설문동 1233번지,37.7203252065,126.8228544094,20231208,
고양시,화원농장1,소,95,경기도 고양시 일산동구 장진천길 166 (설문동),경기도 고양시 일산동구 설문동 391번지,37.7226863221,126.8088192882,20231208,
고양시,화원농장2,소,145,경기도 고양시 일산동구 장진천길 165 (설문동),경기도 고양시 일산동구 설문동 1016번지,37.7215106153,126.8081380534,20231208,
고양시,화원농장3,소,140,경기도 고양시 일산동구 장진천길 145-15 (설문동),경기도 고양시 일산동구 설문동 1028번지,37.7190540162,126.8088189990,20231208,
고양시,화원농장4,소,100,경기도 고양시 일산동구 은마길 124-17 (설문동),경기도 고양시 일산동구 설문동 1021번지 1호,37.7199930895,126.8075734886,20231208,
고양시,효준목장,소,30,경기도 고양시 덕양구 신평길 196-6,경기도 고양시 덕양구 신평동 3번지 108호,37.6253267798,126.7863434208,20231208,
고양시,후덕목장,소,54,경기도 고양시 일산동구 지영로229번길 87-25 (지영동),경기도 고양시 일산동구 지영동 700번지,37.7175635171,126.8237872506,20231208,
과천시,갈현농장,소,5,경기도 과천시 재경길 63 (갈현동),경기도 과천시 갈현동 295,37.4041624678,126.9816461157,20260123,
과천시,청송사슴농장,사슴,9,경기도 과천시 삼부골2로 12-75 (주암동),경기도 과천시 주암동 479,37.4438730909,127.0213803910,20260123,
광명시,가학농장,돼지,120,,경기도 광명시 가학동 43번지,37.4274668999,126.8622187739,20250716,
광명시,가학목장,소,3,경기도 광명시 가학로85번길 39,경기도 광명시 가학동 163번지 1호,37.4187828252,126.8618892516,20250716,
광명시,구성말,소,5,경기도 광명시 오리로 105-50,경기도 광명시 일직동 366번지 5호,37.4132678066,126.8790672188,20250716,
광명시,금성목장,소,40,경기도 광명시 밤일로 136,경기도 광명시 노온사동 36번지 1호,37.4555942146,126.8502700125,20250716,
광명시,백운목장,소,58,경기도 광명시 아방리1길 24-20,"경기도 광명시 노온사동 324번지 1호 ,324번지 7호",37.4447630201,126.8426876136,20250716,
광명시,보광목장,소,135,,경기도 광명시 노온사동 607번지 1호,,,20250716,
광명시,신우,소,40,,경기도 광명시 노온사동 484번지,37.4383267235,126.8518876526,20250716,
광명시,심재엽,소,10,,경기도 광명시 노온사동 324번지 2호,37.4447208452,126.8413228186,20250716,
광명시,영일목장,소,5,,경기도 광명시 가학동 961번지 2호,,,20250716,
광명시,우진,소,35,,경기도 광명시 가학동 144번지 1호,,,20250716,
광명시,운정목장,소,48,,경기도 광명시 노온사동 331번지 1호,,,20250716,
광명시,은진농장,소,59,경기도 광명시 천변길 52,경기도 광명시 가학동 447번지,37.4203686340,126.8452967782,20250716,
광명시,창성농장,소,46,경기도 광명시 금하로 201-41,경기도 광명시 노온사동 20번지,37.4555571586,126.8517288844,20250716,
광명시,청림농원,소,20,,경기도 광명시 노온사동 550번지 1호,,,20250716,
광명시,체신농장,소,32,,경기도 광명시 가학동 22번지,37.4234891975,126.8633631800,20250716,
광명시,태화,소,164,,경기도 광명시 가학동 170번지 3호,,,20250716,
광명시,허목장,소,53,,경기도 광명시 광명동 604번지,37.4599519932,126.8519965920,20250716,
광명시,황보농장,소,18,경기도 광명시 장절로 56-27,경기도 광명시 노온사동 879번지,37.4265598677,126.8532787569,20250716,
광주시,e선한농장,소,48,경기도 광주시 곤지암읍 외선길 50-12,경기도 광주시 곤지암읍 이선리 362번지,37.3574608117,127.4179519458,20231213,
광주시,가나안농장,소,89,경기도 광주시 도척면 도척로765번길 30,경기도 광주시 도척면 유정리 441-1,37.2868592285,127.3232077296,20231213,
광주시,가나안농장2,소,72,경기도 광주시 도척면 방도길66번길 131-62,경기도 광주시 도척면 방도리 687번지,37.2790646071,127.3130849535,20231213,
광주시,강석관 농장,소,8,경기도 광주시 도척면 도척로 747,경기도 광주시 도척면 유정리 390-1,37.2894370658,127.3231001616,20231213,
광주시,건일농장,소,10,경기도 광주시 초월읍 경충대로1127번길 28-34,경기도 광주시 초월읍 쌍동리 290-1,37.3777570166,127.2909730336,20231213,
광주시,건일목장,소,65,,경기도 광주시 곤지암읍 연곡리 177번지 1호,37.3654247729,127.3873022853,20231213,
광주시,경수농장,소,149,경기도 광주시 곤지암읍 내선길 235-7,경기도 광주시 곤지암읍 이선리 118-1,37.3632081354,127.4262798609,20231213,
광주시,경수목장,소,13,경기도 광주시 곤지암읍 만삼로310번길 69-6,경기도 광주시 곤지암읍 삼합리 139-4,37.3753307666,127.4404767738,20231213,
광주시,계회농장,소,16,경기도 광주시 곤지암읍 가마을길 77,경기도 광주시 곤지암읍 오향리 42-11,37.3560872080,127.3818646966,20231213,
광주시,고개마루,소,20,경기도 광주시 도척면 방도길66번길 104-2,경기도 광주시 도척면 방도리 566-1,37.2822635059,127.3181872440,20231213,
광주시,고경목장,소,61,경기도 광주시 초월읍 장담길 20-19,경기도 광주시 초월읍 용수리 471,37.3712022193,127.3058203731,20231213,
광주시,고맙소,소,33,경기도 광주시 곤지암읍 내선길 131,"경기도 광주시 곤지암읍 이선리 395번지 1호 395-2, 397",37.3610211581,127.4177560959,20231213,
광주시,광명농장,소,39,경기도 광주시 초월읍 지월로93번길 46-14,경기도 광주시 초월읍 지월리 492-2,37.4179544465,127.2989755661,20231213,
광주시,광여농장,소,4,경기도 광주시 곤지암읍 광여로 502-32,경기도 광주시 곤지암읍 연곡리 63-3,37.3669555575,127.3887027979,20231213,
광주시,구본능 농장,소,21,경기도 광주시 도척면 다람로 9-2,경기도 광주시 도척면 궁평리 257,37.3375542543,127.3236195650,20231213,
광주시,구영목장,소,6,경기도 광주시 퇴촌면 지위동길17번길 16-7,경기도 광주시 퇴촌면 정지리 385-5,37.4537557325,127.3090443334,20231213,
광주시,궁중목장,소,54,경기도 광주시 도척면 다람로36번길 65-49,경기도 광주시 도척면 궁평리 665,37.3317594049,127.3183841027,20231213,
광주시,규혁농장,소,32,경기도 광주시 곤지암읍 내선길 63,경기도 광주시 곤지암읍 만선리 27-1,37.3649654051,127.4124214107,20231213,
광주시,금수목장,소,84,경기도 광주시 곤지암읍 광여로 476-104,경기도 광주시 곤지암읍 연곡리 179-1,37.3641777812,127.3871145794,20231213,
광주시,김성훈목장,소,53,,경기도 광주시 곤지암읍 연곡리 63번지 1호,37.3672857134,127.3885761228,20231213,
광주시,까치목장,소,21,,경기도 광주시 도척면 방도리 339번지 5호,,,20231213,
광주시,남수목장,소,27,경기도 광주시 곤지암읍 만삼로310번길 69-6,경기도 광주시 곤지암읍 삼합리 139-4,37.3753307666,127.4404767738,20231213,
광주시,늘푸른 농장,소,46,,경기도 광주시 도척면 유정리 342,37.2909883467,127.3218076372,20231213,
광주시,도전목장,소,35,경기도 광주시 곤지암읍 연곡길 33-36,경기도 광주시 곤지암읍 연곡리 430-2,37.3707214812,127.3867320719,20231213,
광주시,독박골농장,소,87,경기도 광주시 곤지암읍 만삼로 287-32,경기도 광주시 곤지암읍 삼합리 364,37.3827731700,127.4347213038,20231213,
광주시,독수리 목장,소,0,경기도 광주시 도척면 궁평하천길 100-10,경기도 광주시 도척면 궁평리 115,37.3374910744,127.3297158018,20231213,
광주시,동진목장,소,60,경기도 광주시 곤지암읍 광여로 552-25,경기도 광주시 곤지암읍 연곡리 314-5,37.3661952619,127.3951411369,20231213,
광주시,동진목장,소,76,경기도 광주시 곤지암읍 가마을길138번길 125,경기도 광주시 곤지암읍 봉현리 519-3,37.3486788605,127.3924331438,20231213,
광주시,만일 목장,소,12,경기도 광주시 도척면 도척윗로 490-17,경기도 광주시 도척면 상림리 88-27,37.3184417842,127.3045228370,20231213,
광주시,만흥목장,소,97,경기도 광주시 도척면 방도길66번길 22-47,경기도 광주시 도척면 유정리 산 7-4,37.2848491697,127.3229995896,20231213,
광주시,목리목장,소,13,경기도 광주시 염소골길 73,경기도 광주시 목동 302-1,37.3768999407,127.2022649392,20231213,
광주시,무수 목장,소,0,경기도 광주시 퇴촌면 무술길 239,경기도 광주시 퇴촌면 무수리 31번지,37.4512774186,127.2881569109,20231213,
광주시,미강농장,소,127,,경기도 광주시 곤지암읍 만선리 345,37.3684028466,127.4074908296,20231213,
광주시,바요목장,소,81,경기도 광주시 곤지암읍 광여로 502-64,경기도 광주시 곤지암읍 연곡리 288,37.3662084965,127.3898671178,20231213,
광주시,백억축산,소,85,경기도 광주시 곤지암읍 오향길15번길 15-50,경기도 광주시 곤지암읍 오향리 323-4,37.3658932257,127.3721596608,20231213,
광주시,법화축산,소,127,경기도 광주시 곤지암읍 광여로 476-154,"경기도 광주시 곤지암읍 연곡리 188번지 , 187-3",37.3620948120,127.3863159146,20231213,
광주시,법화축산2,소,112,경기도 광주시 곤지암읍 광여로 476-146,경기도 광주시 곤지암읍 연곡리 187-2,37.3623208185,127.3870044333,20231213,
광주시,보유목장,소,4,,경기도 광주시 곤지암읍 오향리 278번지 1호,,,20231213,
광주시,보훈목장,소,40,경기도 광주시 도척면 고녹길66번길 34,경기도 광주시 도척면 유정리 40-2,37.2972341538,127.3356060729,20231213,
광주시,부영목장,소,9,,경기도 광주시 곤지암읍 연곡리 130-1,,,20231213,
광주시,사랑농장,소,44,경기도 광주시 곤지암읍 외선길 79-120,경기도 광주시 곤지암읍 이선리 234,37.3559339391,127.4262869756,20231213,
광주시,상궁목장,소,16,경기도 광주시 도척면 다람로36번길 65-7,경기도 광주시 도척면 궁평리 643,37.3334636681,127.3187976726,20231213,
광주시,상녹농장,소,56,,경기도 광주시 곤지암읍 이선리 408-1,37.3616521900,127.4184941835,20231213,
광주시,상돈목장,소,31,경기도 광주시 곤지암읍 신만로 476-2,경기도 광주시 곤지암읍 만선리 193,37.3638954513,127.4042690951,20231213,
광주시,상림목장,소,7,,경기도 광주시 도척면 상림리 51-6,37.3105448982,127.3201643303,20231213,
광주시,상아목장,소,14,경기도 광주시 도척면 방도길66번길 131-62,경기도 광주시 도척면 방도리 686,37.2790646071,127.3130849535,20231213,
광주시,상옥농장,소,32,경기도 광주시 곤지암읍 신만로 435-33,경기도 광주시 곤지암읍 만선리 133-1,37.3642061929,127.3985769961,20231213,
광주시,상원농장,소,21,경기도 광주시 곤지암읍 만삼로310번길 32,경기도 광주시 곤지암읍 삼합리 84번지,37.3786746995,127.4400675027,20231213,
광주시,서명원목장,소,106,경기도 광주시 퇴촌면 석둔길 80,경기도 광주시 퇴촌면 영동리 502-6,37.4837289050,127.3708619883,20231213,
광주시,선골농장,소,69,경기도 광주시 곤지암읍 내선길 171,경기도 광주시 곤지암읍 이선리 433-2,37.3612220929,127.4216292447,20231213,
광주시,선화목장,소,37,경기도 광주시 곤지암읍 광여로 476-122,경기도 광주시 곤지암읍 연곡리 181,37.3633206534,127.3862688936,20231213,
광주시,성신목장,소,54,경기도 광주시 곤지암읍 신만로 83-8,경기도 광주시 곤지암읍 수양리 31-1,37.3360474827,127.3892902817,20231213,
광주시,성필농장,소,23,경기도 광주시 봉골길 131-30,경기도 광주시 오포읍 문형리 35-10,37.3544883695,127.2010097833,20231213,
광주시,소농목장,소,0,경기도 광주시 곤지암읍 만삼로108번길 156-10,경기도 광주시 곤지암읍 유사리 산 96,37.3680071168,127.4323059673,20231213,
광주시,송준경 목장,소,115,,경기도 광주시 곤지암읍 수양리 110-1,37.3304575169,127.3842129791,20231213,
광주시,수레목장,소,42,경기도 광주시 곤지암읍 연곡길42번길 38-22,경기도 광주시 곤지암읍 연곡리 121-1,37.3729698674,127.3909189051,20231213,
광주시,수민농장,소,155,경기도 광주시 곤지암읍 내선길 103-66,경기도 광주시 곤지암읍 이선리 407-1,37.3612021300,127.4187609412,20231213,
광주시,수아목장,소,45,경기도 광주시 도척면 다람로36번길 87,경기도 광주시 도척면 궁평리 603,37.3329716663,127.3154010532,20231213,
광주시,수암목장,소,40,경기도 광주시 곤지암읍 신만로 55,경기도 광주시 곤지암읍 수양리 65-1,37.3327671587,127.3900852805,20231213,
광주시,신선농장,소,58,,경기도 광주시 곤지암읍 이선리 83,37.3646260154,127.4284895055,20231213,
광주시,신오향농장,소,112,경기도 광주시 곤지암읍 오향길 91,경기도 광주시 곤지암읍 오향리 232,37.3695347341,127.3720744252,20231213,
광주시,신용남목장,소,75,,경기도 광주시 도척면 궁평리 97-6,37.3389321403,127.3281941714,20231213,
광주시,신우목장,소,152,,경기도 광주시 초월읍 쌍동리 283-3,37.3792272975,127.2928027396,20231213,
광주시,신인철 농장,소,21,,경기도 광주시 도척면 유정리 472번지,37.2867372411,127.3211694747,20231213,
광주시,앵자산농장,소,109,,경기도 광주시 곤지암읍 삼합리 294,37.3808403749,127.4369588886,20231213,
광주시,야발농장,소,67,경기도 광주시 곤지암읍 만삼로310번길 69-7,경기도 광주시 곤지암읍 삼합리 137-2,37.3752949828,127.4410189491,20231213,
광주시,야자수목장,소,63,경기도 광주시 곤지암읍 오향길15번길 49,경기도 광주시 곤지암읍 오향리 225-8,37.3672817605,127.3725299912,20231213,
광주시,에덴목장,소,61,경기도 광주시 도척면 고녹길66번길 86-18,경기도 광주시 도척면 유정리 28,37.2951939428,127.3334216628,20231213,
광주시,여흥농장,소,4,경기도 광주시 도척면 도척로765번길 124-8,경기도 광주시 도척면 방도리 508번지,37.2796691448,127.3192764039,20231213,
광주시,영근2목장,소,47,경기도 광주시 곤지암읍 광여로 476-154,경기도 광주시 곤지암읍 연곡리 188,37.3620948120,127.3863159146,20231213,
광주시,영근목장,소,113,경기도 광주시 곤지암읍 광여로 476-118,경기도 광주시 곤지암읍 연곡리 180-2,37.3635196941,127.3870365145,20231213,
광주시,영동목장,소,68,,경기도 광주시 퇴촌면 영동리 350,37.4720008187,127.3770967994,20231213,
광주시,영송목장,소,46,경기도 광주시 곤지암읍 만삼로310번길 38,경기도 광주시 곤지암읍 삼합리 91-6,37.3784225058,127.4404517401,20231213,
광주시,영진목장,소,46,,경기도 광주시 초월읍 용수리 33,37.3898699371,127.3064733977,20231213,
광주시,영훈목장,소,39,경기도 광주시 퇴촌면 영동길 71-10,경기도 광주시 퇴촌면 영동리 375,37.4712066544,127.3772279614,20231213,
광주시,오솔농장,소,127,경기도 광주시 곤지암읍 경충대로 65-10,경기도 광주시 곤지암읍 신촌리 182-1,37.3272350317,127.3927233333,20231213,
광주시,오쾌목장,소,78,,경기도 광주시 초월읍 쌍동리 236-6,37.3720613195,127.2940057206,20231213,
광주시,외선목장,소,70,경기도 광주시 곤지암읍 외선길 129-23,경기도 광주시 곤지암읍 이선리 352,37.3537285864,127.4172672268,20231213,
광주시,요한농장,소,19,경기도 광주시 도척면 도척로521번길 47-11,경기도 광주시 도척면 노곡리 186번지 1호 외 2필지,37.3031826443,127.3350853489,20231213,
광주시,용만목장,소,46,,경기도 광주시 도척면 추곡리 156-1,37.2771821864,127.2948351476,20231213,
광주시,우리목장,소,11,경기도 광주시 도척면 사기소길 8,경기도 광주시 도척면 상림리 36-8,37.3094330053,127.3191036250,20231213,
광주시,우리목장,소,54,경기도 광주시 곤지암읍 광여로 302-22,경기도 광주시 곤지암읍 열미리 542-31,37.3564739042,127.3723224325,20231213,
광주시,우수농장,소,26,경기도 광주시 도척면 추곡길 1-72,경기도 광주시 도척면 추곡리 225,37.2791848096,127.2881212739,20231213,
광주시,우정목장,소,27,,경기도 광주시 도척면 추곡리 349-5,37.2719050646,127.2850962790,20231213,
광주시,운정농장,소,6,경기도 광주시 도척면 도척로765번길 23,경기도 광주시 도척면 유정리 412-2,37.2874997239,127.3235446786,20231213,
광주시,원당 목장,소,2,,경기도 광주시 퇴촌면 원당리 115-3,37.4411921503,127.3164098166,20231213,
광주시,원적산목장,소,45,경기도 광주시 곤지암읍 만삼로315번길 34,경기도 광주시 곤지암읍 삼합리 302-7,37.3814057684,127.4398168252,20231213,
광주시,원창목장,소,23,경기도 광주시 곤지암읍 연곡길42번길 17,경기도 광주시 곤지암읍 연곡리 153,37.3715174017,127.3895882974,20231213,
광주시,유원목장,소,18,경기도 광주시 도척면 고녹길 57-88,경기도 광주시 도척면 노곡리 153,37.3038368236,127.3388415000,20231213,
광주시,유한근 농장,소,28,,경기도 광주시 도척면 유정리 384,37.2887161861,127.3223957318,20231213,
광주시,윤덕영농장,소,38,경기도 광주시 도척면 도척로699번길 30-107,경기도 광주시 도척면 유정리 196-3,37.2911576360,127.3284777079,20231213,
광주시,윤상기목장,소,36,,경기도 광주시 초월읍 용수리 257번지 2호,37.3772875640,127.3010823626,20231213,
광주시,윤상호목장,소,92,경기도 광주시 초월읍 경충대로1127번길 28-14,경기도 광주시 초월읍 쌍동리 287-9,37.3778043345,127.2922492472,20231213,
광주시,윤의상 농장,소,22,경기도 광주시 곤지암읍 만삼로 180-123,경기도 광주시 곤지암읍 삼합리 532번지,37.3731908025,127.4335662837,20231213,
광주시,은옥목장,소,95,경기도 광주시 곤지암읍 신만로 40-9,경기도 광주시 곤지암읍 수양리 58-1,37.3317953208,127.3918928099,20231213,
광주시,은용축산,소,36,경기도 광주시 초월읍 장담길 46,경기도 광주시 초월읍 용수리 479-3,37.3739415819,127.3053050590,20231213,
광주시,이상의목장,소,44,,경기도 광주시 곤지암읍 연곡리 64,37.3667003255,127.3884941056,20231213,
광주시,이원선농장,소,43,경기도 광주시 도척면 도척로 773-38,경기도 광주시 도척면 유정리 463-1,37.2866764780,127.3215610644,20231213,
광주시,일용목장,소,10,,경기도 광주시 도척면 노곡리 423-2,37.3002963751,127.3442465953,20231213,
광주시,장철목장,소,51,경기도 광주시 초월읍 무갑길140번길 2-7,경기도 광주시 초월읍 무갑리 308,37.4209131944,127.3229156680,20231213,
광주시,전영애목장,소,17,,경기도 광주시 곤지암읍 만선리 137-6,37.3645133600,127.3986537339,20231213,
광주시,전흥복농장,소,16,경기도 광주시 도척면 도척로699번길 2,경기도 광주시 도척면 유정리 204-2,37.2924714548,127.3269516116,20231213,
광주시,정미지목장,소,43,경기도 광주시 곤지암읍 신만로58번길 6-48,경기도 광주시 곤지암읍 수양리 55-9,37.3335275158,127.3935723096,20231213,
광주시,정수농장,소,5,경기도 광주시 도척면 도척로 1165-180,경기도 광주시 도척면 추곡리 68번지,37.2694711241,127.3004537587,20231213,
광주시,정환목장,소,47,경기도 광주시 도척면 고녹길 20,경기도 광주시 도척면 유정리 2-1,37.2999887853,127.3330048848,20231213,
광주시,종암목장,소,27,,경기도 광주시 곤지암읍 오향리 368,,,20231213,
광주시,주윤농장,소,13,경기도 광주시 도척면 방도길66번길 121,경기도 광주시 도척면 방도리 541,37.2806290892,127.3163186036,20231213,
광주시,주인호 목장,소,4,,경기도 광주시 도척면 진우리 343,37.3202615076,127.3320284610,20231213,
광주시,중동목장,소,10,경기도 광주시 초월읍 도곡길22번길 49-9,경기도 광주시 초월읍 쌍동리 98-1,37.3694650342,127.2965751966,20231213,
광주시,중앙 축산,소,30,경기도 광주시 곤지암읍 오향길15번길 15-48,경기도 광주시 곤지암읍 오향리 323-5,37.3656767589,127.3720358020,20231213,
광주시,중앙농장,소,21,경기도 광주시 초월읍 장담길 77-15,경기도 광주시 초월읍 용수리 261,37.3766581998,127.3019547416,20231213,
광주시,지수목장,소,1,경기도 광주시 초월읍 도곡길 55-17,경기도 광주시 초월읍 쌍동리 75,37.3663665480,127.2979048867,20231213,
광주시,진우목장,소,3,경기도 광주시 도척면 진말길 36,경기도 광주시 도척면 진우리 452-2,37.3224777736,127.3324359426,20231213,
광주시,창주 목장,소,24,경기도 광주시 도척면 사기소길 1-8,경기도 광주시 도척면 상림리 48-2,37.3102690823,127.3176571444,20231213,
광주시,천우목장,소,35,경기도 광주시 도척면 도척로 1105-36,경기도 광주시 도척면 추곡리 144-2,37.2759510828,127.2945372929,20231213,
광주시,천현농장,소,53,경기도 광주시 초월읍 무갑길 81,경기도 광주시 초월읍 무갑리 450,37.4217328966,127.3166413014,20231213,
광주시,초우목장,소,26,경기도 광주시 곤지암읍 가마을길50번길 7,경기도 광주시 곤지암읍 오향리 30,37.3555528483,127.3793474704,20231213,
광주시,초월농장,소,56,경기도 광주시 초월읍 장담길 77-15,경기도 광주시 초월읍 용수리 261번지 1호,37.3766581998,127.3019547416,20231213,
광주시,태신목장,소,31,경기도 광주시 도척면 추곡길 79,경기도 광주시 도척면 추곡리 385,37.2800210006,127.2869457624,20231213,
광주시,평일목장,소,21,경기도 광주시 도척면 도척로 76-49,경기도 광주시 도척면 궁평리 20-1,37.3415369337,127.3351031248,20231213,
광주시,학렬농장,소,18,,경기도 광주시 곤지암읍 수양리 502-1,37.3405658414,127.3703047951,20231213,
광주시,학수목장,소,36,경기도 광주시 초월읍 경충대로 974-52,경기도 광주시 초월읍 산이리 115-5,37.3666323360,127.3114788582,20231213,
광주시,학원목장,소,32,경기도 광주시 곤지암읍 광여로 502-16,경기도 광주시 곤지암읍 연곡리 62,37.3676136219,127.3887582938,20231213,
광주시,학원목장2,소,60,경기도 광주시 곤지암읍 광여로 476-110,경기도 광주시 곤지암읍 연곡리 180,37.3639432807,127.3869681214,20231213,
광주시,한우목장집,소,4,경기도 광주시 초월읍 도곡길 93,경기도 광주시 초월읍 쌍동리 91-2,37.3681178737,127.2942071704,20231213,
광주시,향기목장,소,55,경기도 광주시 곤지암읍 광여로 302-11,경기도 광주시 곤지암읍 오향리 442-4,37.3561238786,127.3737345067,20231213,
광주시,헌희목장,소,51,경기도 광주시 곤지암읍 상탑길 6,경기도 광주시 곤지암읍 만선리 313-3,37.3655856762,127.4101733288,20231213,
광주시,현응목장,소,66,,경기도 광주시 초월읍 무갑리 582,37.4237257526,127.3114678540,20231213,
광주시,혜미농장,소,21,경기도 광주시 도척면 방도길66번길 141,경기도 광주시 도척면 방도리 692,37.2796341558,127.3141439032,20231213,
광주시,혜성목장,소,0,,경기도 광주시 퇴촌면 영동리 218번지 7호,,,20231213,
광주시,홍주 농장,소,21,경기도 광주시 도척면 다람로 9-8,경기도 광주시 도척면 궁평리 258-1,37.3375640580,127.3241501281,20231213,
광주시,화성농장,소,32,경기도 광주시 도척면 도척로774번길 45-6,경기도 광주시 도척면 유정리 306,37.2922564158,127.3217509680,20231213,
광주시,효성목장,소,38,경기도 광주시 초월읍 지월로100번길 23,경기도 광주시 초월읍 지월리 127-1,37.4119634449,127.3008448123,20231213,
광주시,효성목장,소,134,경기도 광주시 초월읍 지월로100번길 23,경기도 광주시 초월읍 지월리 127-1,37.4119634449,127.3008448123,20231213,
광주시,희범목장,소,37,경기도 광주시 곤지암읍 만삼로 244,경기도 광주시 곤지암읍 삼합리 446,37.3785973536,127.4305005095,20231213,
구리시,관순농장,소,154,경기도 구리시 왕숙천로 671(사노동),경기도 구리시 사노동 117-9,37.6335886633,127.1462755322,20251105,
구리시,기윤목장,소,67,경기도 구리시 코스모스길213번길 109(토평동),경기도 구리시 토평동 48-120,37.5823331495,127.1537101162,20251105,
구리시,영철목장,소,4,경기도 구리시 코스모스길213번길 166-5(토평동),경기도 구리시 토평동 51-4,37.5850310018,127.1546716802,20251105,
군포시,강**,소,,경기도 군포시 송부로12번길 46-44,경기도 군포시 도마교동 263,37.3120582403,126.9192404579,20250717,
군포시,군포사슴목장,소,,경기도 군포시 송부로 191-88,경기도 군포시 부곡동 711-5,37.3258671912,126.9303197874,20250717,
군포시,대건농장,소,,경기도 군포시 군포로 28-47,,,,20250717,
군포시,대야미목장,소,,경기도 군포시 번영로 228-1,경기도 군포시 대야미동 11,37.3360564253,126.9254790114,20250717,
군포시,대일목장,소,,,경기도 군포시 도마교동 9-10,,,20250717,
군포시,동남농장,소,,경기도 군포시 번영로 179-41,경기도 군포시 부곡동 750-4,37.3302146204,126.9271602342,20250717,
군포시,미니농장,소,,경기도 군포시 송부로 191-66,경기도 군포시 부곡동 706,37.3246253941,126.9307580679,20250717,
군포시,삼성농장,소,,경기도 군포시 건건로 243-5,경기도 군포시 대야미동 521-8,37.3214277735,126.9127802024,20250717,
군포시,신도목장,소,,경기도 군포시 송부로12번길 54-59,경기도 군포시 도마교동 310,37.3115903341,126.9230922557,20250717,
군포시,신선목장,소,,경기도 군포시 송부로50번길 62-165,경기도 군포시 도마교동 348-1,37.3094401938,126.9295296909,20250717,
군포시,재건농장,소,,경기도 군포시 송부로 191-76,경기도 군포시 부곡동 704-2,37.3250931179,126.9305513725,20250717,
군포시,태산목장,소,,경기도 군포시 속달로 116,경기도 군포시 속달동 215,37.3362261844,126.9069077710,20250717,
김포시,N.K농장,소,40,,경기도 김포시 하성면 시암리 171번지,37.7688918241,126.6434034996,20190910,
김포시,가금리목장,소,90,경기도 김포시 하성면 평화공원로70번길 104-52,경기도 김포시 하성면 가금리 278번지 1호,37.7372847375,126.5977129406,20190910,
김포시,가을농원,소,51,,경기도 김포시 고촌읍 향산리 1번지 108호,,,20190910,
김포시,가현목장,소,59,경기도 김포시 통진읍 가현로 42,경기도 김포시 통진읍 가현리 808번지 3호,37.6684557931,126.5830243278,20190910,
김포시,갈산리목장,소,57,경기도 김포시 월곶면 점동로 19-56,경기도 김포시 월곶면 고막리 73번지,37.7206119161,126.5609480570,20190910,
김포시,감정농장,소,19,,경기도 김포시 감정동 603번지 1호,37.6182741531,126.7041861695,20190910,
김포시,강산농원,소,107,,경기도 김포시 통진읍 서암리 608번지 1호,37.6947298736,126.6144208970,20190910,
김포시,강원농장,소,40,"경기도 김포시 하성면 하성로682번길 74-16, 내 3필지(양택리 303, 303-1, 303-2번지)","경기도 김포시 하성면 양택리 303번지 외2 필지(양택리 303-1, 303-2)",37.7329466859,126.6333771633,20190910,
김포시,강일농장,소,5,경기도 김포시 월곶면 안진골로 54,경기도 김포시 월곶면 갈산리 112번지 1호,37.7175865729,126.5738640848,20190910,
김포시,개곡리농장,소,65,경기도 김포시 월곶면 애기봉로409번길 111-21,경기도 김포시 월곶면 개곡리 1067번지,37.7382633691,126.5843656501,20190910,
김포시,개풍농장,소,10,,경기도 김포시 대곶면 송마리 13번지,37.6624313582,126.5731206432,20190910,
김포시,거북농장,소,70,경기도 김포시 하성면 석평로420번길 57-72,경기도 김포시 하성면 후평리 859번지,37.7494214353,126.6543206779,20190910,
김포시,건국축산,소,20,경기도 김포시 대곶면 율마로256번길 170-12,경기도 김포시 대곶면 거물대리 85번지 1호,37.6701394783,126.6039012081,20190910,
김포시,걸포목장,소,60,경기도 김포시 통진읍 월하로 342,경기도 김포시 통진읍 고정리 552번지,37.7111246914,126.5936396815,20190910,
김포시,검암목장,소,65,경기도 김포시 통진읍 월하로410번길 220,경기도 김포시 통진읍 서암리 129번지,37.7042142569,126.6010407843,20190910,
김포시,경정농장,소,80,경기도 김포시 통진읍 가현로 11,경기도 김포시 통진읍 가현리 810번지 10호,37.6666032636,126.5800878105,20190910,
김포시,경휘농장,소,18,,경기도 김포시 하성면 마조리 194번지,,,20190910,
김포시,계림농장,소,265,"경기도 김포시 대곶면 천호로 95-50, (대곶면 약암리 1003, 1004)",경기도 김포시 대곶면 약암리 1003번지,37.6194733705,126.5628902326,20190910,
김포시,고건농장,돼지,1000,경기도 김포시 월곶면 고정로 84-27,경기도 김포시 월곶면 갈산리 62번지,37.7230250315,126.5789251900,20190910,
김포시,고구려농장,소,5,,경기도 김포시 하성면 양택리 186번지,,,20190910,
김포시,고향농장,소,16,,경기도 김포시 월곶면 갈산리 538번지 2호,37.6975063128,126.5586995998,20190910,
김포시,광연농장,소,3,,경기도 김포시 양촌읍 구래리 40번지,,,20190910,
김포시,광영농장,소,62,,경기도 김포시 월곶면 갈산리 457번지 1호,37.7044093272,126.5692635579,20190910,
김포시,광호농장,소,10,경기도 김포시 대곶면 학의동로 29-37,경기도 김포시 대곶면 송마리 1307번지,37.6577027642,126.5555623669,20190910,
김포시,교섭농장,돼지,800,경기도 김포시 대곶면 상마신기로 58-42,경기도 김포시 대곶면 상마리 산 53번지,37.6430896293,126.5699498804,20190910,
김포시,구은농장,소,27,경기도 김포시 하성면 하성로1141번길 34,경기도 김포시 하성면 시암리 175번지,37.7687774855,126.6413156845,20190910,
김포시,군하목장,돼지,300,,경기도 김포시 월곶면 군하리 357번지 1호,37.7118170348,126.5525128298,20190910,
김포시,귀전목장,소,70,경기도 김포시 월곶면 조산재로 96,경기도 김포시 월곶면 개곡리 553번지 1호,37.7281425607,126.5867938735,20190910,
김포시,규영농장,소,90,경기도 김포시 통진읍 율마로223번길 115,경기도 김포시 통진읍 가현리 499번지,37.6707213192,126.5974649999,20190910,
김포시,금바위농장,소,9,경기도 김포시 고촌읍 상미로9번길 49-6,경기도 김포시 고촌읍 향산리 881번지 4호,37.6221549064,126.7402762570,20190910,
김포시,금탑농장,소,10,경기도 김포시 대곶면 율마로138번길 50-24,경기도 김포시 대곶면 초원지리 8번지 3호,37.6629629527,126.5988968110,20190910,
김포시,긴등농장,소,42,경기도 김포시 대곶면 대곶서로278번길 23,경기도 김포시 대곶면 율생리 653번지,37.6426614387,126.5831828259,20190910,
김포시,길농장,돼지,1000,경기도 김포시 통진읍 가현로 72,경기도 김포시 통진읍 가현리 197번지,37.6706164708,126.5850274155,20190910,
김포시,김포꽃소사육농장,소,250,,경기도 김포시 월곶면 갈산리 161번지,37.7103740645,126.5665045287,20190910,
김포시,김포종합농장,돼지,3000,,경기도 김포시 대곶면 송마리 179번지 1호,37.6629909039,126.5722752979,20190910,
김포시,꿈드림,소,10,경기도 김포시 통진읍 귀전로56번길 195,경기도 김포시 통진읍 귀전리 411번지 3호,37.7137934203,126.6055540456,20190910,
김포시,꿈목장,소,90,경기도 김포시 통진읍 귀전로56번길 188,경기도 김포시 통진읍 귀전리 940번지,37.7137261405,126.6061902055,20190910,
김포시,나우목장,소,105,경기도 김포시 대곶면 고음달로 34,경기도 김포시 대곶면 대능리 946번지,37.6211130198,126.5939517850,20190910,
김포시,노도목장,소,50,경기도 김포시 하성면 연화봉로 81-79,경기도 김포시 하성면 마조리 238번지 9호,37.7484995542,126.6390301655,20190910,
김포시,노림목장,소,20,경기도 김포시 월곶면 용강로250번길 80-26,경기도 김포시 월곶면 조강리 268번지,37.7393712771,126.5647628648,20190910,
김포시,녹순농장,소,20,,경기도 김포시 월곶면 고양리 94번지 1호,37.6934830050,126.5455941623,20190910,
김포시,농장풀물,소,250,경기도 김포시 대곶면 대곶남로107번길 114-42,경기도 김포시 대곶면 대벽리 654번지,37.6133839212,126.5747501260,20190910,
김포시,누산농장,소,16,경기도 김포시 양촌읍 양곡로44번길 334,경기도 김포시 양촌읍 누산리 1074번지 11호,37.6781712392,126.6591218839,20190910,
김포시,다산농장,돼지,1200,경기도 김포시 통진읍 가현로 72-23,경기도 김포시 통진읍 가현리 802번지,37.6698522761,126.5852749145,20190910,
김포시,다우농장,돼지,31,,경기도 김포시 월곶면 개곡리 1286번지,37.7314795814,126.5904750005,20190910,
김포시,달봉농원,소,23,,경기도 김포시 하성면 시암리 98번지,37.7690846581,126.6484669315,20190910,
김포시,대거농장,돼지,1000,경기도 김포시 대곶면 율마로152번길 126,경기도 김포시 대곶면 거물대리 129번지 1호,37.6636874423,126.6040808232,20190910,
김포시,대능목장,소,24,,경기도 김포시 대곶면 대능리 137번지 2호,37.6360451544,126.6021397378,20190910,
김포시,대동농장,소,50,,경기도 김포시 양촌읍 양곡리 189번지 7호,37.6645972151,126.6269203359,20190910,
김포시,대벽농장,소,11,경기도 김포시 대곶면 대곶남로107번길 82-12,경기도 김포시 대곶면 대벽리 651번지 2호,37.6124211542,126.5761103391,20190910,
김포시,대벽목장,소,17,경기도 김포시 대곶면 대곶남로 53-113,경기도 김포시 대곶면 대벽리 965번지,37.6029423526,126.5730555553,20190910,
김포시,대벽축산,돼지,50,경기도 김포시 대곶면 약암로 522-102,경기도 김포시 대곶면 대벽리 839번지,37.6083178857,126.5677999360,20190910,
김포시,대성농장,돼지,1020,,경기도 김포시 양촌읍 구래리 산 90번지,,,20190910,
김포시,대성우목장,소,123,경기도 김포시 대곶면 쇄암로 156-87,경기도 김포시 대곶면 쇄암리 623번지,37.6848668400,126.5419829425,20190910,
김포시,대지농장,소,79,경기도 김포시 하성면 가금로227번길 86,경기도 김포시 하성면 가금리 369번지 19호,37.7492118264,126.6147308002,20190910,
김포시,대현농장,돼지,80,경기도 김포시 대곶면 율마로 220-16,경기도 김포시 대곶면 거물대리 225번지 1호,37.6707804221,126.5993012028,20190910,
김포시,덕명목장,소,35,경기도 김포시 통진읍 가현로85번길 13-15,경기도 김포시 통진읍 가현리 750번지,37.6728485479,126.5834578613,20190910,
김포시,덕주농장,소,200,,경기도 김포시 하성면 양택리 394번지 외 1필지,37.7318976957,126.6322749749,20190910,
김포시,돌우물목장,소,71,경기도 김포시 대곶면 대곶로331번길 33,경기도 김포시 대곶면 석정리 369번지,37.6731028809,126.5529065684,20190910,
김포시,동곡농장,소,12,,경기도 김포시 운양동 834번지 1호,37.6634807255,126.6732786634,20190910,
김포시,동원농장,돼지,2300,경기도 김포시 대곶면 대곶서로166번길 194,경기도 김포시 대곶면 약암리 149번지,37.6288897023,126.5751472185,20190910,
김포시,동원농장,소,22,경기도 김포시 대곶면 대곶남로446번길 68,경기도 김포시 대곶면 대능리 270번지,37.6302885145,126.5986681887,20190910,
김포시,동원농장,소,8,,경기도 김포시 대곶면 초원지리 15번지 2호,37.6634352598,126.5997258442,20190910,
김포시,동원목장,소,3,경기도 김포시 대곶면 쇄암로117번길 61-29,경기도 김포시 대곶면 쇄암리 351번지 6호,37.6755923900,126.5397662360,20190910,
김포시,두원농장,돼지,1200,경기도 김포시 월곶면 안진골로64번길 52,경기도 김포시 월곶면 갈산리 산 60번지 1호,37.7175968733,126.5786293272,20190910,
김포시,두천농장,돼지,350,경기도 김포시 하성면 하사로 98,경기도 김포시 하성면 봉성리 105번지 1호,37.6964925485,126.6437607972,20190910,
김포시,뒤울농장,돼지,1000,경기도 김포시 대곶면 율마로 31-16,경기도 김포시 대곶면 율생리 373번지,37.6557114767,126.5912074765,20190910,
김포시,등대목장,소,77,경기도 김포시 통진읍 가현로85번길 93,경기도 김포시 통진읍 가현리 663번지 1호,37.6762923398,126.5847195775,20190910,
김포시,랑고목장,소,98,경기도 김포시 통진읍 대서명로68번길 73,경기도 김포시 통진읍 서암리 591번지,37.6954918253,126.6108441857,20190910,
김포시,림농장,소,75,,경기도 김포시 대곶면 송마리 555번지 2호,37.6653171590,126.5521252389,20190910,
김포시,마곡농장,소,38,경기도 김포시 하성면 월하로798번길 21,경기도 김포시 하성면 전류리 219번지 2호,37.7088623798,126.6430512454,20190910,
김포시,마조목장,소,20,경기도 김포시 하성면 하성로794번길 33,경기도 김포시 하성면 마조리 445번지 1호,37.7423204402,126.6346298710,20190910,
김포시,말무리목장,사슴,30,경기도 김포시 통진읍 애기봉로571번길 128-70,경기도 김포시 통진읍 귀전리 84번지,37.7326313145,126.6068254671,20190910,
김포시,말무리염소농장,산양,50,경기도 김포시 통진읍 애기봉로571번길 128-70,경기도 김포시 통진읍 귀전리 84번지,37.7326313145,126.6068254671,20190910,
김포시,매정목장,소,100,경기도 김포시 대곶면 대곶로241번길 23-11,경기도 김포시 대곶면 송마리 551번지 1호,37.6650520033,126.5537571959,20190910,
김포시,면주농장,소,40,경기도 김포시 대곶면 대곶서로 61-6,경기도 김포시 대곶면 약암리 182번지,37.6289434934,126.5705228418,20190910,
김포시,명석목장,소,100,경기도 김포시 하성면 하성로 106-97,경기도 김포시 하성면 봉성리 607번지,37.6855339251,126.6365263059,20190910,
김포시,무쏘목장,소,150,경기도 김포시 대곶면 대곶로 203-12,경기도 김포시 대곶면 송마리 1137번지,37.6624333753,126.5531555282,20190910,
김포시,문연농장,소,19,경기도 김포시 통진읍 검암2로 100-57,경기도 김포시 통진읍 서암리 29번지,37.7083151714,126.6010366259,20190910,
김포시,미림농장,돼지,500,경기도 김포시 월곶면 점동로 65-58,경기도 김포시 월곶면 갈산리 264번지,37.7187784908,126.5661451107,20190910,
김포시,미림농장,돼지,980,,경기도 김포시 월곶면 갈산리 263번지 5호,37.7184557364,126.5665365225,20190910,
김포시,미화농장,소,25,,경기도 김포시 통진읍 가현리 625번지 8호,37.6779556025,126.5858630985,20190910,
김포시,바다농장,소,60,경기도 김포시 고촌읍 상미로10번길 104-11,경기도 김포시 고촌읍 향산리 163번지 1호,37.6174485634,126.7442673377,20190910,
김포시,반석목장,소,61,"경기도 김포시 고촌읍 금포로621번길 44 (,263번지 2호)","경기도 김포시 고촌읍 향산리 262번지 2호 ,263번지 2호",37.6223717379,126.7516397995,20190910,
김포시,발해목장,소,40,경기도 김포시 하성면 마근포로106번길 18-8,경기도 김포시 하성면 마근포리 62번지 1호,37.7512509994,126.6271134693,20190910,
김포시,벧엘농장,돼지,1700,경기도 김포시 통진읍 고척로 105-119,경기도 김포시 통진읍 고정리 400번지,37.7221814445,126.5840190140,20190910,
김포시,병수농장,소,10,경기도 김포시 대곶면 오니산로 73-22,경기도 김포시 대곶면 거물대리 99번지,37.6676848023,126.6046790675,20190910,
김포시,병정목장,소,50,경기도 김포시 통진읍 월하로 358-7,경기도 김포시 통진읍 고정리 518번지 14호,37.7109336998,126.5957635452,20190910,
김포시,보구골목장,소,35,경기도 김포시 월곶면 문수산로 432-15,경기도 김포시 월곶면 보구곶리 215번지,37.7626522397,126.5324430244,20190910,
김포시,보름농장,소,44,경기도 김포시 양촌읍 삼도로 239-13,경기도 김포시 양촌읍 학운리 1108번지,37.6127169167,126.5956738830,20190910,
김포시,보리수농장,소,50,경기도 김포시 대곶면 대곶남로 184-84,경기도 김포시 대곶면 대벽리 1258번지 2호,37.6122019966,126.5861628384,20190910,
김포시,복권목장,소,50,경기도 김포시 하성면 평화공원로 98 (외 2필지),경기도 김포시 하성면 가금리 255번지 7호 외 2필지,37.7389653281,126.5947303486,20190910,
김포시,봉골농장,돼지,800,경기도 김포시 월곶면 김포대로2659번길 5-100,경기도 김포시 월곶면 군하리 323번지 56호,37.7051786438,126.5526913845,20190910,
김포시,봉길농장,돼지,50,경기도 김포시 양촌읍 양곡3로 104-60,경기도 김포시 양촌읍 석모리 690번지 1호,37.6587180758,126.6412244895,20190910,
김포시,봉성농장,소,9,경기도 김포시 하성면 누산봉성로237번길 22,경기도 김포시 하성면 봉성리 338번지 1호,37.6892107161,126.6488462858,20190910,
김포시,봉성목장,소,30,,경기도 김포시 하성면 봉성리 384번지 2호,37.6910647288,126.6433851359,20190910,
김포시,부원농장,소,96,경기도 김포시 양촌읍 삼도로 295-76,경기도 김포시 양촌읍 학운리 1057번지 1호,37.6191335595,126.5967519407,20190910,
김포시,부흥농장,돼지,800,경기도 김포시 대곶면 대곶남로512번길 114,경기도 김포시 대곶면 대능리 185번지,37.6313634588,126.6048996959,20190910,
김포시,비손목장,소,70,경기도 김포시 양촌읍 양곡로44번길 336 (14호),경기도 김포시 양촌읍 누산리 1074번지 8호 14호,37.6774166559,126.6582118559,20190910,
김포시,사래농장,소,29,경기도 김포시 대곶면 대곶로 101,경기도 김포시 대곶면 대명리 221번지 1호,37.6539245008,126.5519712405,20190910,
김포시,삼마목장,소,80,경기도 김포시 월곶면 안진골로64번길 20,경기도 김포시 월곶면 갈산리 산 63번지,37.7180808011,126.5748223582,20190910,
김포시,삼배농장,소,15,경기도 김포시 대곶면 율마로138번길 110,경기도 김포시 대곶면 초원지리 35번지 1호,37.6631933677,126.6031117064,20190910,
김포시,삼성산목장,소,36,경기도 김포시 하성면 가금로 211,경기도 김포시 하성면 가금리 산 30번지 1호,37.7475747791,126.6127752763,20190910,
김포시,삼원농장,돼지,800,경기도 김포시 통진읍 고정1로30번길 5-21,경기도 김포시 통진읍 고정리 206번지,37.7153207150,126.5989891608,20190910,
김포시,상마농장,소,20,,경기도 김포시 대곶면 상마리 11번지,37.6406830503,126.5833976416,20190910,
김포시,상주농장,소,91,,경기도 김포시 월곶면 갈산리 산 9번지,,,20190910,
김포시,상환농장,소,25,경기도 김포시 하성면 연화봉로 50,경기도 김포시 하성면 후평리 523번지 4호,37.7447459721,126.6384607349,20190910,
김포시,상훈농장,돼지,500,,경기도 김포시 양촌읍 유현리 337번지,,,20190910,
김포시,새로운축산,돼지,4500,경기도 김포시 하성면 가금로227번길 39,경기도 김포시 하성면 가금리 366번지 25호,37.7496599638,126.6143962808,20190910,
김포시,새마음목장,소,22,경기도 김포시 월곶면 애기봉로409번길 95-28,경기도 김포시 월곶면 개곡리 1124번지,37.7360014077,126.5844048594,20190910,
김포시,새옥천목장,소,84,경기도 김포시 대곶면 천호로 71-32,경기도 김포시 대곶면 약암리 1023번지,37.6187581592,126.5602250784,20190910,
김포시,새우마농장,소,65,경기도 김포시 월곶면 애기봉로456번길 64-57,경기도 김포시 월곶면 개곡리 1248번지,37.7302695568,126.5879479503,20190910,
김포시,새터흑염소농장,산양,53,경기도 김포시 월곶면 용강로 283-1,경기도 김포시 월곶면 조강리 310번지 13호,37.7439825085,126.5598015811,20190910,
김포시,샘재농장,소,,경기도 김포시 월곶면 애기봉로 92-17,경기도 김포시 월곶면 고막리 53번지,37.7226754190,126.5608879641,20190910,
김포시,샛별농장,소,80,경기도 김포시 통진읍 하성로101번길 403-39,경기도 김포시 통진읍 서암리 633번지,37.6944605407,126.6151326705,20190910,
김포시,서암농장,소,38,,경기도 김포시 통진읍 서암리 811번지 2호,37.6959827645,126.5985065430,20190910,
김포시,서연목장,소,3,경기도 김포시 양촌읍 양곡로44번길 334,경기도 김포시 양촌읍 누산리 1074번지 11호,37.6781712392,126.6591218839,20190910,
김포시,석민농장,돼지,600,경기도 김포시 양촌읍 봉수대로1825번길 90-15,경기도 김포시 양촌읍 구래리 805번지 9호,37.6305682125,126.6250478039,20190910,
김포시,석탄리목장,소,8,,경기도 김포시 하성면 석탄리 산 225번지,,,20190910,
김포시,석탄목장,소,1,경기도 김포시 하성면 석평로184번길 112-20,경기도 김포시 하성면 석탄리 186번지,37.7279964942,126.6567091133,20190910,
김포시,선식목장,소,10,경기도 김포시 양촌읍 흥신로 177-26,경기도 김포시 양촌읍 흥신리 산 10번지,37.6727931657,126.6151519183,20190910,
김포시,선정목장,소,60,경기도 김포시 통진읍 가현로 72-35,경기도 김포시 통진읍 가현리 343번지,37.6693756817,126.5854168299,20190910,
김포시,성곡농장,소,17,,경기도 김포시 양촌읍 유현리 428번지 5호,37.6293513390,126.6184997632,20190910,
김포시,성곡농장,소,64,,경기도 김포시 양촌읍 유현리 428번지 5호,37.6293513390,126.6184997632,20190910,
김포시,성민농장,소,7,,경기도 김포시 걸포동 1218번지,37.6346347369,126.7146341306,20190910,
김포시,성연제일농장,소,4,,경기도 김포시 월곶면 개곡리 631번지,37.7294836940,126.5814793073,20190910,
김포시,성진농장,소,40,"경기도 김포시 하성면 가금로 199, (가금리 346-1, 346-3, 산31-2, 산31-3)",경기도 김포시 하성면 가금리 346번지 1호,37.7481542467,126.6119283974,20190910,
김포시,세자매목장,소,120,,경기도 김포시 대곶면 쇄암리 607번지,37.6827070590,126.5408423566,20190910,
김포시,세현축산,소,350,경기도 김포시 하성면 가금로227번길 84,경기도 김포시 하성면 가금리 567번지,37.7499383423,126.6154599653,20190910,
김포시,송마목장,소,45,경기도 김포시 대곶면 학의동로 29-182,경기도 김포시 대곶면 송마리 1386번지,37.6599704128,126.5641500078,20190910,
김포시,수곡농장,소,5,경기도 김포시 하성면 마조로 38-22,경기도 김포시 하성면 마조리 422번지 5호,37.7429692730,126.6297191003,20190910,
김포시,수길농장,돼지,500,,경기도 김포시 통진읍 가현리 107번지,,,20190910,
김포시,수리농장,소,15,,경기도 김포시 하성면 가금리 262번지 1호,37.7396161556,126.5959435740,20190910,
김포시,순상농장,소,47,,경기도 김포시 대곶면 오니산리 282번지,37.6650394846,126.6078661130,20190910,
김포시,순원농장,돼지,600,,경기도 김포시 양촌읍 석모리 135번지,37.6577922632,126.6523850755,20190910,
김포시,시곡목장,소,86,경기도 김포시 하성면 후평로 45,경기도 김포시 하성면 후평리 511번지 1호,37.7425084395,126.6381461729,20190910,
김포시,시암농장,소,7,경기도 김포시 하성면 하성로 1214,경기도 김포시 하성면 시암리 560번지 1호,37.7659445440,126.6471274036,20190910,
김포시,시암목장,소,130,경기도 김포시 하성면 하성로1032번길 183,경기도 김포시 하성면 시암리 560번지 9호,37.7656036391,126.6473470354,20190910,
김포시,신샘목장,소,90,경기도 김포시 대곶면 산자뫼로104번길 201,경기도 김포시 대곶면 송마리 1427번지,37.6617514795,126.5693996336,20190910,
김포시,신화목장,소,19,경기도 김포시 대곶면 대곶서로 28,경기도 김포시 대곶면 약암리 13번지 1호,37.6264088106,126.5714156579,20190910,
김포시,신흥농장,소,70,경기도 김포시 통진읍 율마로276번길 69,경기도 김포시 통진읍 가현리 816번지 1호,37.6759608633,126.6025724780,20190910,
김포시,신흥사슴농장,사슴,49,경기도 김포시 대곶면 대곶로20번길 54,경기도 김포시 대곶면 대명리 366번지 20호,37.6485682271,126.5550319297,20190910,
김포시,아라농장,돼지,1400,경기도 김포시 통진읍 가현로 72-65,경기도 김포시 통진읍 가현리 850번지 2호,37.6684166432,126.5861089178,20190910,
김포시,아라농장,소,8,경기도 김포시 고촌읍 황어로350번길 41-22,경기도 김포시 고촌읍 태리 945번지,37.5892087451,126.7568651291,20190910,
김포시,아셀목장,소,55,경기도 김포시 대곶면 율생중앙로206번길 60,경기도 김포시 대곶면 송마리 5번지 1호,37.6634477054,126.5753535127,20190910,
김포시,안곶농장,소,10,경기도 김포시 하성면 하성로946번길 59,경기도 김포시 하성면 마조리 132번지 1호,37.7557315871,126.6382879417,20190910,
김포시,안진농장,돼지,2500,,경기도 김포시 월곶면 갈산리 269번지 3호,37.7220629212,126.5698953964,20190910,
김포시,애경농장,소,29,경기도 김포시 하성면 하성로142번길 41-89,경기도 김포시 하성면 봉성리 472번지 2호,37.6917096673,126.6355359757,20190910,
김포시,애기봉농장,소,50,경기도 김포시 하성면 가금로 25,경기도 김포시 하성면 가금리 190번지,37.7427381194,126.5966025431,20190910,
김포시,양구목장,소,40,,경기도 김포시 대곶면 석정리 130번지,,,20190910,
김포시,언봉농장,산양,10,,경기도 김포시 대곶면 대벽리 686번지 156호,37.6180520668,126.5888709604,20190910,
김포시,에덴농장,소,60,경기도 김포시 월곶면 고정로 112,경기도 김포시 월곶면 갈산리 61번지 3호,37.7229211664,126.5817859042,20190910,
김포시,연보람목장,소,60,경기도 김포시 통진읍 하성로101번길 403-25,경기도 김포시 통진읍 서암리 629번지 1호,37.6942222285,126.6158047154,20190910,
김포시,연성목장,소,130,경기도 김포시 대곶면 대곶서로 28-20,경기도 김포시 대곶면 약암리 114번지 3호,37.6256855006,126.5722745663,20190910,
김포시,연희농장,소,19,경기도 김포시 통진읍 월하로 356-58,경기도 김포시 통진읍 고정리 541번지 4호,37.7089636398,126.5950841058,20190910,
김포시,영오농장,돼지,20,경기도 김포시 고촌읍 태리로190번길 54,경기도 김포시 고촌읍 태리 산 132번지 2호,37.5954856172,126.7517279079,20190910,
김포시,영월목장,소,48,경기도 김포시 통진읍 옹정로244번길 46,경기도 김포시 통진읍 옹정리 141번지 4호,37.6987010946,126.5631982439,20190910,
김포시,오삼농원,소,70,경기도 김포시 대곶면 대곶남로446번길 25,경기도 김포시 대곶면 대능리 346번지 1호,37.6305150327,126.5964668738,20190910,
김포시,오성농장,소,23,,경기도 김포시 하성면 양택리 275번지,37.7326475808,126.6300818403,20190910,
김포시,용돈농장,소,17,경기도 김포시 월곶면 안진골로 84-42,경기도 김포시 월곶면 갈산리 91번지 1호,37.7213623964,126.5737830329,20190910,
김포시,용세농장,소,50,,경기도 김포시 대곶면 율생리 224번지 19호,37.6428758988,126.5946703372,20190910,
김포시,용운농장,사슴,3,경기도 김포시 대곶면 종생로136번길 117,경기도 김포시 대곶면 율생리 214번지 1호,37.6418717684,126.5953092193,20190910,
김포시,용호농장,사슴,7,경기도 김포시 하성면 월하로671번길 45,경기도 김포시 하성면 원산리 293번지 3호,37.7104798948,126.6288626105,20190910,
김포시,우리농장,소,2,경기도 김포시 하성면 하성로428번길 3,경기도 김포시 하성면 마곡리 509번지,37.7133333166,126.6381665617,20190910,
김포시,우리농장,소,48,경기도 김포시 하성면 하성로 873-127,경기도 김포시 하성면 마근포리 560번지,37.7532417222,126.6293944568,20190910,
김포시,우리목장,소,10,경기도 김포시 대곶면 대곶로331번길 118-3,경기도 김포시 대곶면 쇄암리 428번지 1호,37.6734190361,126.5485142147,20190910,
김포시,우응농장,소,83,경기도 김포시 통진읍 가현로85번길 71,경기도 김포시 통진읍 가현리 655번지 1호,37.6757420068,126.5834903058,20190910,
김포시,운경농장,소,46,경기도 김포시 하성면 가금로 283-24,경기도 김포시 하성면 가금리 667,37.7452641885,126.6207594755,20190910,
김포시,움찬농장,소,11,경기도 김포시 하성면 마곡로 138,경기도 김포시 하성면 석탄리 763번지 1호,37.7189425628,126.6485175545,20190910,
김포시,월곶농장,돼지,500,경기도 김포시 월곶면 포내로83번길 250,경기도 김포시 월곶면 포내리 229번지,37.7121574812,126.5232069727,20190910,
김포시,월곶한우,소,5,경기도 김포시 월곶면 점동로 25-17,경기도 김포시 월곶면 고막리 62번지 1호,37.7188636559,126.5609814735,20190910,
김포시,유정목장,소,60,경기도 김포시 통진읍 가현로105번길 99,경기도 김포시 통진읍 가현리 735번지 6호,37.6717991753,126.5818039144,20190910,
김포시,유정목장,소,61,경기도 김포시 통진읍 가현로 98,경기도 김포시 통진읍 가현리 777번지 2호,37.6725227166,126.5856049891,20190910,
김포시,유현목장,소,110,경기도 김포시 대곶면 대명항로117번길 80-32,경기도 김포시 대곶면 율생리 46번지 13호,37.6526547788,126.6028190390,20190910,
김포시,유현목장,소,60,경기도 김포시 양촌읍 듬박로30번길 61,경기도 김포시 양촌읍 유현리 421번지 12호,37.6330839715,126.6191363281,20190910,
김포시,윤혁목장,소,16,경기도 김포시 대곶면 율마로256번길 116,경기도 김포시 대곶면 거물대리 73번지,37.6711990939,126.6021989441,20190910,
김포시,율농장,돼지,1015,,경기도 김포시 양촌읍 학운리 235번지,,,20190910,
김포시,율생농장,소,12,,경기도 김포시 대곶면 율생리 208번지,37.6434027936,126.5959251316,20190910,
김포시,율생목장,산양,7,경기도 김포시 대곶면 종생로20번길 69-20,경기도 김포시 대곶면 율생리 707번지 1호,37.6454849781,126.5881469193,20190910,
김포시,율생목장,소,20,,경기도 김포시 대곶면 율생리 205번지 1호,37.6442144285,126.5961473150,20190910,
김포시,은영농장,소,250,,경기도 김포시 월곶면 고막리 54번지 2호 외 3필지,37.7221764989,126.5616488057,20190910,
김포시,은혜농장,소,21,,경기도 김포시 하성면 양택리 301번지,,,20190910,
김포시,을축목장,소,57,,경기도 김포시 월곶면 갈산리 301번지 1호,37.7202267926,126.5655053448,20190910,
김포시,이씨만농장,소,24,,경기도 김포시 월곶면 군하리 404번지,,,20190910,
김포시,이천석 농장,소,14,경기도 김포시 대곶면 용두로15번길 173,경기도 김포시 대곶면 초원지리 64번지 5호,37.6584288117,126.6047448908,20190910,
김포시,익산농장,소,5,경기도 김포시 양촌읍 석모로95번길 123-19,경기도 김포시 양촌읍 석모리 1040번지 1호,37.6478801537,126.6429135124,20190910,
김포시,인내농장,소,10,경기도 김포시 대곶면 대곶로342번길 39,경기도 김포시 대곶면 석정리 220번지 1호,37.6752135021,126.5564744062,20190910,
김포시,인율목장,소,22,경기도 김포시 대곶면 초원로16번길 105-73,경기도 김포시 대곶면 오니산리 18번지 7호,37.6613524282,126.6063764032,20190910,
김포시,인일농장,돼지,120,경기도 김포시 대곶면 대곶로331번길 118-10,경기도 김포시 대곶면 쇄암리 429번지,37.6733289531,126.5496379609,20190910,
김포시,일번지목장,소,20,,경기도 김포시 대곶면 상마리 1번지,37.6421894691,126.5850815124,20190910,
김포시,입지목장,소,100,경기도 김포시 월곶면 고양로117번길 94-64,경기도 김포시 월곶면 고양리 755번지,37.6886135045,126.5438628294,20190910,
김포시,장수농장,소,15,경기도 김포시 대곶면 학의동로 29-37,경기도 김포시 대곶면 송마리 1307번지,37.6577027642,126.5555623669,20190910,
김포시,장원목장,소,19,,경기도 김포시 하성면 마근포리 381번지,37.7539451875,126.6213624251,20190910,
김포시,재골농장,소,25,경기도 김포시 고촌읍 은행영사정로159번길 54,경기도 김포시 고촌읍 신곡리 139번지,37.6072826637,126.7819727383,20190910,
김포시,재덕농장,소,21,경기도 김포시 대곶면 대곶남로 346-23,경기도 김포시 대곶면 대능리 540번지 3호,37.6242739004,126.5912504148,20190910,
김포시,재현목장,소,22,경기도 김포시 하성면 가금로111번길 52-11,경기도 김포시 하성면 가금리 324번지 1호,37.7462270537,126.6085576233,20190910,
김포시,점옥농장,소,40,경기도 김포시 김포대로680번길 94-33 (사우동),경기도 김포시 사우동 467번지 1호,37.6160354854,126.7375738132,20190910,
김포시,정농장,소,,,경기도 김포시 하성면 가금리 566번지 1호,37.7491979008,126.6160539204,20190910,
김포시,정봉농장,돼지,520,,경기도 김포시 대곶면 대벽리 148번지,,,20190910,
김포시,정성원목장,소,25,,경기도 김포시 양촌읍 구래리 638번지 1호,,,20190910,
김포시,정안목장,소,71,,경기도 김포시 통진읍 수참리 106번지 4호,37.6871512309,126.6250265951,20190910,
김포시,정희목장,소,10,경기도 김포시 하성면 석평로 168,경기도 김포시 하성면 석탄리 223번지 2호,37.7255392414,126.6508930697,20190910,
김포시,제2중원농장,소,44,경기도 김포시 양촌읍 삼도로 295-55,경기도 김포시 양촌읍 학운리 1061번지,37.6182134312,126.5966497627,20190910,
김포시,제은농장,소,27,경기도 김포시 양촌읍 양곡로373번길 3,경기도 김포시 양촌읍 양곡리 48번지,37.6635515013,126.6366109545,20190910,
김포시,제일농장,돼지,100,경기도 김포시 통진읍 귀전로56번길 174-32,경기도 김포시 통진읍 귀전리 918번지,37.7119966502,126.6063244343,20190910,
김포시,제일농장,돼지,700,경기도 김포시 월곶면 용강로 271,경기도 김포시 월곶면 조강리 311번지 2호,37.7429425881,126.5593720874,20190910,
김포시,제호목장,소,30,경기도 김포시 월곶면 비석동로 22-33,경기도 김포시 월곶면 갈산리 460번지 2호,37.7050829579,126.5712517142,20190910,
김포시,종석농장,소,24,경기도 김포시 통진읍 가현로 72-33,경기도 김포시 통진읍 가현리 343번지 3호,37.6695872704,126.5859698349,20190910,
김포시,종수농장,돼지,700,경기도 김포시 양촌읍 듬박로 27,경기도 김포시 양촌읍 유현리 406번지 1호,37.6352655414,126.6167758482,20190910,
김포시,종합농장,돼지,4000,경기도 김포시 월곶면 안진골로64번길 20,경기도 김포시 월곶면 갈산리 40번지 2호,37.7180808011,126.5748223582,20190910,
김포시,종호농장,소,25,경기도 김포시 양촌읍 양곡2로 133-15,경기도 김포시 양촌읍 양곡리 232번지,37.6624739827,126.6261473393,20190910,
김포시,주영농장,소,150,,경기도 김포시 대곶면 오니산리 314번지 1호,37.6611575977,126.6136665801,20190910,
김포시,준숙농장,소,2,경기도 김포시 하성면 하성로 673,경기도 김포시 하성면 양택리 167번지,37.7324198522,126.6279360598,20190910,
김포시,중앙축산,돼지,250,경기도 김포시 통진읍 고척로 235 (외 4필지),경기도 김포시 통진읍 고정리 256번지 3호 외 4필지,37.7177909907,126.5943753908,20190910,
김포시,중원한우2농장,소,,경기도 김포시 양촌읍 삼도로 295-55,경기도 김포시 양촌읍 학운리 1061번지,37.6182134312,126.5966497627,20190910,
김포시,지승농장,소,20,경기도 김포시 하성면 하성로 106-97,경기도 김포시 하성면 봉성리 607번지,37.6855339251,126.6365263059,20190910,
김포시,진능농장,소,44,경기도 김포시 통진읍 가현로105번길 73,경기도 김포시 통진읍 가현리 739번지 6호,37.6738044820,126.5823688545,20190910,
김포시,진대농장,소,60,경기도 김포시 월곶면 고양로 183-86,경기도 김포시 월곶면 고양리 614번지,37.6892313777,126.5389325691,20190910,
김포시,진호목장,소,27,경기도 김포시 통진읍 가현로 72-46,경기도 김포시 통진읍 가현리 808번지,37.6687821440,126.5844263095,20190910,
김포시,찬규농장,소,70,경기도 김포시 대곶면 종생로 87-27,경기도 김포시 대곶면 율생리 62번지,37.6484800859,126.5978815936,20190910,
김포시,창대농장,돼지,650,경기도 김포시 통진읍 흥신로131번길 402-7,경기도 김포시 통진읍 가현리 118번지,37.6778677568,126.6020618838,20190910,
김포시,창성농장,소,2,경기도 김포시 양촌읍 김포대로1790번길 172-68,경기도 김포시 양촌읍 누산리 872번지 2호,37.6765140741,126.6417791742,20190910,
김포시,창훈농장,소,100,경기도 김포시 하성면 월하로778번길 41,경기도 김포시 하성면 마곡리 343번지,37.7090820038,126.6397927377,20190910,
김포시,천하농장,소,100,경기도 김포시 월곶면 점동로 79-25,경기도 김포시 월곶면 갈산리 260번지 1호,37.7178093382,126.5655445852,20190910,
김포시,청능목장,소,80,,경기도 김포시 월곶면 고양리 763번지,37.6878755378,126.5423748249,20190910,
김포시,청능목장,소,50,경기도 김포시 월곶면 고양로 127,경기도 김포시 월곶면 고양리 112번지 1호,37.6940201266,126.5448255694,20190910,
김포시,청림농장,소,60,,"경기도 김포시 월곶면 갈산리 61번지 2, 9호",,,20190910,
김포시,청명농장,소,35,경기도 김포시 하성면 월하로671번길 141,경기도 김포시 하성면 원산리 255번지 8호,37.7140844783,126.6287750249,20190910,
김포시,청원목장,소,40,경기도 김포시 양촌읍 봉수대로1825번길 106,경기도 김포시 양촌읍 구래리 806번지,37.6301639304,126.6240099216,20190910,
김포시,초원농장,소,35,경기도 김포시 대곶면 용두로18번길 38,경기도 김포시 대곶면 초원지리 345번지,37.6570221121,126.5987418816,20190910,
김포시,초원농장,소,25,경기도 김포시 대곶면 초원로16번길 89,경기도 김포시 대곶면 오니산리 18번지 22호,37.6586151681,126.6079283948,20190910,
김포시,칠산한우농장,소,50,경기도 김포시 양촌읍 삼도로 239-13,경기도 김포시 양촌읍 학운리 1109번지,37.6127169167,126.5956738830,20190910,
김포시,태연농장,돼지,2000,경기도 김포시 통진읍 고척로 105-99,경기도 김포시 통진읍 고정리 400번지 1호,37.7217271112,126.5847054145,20190910,
김포시,태영목장,소,6,경기도 김포시 양촌읍 금포로 1705,경기도 김포시 양촌읍 누산리 1047번지 5호,37.6803132833,126.6586894468,20190910,
김포시,태진농장,소,9,,경기도 김포시 하성면 마조리 34번지 2호,37.7598887266,126.6289465333,20190910,
김포시,태홍목장,소,45,,경기도 김포시 하성면 가금리 284번지,37.7376464997,126.5995619949,20190910,
김포시,토우농장,돼지,1300,,경기도 김포시 통진읍 가현리 산 142번지,,,20190910,
김포시,트윈스팜,소,250,,경기도 김포시 대곶면 오니산리 39번지 16호,37.6604592324,126.6095563373,20190910,
김포시,트윈스팜,소,90,,경기도 김포시 대곶면 초원지리 39번지 1호 ~2   호,37.6630455852,126.6043633191,20190910,
김포시,팔거리농장,소,110,,경기도 김포시 통진읍 가현리 861번지,37.6658793185,126.5848992911,20190910,
김포시,평재농장,소,14,,경기도 김포시 대곶면 석정리 172번지,37.6740453032,126.5586807939,20190910,
김포시,포내농장,돼지,3000,경기도 김포시 월곶면 김포대로2970번길 117-60,경기도 김포시 월곶면 포내리 106번지 16호,37.7294590082,126.5414541110,20190910,
김포시,포내농장,소,5,,경기도 김포시 월곶면 포내리 40번지,,,20190910,
김포시,포내목장,소,53,,경기도 김포시 월곶면 갈산리 294번지 2호,37.7205121713,126.5671482792,20190910,
김포시,푸르내,소,30,경기도 김포시 하성면 하성로678번길 66-99,경기도 김포시 하성면 양택리 406번지,37.7293211368,126.6306164741,20190910,
김포시,푸른목장,소,,,경기도 김포시 하성면 후평리 516번지 3호,37.7450586320,126.6403330413,20190910,
김포시,푸른목장Ⅱ,소,31,경기도 김포시 하성면 후평로 64-59,경기도 김포시 하성면 후평리 153번지 1호,37.7408672097,126.6380290068,20190910,
김포시,풍곡 농장,소,16,경기도 김포시 고촌읍 풍곡로 26,경기도 김포시 고촌읍 풍곡리 산 146번지 1호,37.6099028270,126.7553563283,20190910,
김포시,풍원양축,돼지,1000,경기도 김포시 통진읍 가현로230번길 76,경기도 김포시 통진읍 가현리 324번지,37.6788688330,126.5962436164,20190910,
김포시,풍전농장,소,140,경기도 김포시 대곶면 대곶서로249번길 63,경기도 김포시 대곶면 상마리 91번지 9호,37.6396759156,126.5782777807,20190910,
김포시,하림농장,돼지,200,경기도 김포시 대곶면 약암로 598-52,경기도 김포시 대곶면 대벽리 1163번지,37.6128368995,126.5591439263,20190910,
김포시,학운농장,소,75,경기도 김포시 양촌읍 학운공단로 2-13,경기도 김포시 양촌읍 학운리 448번지 153호,37.6012458750,126.5828944270,20190910,
김포시,학운목장,소,16,경기도 김포시 양촌읍 삼도로 57,경기도 김포시 양촌읍 학운리 1240번지,37.6066658379,126.5847351163,20190910,
김포시,학운목장,소,63,경기도 김포시 월곶면 애기봉로409번길 95-27,경기도 김포시 월곶면 개곡리 1135번지,37.7355947407,126.5865888519,20190910,
김포시,한강농장,돼지,1500,경기도 김포시 하성면 석평로 627,경기도 김포시 하성면 시암리 624번지 4호,37.7619139480,126.6481273363,20190910,
김포시,한국화,소,30,경기도 김포시 하성면 하성로678번길 93,경기도 김포시 하성면 양택리 302번지 1호,37.7326727292,126.6328923725,20190910,
김포시,한길농장,돼지,500,경기도 김포시 통진읍 가현로 72,경기도 김포시 통진읍 가현리 800번지,37.6706164708,126.5850274155,20190910,
김포시,한샘목장,소,82,경기도 김포시 고촌읍 금파로367번길 65,경기도 김포시 고촌읍 향산리 588번지 46호,37.6288772710,126.7400378405,20190910,
김포시,한솔농장,돼지,600,,경기도 김포시 대곶면 상마리 284번지,37.6431879652,126.5709767793,20190910,
김포시,한우리농장,소,8,경기도 김포시 고촌읍 황어로 368,경기도 김포시 고촌읍 태리 875번지,37.5912730969,126.7569125645,20190910,
김포시,한우목장,소,40,,경기도 김포시 대곶면 오니산리 113번지 9호,,,20190910,
김포시,한주농장,소,300,,경기도 김포시 하성면 양택리 394번지 1호,37.7318431400,126.6321164322,20190910,
김포시,함배목장,소,70,경기도 김포시 대곶면 대곶남로 482-41,경기도 김포시 대곶면 대능리 633번지,37.6315705580,126.6013159692,20190910,
김포시,합동농장,소,15,,경기도 김포시 고촌읍 향산리 386번지 20호,37.6268253688,126.7467677102,20190910,
김포시,해룡농장,소,11,경기도 김포시 하성면 마근포로 117-4,경기도 김포시 하성면 마근포리 206번지 3호,37.7527846888,126.6248819020,20190910,
김포시,해목장,소,45,경기도 김포시 양촌읍 양곡로44번길 334,경기도 김포시 양촌읍 누산리 1074번지 11호,37.6781712392,126.6591218839,20190910,
김포시,해암목장,소,25,경기도 김포시 하성면 연화봉로 81-77,경기도 김포시 하성면 마조리 238번지 3호,37.7486969321,126.6401402685,20190910,
김포시,해오름터농장,소,200,경기도 김포시 월곶면 애기봉로275번길 273-33,경기도 김포시 월곶면 개곡리 1093번지,37.7361992248,126.5797153008,20190910,
김포시,햇살농장,소,57,경기도 김포시 통진읍 대서명로 11-1,경기도 김포시 통진읍 서암리 517번지 2호,37.6986186950,126.6071769983,20190910,
김포시,현농장,소,15,경기도 김포시 대곶면 대곶남로446번길 25,경기도 김포시 대곶면 대능리 346번지 2호,37.6305150327,126.5964668738,20190910,
김포시,현대농장,소,83,경기도 김포시 대곶면 천호로 71-25,경기도 김포시 대곶면 약암리 1094번지,37.6179043254,126.5593973368,20190910,
김포시,현우농장,소,18,경기도 김포시 양촌읍 삼도로181번길 169-1,경기도 김포시 양촌읍 학운리 1193번지 1호,37.6116843792,126.5879933049,20190910,
김포시,현웅목장,소,60,경기도 김포시 월곶면 고양로 180-23,경기도 김포시 월곶면 고양리 188번지,37.6940691641,126.5397661829,20190910,
김포시,현주농장,소,27,경기도 김포시 통진읍 가현로105번길 53,경기도 김포시 통진읍 가현리 691번지,37.6737847639,126.5833102716,20190910,
김포시,형석농장,소,30,경기도 김포시 월곶면 애기봉로409번길 95-16,경기도 김포시 월곶면 개곡리 109번지,37.7363235292,126.5852634150,20190910,
김포시,형순농장,소,11,경기도 김포시 하성면 석평로575번길 124-1,경기도 김포시 하성면 시암리 600번지,37.7606194988,126.6423863411,20190910,
김포시,형제목장,산양,30,경기도 김포시 고촌읍 금파로378번길 109,경기도 김포시 고촌읍 향산리 414번지,37.6232693727,126.7411827975,20190910,
김포시,형제목장,소,21,경기도 김포시 하성면 마조로 171,경기도 김포시 하성면 마근포리 380번지,37.7535084684,126.6216154558,20190910,
김포시,혜원목장,소,86,,경기도 김포시 통진읍 가현리 764번지 6호,37.6695449343,126.5794835605,20190910,
김포시,호은농장,소,18,,경기도 김포시 하성면 마조리 326번지 2호,37.7489466177,126.6275038585,20190910,
김포시,홍모농장,소,3,경기도 김포시 양촌읍 흥신로 116-153,경기도 김포시 양촌읍 흥신리 607번지 1호,37.6679339782,126.6283170248,20190910,
김포시,화연농장,소,24,,경기도 김포시 통진읍 서암리 500번지,,,20190910,
김포시,화희목장,소,60,경기도 김포시 하성면 하성로 622-30,경기도 김포시 하성면 양택리 387번지,37.7290641049,126.6299839961,20190910,
김포시,황소농장,소,50,경기도 김포시 대곶면 대곶로331번길 307-119,경기도 김포시 대곶면 쇄암리 507번지,37.6643030525,126.5458187810,20190910,
김포시,황소목장,소,5,경기도 김포시 대곶면 상마신기로 58-10,경기도 김포시 대곶면 상마리 425번지,37.6441155164,126.5708892225,20190910,
김포시,황제농장,염소,800,,경기도 김포시 양촌읍 누산리 1032번지 73호,37.6685409134,126.6679418263,20190910,
김포시,황준목장,소,75,경기도 김포시 양촌읍 듬박로30번길 27,경기도 김포시 양촌읍 유현리 413번지 1호,37.6343916531,126.6180328760,20190910,
김포시,훈복목장,소,95,,경기도 김포시 하성면 양택리 388번지 5호,37.7284500316,126.6303637805,20190910,
김포시,희덕목장,소,44,,경기도 김포시 통진읍 고정리 504번지 9호,37.7103395450,126.5998347804,20190910,
남양주시,경주목장,소,55,경기도 남양주시 진건읍 사릉로264번길 200,경기도 남양주시 진건읍 사능리 18번지,37.6619045209,127.2036133677,20251224,
남양주시,광열농장,소,65,"경기도 남양주시 와부읍 도곡리 122번지 1호 ,120-7,68-2","경기도 남양주시 와부읍 도곡리 122번지 1호 ,120-7,68-2",,,20251224,
남양주시,그린목장,소,45,"경기도 남양주시 와부읍 궁촌로 200-68, (도곡리 4-2, 도곡리 4-20, 도곡리 4-26 포함)",경기도 남양주시 와부읍 도곡리 4번지 11호,37.5802333867,127.2502590587,20251224,
남양주시,근성목장,소,62,경기도 남양주시 와부읍 수레로486번길 7-31,경기도 남양주시 와부읍 월문리 323번지,37.6071868208,127.2604336544,20251224,
남양주시,금원목장,소,54,경기도 남양주시 진건읍 사릉로537번길 84-59,경기도 남양주시 진건읍 신월리 448번지 1호,37.6615877211,127.1597028627,20251224,
남양주시,기현목장,소,65,"경기도 남양주시 와부읍 안골로25번길 83 (,59-3,59-4)","경기도 남양주시 와부읍 도곡리 79번지 ,59-3,59-4",37.5906530753,127.2419101053,20251224,
남양주시,길은목장,소,8,경기도 남양주시 와부읍 수레로 512,경기도 남양주시 와부읍 월문리 326번지 4호,37.6082156832,127.2610874848,20251224,
남양주시,나영목장,소,36,경기도 남양주시 와부읍 도심길 119-21,경기도 남양주시 와부읍 도곡리 873번지,37.5855929211,127.2282679414,20251224,
남양주시,낙농목장,소,47,경기도 남양주시 진접읍 연평리 371번지,경기도 남양주시 진접읍 연평리 371번지,37.6885807369,127.1782598763,20251224,
남양주시,내구목장,소,98,"경기도 남양주시 화도읍 폭포로 374-25 (,281-4)","경기도 남양주시 화도읍 창현리 281번지 5호 ,281-4",37.6336802182,127.3233640223,20251224,
남양주시,능성목장,소,61,"경기도 남양주시 진건읍 사능리 111번지 1호 ,111-2,159-3,159-5","경기도 남양주시 진건읍 사능리 111번지 1호 ,111-2,159-3,159-5",37.6455878613,127.1921160119,20251224,
남양주시,다리골목장,소,44,경기도 남양주시 와부읍 월문천로 329,경기도 남양주시 와부읍 월문리 507번지 6호,37.5998926326,127.2422407062,20251224,
남양주시,대강목장,소,22,경기도 남양주시 조안면 송촌리 684번지,경기도 남양주시 조안면 송촌리 684번지,37.5677457562,127.3162542948,20251224,
남양주시,대유목장,소,130,경기도 남양주시 와부읍 수레로 443-27,경기도 남양주시 와부읍 월문리 산 338번지 1호,37.6068664879,127.2536935534,20251224,
남양주시,대현목장,소,38,경기도 남양주시 경강로261번길 31 (삼패동),경기도 남양주시 삼패동 253번지 10호,37.6022011971,127.1971663326,20251224,
남양주시,도윤목장,소,8,경기도 남양주시 진건읍 사릉로264번길 140-16,경기도 남양주시 진건읍 사능리 43번지,37.6568318042,127.2007652212,20251224,
남양주시,독정목장,소,28,경기도 남양주시 진건읍 용정리 산 40번지,경기도 남양주시 진건읍 용정리 산 40번지,37.6833546958,127.1873460214,20251224,
남양주시,동민목장,소,19,"경기도 남양주시 와부읍 글개울로 124-17 (,683,684)","경기도 남양주시 와부읍 월문리 685번지 ,683,684",37.6119861650,127.2452128587,20251224,
남양주시,류한목장,소,46,경기도 남양주시 와부읍 월문리 304번지 8호,경기도 남양주시 와부읍 월문리 304번지 8호,,,20251224,
남양주시,매곡목장,소,43,경기도 남양주시 수동면 지둔로371번길 33,경기도 남양주시 수동면 지둔리 353번지 1호,37.7159476886,127.2968002618,20251224,
남양주시,물골안목장,소,145,"경기도 남양주시 수동면 입석리 403번지 404-1, 410-4, 410-6, 410-7, 410-8, 410-9, 411","경기도 남양주시 수동면 입석리 403번지 404-1, 410-4, 410-6, 410-7, 410-8, 410-9, 411",,,20251224,
남양주시,민들레목장,소,40,경기도 남양주시 와부읍 도심길 119-2,경기도 남양주시 와부읍 도곡리 868번지,37.5863980043,127.2295222583,20251224,
남양주시,밍크목장,소,6,"경기도 남양주시 진접읍 금강로782번길 213 ((,11-6, 15-2))","경기도 남양주시 진접읍 내곡리 11번지 1호 (,11-6, 15-2)",37.6848261118,127.1666964706,20251224,
남양주시,배구목장,소,41,경기도 남양주시 진건읍 고재로9번길 12,경기도 남양주시 진건읍 배양리 468번지 1호,37.6380474492,127.1669735581,20251224,
남양주시,백두산목장,소,210,경기도 남양주시 진건읍 사릉로264번길 140-18,경기도 남양주시 진건읍 사능리 44번지,37.6560657596,127.2008023068,20251224,
남양주시,백제목장,소,29,경기도 남양주시 수동면 지둔로445번길 33-20,경기도 남양주시 수동면 지둔리 279번지 2호 지둔리 279-4,37.7232798341,127.2993220382,20251224,
남양주시,사일오목장,소,59,경기도 남양주시 진건읍 진건오남로390번길 108-1,경기도 남양주시 진건읍 송능리 21번지 4호,37.6685655815,127.2109458836,20251224,
남양주시,상종 목장,소,60,경기도 남양주시 진건읍 사능리 43번지 1호,경기도 남양주시 진건읍 사능리 43번지 1호,37.6568318042,127.2007652212,20251224,
남양주시,새곡일목장,소,15,경기도 남양주시 진접읍 금강로전도치1길 55,경기도 남양주시 진접읍 내곡리 산 79번지 1호,37.6803256554,127.1501704313,20251224,
남양주시,새선목장,소,54,경기도 남양주시 와부읍 경강로927번길 12-7,"경기도 남양주시 와부읍 팔당리 583번지 , 도곡리 122, 도곡리 122-3",37.5554311312,127.2391445598,20251224,
남양주시,새영화목장,소,31,경기도 남양주시 화도읍 재재기로139번길 88,경기도 남양주시 화도읍 차산리 387번지,37.6170319048,127.3114263545,20251224,
남양주시,샘터목장,소,27,경기도 남양주시 와부읍 도곡리 905번지 4호,경기도 남양주시 와부읍 도곡리 905번지 4호,37.5826855055,127.2299887285,20251224,
남양주시,선경목장,소,35,경기도 남양주시 와부읍 안골로25번길 60,경기도 남양주시 와부읍 도곡리 72번지,37.5896928758,127.2397386331,20251224,
남양주시,선구목장,소,18,"경기도 남양주시 진건읍 용정리 505번지 ,504","경기도 남양주시 진건읍 용정리 505번지 ,504",37.6812912577,127.1851399089,20251224,
남양주시,송진목장,소,49,경기도 남양주시 진건읍 사릉로156번길 96,경기도 남양주시 진건읍 송능리 371번지 1호,37.6507979028,127.2027732834,20251224,
남양주시,수막 목장,소,80,경기도 남양주시 수동면 철마산로 269,경기도 남양주시 수동면 수산리 321번지 2호,37.7208730642,127.2696221521,20251224,
남양주시,순흥목장,소,42,경기도 남양주시 진건읍 사릉로156번길 8,"경기도 남양주시 진건읍 송능리 494번지 1호 , 503, 522",37.6440317775,127.2003745004,20251224,
남양주시,승봉목장,소,46,경기도 남양주시 진건읍 진건우회로 153,경기도 남양주시 진건읍 사능리 428번지 1호,37.6516142247,127.1873185067,20251224,
남양주시,신영명목장,소,13,경기도 남양주시 경강로399번길 50-100 (삼패동),경기도 남양주시 삼패동 99번지 2호,37.5942477547,127.2064646252,20251224,
남양주시,신월목장,소,28,경기도 남양주시 진건읍 사릉로달음1길 5,"경기도 남양주시 진건읍 신월리 148번지 2호 ,486",37.6637495140,127.1655095128,20251224,
남양주시,신청송목장,소,30,경기도 남양주시 진건읍 사릉로264번길 228,경기도 남양주시 진건읍 사능리 2번지,37.6638100210,127.2050797657,20251224,
남양주시,신학사 목장,소,109,경기도 남양주시 일패로84번길 40 (일패동),경기도 남양주시 일패동 848번지 1호,37.6266034802,127.1745381380,20251224,
남양주시,쎄렉스목장,소,34,경기도 남양주시 조안면 고래산로451번길 47,경기도 남양주시 조안면 시우리 104번지 2호,37.5898078590,127.2985255889,20251224,
남양주시,약대울목장,소,50,"경기도 남양주시 경춘로1209번길 77-58 (평내동,527-1,504-2)","경기도 남양주시 평내동 527번지 527-1,504-2",37.6476590789,127.2203222910,20251224,
남양주시,양벌목장,소,29,경기도 남양주시 조안면 시우리 122번지 16호,경기도 남양주시 조안면 시우리 122번지 16호,,,20251224,
남양주시,어룡목장,소,20,경기도 남양주시 와부읍 궁촌로 64,경기도 남양주시 와부읍 도곡리 285번지,37.5770721791,127.2348901197,20251224,
남양주시,여울목장,소,52,경기도 남양주시 와부읍 월문리 산 96번지 3호,경기도 남양주시 와부읍 월문리 산 96번지 3호,37.6219758572,127.2731656257,20251224,
남양주시,여주목장,소,20,경기도 남양주시 진건읍 사릉로283번길 25-57,경기도 남양주시 진건읍 사능리 126번지 7호,37.6471510135,127.1901371429,20251224,
남양주시,영광호농장,소,35,"경기도 남양주시 진건읍 고재로191번길 34 (,190-3,191-2)","경기도 남양주시 진건읍 배양리 190번지 ,190-3,191-2",37.6364652582,127.1848998319,20251224,
남양주시,예봉목장,소,13,경기도 남양주시 와부읍 석실로138번길 21-49,경기도 남양주시 와부읍 월문리 1025번지,37.5921200428,127.2359563344,20251224,
남양주시,오구목장,소,32,"경기도 남양주시 와부읍 수레로369번길 15 (,408-13)","경기도 남양주시 와부읍 월문리 408번지 10호 ,408-13",37.6025153859,127.2463214136,20251224,
남양주시,용현목장,소,30,경기도 남양주시 와부읍 월문리 469번지,경기도 남양주시 와부읍 월문리 469번지,37.5954573331,127.2429724443,20251224,
남양주시,우형목장,소,40,경기도 남양주시 진건읍 사능리 544번지,경기도 남양주시 진건읍 사능리 544번지,37.6466804251,127.1860129193,20251224,
남양주시,원해목장,소,65,경기도 남양주시 양정로 189-1 (이패동),경기도 남양주시 이패동 479번지 3호,37.6080082779,127.1911380037,20251224,
남양주시,원흥목장,소,38,경기도 남양주시 양정로 404 (삼패동),경기도 남양주시 삼패동 2번지,37.6009845417,127.2116267146,20251224,
남양주시,유구목장,소,40,경기도 남양주시 진접읍 양진로와촌1길 3,"경기도 남양주시 진접읍 연평리 497번지 2호 (,381-1, 381-5)",37.6822633883,127.1753384868,20251224,
남양주시,유환목장,소,26,경기도 남양주시 조안면 고래산로412번길 17-5,경기도 남양주시 조안면 시우리 219번지 6호,37.5863707235,127.2916143447,20251224,
남양주시,이칠목장,소,57,"경기도 남양주시 진건읍 신월리 163번지 ,163-1","경기도 남양주시 진건읍 신월리 163번지 ,163-1",37.6647874596,127.1649389542,20251224,
남양주시,일신목장,소,84,경기도 남양주시 진건읍 사능리 16번지,경기도 남양주시 진건읍 사능리 16번지,37.6629682039,127.2036544911,20251224,
남양주시,자운농장,소,55,경기도 남양주시 와부읍 석실로자운길 117,"경기도 남양주시 와부읍 도곡리 161번지 4호 ,160-1,160-2",37.5845272930,127.2434716238,20251224,
남양주시,장원목장,소,40,경기도 남양주시 진건읍 신월리 135번지,경기도 남양주시 진건읍 신월리 135번지,37.6665426788,127.1681690662,20251224,
남양주시,재민목장,소,50,경기도 남양주시 와부읍 수레로486번길 21,경기도 남양주시 와부읍 월문리 288번지,37.6062035520,127.2600402745,20251224,
남양주시,정의목장,소,17,경기도 남양주시 와부읍 수레로 579-11,경기도 남양주시 와부읍 월문리 245번지 19호,37.6129750914,127.2657291178,20251224,
남양주시,정혜목장,소,13,경기도 남양주시 별내면 청학로응달길 47-7,경기도 남양주시 별내면 청학리 112번지 6호,37.7100748654,127.1283157423,20251224,
남양주시,중원목장,소,42,경기도 남양주시 진건읍 사릉로적성길 5,경기도 남양주시 진건읍 송능리 397번지 4호,37.6480918202,127.2019565490,20251224,
남양주시,지둔목장,소,53,경기도 남양주시 수동면 비룡로973번길 120,경기도 남양주시 수동면 지둔리 159번지,37.7216481127,127.3045007161,20251224,
남양주시,진보목장,소,40,경기도 남양주시 진접읍 금강로927번길 100-20,경기도 남양주시 진접읍 내곡리 산 28번지 6호,37.6893651420,127.1529181395,20251224,
남양주시,진실목장,소,15,경기도 남양주시 조안면 고래산로412번길 10-27,경기도 남양주시 조안면 시우리 265번지,37.5882106102,127.2922548433,20251224,
남양주시,진양목장,소,80,경기도 남양주시 와부읍 도심길 121-5,경기도 남양주시 와부읍 도곡리 869번지 3호,37.5866402499,127.2290343399,20251224,
남양주시,청일목장,소,33,경기도 남양주시 진건읍 금강로380번길 97-63,경기도 남양주시 진건읍 배양리 914번지,37.6333826548,127.1527820087,20251224,
남양주시,초향목장,소,35,"경기도 남양주시 와부읍 도곡리 823번지 ,817","경기도 남양주시 와부읍 도곡리 823번지 ,817",37.5902239284,127.2354463976,20251224,
남양주시,춘천목장,소,53,"경기도 남양주시 와부읍 안골로25번안길 25 (,838)","경기도 남양주시 와부읍 도곡리 56번지 ,838",37.5915034010,127.2391999455,20251224,
남양주시,춘향목장,소,69,경기도 남양주시 진건읍 사릉로 163-150,경기도 남양주시 진건읍 사능리 172번지 71호,37.6446084217,127.1932762594,20251224,
남양주시,태호목장,소,36,경기도 남양주시 화도읍 경춘로2647번길 120-14,경기도 남양주시 화도읍 구암리 318번지,37.6748357256,127.3643965766,20251224,
남양주시,태흥목장,소,34,경기도 남양주시 수동면 비룡로 1114,경기도 남양주시 수동면 외방리 570번지 8호,37.7270618161,127.3025232955,20251224,
남양주시,평화통일목장,소,85,"경기도 남양주시 진건읍 사릉로283번길 25-55 (,-8,-10,-17,-20)","경기도 남양주시 진건읍 사능리 126번지 13호 ,-8,-10,-17,-20",37.6472043189,127.1898421923,20251224,
남양주시,하늬목장,소,50,경기도 남양주시 수동면 철마산로142번길 6,"경기도 남양주시 수동면 수산리 118-4,118-8,123-3,125",37.7275924259,127.2814259528,20251224,
남양주시,학래목장,소,19,경기도 남양주시 수동면 철마산로169번길 51-1,경기도 남양주시 수동면 수산리 190번지 외8필지,37.7226574141,127.2741328290,20251224,
남양주시,한우목장,소,40,경기도 남양주시 오남읍 양지로장자길 2,경기도 남양주시 오남읍 오남리 678번지 2호,37.6895130039,127.2074392609,20251224,
남양주시,해선목장,소,42,"경기도 남양주시 와부읍 석실로 112, (도곡리 894-9 포함)",경기도 남양주시 와부읍 도곡리 894번지 2호 (도곡리 894-9 포함),37.5853471584,127.2311570562,20251224,
남양주시,현경목장,소,63,"경기도 남양주시 와부읍 석실로자운길 150 (,12-20)","경기도 남양주시 와부읍 도곡리 12번지 11호 ,12-20",37.5821334687,127.2452126968,20251224,
남양주시,현목장,소,7,경기도 남양주시 경강로261번길 49-8 (삼패동),경기도 남양주시 삼패동 252번지 4호,37.6024402401,127.1990006522,20251224,
남양주시,현진목장,소,38,경기도 남양주시 와부읍 석실로 385-1,경기도 남양주시 와부읍 율석리 634번지,37.6020750243,127.2115658610,20251224,
남양주시,호돌이목장,소,10,"경기도 남양주시 조안면 시우리 269-14,17,18","경기도 남양주시 조안면 시우리 269-14,17,18",37.5879024878,127.2887894073,20251224,
남양주시,홍욱목장,소,39,경기도 남양주시 진건읍 사릉로적성길 15,경기도 남양주시 진건읍 송능리 399번지 4호,37.6481934827,127.2029537010,20251224,
남양주시,흥산목장,소,160,"경기도 남양주시 진건읍 경춘북로766번길 52 (,산72)","경기도 남양주시 진건읍 진관리 산 73번지 ,산72",37.6464161623,127.1684891751,20251224,
남양주시,흰돌목장,소,45,경기도 남양주시 진접읍 양진로798번길 101-15,경기도 남양주시 진접읍 연평리 513번지 2호,37.6835646296,127.1765463304,20251224,
남양주시,힘차게농장,소,70,"경기도 남양주시 와부읍 수레로 482-1 (,309-13,309-22)","경기도 남양주시 와부읍 월문리 309번지 1호 ,309-13,309-22",37.6068576697,127.2581461255,20251224,
동두천시,갈마지목장,소,31,경기도 동두천시 갈마지길 43-11,경기도 동두천시 상패동 388번지,37.9049768396,127.0304214497,20240409,
동두천시,개미와베짱이,돼지,0,경기도 동두천시 삼육사로596번길 51-12,경기도 동두천시 상패동 810-11번지,37.9075259572,127.0210887133,20240409,
동두천시,골말목장,소,90,경기도 동두천시 벌마들로 124,경기도 동두천시 상패동 350번지,37.8981251176,127.0344914000,20240409,
동두천시,광탑목장,소,53,경기도 동두천시 광암로 17번길 210,경기도 동두천시 광암동 525번지,37.9025420527,127.0801786871,20240409,
동두천시,국연농장,돼지,1990,경기도 동두천시 갈마지길 103,경기도 동두천시 상패동 707번지,37.9015276076,127.0288509257,20240409,
동두천시,남균농장,돼지,0,경기도 동두천시 갈마지길 129,경기도 동두천시 상패동 367번지,37.8989540091,127.0298796344,20240409,
동두천시,느티나무목장,소,54,경기도 동두천시 천보산로 639번길 14,경기도 동두천시 탑동동 926-3번지,37.8865024302,127.0914259867,20240409,
동두천시,덕천농장,돼지,2238,경기도 동두천시 삼육사로548번길 56,경기도 동두천시 상패동 1008-2번지,37.9077890132,127.0127146116,20240409,
동두천시,동점목장,소,18,경기도 동두천시 탑신로 237번길 191,경기도 동두천시 탑동동 267-2번지,37.8976904928,127.1219716328,20240409,
동두천시,돼지,돼지,0,경기도 동두천시 삼육사로596번길 85-31,경기도 동두천시 상패동 810-4번지,37.9069296819,127.0207399405,20240409,
동두천시,백두농장,소,21,경기도 동두천시 삼육사로 692번길 225-17,경기도 동두천시 상패동 739-8번지,37.9003997556,127.0262988746,20240409,
동두천시,부연목장,소,9,경기도 동두천시 삼육사로596번길 137,경기도 동두천시 상패동 772-6번지,37.9048842093,127.0208555832,20240409,
동두천시,삼대목장,소,3,경기도 동두천시 이담로 116-22,경기도 동두천시 지행동 351-4번지,37.8874401440,127.0614658231,20240409,
동두천시,상패농장,돼지,0,경기도 동두천시 삼육사로692번길 246-14,경기도 동두천시 상패동 751-4번지,37.8991870520,127.0250668574,20240409,
동두천시,새마을농장,소,2,경기도 동두천시 갈마지길 129,경기도 동두천시 상패동 367번지,37.8989540091,127.0298796344,20240409,
동두천시,송내목장,소,65,경기도 동두천시 송내로 206,경기도 동두천시 송내동 36번지,37.8770407106,127.0766734290,20240409,
동두천시,송영목장,소,2,경기도 동두천시 갈마지길 117,경기도 동두천시 상패동 708-7번지,37.8997353907,127.0291922059,20240409,
동두천시,승기농장,돼지,2357,경기도 동두천시 벌마들로40번길 253-11,경기도 동두천시 상패동 705번지,37.9024922900,127.0289243986,20240409,
동두천시,안연목장,소,46,경기도 동두천시 안흥로218번길 23,경기도 동두천시 안흥동 331,37.9288240038,127.0278916502,20240409,
동두천시,양주목장,소,22,경기도 동두천시 봉동로40번길 28,경기도 동두천시 상봉암동 229-6번지,37.9478903780,127.0567361738,20240409,
동두천시,영재목장,소,14,경기도 동두천시 삼육사로 596번길 52-33,경기도 동두천시 상패동 1050-2번지,37.9063460686,127.0168761180,20240409,
동두천시,우이목장,소,120,경기도 동두천시 삼육사로 578-27,경기도 동두천시 상패동 1039번지,37.9088539850,127.0174398799,20240409,
동두천시,유원농장,소,16,경기도 동두천시 평화로 2120번길 73-15,경기도 동두천시 송내동 449-2번지,37.8741478224,127.0595548158,20240409,
동두천시,재암목장,소,84,경기도 동두천시 하봉암로 66,경기도 동두천시 하봉암동 302-2번지,37.9616663134,127.0602620644,20240409,
동두천시,정감목장,소,86,경기도 동두천시 갈마지길 27-27,경기도 동두천시 상패동 393번지,37.9063448751,127.0321986814,20240409,
동두천시,정감투한우농장,소,22,경기도 동두천시 갈마지길 27-11,경기도 동두천시 상패동 389-9번지,37.9064949696,127.0314128323,20240409,
동두천시,종호목장,소,62,경기도 동두천시 천보산로 624-32,경기도 동두천시 탑동동 840-2번지,37.8850073132,127.0943341235,20240409,
동두천시,탑광목장,소,5,경기도 동두천시 광암로 17번길 210,경기도 동두천시 광암동 525번지,37.9025420527,127.0801786871,20240409,
동두천시,태원축산,돼지,1756,경기도 동두천시 갈마지길 111,경기도 동두천시 상패동 708-3번지,37.9004741631,127.0291192531,20240409,
동두천시,태일,소,41,경기도 동두천시 삼육사로685번길 58-25,경기도 동두천시 상패동 430번지,37.9121111560,127.0294318791,20240409,
동두천시,한우목장,소,48,경기도 동두천시 삼육사로 652번길 32-35,경기도 동두천시 상패동 831번지,37.9082749730,127.0235409914,20240409,
동두천시,형제농장,돼지,2346,경기도 동두천시 벌마들로40번길 225,경기도 동두천시 상패동 699번지,37.9037304017,127.0297582500,20240409,
부천시,농장,소,0,경기도 부천시 소사구 옥길동 668-13,경기도 부천시 소사구 옥길동 668-13,37.4738900727,126.8231654011,20250715,현재 사육두수 없음
수원시,건우,소,45,,,,,20230213,
수원시,경덕,소,21,,,,,20230213,
수원시,고금산염소,산양,70,,,,,20230213,
수원시,광임,소,12,,,,,20230213,
수원시,김OO,소,29,,,,,20230213,
수원시,맹OO,산양,22,,,,,20230213,
수원시,명윤,소,32,,,,,20230213,
수원시,새광명,소,24,,,,,20230213,
수원시,새신광,소,13,,,,,20230213,
수원시,새완희,소,47,,,,,20230213,
수원시,세한농원,소,2,,,,,20230213,
수원시,열린,소,24,,,,,20230213,
수원시,염소농장,염소,1,,,,,20230213,
수원시,오룡사슴농장,사슴,20,,,,,20230213,
수원시,재양,소,7,,,,,20230213,
수원시,지OO,염소,3,,,,,20230213,
수원시,태호,소,14,,,,,20230213,
수원시,풍성목장,소,16,,,,,20230213,
수원시,환대,소,5,,,,,20230213,
시흥시,가나안농장,돼지,350,경기도 시흥시 금오로289번길 28 (과림동),경기도 시흥시 과림동 668번지 3호 668번지 2호,37.4290605739,126.8329012487,20230601,
시흥시,가온농장,소,6,경기도 시흥시 금오로537번길 43-1 (과림동),경기도 시흥시 과림동 164번지 4호,37.4487289272,126.8314264902,20230601,
시흥시,강인목장,소,6,,경기도 시흥시 도창동 201번지,37.4041043264,126.8216299335,20230601,
시흥시,강화농장,소,3,경기도 시흥시 봉화로193번길 84-1,경기도 시흥시 정왕동 298번지,37.3644620858,126.7619896324,20230601,
시흥시,건덕목장,소,42,경기도 시흥시 수인로2978번길 89 (매화동),경기도 시흥시 매화동 7번지 외 1필지,37.4216039435,126.8245478046,20230601,
시흥시,경인농장,소,2,,경기도 시흥시 안현동 154번지 1호,,,20230601,
시흥시,경주목장,소,3,,경기도 시흥시 광석동 136번지 2호,,,20230601,
시흥시,과림농장,소,8,경기도 시흥시 금오로248번길 40,경기도 시흥시 무지내동 5번지 1호,37.4264873526,126.8401575002,20230601,
시흥시,과림목장,소,6,,경기도 시흥시 무지내동 21번지 1호,,,20230601,
시흥시,과연목장,소,15,경기도 시흥시 금오로248번길 16 (무지내동),경기도 시흥시 무지내동 23번지,37.4260870206,126.8378779778,20230601,
시흥시,군자농장,소,2,,경기도 시흥시 군자동 519번지,37.3609753743,126.7856124630,20230601,
시흥시,근농장,소,4,,경기도 시흥시 계수동 573번지 8호,,,20230601,
시흥시,녹지농장,소,34,경기도 시흥시 수인로2910번길 71-8,경기도 시흥시 매화동 산 34번지 3호 (오른쪽우사),37.4170752941,126.8270407514,20230601,
시흥시,논일농장,염소,20,,경기도 시흥시 논곡동 63번지 11호,,,20230601,
시흥시,대동목장,소,6,경기도 시흥시 수인로3077번길 72(안현동),경기도 시흥시 안현동 248번지,37.4252178048,126.8088507493,20230601,
시흥시,대성농장,소,33,경기도 시흥시 수인로 2164-55 (조남동),경기도 시흥시 조남동 12번지 2호,37.3795917097,126.8754594337,20230601,
시흥시,대야농장,사슴,314,경기도 시흥시 가마길 11,경기도 시흥시 대야동 210번지 17호,37.4526804447,126.7933122316,20230601,
시흥시,대영목장,소,14,,경기도 시흥시 계수동 581번지 36호 (오른쪽우사),37.4438553415,126.8150477006,20230601,
시흥시,대웅목장,소,2,경기도 시흥시 수인로2978번길 91 (매화동),경기도 시흥시 매화동 산 5번지 1호,37.4218196135,126.8244328523,20230601,
시흥시,대일축산,소,22,,경기도 시흥시 산현동 319번지 3호,,,20230601,
시흥시,도담농장,소,5,,경기도 시흥시 신천동 444번지,37.4420470380,126.7755472322,20230601,
시흥시,동진농장,산양,17,,경기도 시흥시 금이동 612번지 16호,,,20230601,
시흥시,동현목장,소,8,경기도 시흥시 구수미1길 156-5,경기도 시흥시 방산동 산 70번지,37.4245025322,126.7796306322,20230601,
시흥시,동훈이네농장,소,55,경기도 시흥시 매화로 144-44,"경기도 시흥시 도창동 202번지 20호 , 202-23호",37.4038605297,126.8190351142,20230601,
시흥시,두꺼비농장,소,5,경기도 시흥시 구수미1길 91 (미산동),경기도 시흥시 미산동 600번지,37.4194165457,126.7807303586,20230601,
시흥시,라온농장,소,10,,경기도 시흥시 포동 156번지,37.4083302956,126.7749149751,20230601,
시흥시,려운농장,소,3,,경기도 시흥시 포동 112번지,37.4081890657,126.7764402231,20230601,
시흥시,마루미농장,소,3,,경기도 시흥시 방산동 424번지,37.4187161332,126.7643890102,20230601,
시흥시,막내목장,소,5,,경기도 시흥시 도창동 141번지 4호,,,20230601,
시흥시,모황농장,소,4,,경기도 시흥시 산현동 366번지 27호,37.3669978914,126.8381557168,20230601,
시흥시,무궁화농장,소,17,,경기도 시흥시 무지내동 126번지 3호,,,20230601,
시흥시,무지개농장,소,2,"경기도 시흥시 금오로238번길 19, 디아첸 (무지내동)",경기도 시흥시 무지내동 19번지 1호 디아첸,37.4259021092,126.8386594532,20230601,
시흥시,무지개농장,소,50,,경기도 시흥시 무지내동 228번지 2호,,,20230601,
시흥시,무지내농장,소,8,경기도 시흥시 수인로 2824-32,경기도 시흥시 도창동 7번지 2호,37.4116301619,126.8284680648,20230601,
시흥시,미산농장,소,27,,경기도 시흥시 미산동 445번지 1호,37.4152675434,126.7941649751,20230601,
시흥시,민영농장,소,2,경기도 시흥시 금오로462번길 58 (과림동),경기도 시흥시 과림동 406번지 12호,37.4428398933,126.8372668874,20230601,
시흥시,박대영목장,소,14,경기도 시흥시 계수로86번길 91,"경기도 시흥시 계수동 581번지 24호 , 581-36(왼쪽우사)",37.4438417249,126.8153606132,20230601,
시흥시,박열목장,소,7,,경기도 시흥시 과림동 300번지 1호,,,20230601,
시흥시,배우물농장,소,24,경기도 시흥시 군자로387번길 28,경기도 시흥시 거모동 1096번지,37.3540134533,126.7792434235,20230601,
시흥시,버팀목농원,소,25,경기도 시흥시 군자봉길 165 (군자동),경기도 시흥시 군자동 311번지,37.3600554154,126.7916409546,20230601,
시흥시,번풍목장,소,8,,경기도 시흥시 조남동 산 121번지 8호,37.3661368396,126.8621234450,20230601,
시흥시,범준농장,소,14,경기도 시흥시 범안로539번길 8,경기도 시흥시 과림동 407번지 5호,37.4426203091,126.8334817689,20230601,
시흥시,복이농장,소,2,,경기도 시흥시 방산동 산 108번지,37.4224332311,126.7668625839,20230601,
시흥시,사랑농장,소,4,경기도 시흥시 금오로537번길 21,경기도 시흥시 과림동 164번지 3호,37.4496221223,126.8315768204,20230601,
시흥시,사슴농장,사슴,4,,경기도 시흥시 안현동 산 54번지 3호,37.4252153519,126.8219405772,20230601,
시흥시,산새목장,소,53,,경기도 시흥시 안현동 468번지 2호 468-3번지,37.4227160608,126.8139369101,20230601,
시흥시,산우물농장,소,14,,경기도 시흥시 방산동 535번지,37.4134624357,126.7684721389,20230601,
시흥시,삼성농원,소,4,경기도 시흥시 금오로152번길 13-7 (무지내동),경기도 시흥시 무지내동 203번지 2호,37.4171920448,126.8413691439,20230601,
시흥시,삼성농장,염소,24,,경기도 시흥시 산현동 366번지 14호,37.3669978914,126.8381557168,20230601,
시흥시,삼일목장,소,4,경기도 시흥시 두문로 39-12 (신천동),경기도 시흥시 신천동 158번지 8호,37.4299780529,126.7877726278,20230601,
시흥시,삼호농장,소,14,경기도 시흥시 부라위길 32-10 (과림동),경기도 시흥시 과림동 567번지,37.4345858697,126.8377013844,20230601,
시흥시,상근농장,소,6,,경기도 시흥시 금이동 270번지 5호,,,20230601,
시흥시,새사랑농장,소,7,,경기도 시흥시 계수동 573번지 5호,,,20230601,
시흥시,샘목장,소,3,,경기도 시흥시 물왕동 267번지,37.3874707995,126.8331538081,20230601,
시흥시,생목농장,염소,26,경기도 시흥시 피울길 236 (산현동),경기도 시흥시 산현동 451번지 1호,37.3682845111,126.8223382706,20230601,
시흥시,선준농장,소,45,,경기도 시흥시 방산동 66번지,37.4250435809,126.7842751268,20230601,
시흥시,성무농장,소,5,경기도 시흥시 가재골2길 47,경기도 시흥시 과림동 223번지 6호,37.4580475396,126.8264137022,20230601,
시흥시,성수농장,소,4,,경기도 시흥시 안현동 100번지 5호,,,20230601,
시흥시,성원목장,소,4,"경기도 시흥시 범안로 297-8, 성원목장 (계수동)",경기도 시흥시 계수동 111번지 1호 성원목장,37.4580261988,126.8164185473,20230601,
시흥시,성인농장,염소,25,경기도 시흥시 금오로575번길 26 (과림동),경기도 시흥시 과림동 산 7번지 7호,37.4513080247,126.8316409601,20230601,
시흥시,세창농장,소,38,경기도 시흥시 수인로2793번길 87 (도창동),경기도 시흥시 도창동 177번지,37.4005436787,126.8237765243,20230601,
시흥시,소라농장,소,50,경기도 시흥시 금오로310번길 14 (과림동),경기도 시흥시 과림동 683번지 1호,37.4307975527,126.8372374369,20230601,
시흥시,소망목장,소,3,,경기도 시흥시 금이동 56번지 20호,,,20230601,
시흥시,솔밭목장,소,6,경기도 시흥시 서해안로 1490-6 (신천동),경기도 시흥시 신천동 432번지 1호,37.4416208164,126.7769230505,20230601,
시흥시,수명농장,소,5,경기도 시흥시 서해안로1780번길 55-2 (계수동),경기도 시흥시 계수동 427번지 3호,37.4544672255,126.8012438203,20230601,
시흥시,수양농장,소,36,,경기도 시흥시 미산동 176번지 5호,,,20230601,
시흥시,수연농장,소,30,경기도 시흥시 동서로707번길 56,경기도 시흥시 금이동 550번지 15호,37.3888892204,126.8285579973,20230601,
시흥시,순흥농원,사슴,5,,경기도 시흥시 논곡동 산 10번지 11호 (울타리),37.3980599691,126.8634772409,20230601,
시흥시,승창농장,소,23,경기도 시흥시 수인로2910번길 70 (매화동),경기도 시흥시 매화동 144번지 1호,37.4163407219,126.8262562762,20230601,
시흥시,신토불이,소,3,,경기도 시흥시 방산동 76번지 1호,37.4244109137,126.7832150105,20230601,
시흥시,신흥농장,염소,35,경기도 시흥시 금오로292번길 61 (과림동),경기도 시흥시 과림동 701번지,37.4304293273,126.8406993435,20230601,
시흥시,안서목장,소,35,경기도 시흥시 금이진말길 60,경기도 시흥시 금이동 583번지,37.3933656564,126.8263828917,20230601,
시흥시,안현농장,소,2,경기도 시흥시 수인로3106번길 126-12 (안현동),경기도 시흥시 안현동 11번지 1호,37.4347697113,126.8208576125,20230601,
시흥시,양지농장,소,5,경기도 시흥시 수인로3106번길 126-12,경기도 시흥시 안현동 11번지,37.4347697113,126.8208576125,20230601,
시흥시,양지농장,소,7,,경기도 시흥시 안현동 15번지 5호,37.4344124555,126.8205512718,20230601,
시흥시,어령골농장,소,24,,경기도 시흥시 무지내동 328번지,37.4141612937,126.8350139000,20230601,
시흥시,엉클농장,소,65,,경기도 시흥시 물왕동 265번지 264-1번지,,,20230601,
시흥시,에덴농장,염소,4,,경기도 시흥시 정왕동 573번지,37.3518913084,126.7527497197,20230601,
시흥시,연준목장,소,4,,경기도 시흥시 방산동 519번지 1호,,,20230601,
시흥시,염소농장,염소,29,"경기도 시흥시 금오로190번길 48, 비닐하우스 (무지내동)",경기도 시흥시 무지내동 71번지 5호 비닐하우스,37.4234592342,126.8418567356,20230601,
시흥시,영농장,소,16,경기도 시흥시 청룡저수지길 57 (방산동),경기도 시흥시 방산동 1013번지,37.4144316822,126.7559172361,20230601,
시흥시,영농장,염소,18,,경기도 시흥시 계수동 137번지 1호,,,20230601,
시흥시,영대목장,소,32,경기도 시흥시 수인로2910번길 71-8,경기도 시흥시 매화동 산 34번지 3호 (왼쪽우사),37.4170752941,126.8270407514,20230601,
시흥시,영복목장,소,19,경기도 시흥시 용부리길 85-5 (신천동),경기도 시흥시 신천동 630번지 12호,37.4359370937,126.7716763492,20230601,
시흥시,영오농장,소,2,,경기도 시흥시 화정동 639번지 1호,,,20230601,
시흥시,영주농장,소,17,,경기도 시흥시 무지내동 455번지 1호,,,20230601,
시흥시,영화농장,소,30,경기도 시흥시 군자로 571-39 (거모동),경기도 시흥시 거모동 1595번지,37.3470832571,126.7883983421,20230601,
시흥시,영흥목장,소,2,경기도 시흥시 섬말길 6 (장곡동),경기도 시흥시 장곡동 483번지 4호,37.3840281928,126.7880380487,20230601,
시흥시,오리엔트,소,6,경기도 시흥시 가재골2길 47,경기도 시흥시 과림동 223번지 5호,37.4580475396,126.8264137022,20230601,
시흥시,옥길목장,소,4,경기도 시흥시 금이진말길 61,경기도 시흥시 금이동 585번지,37.3931252590,126.8253231064,20230601,
시흥시,옥녀축산,소,13,,경기도 시흥시 금이동 357번지 5호,,,20230601,
시흥시,용기목장,소,2,,경기도 시흥시 안현동 340번지,37.4265235473,126.8116000112,20230601,
시흥시,용목장,소,23,,경기도 시흥시 광석동 136번지 2호,,,20230601,
시흥시,용석목장,소,25,,경기도 시흥시 금이동 536번지,37.3925288306,126.8292690350,20230601,
시흥시,용성목장,소,8,경기도 시흥시 계수로229번길 10,경기도 시흥시 계수동 산 20번지 5호,37.4541136197,126.8225595946,20230601,
시흥시,용준목장,소,9,경기도 시흥시 현대마을길 35-1,경기도 시흥시 안현동 135번지,37.4370688457,126.8116242432,20230601,
시흥시,우리농장,소,6,,경기도 시흥시 물왕동 산 18번지 1호,37.3850239922,126.8424296438,20230601,
시흥시,우정목장,소,9,경기도 시흥시 범안로 402-4 (계수동),경기도 시흥시 계수동 236번지 1호,37.4452221534,126.8218484228,20230601,
시흥시,원호농장,소,2,,경기도 시흥시 죽율동 193번지 6호,,,20230601,
시흥시,유다목장,소,5,,경기도 시흥시 계수동 214번지 1호,37.4497244263,126.8210616035,20230601,
시흥시,유성농장,소,10,,경기도 시흥시 금이동 372번지,37.3978857158,126.8390142003,20230601,
시흥시,유일농장,소,3,,경기도 시흥시 계수동 204번지 1호,,,20230601,
시흥시,인성목장,소,13,,경기도 시흥시 매화동 산 5번지 13호,37.4214643850,126.8260504014,20230601,
시흥시,작지만큰농장,소,40,,"경기도 시흥시 미산동 619번지 3호 , 620번지, 산39번지",37.4171346161,126.7804347791,20230601,
시흥시,장미농장,소,6,,경기도 시흥시 안현동 15번지,37.4344124555,126.8205512718,20230601,
시흥시,재우목장,소,54,"경기도 시흥시 목감1길 37, Sign (목감동)",경기도 시흥시 목감동 산 80번지 1호 Sign,37.3885935006,126.8715100517,20230601,
시흥시,전목장,소,14,,"경기도 시흥시 과림동 519번지 1호 , 501번지",37.4361563231,126.8360947050,20230601,
시흥시,정근목장,소,2,,경기도 시흥시 목감동 183번지 2호,,,20230601,
시흥시,정왕흑염소,염소,15,,경기도 시흥시 정왕동 591번지 2호,37.3523638792,126.7504118279,20230601,
시흥시,조남농장,소,5,,경기도 시흥시 조남동 538번지 14호,,,20230601,
시흥시,조남농장,소,2,경기도 시흥시 장현두일2길 28 (장곡동),경기도 시흥시 장곡동 산 13번지,37.3723147334,126.7932649764,20230601,
시흥시,준농장,소,4,경기도 시흥시 범안로 544,경기도 시흥시 과림동 416번지 9호,37.4417370848,126.8335009079,20230601,
시흥시,중앙농장,소,51,,경기도 시흥시 미산동 605번지,37.4185248242,126.7818540283,20230601,
시흥시,중현농장,소,3,,경기도 시흥시 금이동 323번지 4호,,,20230601,
시흥시,지암농장,소,4,,경기도 시흥시 계수동 577번지 5호,37.4463283596,126.8151683756,20230601,
시흥시,지용목장,염소,22,경기도 시흥시 피울길 83 (산현동),경기도 시흥시 산현동 366번지 1호,37.3673353028,126.8377622065,20230601,
시흥시,지은이농장,소,42,경기도 시흥시 수인로 2824-34 (도창동),경기도 시흥시 도창동 5번지,37.4122798810,126.8285978655,20230601,
시흥시,지촌목장,소,2,경기도 시흥시 금오로309번길 29-2,경기도 시흥시 과림동 666번지 1호,37.4300586102,126.8324628875,20230601,
시흥시,진영목장,소,29,경기도 시흥시 용부리길 85-3 (신천동),"경기도 시흥시 신천동 630번지 11호 ,630-3호",37.4359713346,126.7713821238,20230601,
시흥시,진우목장,소,12,,경기도 시흥시 무지내동 258번지 1호 외 1필지(260),37.4150472201,126.8436533660,20230601,
시흥시,진호농장,소,4,경기도 시흥시 시흥대로 228-1 (군자동),경기도 시흥시 군자동 104번지 1호,37.3613371228,126.8071559763,20230601,
시흥시,진훈목장,소,5,경기도 시흥시 두문로51번길 1-1 (신천동),경기도 시흥시 신천동 159번지,37.4303538772,126.7873169564,20230601,
시흥시,창형후목장,소,4,경기도 시흥시 구수미1길 156-5 (방산동),경기도 시흥시 방산동 산 70번지,37.4245025322,126.7796306322,20230601,
시흥시,코코농장,소,13,경기도 시흥시 수인로3106번길 167 (과림동),경기도 시흥시 과림동 산 39번지 1호,37.4389103695,126.8230244887,20230601,
시흥시,태석농장,소,14,,경기도 시흥시 안현동 119번지,37.4332828773,126.8115797952,20230601,
시흥시,태안목장,소,33,경기도 시흥시 현대마을길 35-3 (안현동),경기도 시흥시 안현동 148번지,37.4358302057,126.8094313852,20230601,
시흥시,태우농장,소,6,경기도 시흥시 미산로143번길 34-3 (미산동),경기도 시흥시 미산동 449번지 1호,37.4148081795,126.7922782681,20230601,
시흥시,태조목장,소,39,경기도 시흥시 금이진말길 46,경기도 시흥시 금이동 579번지,37.3921228635,126.8265747659,20230601,
시흥시,태흥농장,소,57,,경기도 시흥시 신천동 518번지 1호,,,20230601,
시흥시,털보농장,소,25,,경기도 시흥시 미산동 454번지,37.4140499546,126.7934680111,20230601,
시흥시,풍천목장,소,6,경기도 시흥시 구수미1길 74-3,경기도 시흥시 미산동 562번지 4호,37.4185461708,126.7828632690,20230601,
시흥시,한성농장,소,2,,경기도 시흥시 정왕동 251번지 1호,,,20230601,
시흥시,한신농장,소,18,,경기도 시흥시 대야동 201번지,37.4541321037,126.7915480135,20230601,
시흥시,한신목장,소,15,,"경기도 시흥시 대야동 201번지 19호 , 201번지",37.4542138393,126.7919094438,20230601,
시흥시,한양농장,염소,40,경기도 시흥시 봉화로144번길 107-5 (정왕동),경기도 시흥시 정왕동 871번지 32호,37.3595540728,126.7427281793,20230601,
시흥시,한우리목장,소,27,,경기도 시흥시 포동 224번지,37.4141323412,126.7746940672,20230601,
시흥시,한우세상,소,14,경기도 시흥시 수인로2793번길 30 (도창동),"경기도 시흥시 도창동 192번지 1호 , 산55번지 4호",37.4051636930,126.8230796622,20230601,
시흥시,한우터목장,소,2,,경기도 시흥시 대야동 202번지 2호,,,20230601,
시흥시,한울빛흑염소농장,산양,63,,경기도 시흥시 신천동 158번지 1호,,,20230601,
시흥시,한이농장,소,12,경기도 시흥시 범안로539번길 12,경기도 시흥시 과림동 406번지 17호,37.4431076563,126.8335904930,20230601,
시흥시,현목장,소,42,,경기도 시흥시 과림동 519번지 1호,,,20230601,
시흥시,현식농장,소,7,,경기도 시흥시 도창동 278번지 1호,,,20230601,
시흥시,현일목장,소,2,경기도 시흥시 군자로 342-35 (거모동),경기도 시흥시 거모동 863번지 2호,37.3533268513,126.7730962852,20230601,
시흥시,형제농장,소,38,경기도 시흥시 시흥대로412번길 72-70 (광석동),경기도 시흥시 광석동 산 4번지 3호,37.3747013029,126.8174691182,20230601,
시흥시,호우미농장,소,17,경기도 시흥시 군자로 571-39 (거모동),경기도 시흥시 거모동 1595번지,37.3470832571,126.7883983421,20230601,
시흥시,홍신,소,2,경기도 시흥시 청룡저수지길 216 (방산동),경기도 시흥시 방산동 226번지,37.4243852617,126.7620799688,20230601,
시흥시,황성사슴농원,사슴,11,경기도 시흥시 건지물길 31,경기도 시흥시 계수동 581번지 45호,37.4458447654,126.8141553234,20230601,
시흥시,훈이네,소,6,경기도 시흥시 매화로 144-68,경기도 시흥시 도창동 200번지,37.4042384576,126.8220597894,20230601,
시흥시,희성농장,소,2,경기도 시흥시 시흥대로 228-2 (군자동),경기도 시흥시 군자동 105번지,37.3609744769,126.8067979547,20230601,
안산시,강신문,소,4,경기도 안산시 상록구 만수동천길 39,경기도 안산시 상록구 부곡동 237-2,37.3430865455,126.8738426362,20260226,
안산시,기린,소,14,경기도 안산시 상록구 만수동천길 16-5 (부곡동),경기도 안산시 상록구 부곡동 234-14,37.3413775174,126.8728181950,20260226,
안산시,김경희,염소,19,경기도 안산시 상록구 산신길 26,경기도 안산시 상록구 장상동 136,37.3565113672,126.8761814363,20260226,
안산시,김광근,염소,7,경기도 안산시 단원구 돈지섬안길 17-27,경기도 안산시 단원구 대부북동 1688-55,37.2657919146,126.5613476179,20260226,
안산시,김길상,염소,200,경기도 안산시 상록구 수리실고개길 1-8,경기도 안산시 상록구 팔곡일동 4-16,37.3172227377,126.8869908469,20260226,
안산시,김명년,염소,3,,경기도 안산시 상록구 양상동 122-1,37.3499659636,126.8467048822,20260226,
안산시,김명수,염소,55,,경기도 안산시 단원구 대부북동 1857-12,37.2750364515,126.5686754497,20260226,
안산시,김미숙,염소,3,,경기도 안산시 단원구 대부북동 1826-124,37.2661735810,126.5636598898,20260226,
안산시,김사준,소,4,경기도 안산시 상록구 수리실고개길 21,경기도 안산시 상록구 팔곡일동 4-3,37.3175281945,126.8850584759,20260226,
안산시,김상우,염소,9,,경기도 안산시 단원구 화정동 499,37.3611633405,126.8276257273,20260226,
안산시,김영복,소,27,경기도 안산시 단원구 지수물길 24-17,경기도 안산시 단원구 대부북동 1661,37.2614348050,126.5643225169,20260226,
안산시,김영언,사슴,10,경기도 안산시 단원구 막골길 70,경기도 안산시 단원구 대부남동 330-2,37.2336663868,126.5773255868,20260226,
안산시,김영언,염소,5,경기도 안산시 단원구 막골길 70,경기도 안산시 단원구 대부남동 330-2,37.2336663868,126.5773255868,20260226,
안산시,김은영(정든),소,25,경기도 안산시 상록구 벌터1길 19-2,경기도 안산시 상록구 부곡동 214-8,37.3395068483,126.8618042170,20260226,
안산시,김의진,소,18,경기도 안산시 상록구 밤속골길 28-1,경기도 안산시 상록구 장상동 175-2,37.3538680128,126.8757403670,20260226,
안산시,김진덕,염소,13,경기도 안산시 상록구 오리골길 15-1,경기도 안산시 상록구 양상동 159-17,37.3496861420,126.8425577407,20260226,
안산시,김진오,염소,9,경기도 안산시 단원구 강촌로 197,경기도 안산시 단원구 목내동 산 56-1,37.3182791852,126.7712557657,20260226,
안산시,남궁연옥,염소,5,,경기도 안산시 상록구 사사동 316,37.2906209042,126.9169646644,20260226,
안산시,대영농원,염소,60,경기도 안산시 상록구 반월천북길 59-10,경기도 안산시 상록구 팔곡일동 312,37.3061598700,126.8934223931,20260226,
안산시,무궁화,소,6,경기도 안산시 상록구 만수동천길 16 (부곡동),경기도 안산시 상록구 부곡동 234-1,37.3414656755,126.8724449089,20260226,
안산시,민영일,염소,50,,경기도 안산시 단원구 풍도동 산 209,37.1065063284,126.3830044874,20260226,
안산시,박명숙,소,82,경기도 안산시 상록구 동막1길 16-45 (장상동),경기도 안산시 상록구 장상동 399,37.3473410303,126.8755460223,20260226,
안산시,박병주,염소,1,경기도 안산시 상록구 목장길 36-21,경기도 안산시 상록구 팔곡일동 19-5,37.3127690194,126.8816214041,20260226,
안산시,박성규,소,21,경기도 안산시 상록구 안산벌말길 113-18,경기도 안산시 상록구 장하동 187-1,37.3563727537,126.8620227761,20260226,
안산시,박종덕,소,65,경기도 안산시 상록구 안산벌말길 129,경기도 안산시 상록구 장하동 180-29,37.3579620209,126.8625513373,20260226,
안산시,박태원(안산),소,74,경기도 안산시 상록구 수리실고개길 51,경기도 안산시 상록구 팔곡일동 3-1,37.3177453722,126.8817612124,20260226,
안산시,방영수,염소,6,,경기도 안산시 단원구 화정동 541-4,37.3594977016,126.8226395678,20260226,
안산시,배용석,염소,40,,경기도 안산시 상록구 장상동 148-1,37.3562424817,126.8775558165,20260226,
안산시,백순희,염소,21,,경기도 안산시 상록구 부곡동 242-6,37.3438946100,126.8772756917,20260226,
안산시,벌말농원2,소,56,경기도 안산시 상록구 안산벌말길 113-10,경기도 안산시 상록구 장하동 180-22,37.3568160506,126.8623239018,20260226,
안산시,벧엘목장 3,소,7,경기도 안산시 상록구 벌터1길 33,경기도 안산시 상록구 부곡동 210-3,37.3396878367,126.8602673531,20260226,
안산시,벧엘목장1,소,34,경기도 안산시 상록구 수풍길 62-1 (부곡동),경기도 안산시 상록구 부곡동 273-12,37.3380431955,126.8712654663,20260226,
안산시,벧엘목장2,소,31,경기도 안산시 상록구 벌터1길 33,경기도 안산시 상록구 부곡동 210-3,37.3396878367,126.8602673531,20260226,
안산시,비오목장,소,6,경기도 안산시 상록구 탑골길 42,경기도 안산시 상록구 사사동 318,37.2911211218,126.9178219566,20260226,
안산시,비오목장,염소,80,,경기도 안산시 상록구 부곡동 212-10,37.3396506042,126.8611355783,20260226,
안산시,선민목장,소,25,경기도 안산시 상록구 만수동천길 49,경기도 안산시 상록구 부곡동 239,37.3430993808,126.8745650722,20260226,
안산시,신갑수,염소,2,경기도 안산시 단원구 부흥로 113-5,경기도 안산시 단원구 대부남동 446-1,37.2232581939,126.5881491771,20260226,
안산시,신상철,소,2,경기도 안산시 상록구 동막2길 16-3,경기도 안산시 상록구 장상동 383-4,37.3489206922,126.8759732726,20260226,
안산시,신영수,염소,40,,경기도 안산시 단원구 대부남동 223-4,37.2341251501,126.5810546879,20260226,
안산시,신윤성,염소,16,경기도 안산시 단원구 솔따배기길 125-3,경기도 안산시 단원구 대부동동 596-1,37.2394324423,126.6015846880,20260226,
안산시,안옥희,소,29,경기도 안산시 상록구 만수동천길 20,경기도 안산시 상록구 부곡동 234-2,37.3418740306,126.8729608298,20260226,
안산시,양상동목장,염소,1,경기도 안산시 상록구 벌터길 23,경기도 안산시 상록구 양상동 296-1,37.3425569221,126.8557836086,20260226,
안산시,옹기목장,염소,33,경기도 안산시 상록구 만수동천길 48,경기도 안산시 상록구 부곡동 236-7,37.3427312051,126.8748277882,20260226,
안산시,용농장,염소,70,경기도 안산시 상록구 동막2길 6,경기도 안산시 상록구 장상동 397-2,37.3494682448,126.8738348017,20260226,
안산시,유수형,염소,25,경기도 안산시 상록구 만수동천길 22-14,경기도 안산시 상록구 부곡동 248,37.3413281618,126.8737104729,20260226,
안산시,유승찬,소,20,경기도 안산시 상록구 만수동천길 16-7,경기도 안산시 상록구 부곡동 251-6,37.3410360267,126.8730129550,20260226,
안산시,유신형,소,11,경기도 안산시 상록구 청곡길 127,경기도 안산시 상록구 부곡동 268-4,37.3362122552,126.8761574448,20260226,
안산시,유찬목장,소,21,경기도 안산시 상록구 산신길 45-17,경기도 안산시 상록구 장상동 157,37.3562447904,126.8786226494,20260226,
안산시,응기목장(이원복),소,29,경기도 안산시 상록구 만수동천길 22-36,경기도 안산시 상록구 부곡동 236-6,37.3426853626,126.8746814026,20260226,
안산시,의현목장,소,30,경기도 안산시 상록구 만수동천길 48,경기도 안산시 상록구 부곡동 236-7,37.3427312051,126.8748277882,20260226,
안산시,이근호,사슴,101,경기도 안산시 상록구 지장골길 91,경기도 안산시 상록구 수암동 산 1-3,37.3712019541,126.8844399134,20260226,
안산시,이근호,염소,4,경기도 안산시 상록구 지장골길 91,경기도 안산시 상록구 수암동 산 1-3,37.3712019541,126.8844399134,20260226,
안산시,이기풍,염소,1,경기도 안산시 상록구 능앞길 69-1,경기도 안산시 상록구 팔곡일동 340-2,37.3062002490,126.8925080470,20260226,
안산시,이상수,염소,18,,경기도 안산시 단원구 신길동 469-10,37.3303924379,126.7661210273,20260226,
안산시,이완석,염소,30,경기도 안산시 상록구 새말1길 22,경기도 안산시 상록구 부곡동 242-3,37.3456113228,126.8655573172,20260226,
안산시,이준희,소,100,경기도 안산시 상록구 반월천북길 141,경기도 안산시 상록구 팔곡일동 산15-1,37.3119280372,126.8880382122,20260226,
안산시,이현웅,소,71,경기도 안산시 상록구 수암동 지장골길 77-5,경기도 안산시 상록구 수암동 5,37.3715901246,126.8828216994,20260226,
안산시,임진수,소,52,경기도 안산시 단원구 수영목길 23,경기도 안산시 단원구 대부남동 111,37.2202950428,126.5931554466,20260226,
안산시,장근배,염소,9,경기도 안산시 단원구 영전2길 40-22,경기도 안산시 단원구 대부동동 산 22,37.2599294949,126.6039350137,20260226,
안산시,장동효(장성호),소,11,경기도 안산시 상록구 삼천리로 94,경기도 안산시 상록구 건건동 218-1,37.3141307953,126.9028155223,20260226,
안산시,전영희,염소,34,,경기도 안산시 상록구 건건동 158,37.3151567602,126.9021592776,20260226,
안산시,정다운,소,8,경기도 안산시 상록구 벌터1길 31,경기도 안산시 상록구 부곡동 210-1,37.3394991668,126.8603818452,20260226,
안산시,정도진,소,3,경기도 안산시 상록구 벌터1길 19-2,경기도 안산시 상록구 부곡동 214-8,37.3395068483,126.8618042170,20260226,
안산시,정동섭,소,9,경기도 안산시 상록구 벌터1길 19-1,경기도 안산시 상록구 부곡동 212-9,37.3398698174,126.8622527151,20260226,
안산시,조양농원,염소,180,경기도 안산시 상록구 장하로 141-22,경기도 안산시 상록구 장하동 209-3,37.3534893327,126.8605341489,20260226,
안산시,조원우,소,53,경기도 안산시 상록구 안산벌말길 113-6 (장하동),경기도 안산시 상록구 장하동 180-30,37.3576201839,126.8626784392,20260226,
안산시,조원우2,소,42,경기도 안산시 상록구 안산벌말길 135,경기도 안산시 상록구 장하동 180-37,37.3575712214,126.8619561724,20260226,
안산시,조인호,소,70,경기도 안산시 단원구 막골길 27,경기도 안산시 단원구 대부남동 223-2,37.2341855085,126.5803292183,20260226,
안산시,조재현,소,10,경기도 안산시 상록구 안산벌말길 126-9,경기도 안산시 상록구 장하동 180-16,37.3590575668,126.8617855000,20260226,
안산시,창운목장,염소,23,경기도 안산시 상록구 산신길 45-17,경기도 안산시 상록구 장상동 157,37.3562447904,126.8786226494,20260226,
안산시,천병환,소,29,경기도 안산시 상록구 사사안골길 69,경기도 안산시 상록구 사사동 40-1,37.3039832589,126.9250686369,20260226,
안산시,천병환,염소,35,경기도 안산시 상록구 사사안골길 69,경기도 안산시 상록구 사사동 40-1,37.3039832589,126.9250686369,20260226,
안산시,청보리목장,소,9,경기도 안산시 상록구 벌터1길 17,경기도 안산시 상록구 부곡동 214-4,37.3395393039,126.8628086801,20260226,
안산시,최건영,염소,3,경기도 안산시 상록구 수풍길 52,경기도 안산시 상록구 부곡동 226-13,37.3394167274,126.8668399496,20260226,
안산시,최대준,염소,1,,경기도 안산시 상록구 사사동 산 60-2,37.2878234700,126.9173087973,20260226,
안산시,최복남,염소,200,,경기도 안산시 상록구 장하동 290-7,37.3496937817,126.8613230251,20260226,
안산시,최신사슴목장,사슴,13,경기도 안산시 상록구 오리골길 15-101,경기도 안산시 상록구 양상동 159-81,37.3513734189,126.8412445677,20260226,
안산시,최용삼,소,64,경기도 안산시 상록구 동막1길 16-45 (장상동),경기도 안산시 상록구 장상동 399,37.3473410303,126.8755460223,20260226,
안산시,투데이목장,소,27,경기도 안산시 상록구 수풍길 52,경기도 안산시 상록구 부곡동 226-13,37.3394167274,126.8668399496,20260226,
안산시,하늘바람,염소,5,경기도 안산시 상록구 건건로 137,경기도 안산시 상록구 건건동 318-1,37.3130450164,126.9055777117,20260226,
안산시,한상춘,소,89,경기도 안산시 상록구 수풍길 64 (부곡동),경기도 안산시 상록구 부곡동 273-3,37.3381008733,126.8719423241,20260226,
안산시,해송목장,소,14,경기도 안산시 상록구 탑골길 42,경기도 안산시 상록구 사사동 318,37.2911211218,126.9178219566,20260226,
안산시,혜준농장,염소,45,,경기도 안산시 상록구 건건동 219,37.3138433907,126.9026683157,20260226,
안산시,황연화,염소,200,경기도 안산시 상록구 수리실고개길 1-4,경기도 안산시 상록구 팔곡일동 4-15,37.3172659334,126.8866293482,20260226,
안성시,(주)농업회사법인 가율,돼지,4800,"경기도 안성시 보개면 보개원삼로 884-57 (외 7필지(846,846-1,847,847-2,848,848-1,849-1))","경기도 안성시 보개면 남풍리 845번지 외 7필지(846,846-1,847,847-2,848,848-1,849-1)",37.0726446670,127.3099703861,20250224,
안성시,(주)다비육종 도화농장2,돼지,0,경기도 안성시 죽산면 용설로 607-57,"경기도 안성시 죽산면 당목리 338번지 , 339, 340-1",37.0329957889,127.4471652384,20250224,
안성시,(주)안성목장,소,121,,경기도 안성시 고삼면 쌍지리 30번지 1호 외 15외 6필지,37.1259032349,127.2818995909,20250224,
안성시,(주)엑스피바이오,돼지,630,경기도 안성시 일죽면 화곡길 147-34,"경기도 안성시 일죽면 화곡리 869번지 4호 , 869-5번지",37.1224395157,127.4563564365,20250224,
안성시,C·F,돼지,554,경기도 안성시 죽산면 걸미로 478-12,경기도 안성시 죽산면 당목리 970번지 3호,37.0408777780,127.4209027073,20250224,
안성시,K2목장,소,16,경기도 안성시 보개면 오림길 46-24,경기도 안성시 보개면 적가리 47번지,37.0542644852,127.2990391971,20250224,
안성시,MANDO팜스,소,130,경기도 안성시 일죽면 금일로 214,경기도 안성시 일죽면 화봉리 330번지 1호,37.0711269184,127.4765336472,20250224,
안성시,MANDO팜스2,소,104,"경기도 안성시 일죽면 금일로 216, (외 2필지)",경기도 안성시 일죽면 화봉리 580번지 1호 (외 2필지),37.0716407101,127.4764097440,20250224,
안성시,MENDO FARMS,소,0,경기도 안성시 일죽면 서동대로 7219-50,"경기도 안성시 일죽면 월정리 1429, 1430",37.0897130589,127.4451229996,20250224,
안성시,가나안 농장,소,10,경기도 안성시 삼죽면 신미1길 30,"경기도 안성시 삼죽면 미장리 361번지 1호 , 360, 372",37.0393984186,127.3609695860,20250224,
안성시,가나안농장,소,13,경기도 안성시 원곡면 지문로 192-40,경기도 안성시 원곡면 지문리 721번지 1호,37.0540686482,127.1429438759,20250224,
안성시,가람농장,소,150,경기도 안성시 보개면 남사당로 477-17,경기도 안성시 보개면 신안리 458번지 외 1필지,37.0564049392,127.3125302800,20250224,
안성시,가래울농장,소,0,"경기도 안성시 양성면 가래울길 68-45 (외3필(50-1,51,51-1))","경기도 안성시 양성면 추곡리 50번지 외3필(50-1,51,51-1)",37.0683476021,127.2090660929,20250224,
안성시,가리목장,소,63,경기도 안성시 일죽면 가리길 41,경기도 안성시 일죽면 주천리 348번지 1호,37.0894275317,127.4866437057,20250224,
안성시,가성농장,소,140,경기도 안성시 미양면 서미로 304-36,경기도 안성시 미양면 고지리 326번지 1호,36.9514692065,127.2173959478,20250224,
안성시,가온농장,소,16,경기도 안성시 양성면 칠목길 43-34,경기도 안성시 양성면 명목리 65번지 3호,37.0377784595,127.1976121721,20250224,
안성시,가온목장,소,10,경기도 안성시 삼죽면 개나리길 50-13,"경기도 안성시 삼죽면 진촌리 378번지 2호 , 379",37.0572199626,127.3690464545,20250224,
안성시,가용농장,소,60,경기도 안성시 고삼면 사동길 7-21,경기도 안성시 고삼면 쌍지리 1280번지,37.1007517851,127.2889905996,20250224,
안성시,가원농장,소,7,경기도 안성시 고삼면 안성맞춤대로 2066-14,경기도 안성시 고삼면 가유리 72번지,37.0929830644,127.2612968145,20250224,
안성시,가원농장,소,0,경기도 안성시 고삼면 안성맞춤대로 2066-16,"경기도 안성시 고삼면 가유리 73번지 , 77",37.0933889981,127.2614418267,20250224,
안성시,가율목장,소,35,경기도 안성시 보개면 분토길 49-15,경기도 안성시 보개면 가율리 56번지 1호,37.0707728930,127.3009305433,20250224,
안성시,가율축산,소,500,경기도 안성시 보개면 가재울길 129-1,경기도 안성시 보개면 남풍리 708번지 2호,37.0667096359,127.3133710802,20250224,
안성시,가율축산 1농장,소,950,경기도 안성시 보개면 가재울길 129-36,"경기도 안성시 보개면 남풍리 703번지 9호 , 703-1, 1368-1",37.0677942201,127.3152020027,20250224,
안성시,가을농장,소,120,경기도 안성시 양성면 한내로 476,경기도 안성시 양성면 방축리 141번지,37.0650956321,127.2370311283,20250224,
안성시,가화목장,소,64,경기도 안성시 공도읍 불당길 40-56,경기도 안성시 공도읍 불당리 301번지,36.9812516056,127.1649027979,20250224,
안성시,각하농장,소,32,경기도 안성시 대덕면 김중만장군길 157-84,경기도 안성시 대덕면 보동리 702번지,37.0523574488,127.2490752746,20250224,
안성시,갈미농장,소,100,경기도 안성시 고삼면 신창길 230,경기도 안성시 고삼면 대갈리 366번지 6호,37.0690136853,127.2480304914,20250224,
안성시,감애농장,소,50,,경기도 안성시 일죽면 화곡리 산 94번지 1호,37.1083305158,127.4519750978,20250224,
안성시,강서목장,소,10,,경기도 안성시 원곡면 내가천리 234번지 4호,37.0308905611,127.1101549246,20250224,
안성시,강인목장,소,110,경기도 안성시 일죽면 죽화로 501-12,경기도 안성시 일죽면 신흥리 970번지 3호,37.1063466309,127.4814073135,20250224,
안성시,강평목장,소,24,,경기도 안성시 보개면 복평리 82번지 9호,37.0376783824,127.3125822582,20250224,
안성시,개나리농장,소,12,경기도 안성시 삼죽면 개나리길 49-17,경기도 안성시 삼죽면 진촌리 98번지 1호,37.0564391997,127.3722420260,20250224,
안성시,개미농장,소,50,"경기도 안성시 죽산면 걸미로 711-51, (외1필지)",경기도 안성시 죽산면 장계리 102번지 (외1필지),37.0576971849,127.4066122024,20250224,
안성시,개울농장,염소,20,경기도 안성시 서운면 바우덕이로 335,경기도 안성시 서운면 신능리,36.9647679800,127.2779304993,20250224,
안성시,거니양돈,돼지,1410,경기도 안성시 서운면 서운로 193-104,경기도 안성시 서운면 신촌리 282번지 1호 외 2필지,36.9346593310,127.2592873268,20250224,
안성시,거복목장,소,59,경기도 안성시 죽산면 걸미로 711-53,경기도 안성시 죽산면 장계리 122번지,37.0574712310,127.4058589006,20250224,
안성시,거산목장,소,60,경기도 안성시 미양면 고지1길 132-11,경기도 안성시 미양면 고지리 192번지 1호,36.9563947638,127.2151537082,20250224,
안성시,거산한우,소,156,경기도 안성시 일죽면 장암초교길 50-32,경기도 안성시 일죽면 장암리 416번지 1호,37.0783628977,127.4661246744,20250224,
안성시,거평농장,소,80,,경기도 안성시 죽산면 용설리 129번지,37.0557157392,127.4558646804,20250224,
안성시,건규목장,소,60,경기도 안성시 양성면 교동길 33-42,경기도 안성시 양성면 동항리 103번지,37.0693898723,127.1969130124,20250224,
안성시,건너농장,소,62,경기도 안성시 삼죽면 서동대로 6362-34,경기도 안성시 삼죽면 진촌리 194번지 외 4필지,37.0608462774,127.3713797932,20250224,
안성시,건상농장,소,30,경기도 안성시 삼죽면 벌터길 54-9,경기도 안성시 삼죽면 용월리 556번지 2호,37.0870949515,127.3881794239,20250224,
안성시,건영농장,소,208,경기도 안성시 미양면 서미로 387-4,경기도 안성시 미양면 고지리 147번지,36.9595530210,127.2127380846,20250224,
안성시,건영농장,소,80,경기도 안성시 보개면 보개원삼로 1117,경기도 안성시 보개면 북가현리 636번지,37.0964701437,127.3104172960,20250224,
안성시,건영목장,소,100,경기도 안성시 금광면 바우덕이로 588-10,경기도 안성시 금광면 개산리 516번지 1호,36.9791786515,127.2961132474,20250224,
안성시,건용목장,소,506,경기도 안성시 미양면 고지1길 54,경기도 안성시 미양면 고지리 111번지 1호,36.9606672571,127.2150029963,20250224,
안성시,건우농장,소,33,"경기도 안성시 서운면 서운신기길 60-84, (외 1필지)",경기도 안성시 서운면 신기리 273번지 2호 (외 1필지),36.9617359303,127.2762318393,20250224,
안성시,건천목장,소,125,경기도 안성시 공도읍 용정길 17,경기도 안성시 공도읍 진사리 520번지 1호,36.9778477484,127.1414464276,20250224,
안성시,건하농장,소,125,경기도 안성시 보개면 고삼호수로 462,"경기도 안성시 보개면 북가현리 1005번지 4호 , 1006, 1008-2",37.1004075270,127.2983659467,20250224,
안성시,걸보목장,소,58,경기도 안성시 서운면 서운신기길 60-40,경기도 안성시 서운면 신기리 155번지 1호 외 6필지,36.9621246379,127.2720631165,20250224,
안성시,검바골농장,소,250,경기도 안성시 대덕면 시미실길 30-39,경기도 안성시 대덕면 보동리 산 52번지 1호,37.0454122120,127.2470964130,20250224,
안성시,경기남부농장,소,33,경기도 안성시 미양면 안성맞춤대로 270-32,경기도 안성시 미양면 양변리 173번지 1호,36.9482793213,127.2416898878,20250224,
안성시,경기농장,돼지,0,경기도 안성시 대덕면 김중만장군길 157-79 (외 1필지(16-3)),경기도 안성시 대덕면 보동리 산 16번지 외 1필지(16-3),37.0534311204,127.2495328593,20250224,
안성시,경남목장,소,65,경기도 안성시 미양면 고지길 215,경기도 안성시 미양면 고지리 270번지 2호,36.9543040226,127.2079841062,20250224,
안성시,경상농장,소,46,경기도 안성시 원곡면 만세로 1294-40,경기도 안성시 원곡면 외가천리 142번지 9호,37.0423954651,127.1400748087,20250224,
안성시,경석농장,소,58,경기도 안성시 양성면 덕봉서원로 387-10,경기도 안성시 양성면 방신리 13-1번지,37.0366326360,127.1834038846,20250224,
안성시,경숙농장,소,8,경기도 안성시 미양면 신고지길 45-3,경기도 안성시 미양면 고지리 452번지 3호,36.9664876454,127.2027699338,20250224,
안성시,경원농장,소,21,,경기도 안성시 서운면 신촌리 산 11번지,,,20250224,
안성시,경진농장,소,0,경기도 안성시 서운면 서미로 145-60,경기도 안성시 서운면 현매리 730번지,36.9347206081,127.2137633432,20250224,
안성시,경호농장,소,136,경기도 안성시 미양면 고지길 189-28,경기도 안성시 미양면 고지리 262번지 1호,36.9545921708,127.2115436329,20250224,
안성시,경환농장,소,130,경기도 안성시 미양면 참나무길 36,경기도 안성시 미양면 보체리 163번지,36.9765306844,127.2501334086,20250224,
안성시,계림 농원,소,60,경기도 안성시 미양면 미양로 215,경기도 안성시 미양면 개정리 26번지 3호,36.9687771957,127.1991435738,20250224,
안성시,계림축산,돼지,1500,경기도 안성시 일죽면 장암초교길 102-32,경기도 안성시 일죽면 장암리 510번지,37.0783701945,127.4605669074,20250224,
안성시,고려농장,소,133,경기도 안성시 서운면 서운신기길 46-29,경기도 안성시 서운면 신기리 115번지 1호,36.9613320472,127.2677631381,20250224,
안성시,고목목장,소,70,경기도 안성시 일죽면 고목길 51-14,경기도 안성시 일죽면 고은리 1165번지 3호,37.1279314677,127.4408286872,20250224,
안성시,고바우농장,돼지,9800,경기도 안성시 고삼면 쌍지길 11-125,경기도 안성시 고삼면 쌍지리 1035번지 2호 외 1필지(1035),37.1045974327,127.2772528584,20250224,
안성시,고산농장,소,243,경기도 안성시 양성면 상장서길 35-86,경기도 안성시 양성면 장서리 99번지 1호,37.0995195488,127.2205606780,20250224,
안성시,고산농장,소,120,경기도 안성시 대덕면 미륵로 174-31,"경기도 안성시 대덕면 대농리 66번지 , 407-1",37.0636542779,127.2723558673,20250224,
안성시,고삼농장,소,0,경기도 안성시 고삼면 안성맞춤대로 2041-7,경기도 안성시 고삼면 가유리 916번지,37.0908582726,127.2581190629,20250224,
안성시,고삼목장,소,12,경기도 안성시 고삼면 무쇠막안길 33-3,경기도 안성시 고삼면 가유리 301번지 1호,37.0849442585,127.2578003112,20250224,
안성시,고선농장,소,60,경기도 안성시 일죽면 고목길 51-7,경기도 안성시 일죽면 고은리 362번지 1호,37.1278675479,127.4392076058,20250224,
안성시,고운목장,소,0,경기도 안성시 양성면 지남촌길 27-25,경기도 안성시 양성면 명목리 112번지 1호,37.0324837323,127.1998594218,20250224,
안성시,고은농장,돼지,900,경기도 안성시 일죽면 죽화로 110-51,경기도 안성시 일죽면 고은리 814번지,37.1084692775,127.4399771976,20250224,
안성시,고은농장,돼지,1800,경기도 안성시 일죽면 죽화로 178-18,경기도 안성시 일죽면 고은리 883번지 외4필지,37.1065433959,127.4466077348,20250224,
안성시,고은농장,소,6,경기도 안성시 금광면 동신곡길 73,경기도 안성시 금광면 신양복리 25번지,37.0102560634,127.3338207313,20250224,
안성시,골드농장,소,37,경기도 안성시 보개면 내방상삼로 231-1,경기도 안성시 보개면 상삼리 359번지,37.0316682554,127.3234299533,20250224,
안성시,공자농장,소,122,"경기도 안성시 일죽면 평촌길 24-10 (, 15, 16-1, 16-2)","경기도 안성시 일죽면 화곡리 14번지 3호 , 15, 16-1, 16-2",37.0986024412,127.4762100774,20250224,
안성시,공주농장,소,0,경기도 안성시 미양면 신계길 191-8,경기도 안성시 미양면 신계리 247-2번지,36.9649356617,127.1649630870,20250224,
안성시,관민목장,소,120,경기도 안성시 미양면 하개정길 56,경기도 안성시 미양면 진촌리 102번지,36.9707847358,127.1945631757,20250224,
안성시,관승농장,소,19,경기도 안성시 일죽면 고목길 59,경기도 안성시 일죽면 고은리 339번지,37.1266243593,127.4407396434,20250224,
안성시,광명농장,소,22,경기도 안성시 일죽면 죽화로 430-72,경기도 안성시 일죽면 화곡리 110번지 2호,37.0987453287,127.4702681604,20250224,
안성시,광명목장,소,260,경기도 안성시 금광면 금광오산로 106-12,경기도 안성시 금광면 오산리 74번지 1호,36.9873743884,127.3135425951,20250224,
안성시,광명목장,소,310,"경기도 안성시 발화대1길 26, (외 3필지) (중리동)",경기도 안성시 중리동 314번지 (외 3필지),36.9849012776,127.2800968672,20250224,
안성시,광명목장2,소,0,경기도 안성시 금광면 오산길 50-3,"경기도 안성시 금광면 오산리 583, 583-1",36.9868204491,127.3053971069,20250224,
안성시,광무농장,돼지,1900,"경기도 안성시 일죽면 고목남길 86-14 (, -3, 423)","경기도 안성시 일죽면 고은리 1169번지 2호 , -3, 423",37.1221328490,127.4360827443,20250224,
안성시,광섭농장,소,0,경기도 안성시 삼죽면 개나리길 50-10,"경기도 안성시 삼죽면 진촌리 115번지 , 116-1",37.0566891569,127.3699921419,20250224,
안성시,광섭농장2,소,0,경기도 안성시 삼죽면 개나리길 35,경기도 안성시 삼죽면 진촌리 149번지 1호,37.0577002199,127.3713288664,20250224,
안성시,광영 농장,소,0,경기도 안성시 원곡면 원당로 64,"경기도 안성시 원곡면 칠곡리 598번지 5호 , 598-8",37.0419054274,127.1572371338,20250224,
안성시,광영농장2,소,77,경기도 안성시 원곡면 원당로 62-9,경기도 안성시 원곡면 칠곡리 598번지 3호,37.0414527010,127.1565419773,20250224,
안성시,광우농장,소,74,경기도 안성시 고삼면 사동길 31,경기도 안성시 고삼면 쌍지리 750번지 3호,37.1011246180,127.2908239476,20250224,
안성시,광이목장,소,56,경기도 안성시 일죽면 고목남길 86-9,경기도 안성시 일죽면 고은리 1170번지 7호,37.1208523505,127.4352057893,20250224,
안성시,광일농원,소,47,경기도 안성시 죽산면 용설로 198-4,경기도 안성시 죽산면 용설리 731번지 1호,37.0674828376,127.4431367103,20250224,
안성시,광재농장,소,0,경기도 안성시 보개면 한사울길 195-38,경기도 안성시 보개면 적가리 174번지,37.0542895493,127.2875559866,20250224,
안성시,광천농장,소,30,경기도 안성시 일죽면 윗송산길 62,경기도 안성시 일죽면 화봉리 876번지,37.0717654163,127.4698174641,20250224,
안성시,광철농장,소,0,경기도 안성시 원곡면 통심길 81,"경기도 안성시 원곡면 성은리 98번지 , 98-1",37.0760953210,127.1599070844,20250224,
안성시,광현농장,소,27,,경기도 안성시 공도읍 마정리 341번지 4호,37.0199548475,127.2030977811,20250224,
안성시,광희 농장,소,21,경기도 안성시 양성면 명삼길 192,경기도 안성시 양성면 삼암리 322번지,37.0273529957,127.1992387610,20250224,
안성시,교선농장,소,0,경기도 안성시 고삼면 풀무골길 50-12,"경기도 안성시 고삼면 쌍지리 1181번지 , 1182",37.1155571403,127.2861692870,20250224,
안성시,구름밭농장,소,50,경기도 안성시 일죽면 일죽당촌길 2-33,경기도 안성시 일죽면 당촌리 379번지 1호,37.1008853799,127.4962299857,20250224,
안성시,구문농장,소,13,,경기도 안성시 공도읍 양기리 52번지 3호,37.0076163931,127.2098535486,20250224,
안성시,구번지농장,소,30,경기도 안성시 보개면 동평길 36,경기도 안성시 보개면 동평리 459번지,37.0879484262,127.3140728976,20250224,
안성시,구성농장,돼지,7543,경기도 안성시 일죽면 장암로 127-33,경기도 안성시 일죽면 장암리 436번지 외 8필지,37.0698439565,127.4647110550,20250224,
안성시,구성농장(능국),돼지,2915,경기도 안성시 일죽면 지내동길 18,"경기도 안성시 일죽면 능국리 746번지 5호 , -1, -3, -4, -8",37.1146219118,127.4826546948,20250224,
안성시,구성농장(미양점),돼지,6396,경기도 안성시 미양면 중앙배수1길 106-26,경기도 안성시 미양면 정동리 507번지 10호 외4필지,36.9807310122,127.1994111267,20250224,
안성시,구송목장,소,18,경기도 안성시 금광면 구송동길 46-40,경기도 안성시 금광면 내우리 321번지,36.9993150994,127.3003639783,20250224,
안성시,구여울농장,돼지,3521,경기도 안성시 일죽면 내둔길 60-64,경기도 안성시 일죽면 송천리 606번지 10호,37.0818072498,127.4693859440,20250224,
안성시,구은농장,소,195,경기도 안성시 미양면 중앙배수1길 24,경기도 안성시 미양면 후평리 268번지 13호 외 1필지,36.9816013856,127.2086438829,20250224,
안성시,구일농장,돼지,4378,"경기도 안성시 일죽면 화곡길 46, (외 4필지)",경기도 안성시 일죽면 화곡리 204번지 (외 4필지),37.1158086703,127.4677288739,20250224,
안성시,구일농장,소,0,경기도 안성시 양성면 소로리길 89,경기도 안성시 양성면 방축리 786번지,37.0717328762,127.2342070823,20250224,
안성시,구일농장,소,30,경기도 안성시 보개면 절가리길 22-51,경기도 안성시 보개면 적가리 430번지,37.0464684106,127.2998244657,20250224,
안성시,국화목장,소,100,경기도 안성시 대덕면 한천길 239-80,경기도 안성시 대덕면 죽리 554번지 1호,36.9889077222,127.2142683835,20250224,
안성시,규순농장,소,86,"경기도 안성시 보개면 내방상삼로 185 (, 상삼리876-1)","경기도 안성시 보개면 상삼리 419번지 5호 , 상삼리876-1",37.0282194172,127.3259114228,20250224,
안성시,규식농장,소,100,경기도 안성시 보개면 평장길 35-23,경기도 안성시 보개면 동평리 582번지 1호,37.0917590961,127.3125670064,20250224,
안성시,규영농장,소,150,경기도 안성시 양성면 칠목길 43-80,경기도 안성시 양성면 덕봉리 681번지 6호,37.0374337137,127.2038879420,20250224,
안성시,규일목장,소,136,,경기도 안성시 공도읍 건천리 800번지 2호,,,20250224,
안성시,규철농장,소,132,경기도 안성시 죽산면 두평길 14-12,경기도 안성시 죽산면 두현리 253번지 4호,37.0683285195,127.4110875396,20250224,
안성시,규철농장,소,67,경기도 안성시 고삼면 쌍지길 260-8,경기도 안성시 고삼면 쌍지리 1170번지,37.1188457729,127.2853045444,20250224,
안성시,규현농장,소,30,경기도 안성시 양성면 정자말길 61-6,경기도 안성시 양성면 삼암리 226번지,37.0281479320,127.2034855113,20250224,
안성시,규호농장,소,22,,경기도 안성시 삼죽면 내장리 183번지 6호,,,20250224,
안성시,규호목장,소,12,경기도 안성시 죽산면 칠장로 432-4,경기도 안성시 죽산면 칠장리 734번지 9호,37.0278442783,127.3988573115,20250224,
안성시,규희농장,소,15,경기도 안성시 공도읍 만수동길 77-18,경기도 안성시 공도읍 만정리 126번지 2호,37.0141676532,127.1863410760,20250224,
안성시,근성농장,소,63,경기도 안성시 보개면 보개원삼로 469-17,경기도 안성시 보개면 신장리 178번지 10호,37.0453425820,127.2899537513,20250224,
안성시,근수농장,소,11,경기도 안성시 금석2길 35 (금석동),경기도 안성시 금석동 210번지,37.0314966052,127.2659081107,20250224,
안성시,근자농장,소,300,경기도 안성시 보개면 가재울길 100-21,경기도 안성시 보개면 남풍리 735번지 외 2필지,37.0647324486,127.3114411814,20250224,
안성시,금강농장,소,30,경기도 안성시 금광면 사흥길 88-7,경기도 안성시 금광면 사흥리 762번지 1호,36.9986247644,127.3596502474,20250224,
안성시,금광농장,소,10,,경기도 안성시 금광면 내우리 149번지,,,20250224,
안성시,금노목장,소,19,,경기도 안성시 원곡면 칠곡리 114번지,37.0520014886,127.1667161368,20250224,
안성시,금비농장,소,0,경기도 안성시 양성면 한내로 84-31,경기도 안성시 양성면 구장리 89번지,37.0576199796,127.2051704560,20250224,
안성시,금석농장,소,7,경기도 안성시 금석길 70 (금석동),경기도 안성시 금석동 100번지,37.0315660274,127.2691348112,20250224,
안성시,금송아지목장,소,63,경기도 안성시 고삼면 안성맞춤대로 1893,경기도 안성시 고삼면 가유리 483번지,37.0796279297,127.2588297858,20250224,
안성시,금이목장,소,15,경기도 안성시 죽산면 용대길 130 (외 1필지),경기도 안성시 죽산면 두교리 18번지 1호 외 1필지,37.0194269314,127.4424305799,20250224,
안성시,금종목장,소,0,경기도 안성시 대덕면 선인장길 124-10,경기도 안성시 대덕면 명당리 303번지,37.0385562467,127.2169160949,20250224,
안성시,금풍농장,소,160,경기도 안성시 서운면 바우덕이로 263-58,경기도 안성시 서운면 신기리 173번지 2호,36.9605970854,127.2699333697,20250224,
안성시,기농장,소,47,경기도 안성시 보개면 신장길 8-12,경기도 안성시 보개면 신장리 129번지 2호 외 3필지,37.0449913228,127.2901234029,20250224,
안성시,기농장,소,20,,경기도 안성시 보개면 복평리 산 80번지,,,20250224,
안성시,기담목장,소,35,경기도 안성시 보개면 보개원삼로 1227-23,경기도 안성시 보개면 북가현리 518번지,37.1038055036,127.3090147407,20250224,
안성시,기돈농장,소,30,경기도 안성시 일죽면 죽화로 345-13,경기도 안성시 일죽면 화곡리 340번지 1호,37.1078570804,127.4641982112,20250224,
안성시,기동농장,소,60,경기도 안성시 삼죽면 국사봉로 409,경기도 안성시 삼죽면 기솔리 161번지,37.0572589539,127.3418614050,20250224,
안성시,기봉농장,소,126,경기도 안성시 공도읍 만수동길 77-10,"경기도 안성시 공도읍 만정리 109번지 외 4필지(109-1,108,103-2,104-1)",37.0146674464,127.1844505188,20250224,
안성시,기쁨농장,돼지,789,경기도 안성시 대덕면 시미실길 151,경기도 안성시 대덕면 보동리 308번지 1호,37.0450121191,127.2540250177,20250224,
안성시,기산축산,돼지,1300,,경기도 안성시 보개면 복평리 105번지 1호,,,20250224,
안성시,기석농장,소,4,,경기도 안성시 죽산면 장원리 359번지 3호,,,20250224,
안성시,기선농장,소,25,경기도 안성시 일죽면 평촌안길 27-6,경기도 안성시 일죽면 화곡리 465번지 5호,37.1024936419,127.4643695469,20250224,
안성시,기수농장,소,32,경기도 안성시 일죽면 평촌길 188,경기도 안성시 일죽면 화곡리 510번지 1호,37.1036746157,127.4647178763,20250224,
안성시,기순목장,소,13,경기도 안성시 금광면 신양복길 34-31,경기도 안성시 금광면 신양복리 204번지 1호,37.0064061011,127.3208695002,20250224,
안성시,기영농장,소,60,,경기도 안성시 금광면 내우리 375번지,36.9984521221,127.2988448300,20250224,
안성시,기영목장,소,30,경기도 안성시 보개면 고삼호수로 488,경기도 안성시 보개면 북가현리 852번지 2호,37.1004501972,127.3022934028,20250224,
안성시,기일농장,소,86,경기도 안성시 보개면 한사울길 210,경기도 안성시 보개면 적가리 519번지 10호,37.0528035587,127.2833313555,20250224,
안성시,기찬축산,돼지,1500,,경기도 안성시 보개면 복평리 84번지 1호 외1필지,37.0374433065,127.3129964734,20250224,
안성시,기천한우농장,소,120,경기도 안성시 양성면 돌꽃지길 103-29,경기도 안성시 양성면 추곡리 138번지,37.0633254983,127.2086015968,20250224,
안성시,기철농장,소,15,경기도 안성시 일죽면 가리안길 5-8,경기도 안성시 일죽면 가리 387번지,37.0843614267,127.4860370179,20250224,
안성시,기학목장,소,137,경기도 안성시 보개면 가재울길 82-23,경기도 안성시 보개면 남풍리 1391번지 2호,37.0650737730,127.3106754350,20250224,
안성시,기형농장,소,63,경기도 안성시 일죽면 죽화로 345-25,경기도 안성시 일죽면 화곡리 319번지 2호 번지 외 4필지,37.1083979837,127.4643555263,20250224,
안성시,기호목장,소,18,경기도 안성시 일죽면 주래본죽로 226-53,경기도 안성시 일죽면 주천리 29번지 1호,37.0888964396,127.4995611983,20250224,
안성시,나경목장,소,423,경기도 안성시 양성면 양성로 357-83,"경기도 안성시 양성면 산정리 1번지 , 2-1, 2-2, 2-4",37.0913958662,127.2013151125,20250224,
안성시,나들농장,소,92,경기도 안성시 고삼면 고삼호수로 325-14,경기도 안성시 고삼면 쌍지리 943번지,37.0966373163,127.2867738736,20250224,
안성시,나우농장,소,0,경기도 안성시 서운면 송죽길 156-16,경기도 안성시 서운면 현매리 150번지 1호,36.9412144184,127.2266763608,20250224,
안성시,낙원목장,소,0,경기도 안성시 삼죽면 삼죽초교길 143-15,"경기도 안성시 삼죽면 덕산리 701번지 , 703",37.0806737883,127.3677572793,20250224,
안성시,낙천농장,소,14,경기도 안성시 공도읍 소신두길 30-8,경기도 안성시 공도읍 신두리 300번지 4호,36.9977393274,127.1986698768,20250224,
안성시,난초목장,소,25,경기도 안성시 대덕면 죽촌길 209-50,경기도 안성시 대덕면 죽리 543번지,36.9882714173,127.2196084398,20250224,
안성시,남산목장,소,32,경기도 안성시 죽산면 장원남산1길 11,경기도 안성시 죽산면 장원리 1083번지,37.0699640611,127.4305019044,20250224,
안성시,남송농장,소,50,경기도 안성시 일죽면 고목길 51-46,경기도 안성시 일죽면 고은리 274번지 1호,37.1288877905,127.4424828696,20250224,
안성시,남풍목장,소,13,경기도 안성시 보개면 남풍길 134-9,경기도 안성시 보개면 남풍리 695번지,37.0716310822,127.3189500341,20250224,
안성시,내리목장,소,82,경기도 안성시 일죽면 장암로 167-22 (외 6필지),경기도 안성시 일죽면 장암리 329번지 외 6필지,37.0694545185,127.4590416302,20250224,
안성시,내방목장,소,61,경기도 안성시 보개면 내방길 55-12,경기도 안성시 보개면 내방리 54번지 1호,37.0213680740,127.3137630945,20250224,
안성시,내혜홀농장,소,150,경기도 안성시 양성면 소로리길 40-53,경기도 안성시 양성면 방축리 304번지 (305-2),37.0723989016,127.2377933865,20250224,
안성시,내혜홀농장,소,69,경기도 안성시 고삼면 안성맞춤대로 1787-38,경기도 안성시 고삼면 대갈리 657번지 1호,37.0709177885,127.2533114122,20250224,
안성시,내혜홀농장,소,22,경기도 안성시 보개면 평장길 62,경기도 안성시 보개면 동평리 495번지,37.0900264618,127.3171284310,20250224,
안성시,네추럴 팜,소,0,경기도 안성시 죽산면 장원남산1길 4-6,경기도 안성시 죽산면 장원리 548번지,37.0706385359,127.4278239342,20250224,
안성시,노선목장,소,50,경기도 안성시 미양면 이박골길 73,경기도 안성시 미양면 계륵리 232번지 2호,36.9820934658,127.2462948728,20250224,
안성시,노선목장,소,53,경기도 안성시 미양면 이박골길 43-15,경기도 안성시 미양면 구례리 137번지 1호,36.9842907339,127.2494787814,20250224,
안성시,노엘농장,돼지,1800,경기도 안성시 죽산면 두평길 1-107,경기도 안성시 죽산면 장계리 61번지 1호 외 1필지(63번지),37.0608686531,127.4046286769,20250224,
안성시,녹지농장,돼지,400,경기도 안성시 일죽면 일생로 22-11,경기도 안성시 일죽면 화봉리 377번지 1호,37.0778156024,127.4768465987,20250224,
안성시,놀부목장,소,60,경기도 안성시 미양면 고지1길 132-6,경기도 안성시 미양면 고지리 188번지,36.9575239019,127.2161267471,20250224,
안성시,농업법인 문금한우농장(주),소,100,경기도 안성시 양성면 지남촌길 27-90,경기도 안성시 양성면 덕봉리 688번지 7호 외 2필지,37.0329496330,127.2095834663,20250224,
안성시,농업회사법인 (주) 대덕,돼지,3600,"경기도 안성시 대덕면 신령로 223, (외 11필지)",경기도 안성시 대덕면 신령리 111번지 5호 (외 11필지),37.0288435213,127.2227423860,20250224,
안성시,농업회사법인 (주)클론메드,돼지,600,경기도 안성시 일죽면 국동길 78-27,경기도 안성시 일죽면 능국리 115번지 1호,37.1101881369,127.4974000696,20250224,
안성시,농업회사법인 동화농산(주)안성,돼지,5634,경기도 안성시 죽산면 걸미로 145-56,경기도 안성시 죽산면 두교리 377번지,37.0204944649,127.4325930303,20250224,
안성시,농업회사법인 성원팜 주식회사,돼지,1400,경기도 안성시 미양면 안골길 53,경기도 안성시 미양면 갈전리 8번지,36.9841230034,127.2385798195,20250224,
안성시,농업회사법인 주식회사 국제축산,돼지,4500,경기도 안성시 일죽면 금일로 140-116,경기도 안성시 일죽면 화봉리 60번지 6호 외 11필지,37.0665395879,127.4820357171,20250224,
안성시,농업회사법인 허브한돈팜 주식회사,돼지,3245,경기도 안성시 미양면 미양로 269-114,경기도 안성시 미양면 진촌리 169번지 1호,36.9757012299,127.1924762226,20250224,
안성시,농업회사법인(유)미래에이엠씨,돼지,7000,경기도 안성시 일죽면 서동대로 7219-56 (외 4필지),경기도 안성시 일죽면 월정리 1440번지 외 4필지,37.0874868960,127.4459234881,20250224,
안성시,농업회사법인(주) 팜스월드 광일농장,돼지,2800,경기도 안성시 삼죽면 동아예대길 99,경기도 안성시 삼죽면 진촌리 310번지 3호,37.0615892366,127.3666431109,20250224,
안성시,농업회사법인(주)국제축산(제2농장),돼지,1512,경기도 안성시 일죽면 금일로 254-28,경기도 안성시 일죽면 화봉리 336번지 2호,37.0736780456,127.4769153557,20250224,
안성시,농업회사법인(주)안성,돼지,20000,경기도 안성시 일죽면 화곡길 48,경기도 안성시 일죽면 화곡리 210번지 외 19필지,37.1164212927,127.4664791800,20250224,
안성시,농업회사법인(주)안성농장 장암지점,돼지,3600,"경기도 안성시 일죽면 장암로 168-22 (,495번지)","경기도 안성시 일죽면 장암리 494번지 ,495번지",37.0726011015,127.4607723889,20250224,
안성시,농업회사법인(주)해든,소,165,경기도 안성시 일죽면 사실로 225-31,"경기도 안성시 일죽면 방초리 158번지 , 157, 159, 159-1, 159-2, 160, 160-1",37.1297937863,127.4339597717,20250224,
안성시,농협사료 R/D 센터 안성목장1,소,2000,경기도 안성시 공도읍 대신두길 42-52,"경기도 안성시 공도읍 웅교리 산 15번지 1호 , 1, 1-1, 1-2, 산15-2, 산15-3, 산 13, 산13-1, 산14",36.9877231587,127.1946864978,20250224,
안성시,농협사료 R/D 센터 안성목장2,소,702,경기도 안성시 공도읍 고무다리길 264-94,"경기도 안성시 공도읍 웅교리 76번지 5호 , 76-6, 380, 380-1, 384-1",36.9794223813,127.1883264356,20250224,
안성시,늘푸른 농장,소,75,경기도 안성시 보개면 오림길 76,경기도 안성시 보개면 적가리 76번지 1호,37.0560735645,127.2973923320,20250224,
안성시,늘푸른농장,소,7,경기도 안성시 원곡면 원암로 194-37 (외 3필지),경기도 안성시 원곡면 성주리 80번지 외 3필지,37.0853427847,127.1722986953,20250224,
안성시,늘푸른농장,소,70,경기도 안성시 대덕면 한천길 239-20,경기도 안성시 대덕면 죽리 582번지,36.9892564567,127.2093900662,20250224,
안성시,늘푸른소리 농장,소,0,경기도 안성시 대덕면 시미실길 69-26,"경기도 안성시 대덕면 보동리 645번지 , 646",37.0506536757,127.2448184937,20250224,
안성시,능국농장,돼지,660,경기도 안성시 일죽면 지내동길 20,"경기도 안성시 일죽면 능국리 745-2, 745-3",37.1146398328,127.4819343132,20250224,
안성시,능동농장,소,24,경기도 안성시 금광면 한운길 58-1,경기도 안성시 금광면 한운리 136번지 2호,36.9768989266,127.3311630490,20250224,
안성시,능북목장,소,50,경기도 안성시 죽산면 녹배길 88-8,경기도 안성시 죽산면 장능리 518번지,37.0679452553,127.3944057347,20250224,
안성시,능순목장,소,34,경기도 안성시 금광면 석하양지편길 50,경기도 안성시 금광면 석하리 205번지 1호 외 2필지,36.9571581974,127.3137173818,20250224,
안성시,다니엘목장,소,52,경기도 안성시 일죽면 금일로 166,경기도 안성시 일죽면 화봉리 228번지 8호 외1필지,37.0668632378,127.4770186606,20250224,
안성시,다라물농장,소,8,경기도 안성시 일죽면 일죽신동길 189-21,경기도 안성시 일죽면 월정리 1152번지,37.0952689997,127.4523884514,20250224,
안성시,다래농장,염소,45,경기도 안성시 미양면 안골길 78,경기도 안성시 미양면 갈전리 14번지,36.9818690912,127.2384414593,20250224,
안성시,다물농장,돼지,700,경기도 안성시 일죽면 일죽신흥로 159-27,경기도 안성시 일죽면 화곡리 209번지 8호,37.1163724239,127.4654803794,20250224,
안성시,다솜농장,소,60,경기도 안성시 일죽면 장암초교길 102-13,경기도 안성시 일죽면 장암리 462번지 외3필지,37.0767836648,127.4605339781,20250224,
안성시,다영목장,소,60,경기도 안성시 미양면 바울길 9-8,"경기도 안성시 미양면 양지리 35-3, 35-29, 38-1, 38-2",36.9794442733,127.2225846418,20250224,
안성시,다온목장,소,81,경기도 안성시 죽산면 장원길 174-14,"경기도 안성시 죽산면 장원리 463번지 , 461, -1, 462-2, -3, 463-1, -2, 464-1, -2, -3",37.0650230576,127.4285604112,20250224,
안성시,다올목장,소,126,경기도 안성시 대덕면 죽촌길 96-36,"경기도 안성시 대덕면 죽리 302,302-1",36.9934266342,127.2191737108,20250224,
안성시,다인농장,돼지,2400,경기도 안성시 일죽면 죽화로 22-9,경기도 안성시 일죽면 고은리 1141번지 1호,37.1161017579,127.4350522520,20250224,
안성시,다조은농장,소,263,경기도 안성시 대덕면 한천길 211-58,"경기도 안성시 대덕면 죽리 488번지 , 488-1, 489",36.9908130116,127.2156210046,20250224,
안성시,다한농장,소,143,경기도 안성시 미양면 중앙배수1길 148-4,경기도 안성시 미양면 정동리 504번지 19호,36.9756436758,127.1981503061,20250224,
안성시,달우물농장,돼지,2104,경기도 안성시 일죽면 일죽신동길 128,"경기도 안성시 일죽면 월정리 44번지 3호 , 44-2",37.0983911656,127.4612429969,20250224,
안성시,달우물농장,소,0,경기도 안성시 일죽면 일죽신동길 136,"경기도 안성시 일죽면 월정리 40번지 1호 , 40-2",37.0976157859,127.4607820034,20250224,
안성시,담이농장,소,0,경기도 안성시 금광면 석하양지편길 18-14,경기도 안성시 금광면 석하리 84번지,36.9553058181,127.3166760120,20250224,
안성시,담쟁이농장,소,46,경기도 안성시 삼죽면 서동대로 6362-25,경기도 안성시 삼죽면 진촌리 207번지,37.0610977483,127.3705245226,20250224,
안성시,당목리목장,소,0,경기도 안성시 죽산면 목동길 78-4,경기도 안성시 죽산면 당목리 646번지,37.0281925844,127.4322939071,20250224,
안성시,당촌축산,소,10,경기도 안성시 일죽면 서동대로 7695-13,경기도 안성시 일죽면 당촌리 582번지,37.1047073538,127.4942827802,20250224,
안성시,당촌축산,소,140,경기도 안성시 일죽면 서동대로 7695-17,경기도 안성시 일죽면 당촌리 570번지,37.1045631453,127.4947104585,20250224,
안성시,대경농장,소,150,경기도 안성시 미양면 신고지길 114,"경기도 안성시 미양면 고지리 427번지 1호 번지 외(-2,-5,-6)",36.9623813728,127.2081442300,20250224,
안성시,대관령목장,소,4,경기도 안성시 원곡면 행골길 200,경기도 안성시 원곡면 산하리 125번지 4호,37.0874700239,127.1265171286,20250224,
안성시,대광축산,돼지,600,경기도 안성시 삼죽면 삼백로 167,"경기도 안성시 삼죽면 덕산리 560번지 , 561-1, 739-3",37.0882697577,127.3731900463,20250224,
안성시,대규농장,소,76,경기도 안성시 일죽면 일죽신흥로 26-11,경기도 안성시 일죽면 화곡리 157번지,37.1072085121,127.4657516786,20250224,
안성시,대근목장,소,53,경기도 안성시 죽산면 걸미로 92-7,경기도 안성시 죽산면 두교리 162번지 1호,37.0153685715,127.4386790678,20250224,
안성시,대농농장,소,18,경기도 안성시 대덕면 미륵안길 7,경기도 안성시 대덕면 대농리 181번지,37.0684024105,127.2711042836,20250224,
안성시,대덕농장,소,0,경기도 안성시 대덕면 신령로 213-35,경기도 안성시 대덕면 명당리 409번지,37.0290335077,127.2192000822,20250224,
안성시,대림축산4,소,0,경기도 안성시 미양면 서미로 236-30,경기도 안성시 미양면 법전리 126번지 외 1필지,36.9451902203,127.2191262355,20250224,
안성시,대망목장,소,80,경기도 안성시 보개면 분토길 33-36,경기도 안성시 보개면 가율리 16번지,37.0727952945,127.2974941011,20250224,
안성시,대산목장,소,90,"경기도 안성시 보개면 가재울길 45-7, (외3필지)",경기도 안성시 보개면 남풍리 835번지 1호 (외3필지),37.0715343760,127.3090169482,20250224,
안성시,대성농장,돼지,1500,경기도 안성시 삼죽면 서동대로 6362-56,경기도 안성시 삼죽면 진촌리 187번지,37.0618134662,127.3738527384,20250224,
안성시,대성농장,소,200,경기도 안성시 일죽면 주래본죽로 209-32,경기도 안성시 일죽면 주천리 621번지 외 1번지,37.0963422340,127.4985483682,20250224,
안성시,대성농장,소,40,경기도 안성시 공도읍 야촌길 93-87,경기도 안성시 공도읍 양기리 87번지 4호,37.0048482967,127.2118259300,20250224,
안성시,대성농장,소,12,경기도 안성시 공도읍 웅교4길 6-101,경기도 안성시 공도읍 웅교리 410번지 2호,36.9749808354,127.1824909835,20250224,
안성시,대성농장,소,100,경기도 안성시 미양면 이박골길 74,경기도 안성시 미양면 구례리 146번지 1호,36.9826401874,127.2448210901,20250224,
안성시,대성농장,소,22,경기도 안성시 고삼면 안성맞춤대로 1893,경기도 안성시 고삼면 가유리 483번지,37.0796279297,127.2588297858,20250224,
안성시,대성농장,소,80,경기도 안성시 일죽면 장암로 17,경기도 안성시 일죽면 화봉리 428번지 1호,37.0780580459,127.4724363337,20250224,
안성시,대성농장,소,141,경기도 안성시 고삼면 윗갈미길 69-7,경기도 안성시 고삼면 대갈리 292번지,37.0721302154,127.2468952228,20250224,
안성시,대성농장 2,소,80,경기도 안성시 공도읍 불당길 227-42,경기도 안성시 공도읍 건천리 250번지 1호,36.9722629660,127.1741660160,20250224,
안성시,대성목장,소,0,경기도 안성시 보개면 가재울길 47-7,"경기도 안성시 보개면 남풍리 805번지 , 808-3",37.0704988377,127.3097057555,20250224,
안성시,대성축산,소,0,경기도 안성시 양성면 한내로 430,경기도 안성시 양성면 방축리 925번지 3호,37.0619303366,127.2364571541,20250224,
안성시,대성축산,소,375,경기도 안성시 미양면 서미로 367-7,"경기도 안성시 미양면 고지리 210, 210-1",36.9566550906,127.2128037794,20250224,
안성시,대안농장,소,160,경기도 안성시 대덕면 한천길 239-44,경기도 안성시 대덕면 죽리 585번지 1호,36.9899550027,127.2112078771,20250224,
안성시,대안농장,소,229,경기도 안성시 대덕면 한천길 239-38,경기도 안성시 대덕면 죽리 584번지 1호 외 1필지(585-9),36.9899268380,127.2107472479,20250224,
안성시,대안농장,소,188,경기도 안성시 고삼면 고삼호수로 325-36,경기도 안성시 고삼면 쌍지리 947번지 외 3필지,37.0980143205,127.2855658992,20250224,
안성시,대영농장,소,146,경기도 안성시 대덕면 한천길 197,"경기도 안성시 대덕면 죽리 456번지 외 2필지(456-3, 456-4)",36.9930434089,127.2097577473,20250224,
안성시,대왕곰목장,소,0,경기도 안성시 죽산면 용설호수길 111-68,"경기도 안성시 죽산면 용설리 186번지 1호 , 186-3, 186-4, 186-7, 188, 188-1",37.0589073989,127.4580350109,20250224,
안성시,대원농장,소,11,경기도 안성시 대덕면 한천길 37,경기도 안성시 대덕면 내리 518번지 2호,37.0051672274,127.2132409282,20250224,
안성시,대원농장,소,130,경기도 안성시 금광면 삼흥로 330-8,경기도 안성시 금광면 사흥리 1466번지 3호,37.0042485230,127.3586058675,20250224,
안성시,대원농장,소,29,경기도 안성시 대덕면 당뒤길 26,경기도 안성시 대덕면 내리 583번지,36.9993957799,127.2160610765,20250224,
안성시,대원농장,소,190,경기도 안성시 공도읍 대신두길 169-20,경기도 안성시 공도읍 신두리 52번지,36.9958925939,127.2100166396,20250224,
안성시,대유농장,돼지,1400,경기도 안성시 보개면 내방상삼로 216-95,경기도 안성시 보개면 상삼리 452번지,37.0290181616,127.3296873276,20250224,
안성시,대유농장,돼지,1600,경기도 안성시 양성면 양성로 345,경기도 안성시 양성면 산정리 48번지 1호,37.0838269747,127.2061603676,20250224,
안성시,대유농장,돼지,700,경기도 안성시 보개면 내방상삼로 231-33,경기도 안성시 보개면 상삼리 365번지,37.0318896357,127.3207759371,20250224,
안성시,대유농장,소,12,경기도 안성시 양성면 재인길 17-13 (외 1필지),경기도 안성시 양성면 난실리 133번지 8호 외 1필지,37.1082760800,127.2260096565,20250224,
안성시,대일농장,소,80,경기도 안성시 삼죽면 신미1길 66-34,경기도 안성시 삼죽면 미장리 102번지,37.0377292128,127.3674944550,20250224,
안성시,대춘목장,소,48,"경기도 안성시 고삼면 쌍지길 197-7, (외2필지)",경기도 안성시 고삼면 쌍지리 340번지 2호 (외2필지),37.1142647469,127.2843157107,20250224,
안성시,대춘목장2,소,14,경기도 안성시 고삼면 쌍지길 197-7,경기도 안성시 고삼면 쌍지리 340번지 2호,37.1142647469,127.2843157107,20250224,
안성시,대평원목장,소,70,,경기도 안성시 일죽면 주천리 43번지 4호 외4필지,37.0882116453,127.4963564425,20250224,
안성시,대풍농장,소,22,경기도 안성시 보개면 이전봉산길 35,경기도 안성시 보개면 이전리 373번지 1호,37.0570282961,127.2917323701,20250224,
안성시,대풍농장,소,24,경기도 안성시 죽산면 녹배길 104-22,경기도 안성시 죽산면 장능리 522번지 2호,37.0692684062,127.3922328078,20250224,
안성시,대한농장,소,160,,경기도 안성시 양성면 미산리 559번지 11호,37.1239416466,127.2563736456,20250224,
안성시,대한농장,소,200,경기도 안성시 공도읍 불당안길 36-51,경기도 안성시 공도읍 웅교리 592번지 1호,36.9766700897,127.1771246337,20250224,
안성시,대한축산,소,0,경기도 안성시 일죽면 평촌안길 34-4,"경기도 안성시 일죽면 화곡리 460번지 4호 , 502, 509",37.1034583566,127.4649993327,20250224,
안성시,대현농장,소,77,,경기도 안성시 일죽면 죽림리 844번지,37.0734377082,127.4471639555,20250224,
안성시,대현농장,소,95,경기도 안성시 서운면 서운로 165-20,경기도 안성시 서운면 북산리 354번지,36.9298538761,127.2589318920,20250224,
안성시,대화농장,돼지,3000,경기도 안성시 일죽면 죽화로 251-19,"경기도 안성시 일죽면 화곡리 764번지 7호 , 764-2",37.1113598108,127.4532337911,20250224,
안성시,대화농장,소,8,경기도 안성시 일죽면 죽화로 251-30,경기도 안성시 일죽면 화곡리 759번지,37.1093232336,127.4549007997,20250224,
안성시,대환목장,소,26,경기도 안성시 대덕면 한사울길 177-9,경기도 안성시 대덕면 삼한리 116번지 번지 외 2필지,37.0566692862,127.2825555477,20250224,
안성시,대흥농장,염소,74,경기도 안성시 일죽면 서동대로 7256-32,경기도 안성시 일죽면 월정리 754번지,37.0845071055,127.4553993176,20250224,
안성시,대흥목장,소,67,경기도 안성시 금광면 바우덕이로 635,경기도 안성시 금광면 개산리 598번지 2호 번지 외 1필지,36.9815559958,127.2999609360,20250224,
안성시,더존햇살코리아,돼지,2000,경기도 안성시 미양면 중앙배수1길 170-12,경기도 안성시 미양면 정동리 524번지 15호,36.9750152037,127.1956136198,20250224,
안성시,덕봉농장,돼지,1800,경기도 안성시 양성면 덕봉서원로 575-50,경기도 안성시 양성면 덕봉리 36번지,37.0514022088,127.1918111636,20250224,
안성시,덕봉한우목장,소,0,경기도 안성시 양성면 덕봉서원로 575-40,경기도 안성시 양성면 덕봉리 33번지 1호 번지 외 2필지,37.0506748565,127.1928937590,20250224,
안성시,덕산농장,돼지,1400,경기도 안성시 삼죽면 삼죽초교길 157,경기도 안성시 삼죽면 덕산리 455번지,37.0832038062,127.3732659926,20250224,
안성시,덕이 농장,소,20,경기도 안성시 공도읍 승진길 160,경기도 안성시 공도읍 승두리 707번지,36.9861666044,127.1561951275,20250224,
안성시,덕인농장,소,164,"경기도 안성시 양성면 덕봉서원로 410-35, (외6필지)",경기도 안성시 양성면 명목리 312번지 (외6필지),37.0352308816,127.1885032905,20250224,
안성시,덕화농장1,소,200,경기도 안성시 보개면 내방상삼로 216-26,경기도 안성시 보개면 상삼리 427번지 3호,37.0303100842,127.3254569142,20250224,
안성시,덕화농장2,소,300,경기도 안성시 보개면 내방상삼로 216-76,경기도 안성시 보개면 상삼리 870번지 2호 외 1필지,37.0308194925,127.3286151728,20250224,
안성시,도나도나,돼지,6300,경기도 안성시 죽산면 걸미로 145-56,경기도 안성시 죽산면 두교리 377번지,37.0204944649,127.4325930303,20250224,
안성시,도담농장,돼지,800,경기도 안성시 죽산면 하구산길 178-37,경기도 안성시 죽산면 매산리 957번지 외 1필지,37.1035759558,127.4428621491,20250224,
안성시,도담도담농장,소,0,경기도 안성시 일죽면 죽화로 112-31,경기도 안성시 일죽면 고은리 1158번지 8호,37.1103810430,127.4414613840,20250224,
안성시,도드람농장,돼지,300,경기도 안성시 일죽면 죽화로 110-77 (외2필지),경기도 안성시 일죽면 고은리 806번지 20호 외2필지,37.1064774432,127.4406090319,20250224,
안성시,도암농업회사법인,돼지,5195,경기도 안성시 보개면 보삼로 230-6,경기도 안성시 보개면 북가현리 206번지 외 7필지,37.0986895217,127.3358447293,20250224,
안성시,도일목장,소,100,경기도 안성시 고삼면 안성맞춤대로 1830-12,경기도 안성시 고삼면 대갈리 662번지 3호,37.0731283472,127.2586928736,20250224,
안성시,돈돌이농장,돼지,1000,경기도 안성시 죽산면 장계길 14-37,경기도 안성시 죽산면 장계리 298번지 4호,37.0555431306,127.4070872229,20250224,
안성시,돈수농장,소,28,경기도 안성시 죽산면 장계길 46,경기도 안성시 죽산면 장계리 533번지 4호,37.0512075160,127.4074523970,20250224,
안성시,돌모루목장,소,47,경기도 안성시 양성면 정자말길 67-171,경기도 안성시 양성면 삼암리 479번지 17호,37.0275598140,127.2136064938,20250224,
안성시,동건목장,소,0,경기도 안성시 보개면 보개원삼로 1227-21,"경기도 안성시 보개면 북가현리 519번지 1호 , 1105-1",37.1051142828,127.3100806296,20250224,
안성시,동규농장,소,46,경기도 안성시 대덕면 김중만장군길 228-10,경기도 안성시 대덕면 보동리 91번지,37.0584708418,127.2414630379,20250224,
안성시,동규농장,소,12,,경기도 안성시 일죽면 당촌리 144번지 9호,,,20250224,
안성시,동규목장,소,67,경기도 안성시 공도읍 난촌길 52-8,경기도 안성시 공도읍 승두리 409번지 2호,36.9861132587,127.1659265051,20250224,
안성시,동부농장,돼지,1200,경기도 안성시 삼죽면 꺽지길 74,경기도 안성시 삼죽면 덕산리 582번지,37.0866594822,127.3679381609,20250224,
안성시,동산농장,돼지,3000,경기도 안성시 대덕면 동산말길 80-12,경기도 안성시 대덕면 삼한리 236번지,37.0517701993,127.2754054517,20250224,
안성시,동산농장,소,50,경기도 안성시 대덕면 동산말길 80-25,경기도 안성시 대덕면 삼한리 222번지,37.0506431158,127.2752513230,20250224,
안성시,동산목장,소,133,경기도 안성시 양성면 구장길 52-25 (외1필지),경기도 안성시 양성면 구장리 63번지 외1필지,37.0568777041,127.2039248755,20250224,
안성시,동산비육장,돼지,0,경기도 안성시 삼죽면 상삼로 121,"경기도 안성시 삼죽면 내장리 210번지 1호 , 210-2, 209-5, 209-6, 209-7",37.0833292720,127.4008988813,20250224,
안성시,동서목장,소,37,경기도 안성시 미양면 양변길 24,경기도 안성시 미양면 양변리 294번지 1호,36.9542094590,127.2410520906,20250224,
안성시,동선농장,소,80,경기도 안성시 고삼면 윗갈미길 53,경기도 안성시 고삼면 대갈리 371번지 1호,37.0714108502,127.2477300747,20250224,
안성시,동성목장,소,100,경기도 안성시 보개면 보개원삼로 1004-32,경기도 안성시 보개면 동평리 728번지 외3필지,37.0855477821,127.3122672570,20250224,
안성시,동성목장,소,186,경기도 안성시 양성면 한내로 84-51,경기도 안성시 양성면 구장리 95번지 1호,37.0557245288,127.2041880403,20250224,
안성시,동신농장,소,41,경기도 안성시 보개면 진안로 1296-39,경기도 안성시 보개면 동신리 440번지 2호 외 1필지,37.0047912694,127.2976521407,20250224,
안성시,동양농장,소,19,경기도 안성시 보개면 동양길 72,경기도 안성시 보개면 동평리 223번지,37.0928867985,127.3249646654,20250224,
안성시,동양사슴목장,사슴,49,경기도 안성시 보개면 신장1길 39,경기도 안성시 보개면 신장리 17번지 3호,37.0485974842,127.2853226283,20250224,
안성시,동양축산,돼지,850,경기도 안성시 죽산면 한평길 57,경기도 안성시 죽산면 매산리 906번지,37.1020035510,127.4352331000,20250224,
안성시,동우농장,소,60,경기도 안성시 일죽면 노동길 54-3,경기도 안성시 일죽면 능국리 657번지 1호 (외7필지),37.1124502656,127.4893410011,20250224,
안성시,동우목장,소,0,경기도 안성시 금광면 신양복길 34-104,경기도 안성시 금광면 신양복리 577번지,37.0063715957,127.3159914648,20250224,
안성시,동운농장,소,50,경기도 안성시 고삼면 안성맞춤대로 2041-44,경기도 안성시 고삼면 가유리 882번지,37.0897290575,127.2569299199,20250224,
안성시,동원2축산,소,0,경기도 안성시 공도읍 불당안길 36-97,경기도 안성시 공도읍 건천리 37번지 1호,36.9727449312,127.1790174463,20250224,
안성시,동원축산,소,189,"경기도 안성시 공도읍 불당안길 36-128, 외 4필지",경기도 안성시 공도읍 건천리 13번지 7호,36.9733243353,127.1799362835,20250224,
안성시,동탄목장,소,0,경기도 안성시 미양면 고지1길 78,"경기도 안성시 미양면 고지리 353번지 , 56-3, 97",36.9611396347,127.2165177211,20250224,
안성시,동평농장,소,0,경기도 안성시 보개면 동평길 52-9,경기도 안성시 보개면 동평리 486번지 1호,37.0880968744,127.3167842563,20250224,
안성시,동평농장2,소,0,경기도 안성시 보개면 동평길 29-4,경기도 안성시 보개면 동평리 461번지,37.0885698266,127.3137000628,20250224,
안성시,동현농장,소,50,경기도 안성시 대덕면 미륵로 154-3,경기도 안성시 대덕면 삼한리 620번지 1호,37.0612496101,127.2688086902,20250224,
안성시,동호농장,소,0,경기도 안성시 보개면 절가리길 98-14,"경기도 안성시 보개면 적가리 361번지 2호 , 361-5",37.0491705977,127.3039559728,20250224,
안성시,동훈농장,소,9,경기도 안성시 원곡면 천덕산로 491-14,경기도 안성시 원곡면 성주리 307번지 1호,37.0906087081,127.1507503939,20250224,
안성시,두교리목장,소,29,경기도 안성시 죽산면 걸미로 92-3,경기도 안성시 죽산면 두교리 162번지 2호,37.0152420077,127.4379822138,20250224,
안성시,두리농장,소,27,경기도 안성시 중리길 171-15 (중리동),경기도 안성시 중리동 472번지 4호,36.9770877716,127.2811867323,20250224,
안성시,두리농장,소,120,경기도 안성시 죽산면 삼죽로 216-21,경기도 안성시 죽산면 장능리 943번지,37.0733910665,127.3859270902,20250224,
안성시,두배농장,소,100,경기도 안성시 미양면 신계1길 41,경기도 안성시 미양면 신계리 96번지 1호,36.9655269409,127.1766437062,20250224,
안성시,두배로목장,소,30,경기도 안성시 보개면 보삼로 195,경기도 안성시 보개면 북가현리 224번지,37.1007491246,127.3325091518,20250224,
안성시,두산목장,소,200,경기도 안성시 서운면 송죽길 156-15,경기도 안성시 서운면 현매리 149번지 3호,36.9413864414,127.2270014259,20250224,
안성시,두솔목장,소,100,경기도 안성시 보개면 보삼로 300,경기도 안성시 보개면 북가현리 129번지,37.0964528404,127.3416336969,20250224,
안성시,두아름농장,소,98,경기도 안성시 미양면 미양로 217,경기도 안성시 미양면 개정리 738번지 1호,36.9690283155,127.1986370385,20250224,
안성시,두오팜,돼지,4041,경기도 안성시 죽산면 장계길 14-108,경기도 안성시 죽산면 장계리 330번지 외 1필지(장계리 332번지),37.0586227636,127.4030005840,20250224,
안성시,두울농장,소,64,경기도 안성시 보개면 보삼로 230-4,경기도 안성시 보개면 북가현리 208번지 2호,37.0994012570,127.3355618529,20250224,
안성시,두준 목장,소,131,경기도 안성시 대덕면 김중만장군길 228-46,경기도 안성시 대덕면 보동리 544번지,37.0594107053,127.2384342170,20250224,
안성시,두평목장,소,46,경기도 안성시 죽산면 칠장로 11-56,경기도 안성시 죽산면 당목리 922번지,37.0329745593,127.4245651496,20250224,
안성시,두환목장,소,62,경기도 안성시 고삼면 윗갈미길 83,경기도 안성시 고삼면 대갈리 276번지,37.0733002620,127.2460476026,20250224,
안성시,둔수농장,소,177,"경기도 안성시 일죽면 죽화로 324-44, (외1필지)",경기도 안성시 일죽면 화곡리 557번지 2호 (외1필지),37.1033125898,127.4601263219,20250224,
안성시,둥지농장,소,86,경기도 안성시 미양면 미양로 529-36,경기도 안성시 미양면 갈전리 153번지,36.9853000780,127.2249231041,20250224,
안성시,드림농장,소,104,경기도 안성시 고삼면 사동길 95-25,경기도 안성시 고삼면 쌍지리 566번지 외 2필지,37.1067272365,127.2935434353,20250224,
안성시,등골농장,소,143,경기도 안성시 양성면 한내로 365-23,경기도 안성시 양성면 방축리 595번지 외 1필지,37.0622107473,127.2288862034,20250224,
안성시,똘돌이목장2,소,78,경기도 안성시 고삼면 쌍지길 70-43,경기도 안성시 고삼면 쌍지리 1230번지,37.1063502704,127.2893464736,20250224,
안성시,똘똘이 목장,소,50,경기도 안성시 고삼면 사동길 7-86,경기도 안성시 고삼면 쌍지리 1312번지,37.1028827072,127.2909991799,20250224,
안성시,똘똘이목장3,소,0,경기도 안성시 고삼면 쌍지길 70-36,경기도 안성시 고삼면 쌍지리 1243번지,37.1052678250,127.2889330551,20250224,
안성시,로또목장,소,42,"경기도 안성시 공도읍 향정길 84, (외4필지)",경기도 안성시 공도읍 중복리 84번지 2호 (외4필지),36.9720694183,127.1414173604,20250224,
안성시,리안이네농장,소,85,"경기도 안성시 미양면 고지1길 131-12, (외 1필지)",경기도 안성시 미양면 고지리 62번지 (외 1필지),36.9570139377,127.2177461370,20250224,
안성시,마림목장,소,196,경기도 안성시 일죽면 주래본죽로 167-12,경기도 안성시 일죽면 주천리 611번지 1호,37.0944130192,127.4937096555,20250224,
안성시,마전농장,소,350,경기도 안성시 삼죽면 덕계실2길 121,경기도 안성시 삼죽면 마전리 132번지 1호,37.0413368058,127.3465836231,20250224,
안성시,마전농장,소,200,경기도 안성시 삼죽면 덕계실1길 62,경기도 안성시 삼죽면 마전리 135번지 3호 외1필지,37.0387661433,127.3386050747,20250224,
안성시,마전목장,소,0,경기도 안성시 삼죽면 덕계실1길 11,경기도 안성시 삼죽면 마전리 191번지,37.0339570524,127.3353769899,20250224,
안성시,마포농장,소,7,경기도 안성시 미양면 서미로 304-20,경기도 안성시 미양면 고지리 330번지 1호,36.9513833295,127.2154082379,20250224,
안성시,마현농장,소,70,경기도 안성시 대덕면 소마니길 136-4,경기도 안성시 대덕면 소현리 117번지 1호,37.0333216367,127.2545686999,20250224,
안성시,막내목장,소,0,경기도 안성시 양성면 한내로 471,경기도 안성시 양성면 방축리 763번지,37.0653102506,127.2362542359,20250224,
안성시,만강목장,소,176,경기도 안성시 고삼면 안성맞춤대로 2041-44,경기도 안성시 고삼면 가유리 883번지,37.0897290575,127.2569299199,20250224,
안성시,만년목장,소,70,"경기도 안성시 공도읍 원중복길 37-157, 37-159","경기도 안성시 공도읍 중복리 714번지 1호 ,714-6",36.9705139656,127.1252131633,20250224,
안성시,만사목장,소,35,경기도 안성시 공도읍 문터안길 21-62,경기도 안성시 공도읍 마정리 469번지 3호,37.0107694731,127.1898620816,20250224,
안성시,만실목장,소,44,경기도 안성시 보개면 서동대로 5750-32,경기도 안성시 보개면 상삼리 726번지,37.0193366658,127.3296527295,20250224,
안성시,만정농장,소,89,경기도 안성시 공도읍 서동대로 4346-51,경기도 안성시 공도읍 만정리 752번지 1호,37.0013428448,127.1839436361,20250224,
안성시,만희 농장,소,28,경기도 안성시 금광면 한운길 42-24,경기도 안성시 금광면 한운리 126번지,36.9807464818,127.3300309352,20250224,
안성시,만희농장,돼지,4113,경기도 안성시 죽산면 하구산길 196-36,"경기도 안성시 죽산면 매산리 945번지 외 2필지(946,947)",37.1037288601,127.4421642688,20250224,
안성시,맘마농장,돼지,1600,경기도 안성시 일죽면 한다리길 59-12,경기도 안성시 일죽면 방초리 1116번지 3호 외 1필지(1116-2),37.1174620514,127.4190108433,20250224,
안성시,맘마목장,소,83,경기도 안성시 일죽면 한다리길 42,경기도 안성시 일죽면 방초리 859번지 6호 외 3필지,37.1186448653,127.4219137573,20250224,
안성시,매산농장,돼지,1028,경기도 안성시 죽산면 하구산길 178-35,경기도 안성시 죽산면 매산리 958번지,37.1033865584,127.4426597152,20250224,
안성시,매음목장,소,91,"경기도 안성시 미양면 신계1길 46, 외 1필지",경기도 안성시 미양면 신계리 94번지 2호 외 1필지,36.9657716731,127.1771369625,20250224,
안성시,머리목장,소,60,경기도 안성시 공도읍 소신두길 52-36,경기도 안성시 공도읍 신두리 255번지 1호,36.9990233283,127.2038234153,20250224,
안성시,메르시농장,소,180,경기도 안성시 미양면 하개정길 67,경기도 안성시 미양면 개정리 678번지 1호,36.9694101211,127.1928497997,20250224,
안성시,명규농장,소,34,경기도 안성시 중리길 10-55 (중리동),경기도 안성시 중리동 273번지 1호,36.9834563591,127.2692240753,20250224,
안성시,명길농장,소,0,경기도 안성시 공도읍 진사길 110-40,경기도 안성시 공도읍 진사리 248번지 1호,36.9851760694,127.1473337983,20250224,
안성시,명동목장,소,150,경기도 안성시 금광면 대동길 33-13,경기도 안성시 금광면 석하리 381번지,36.9592673758,127.3079272641,20250224,
안성시,명목농장,소,88,경기도 안성시 양성면 칠목길 43-30,"경기도 안성시 양성면 명목리 67번지 6호 , 254-1",37.0376776390,127.1969603918,20250224,
안성시,명문목장,소,62,"경기도 안성시 공도읍 정봉길 130-48, (외 2필지)",경기도 안성시 공도읍 웅교리 99번지 (외 2필지),36.9907495535,127.1800655614,20250224,
안성시,명산목장,소,0,경기도 안성시 보개면 방죽안길 111-3,경기도 안성시 보개면 구사리 360번지 24호,37.0206515894,127.2947321370,20250224,
안성시,명산목장2,소,0,경기도 안성시 보개면 방죽안길 106-27,"경기도 안성시 보개면 구사리 312번지 ,311-2, 311-3, 304",37.0217924352,127.2976632733,20250224,
안성시,명석농장,소,14,경기도 안성시 미양면 신두만곡로 851,경기도 안성시 미양면 보체리 139번지 4호,36.9734410562,127.2469752276,20250224,
안성시,명성농장,돼지,1800,경기도 안성시 일죽면 오방길 38,경기도 안성시 일죽면 고은리 1152번지 13호,37.1088267845,127.4342030820,20250224,
안성시,명원농장,소,42,경기도 안성시 대덕면 대농1길 20,경기도 안성시 대덕면 대농리 198번지,37.0674414616,127.2683061964,20250224,
안성시,명재 농장,소,19,경기도 안성시 보개면 북좌안길 10-16,경기도 안성시 보개면 북좌리 130번지,37.0445567028,127.3344881985,20250224,
안성시,명주농장,소,100,경기도 안성시 미양면 서미로 346-18,경기도 안성시 미양면 고지리 254번지,36.9551872402,127.2153266905,20250224,
안성시,명품농장,소,0,경기도 안성시 중리길 209-17(중리동),"경기도 안성시 중리동 492번지 , 492-4",36.9736549995,127.2821290716,20250224,
안성시,목인농장,소,41,경기도 안성시 금광면 내동길 39-17 (외 1필지(206-2) 나동),경기도 안성시 금광면 내우리 206번지 1호 외 1필지(206-2) 나동,36.9912243718,127.3028911256,20250224,
안성시,무지개농장,소,40,경기도 안성시 발화대길 244 (중리동),경기도 안성시 중리동 14번지 4호,36.9823052145,127.2850708062,20250224,
안성시,무한농장,소,14,경기도 안성시 대덕면 신령로 213-76,경기도 안성시 대덕면 신령리 95번지,37.0309090246,127.2232633223,20250224,
안성시,문고목장,소,37,경기도 안성시 금광면 금광오산로 146-21,경기도 안성시 금광면 오산리 13번지 3호,36.9911024438,127.3168148896,20250224,
안성시,문규농장,소,10,,경기도 안성시 일죽면 장암리 367번지 1호,,,20250224,
안성시,문금한우,소,160,경기도 안성시 양성면 칠목길 43-82,경기도 안성시 양성면 덕봉리 681번지 3호 (681-16),37.0372236308,127.2027868047,20250224,
안성시,문기 농장,소,80,,경기도 안성시 양성면 동항리 449번지,37.0645986815,127.1916635881,20250224,
안성시,문배농장,소,100,경기도 안성시 일죽면 가리안길 34,경기도 안성시 일죽면 가리 253번지,37.0851994596,127.4837077946,20250224,
안성시,문상농장,소,65,경기도 안성시 보개면 보개원삼로 549,경기도 안성시 보개면 적가리 278번지 1호,37.0506377970,127.2921097185,20250224,
안성시,문투농장,소,0,경기도 안성시 삼죽면 꺽지길 105-33,경기도 안성시 삼죽면 덕산리 677번지,37.0837912668,127.3664467101,20250224,
안성시,문호농장,돼지,1400,경기도 안성시 일죽면 소라태길 86,경기도 안성시 일죽면 월정리 402번지 외 5필지,37.0916727025,127.4534034262,20250224,
안성시,미동농장,소,47,경기도 안성시 대덕면 대농2길 4-25,경기도 안성시 대덕면 대농리 404번지 7호,37.0658416233,127.2707295240,20250224,
안성시,미래농장,소,196,,경기도 안성시 삼죽면 마전리 183번지 1호,37.0368130618,127.3360821807,20250224,
안성시,미래비전농장,소,300,경기도 안성시 공도읍 용정길 68-9,경기도 안성시 공도읍 건천리 807번지 2호,36.9752670278,127.1465930574,20250224,
안성시,미리내농장,소,292,경기도 안성시 양성면 미리내성지로 172,경기도 안성시 양성면 미산리 671번지,37.1203929193,127.2556612180,20250224,
안성시,미선농장,소,0,경기도 안성시 삼죽면 신미1길 66-8,경기도 안성시 삼죽면 미장리 155번지 2호,37.0380417474,127.3648626818,20250224,
안성시,미소농장,소,187,경기도 안성시 미양면 보촌4길 90,경기도 안성시 미양면 고지리 473번지 1호 외 1,36.9609078388,127.2028253231,20250224,
안성시,미소농장,소,40,경기도 안성시 서운면 하송산길 33-8,경기도 안성시 서운면 송산리 219번지 7호,36.9399775140,127.2378210594,20250224,
안성시,미소농장,소,250,경기도 안성시 보개면 밤골안길 17-11,경기도 안성시 보개면 가율리 496번지 4호,37.0637866050,127.3008138198,20250224,
안성시,미소농장,소,340,경기도 안성시 미양면 수로길 34-9,경기도 안성시 미양면 정동리 510번지 11호,36.9786351426,127.2084417122,20250224,
안성시,미소농장,소,30,경기도 안성시 죽산면 걸미로 700-17,경기도 안성시 죽산면 장계리 194번지,37.0583594998,127.4122014357,20250224,
안성시,미소한우,소,140,경기도 안성시 미양면 중앙배수1길 148-17,경기도 안성시 미양면 정동리 504번지 6호,36.9762063916,127.1961144702,20250224,
안성시,미양농장,소,116,경기도 안성시 미양면 미양로 194 (외 4필지),경기도 안성시 미양면 개정리 35번지 3호 외 4필지,36.9670714306,127.1983414320,20250224,
안성시,미원목장,소,44,"경기도 안성시 미양면 법전길 176, (외 2필지)",경기도 안성시 미양면 법전리 144번지 2호 (외 2필지),36.9520476918,127.2032528639,20250224,
안성시,미원목장,소,49,경기도 안성시 미양면 서미로 304-32,경기도 안성시 미양면 고지리 327번지,36.9508459024,127.2168478966,20250224,
안성시,미주농장,소,0,경기도 안성시 사곡1길 72(사곡동),"경기도 안성시 사곡동 111번지 , 111-1",37.0388759920,127.2687865855,20250224,
안성시,미주농장,소,47,경기도 안성시 사곡1길 72 (사곡동),경기도 안성시 사곡동 112번지,37.0388759920,127.2687865855,20250224,
안성시,민경목장,소,28,경기도 안성시 양성면 구장길 91,경기도 안성시 양성면 동항리 239번지 1호,37.0592302216,127.2002489955,20250224,
안성시,민근농장,돼지,2818,경기도 안성시 미양면 중앙배수1길 128-37,경기도 안성시 미양면 정동리 506번지 2호,36.9788401869,127.1967332030,20250224,
안성시,민기농장,돼지,1500,경기도 안성시 삼죽면 서동대로 6172-89,"경기도 안성시 삼죽면 미장리 12, 14, 17, 18",37.0444664512,127.3706764741,20250224,
안성시,민들레 농장,돼지,1500,"경기도 안성시 죽산면 장계길 20-112 (외 3필지(375,378,380))","경기도 안성시 죽산면 장계리 374번지 외 3필지(375,378,380)",37.0540039413,127.3988338514,20250224,
안성시,민수목장,소,12,경기도 안성시 금광면 바우덕이로 631,경기도 안성시 금광면 개산리 599번지 1호,36.9815026091,127.3003768166,20250224,
안성시,민애농장,소,57,경기도 안성시 대덕면 한천길 37-9,경기도 안성시 대덕면 내리 515번지,37.0063588248,127.2139445645,20250224,
안성시,민영 목장,소,33,,경기도 안성시 미양면 신계리 336번지,,,20250224,
안성시,민영농장,소,122,경기도 안성시 대덕면 한천길 191-8,경기도 안성시 대덕면 죽리 454번지,36.9926393287,127.2103998404,20250224,
안성시,민우농장,돼지,0,경기도 안성시 일죽면 일생로 205-99,"경기도 안성시 일죽면 금산리 510번지 4호 , 510-5",37.0742662177,127.4989200367,20250224,
안성시,민우농장,소,32,경기도 안성시 일죽면 죽화로 410-4 (외 1필지(390-1)),경기도 안성시 일죽면 화곡리 389번지 3호 외 1필지(390-1),37.1043972331,127.4700858814,20250224,
안성시,민철목장,소,45,,경기도 안성시 보개면 이전리 227번지,37.0601301357,127.2922525393,20250224,
안성시,민해목장,소,39,경기도 안성시 일죽면 한다리길 35-21,경기도 안성시 일죽면 방초리 1120번지 5호,37.1159140440,127.4226707193,20250224,
안성시,민호농장,소,125,경기도 안성시 양성면 덕봉서원로 410-94,경기도 안성시 양성면 명목리 222번지 5호 외 5필지,37.0351252727,127.1929451438,20250224,
안성시,바우농장,돼지,1000,경기도 안성시 일죽면 노성로 193-27,경기도 안성시 일죽면 신흥리 326번지 1호 외 5필지,37.1208325265,127.4813137170,20250224,
안성시,바우농장,돼지,1200,"경기도 안성시 보개면 내방상삼로 216-67 (, 335번지)","경기도 안성시 보개면 상삼리 331번지 , 335번지",37.0323962052,127.3280606868,20250224,
안성시,반제농장,돼지,2300,경기도 안성시 원곡면 원당로 335,경기도 안성시 원곡면 반제리 9번지 1호 외 12필지,37.0272504824,127.1708057607,20250224,
안성시,발화농장,소,140,경기도 안성시 발화대길 242-12 (중리동),경기도 안성시 중리동 4번지 1호,36.9814385695,127.2843765979,20250224,
안성시,방신농장,소,230,경기도 안성시 양성면 성하길 33-28,경기도 안성시 양성면 방신리 135번지 3호,37.0314385196,127.1793552771,20250224,
안성시,방은농장,돼지,1920,경기도 안성시 일죽면 한다리길 36-13,경기도 안성시 일죽면 방초리 1107번지 5호,37.1195557611,127.4226107324,20250224,
안성시,방은목장,소,85,경기도 안성시 일죽면 고목길 3-37,경기도 안성시 일죽면 고은리 378번지 외 8필지,37.1283260796,127.4369218807,20250224,
안성시,방초농장,소,18,경기도 안성시 일죽면 한다리길 15-15,경기도 안성시 일죽면 방초리 1124번지 4호,37.1162400536,127.4250004072,20250224,
안성시,백두산농장,소,39,경기도 안성시 미양면 미양로 579-8,경기도 안성시 미양면 갈전리 62번지 2호,36.9868744069,127.2314011908,20250224,
안성시,백련농장,소,78,경기도 안성시 원곡면 지문로 216-61,경기도 안성시 원곡면 지문리 686번지,37.0586826017,127.1485235448,20250224,
안성시,백마농장,소,56,경기도 안성시 일죽면 죽화로 369,경기도 안성시 일죽면 화곡리 145번지 1호,37.1059286252,127.4662362030,20250224,
안성시,백봉농장,소,26,경기도 안성시 보개면 이전봉산길 34,경기도 안성시 보개면 이전리 371번지 4호,37.0570564627,127.2923733930,20250224,
안성시,백석농장,소,0,경기도 안성시 양성면 덕봉서원로 457-44,"경기도 안성시 양성면 덕봉리 297번지 4호 , 622-11",37.0419011679,127.1849675683,20250224,
안성시,백운 목장,소,45,경기도 안성시 금광면 바우덕이로 645-27,경기도 안성시 금광면 개산리 373번지 1호,36.9844229914,127.3002006367,20250224,
안성시,백운농장,소,36,경기도 안성시 일죽면 가리길 5,경기도 안성시 일죽면 주천리 573번지 1호,37.0923211393,127.4868232394,20250224,
안성시,버들농장,소,0,경기도 안성시 금광면 구송동길 91,"경기도 안성시 금광면 내우리 256번지 , 256-1",36.9944807417,127.3041975851,20250224,
안성시,버들농장,소,133,경기도 안성시 금광면 구송동길 54-34,경기도 안성시 금광면 내우리 365번지 1호,36.9970903765,127.3014599315,20250224,
안성시,번개농장,소,191,경기도 안성시 금광면 발화대길 263-22,경기도 안성시 금광면 개산리 103번지 1호 외 1필지,36.9843449208,127.2864247034,20250224,
안성시,번빈농축,소,62,경기도 안성시 금광면 내동길 92,경기도 안성시 금광면 내우리 142번지 1호,36.9937385522,127.3078743262,20250224,
안성시,번성팜,돼지,1250,경기도 안성시 죽산면 하구산길 154,경기도 안성시 죽산면 매산리 992번지,37.1007635470,127.4429542921,20250224,
안성시,범 현대농장,소,0,경기도 안성시 양성면 교동길 19-61,"경기도 안성시 양성면 동항리 40번지 1호 40, 40-2",37.0683036730,127.1916752990,20250224,
안성시,범근농장,소,63,,경기도 안성시 양성면 명목리 67번지 4호,,,20250224,
안성시,범민농장,돼지,800,경기도 안성시 일죽면 장암초교길 102-22,"경기도 안성시 일죽면 장암리 514번지 , 513, 515",37.0774688642,127.4608711350,20250224,
안성시,범민농장,소,0,경기도 안성시 일죽면 장암초교길 90-16,경기도 안성시 일죽면 장암리 146번지 2호,37.0773518514,127.4613999631,20250224,
안성시,베드로 농장,소,299,경기도 안성시 일죽면 일생로 320-51,경기도 안성시 일죽면 금산리 87번지 6호,37.0652968401,127.5055680885,20250224,
안성시,벧엘농장,소,31,경기도 안성시 보개면 삼은길 310,경기도 안성시 보개면 남풍리 1224번지 3호,37.0798364470,127.3034382635,20250224,
안성시,벨델농장,소,75,경기도 안성시 보개면 오림길 55,경기도 안성시 보개면 적가리 88번지,37.0547554170,127.2961924045,20250224,
안성시,별빛농장,소,0,경기도 안성시 미양면 동변길 17-12,경기도 안성시 미양면 양변리 220번지,36.9535411372,127.2446373980,20250224,
안성시,별빛목장,소,36,경기도 안성시 공도읍 정봉길 64,경기도 안성시 공도읍 승두리 830번지 6호,36.9942377835,127.1766120975,20250224,
안성시,병구농장,소,21,경기도 안성시 보개면 보개원삼로 307-11,경기도 안성시 보개면 기좌리 628번지 1호,37.0301919346,127.2862964000,20250224,
안성시,병을농장,소,13,경기도 안성시 공도읍 진사1길 37-9,경기도 안성시 공도읍 진사리 326번지,36.9875149183,127.1426820875,20250224,
안성시,병조농장,소,8,경기도 안성시 일죽면 지내동길 38-27,경기도 안성시 일죽면 신흥리 283번지 1호,37.1163524164,127.4811347196,20250224,
안성시,병준농장,소,60,경기도 안성시 일죽면 은석길 34-88,경기도 안성시 일죽면 고은리 1161번지 4호,37.1306978591,127.4389013685,20250224,
안성시,병학농장,소,34,경기도 안성시 보개면 방죽안길 95,경기도 안성시 보개면 구사리 367번지 2호,37.0195886353,127.2951621864,20250224,
안성시,병학농장,소,73,경기도 안성시 보개면 방죽안길 106-13,경기도 안성시 보개면 구사리 93번지 번지 외 3필지,37.0207365092,127.2969353427,20250224,
안성시,병현목장,소,44,경기도 안성시 미양면 고지1길 131-112,경기도 안성시 미양면 고지리 55번지 1호,36.9585688028,127.2195938184,20250224,
안성시,병호농장,소,41,경기도 안성시 죽산면 장원길 156-5,경기도 안성시 죽산면 장원리 472번지 3호,37.0659052036,127.4265010736,20250224,
안성시,보광목장,소,6,경기도 안성시 고삼면 안성맞춤대로 2066-3,경기도 안성시 고삼면 가유리 82번지 4호,37.0941683198,127.2590087697,20250224,
안성시,보동 목장,소,66,,경기도 안성시 대덕면 보동리 121번지 1호,,,20250224,
안성시,보두농장,소,225,경기도 안성시 대덕면 모산로 422-1,"경기도 안성시 대덕면 보동리 577번지 , 577-2",37.0540337181,127.2405108571,20250224,
안성시,보람농장,소,25,경기도 안성시 양성면 정자말길 67-28,경기도 안성시 양성면 삼암리 313번지 2호,37.0255793711,127.2036978636,20250224,
안성시,보람목장,소,150,경기도 안성시 고삼면 갈미길 7-19,경기도 안성시 고삼면 대갈리 481번지,37.0631120260,127.2493098156,20250224,
안성시,보배목장,소,140,경기도 안성시 양성면 교동길 19-181,경기도 안성시 양성면 동항리 8번지 외 4필지,37.0734127214,127.1874472070,20250224,
안성시,보성농장,소,50,"경기도 안성시 일죽면 평촌길 24-14 (외 2필지(35-2, 37-1))","경기도 안성시 일죽면 화곡리 35번지 1호 외 2필지(35-2, 37-1)",37.0973673544,127.4755690231,20250224,
안성시,보성목장,소,55,경기도 안성시 죽산면 구행길 45,경기도 안성시 죽산면 매산리 597번지,37.1036677220,127.4291656303,20250224,
안성시,보영농장,돼지,390,경기도 안성시 죽산면 걸미로 723-10,"경기도 안성시 죽산면 장계리 35번지 1호 , 35-2",37.0601061737,127.4093987125,20250224,
안성시,보은농장,소,0,경기도 안성시 양성면 돌꽃지길 79-25,경기도 안성시 양성면 추곡리 123번지 3호,37.0649121936,127.2086742672,20250224,
안성시,보촌농장,소,476,경기도 안성시 미양면 고지1길 131-13,경기도 안성시 미양면 고지리 57번지 1호 외 8필지,36.9576904436,127.2179233638,20250224,
안성시,복영농장,소,0,경기도 안성시 원곡면 만세로 1415-31,경기도 안성시 원곡면 외가천리 246번지 1호,37.0344734462,127.1288794516,20250224,
안성시,본민농장,소,306,경기도 안성시 죽산면 용설로 213,경기도 안성시 죽산면 용설리 1387번지,37.0638781955,127.4454565697,20250224,
안성시,봉균농장,소,70,경기도 안성시 대덕면 죽촌길 209-52,경기도 안성시 대덕면 죽리 546번지 548-1,36.9876470082,127.2185881535,20250224,
안성시,봉기농장,소,10,경기도 안성시 보개면 고삼호수로 488-1,경기도 안성시 보개면 북가현리 851번지,37.1002431514,127.3024627471,20250224,
안성시,봉기목장,소,75,경기도 안성시 보개면 고삼호수로 508-29,경기도 안성시 보개면 북가현리 824번지,37.0990346449,127.3021057704,20250224,
안성시,봉수농장,소,43,경기도 안성시 원곡면 지문로 84-60,경기도 안성시 원곡면 지문리 532번지 16호,37.0433641425,127.1355271326,20250224,
안성시,봉축농장,소,52,경기도 안성시 미양면 보촌4길 84,경기도 안성시 미양면 고지리 473번지,36.9604029780,127.2028048189,20250224,
안성시,부건농장,돼지,1550,"경기도 안성시 일죽면 고목길 51-19 (외 4필지(184-1, 1164-1, 1164-2, 1163-10))","경기도 안성시 일죽면 고은리 184번지 외 4필지(184-1, 1164-1, 1164-2, 1163-10)",37.1287242327,127.4398598835,20250224,
안성시,부영농장,소,30,경기도 안성시 죽산면 장계길 74,경기도 안성시 죽산면 장계리 674번지 1호,37.0484401568,127.4075119876,20250224,
안성시,부자농장,소,209,경기도 안성시 대덕면 대농2길 4-31,경기도 안성시 대덕면 대농리 405번지 13호,37.0650841430,127.2705855726,20250224,
안성시,부자농장,소,64,,경기도 안성시 일죽면 능국리 362번지 3호,,,20250224,
안성시,부자농장,소,81,경기도 안성시 일죽면 금일로 214-24,경기도 안성시 일죽면 화봉리 234번지 번지 외 1필지,37.0695947577,127.4779627725,20250224,
안성시,부흥농장,소,9,경기도 안성시 양성면 재인길 52-49,경기도 안성시 양성면 난실리 56번지 8호,37.1081062675,127.2305797563,20250224,
안성시,분당농장,소,0,경기도 안성시 사곡3길 18-13(사곡동),경기도 안성시 사곡동 194번지 1호,37.0427281095,127.2657161967,20250224,
안성시,분당목장,소,68,"경기도 안성시 일죽면 덕현길 107, 외 2필지",경기도 안성시 일죽면 신흥리 405번지 1호 외 2필지,37.1269794805,127.4770004972,20250224,
안성시,붉으뫼 목장,소,110,경기도 안성시 고삼면 안성맞춤대로 2041-44,경기도 안성시 고삼면 가유리 883번지,37.0897290575,127.2569299199,20250224,
안성시,브래뉴농장,소,15,경기도 안성시 양성면 한내로 457-73,경기도 안성시 양성면 방축리 861번지,37.0656839456,127.2300661973,20250224,
안성시,비봉농장,돼지,2700,경기도 안성시 삼죽면 상삼로 236-11,"경기도 안성시 삼죽면 내장리 58번지 1호 , 58-3, 59-2",37.0924654417,127.4066820816,20250224,
안성시,비전농장,소,0,경기도 안성시 양성면 약산길 22-11,"경기도 안성시 양성면 미산리 782번지 3호 , 782-5, 959-27",37.1155294265,127.2577029271,20250224,
안성시,비전농장,소,85,경기도 안성시 공도읍 진사길 198-49,경기도 안성시 공도읍 진사리 652번지 2호,36.9824574470,127.1516498640,20250224,
안성시,빅보스,소,86,경기도 안성시 미양면 서미로 326-25,경기도 안성시 미양면 고지리 290번지,36.9535210577,127.2159506575,20250224,
안성시,빅보스목장,소,160,경기도 안성시 미양면 고지1길 78,경기도 안성시 미양면 고지리 102번지,36.9611396347,127.2165177211,20250224,
안성시,사곡농장,돼지,0,경기도 안성시 사곡1길 65-35(사곡동),경기도 안성시 사곡동 118번지,37.0405811159,127.2695123354,20250224,
안성시,사랑목장,소,0,경기도 안성시 미양면 서미로 388-24,경기도 안성시 미양면 고지리 161,36.9585959149,127.2158307137,20250224,
안성시,사슴목장,소,56,경기도 안성시 양성면 한내로 481-27,경기도 안성시 양성면 방축리 464번지,37.0677437681,127.2360995740,20250224,
안성시,사슴목장,소,181,경기도 안성시 보개면 내방상삼로 216-13,경기도 안성시 보개면 상삼리 432번지 번지 외 11필지,37.0309688578,127.3259501218,20250224,
안성시,사암목장,소,15,경기도 안성시 안성맞춤대로 1420 (사곡동),경기도 안성시 사곡동 168번지 1호,37.0387273710,127.2620065081,20250224,
안성시,사홍농장,소,80,경기도 안성시 일죽면 장암초교길 128,경기도 안성시 일죽면 장암리 112번지 1호,37.0771436910,127.4589249911,20250224,
안성시,산골염생이,소,37,경기도 안성시 고삼면 사동길 95-42,"경기도 안성시 고삼면 쌍지리 459번지 , 461, 461-1",37.1085825920,127.2926380007,20250224,
안성시,산골한우농장,소,893,경기도 안성시 보개면 보개원삼로 660-60,"경기도 안성시 보개면 적가리 547번지 1호 , -2, -3, -4, -5",37.0571180499,127.3020347216,20250224,
안성시,산골한우농장,소,100,경기도 안성시 보개면 밤골안길 74,경기도 안성시 보개면 가율리 353번지 번지 외 1필지,37.0612072893,127.3055109713,20250224,
안성시,산골한우농장,소,200,경기도 안성시 보개면 밤골안길 94 (외 1필지),경기도 안성시 보개면 가율리 344번지 외 1필지,37.0583499263,127.3056194927,20250224,
안성시,산내음농장,소,8,경기도 안성시 보개면 이전봉산길 127-42,경기도 안성시 보개면 이전리 469번지 6호,37.0656570550,127.2878055052,20250224,
안성시,산동축산,소,1571,경기도 안성시 보개면 절가리길 22-72,"경기도 안성시 보개면 적가리 427번지 , 428",37.0447816524,127.2991878980,20250224,
안성시,산마을 농장,돼지,1000,,경기도 안성시 삼죽면 미장리 40번지 4호,,,20250224,
안성시,산외목장,소,106,경기도 안성시 미양면 신계길 231-1,경기도 안성시 미양면 신계리 262번지,36.9659283902,127.1621839603,20250224,
안성시,산우물목장,소,333,경기도 안성시 양성면 양성로 252-13,"경기도 안성시 양성면 조일리 141-1,-2,-4,-5,138-1,-2,-3,-4,139,152-2,196-2",37.0744049267,127.2089529542,20250224,
안성시,산울림,소,26,경기도 안성시 원곡면 원암로 194-39,경기도 안성시 원곡면 성주리 26번지,37.0854533762,127.1731758386,20250224,
안성시,삼강농장,돼지,1943,경기도 안성시 일죽면 죽화로 531-19,경기도 안성시 일죽면 신흥리 43번지 1호,37.1070680631,127.4833654685,20250224,
안성시,삼만목장,소,130,경기도 안성시 대덕면 죽촌길 20-6,경기도 안성시 대덕면 내리 314번지 1호,37.0028667291,127.2200269032,20250224,
안성시,삼면목장,소,50,경기도 안성시 대덕면 미륵로 173-22 (외 1필지(403-7)),경기도 안성시 대덕면 대농리 403번지 5호 외 1필지(403-7),37.0626344398,127.2670835157,20250224,
안성시,삼문목장,소,13,"경기도 안성시 미양면 은골길 19-26 (,56-3)","경기도 안성시 미양면 갈전리 56번지 2호 ,56-3",36.9845080649,127.2333759262,20250224,
안성시,삼본농장,돼지,0,경기도 안성시 보개면 시드물길 28-41,경기도 안성시 보개면 남풍리 588번지 2호 외 10필지,37.0803234762,127.3148003200,20250224,
안성시,삼부자농장,소,120,경기도 안성시 양성면 한내로 518-36,경기도 안성시 양성면 방축리 933번지 4호,37.0620765402,127.2414508028,20250224,
안성시,삼성농장,소,20,경기도 안성시 미양면 하개정길 90-58,경기도 안성시 미양면 진촌리 215번지 3호,36.9734535655,127.1878452000,20250224,
안성시,삼성농장,소,200,경기도 안성시 미양면 서미로 212-13,경기도 안성시 미양면 법전리 134번지 1호,36.9441075082,127.2187146731,20250224,
안성시,삼암농장,소,103,경기도 안성시 대덕면 동산말길 55-19,경기도 안성시 대덕면 삼한리 297번지,37.0537830369,127.2768053800,20250224,
안성시,삼암농장,소,5,경기도 안성시 양성면 정자말길 62-29,경기도 안성시 양성면 삼암리 215번지,37.0283763798,127.2011235693,20250224,
안성시,삼암농장,소,80,경기도 안성시 대덕면 동산말길 55-26,경기도 안성시 대덕면 삼한리 722번지 6호 257번지,37.0532340114,127.2772568598,20250224,
안성시,삼육목장,소,80,경기도 안성시 삼죽면 개나리길 50-6,경기도 안성시 삼죽면 진촌리 129번지 2호,37.0566626920,127.3705208112,20250224,
안성시,삼일목장,소,80,경기도 안성시 삼죽면 계곡길 27,경기도 안성시 삼죽면 덕산리 193번지 1호,37.0836410413,127.3775970175,20250224,
안성시,삼죽농장,돼지,500,경기도 안성시 삼죽면 상삼로 199,경기도 안성시 삼죽면 내장리 20번지 외 1필지,37.0891185041,127.4033893144,20250224,
안성시,삼죽영농조합법인,돼지,2787,"경기도 안성시 삼죽면 삼죽초교길 112, (외3필지)",경기도 안성시 삼죽면 덕산리 788번지 (외3필지),37.0796681114,127.3713255037,20250224,
안성시,삼지목장,소,36,경기도 안성시 양성면 교동길 19-169,경기도 안성시 양성면 동항리 10번지,37.0731275218,127.1886858460,20250224,
안성시,삼창농장,소,100,"경기도 안성시 죽산면 녹배길 50-75, (910-3번지)",경기도 안성시 죽산면 장능리 910번지 3호,37.0704431555,127.3954597115,20250224,
안성시,삼현농장,소,100,경기도 안성시 양성면 정자말길 67-17,경기도 안성시 양성면 삼암리 478번지 1호,37.0260766423,127.2042917993,20250224,
안성시,삼형제농장,소,17,경기도 안성시 옥산들2길 12 (옥산동),경기도 안성시 옥산동 138번지 4호,37.0079523078,127.2488841067,20250224,
안성시,상갈목장,소,169,경기도 안성시 고삼면 윗갈미길 66,"경기도 안성시 고삼면 대갈리 277번지 1호 ,289 외 5필지",37.0734460770,127.2467896016,20250224,
안성시,상경농장,소,90,경기도 안성시 공도읍 용머리큰길 34-95,경기도 안성시 공도읍 용두리 394번지 1호,37.0110810986,127.1652102691,20250224,
안성시,상경농장,소,58,,경기도 안성시 일죽면 당촌리 327번지 2호 (외 1필지),37.1062851907,127.4979836084,20250224,
안성시,상경농장,소,29,경기도 안성시 죽산면 용설로 213-9,경기도 안성시 죽산면 용설리 1368번지,37.0648161112,127.4463895263,20250224,
안성시,상경농장2,소,35,"경기도 안성시 일죽면 일죽당촌1길 11-58, (외 1필지)",경기도 안성시 일죽면 당촌리 331번지 4호 (외 1필지),37.1053835367,127.4975577972,20250224,
안성시,상교농장,소,39,경기도 안성시 일죽면 죽화로 251-23,경기도 안성시 일죽면 화곡리 764번지 4호 외 3필지,37.1095754045,127.4543041273,20250224,
안성시,상규 목장,소,22,경기도 안성시 원곡면 주정길 15-14,경기도 안성시 원곡면 반제리 382번지 1호,37.0204436618,127.1608522916,20250224,
안성시,상기농장,소,17,경기도 안성시 보개면 남사당로 605,경기도 안성시 보개면 남풍리 359번지,37.0637967408,127.3243453735,20250224,
안성시,상범농장,소,0,경기도 안성시 일죽면 평촌안길 26,경기도 안성시 일죽면 화곡리 477번지 2호,37.1023045266,127.4649886095,20250224,
안성시,상섭농장,소,0,경기도 안성시 삼죽면 벌터길 34,경기도 안성시 삼죽면 용월리 235번지 3호,37.0851665193,127.3888460971,20250224,
안성시,상소목장,소,150,경기도 안성시 금광면 바우덕이로 580-34,경기도 안성시 금광면 개산리 536번지 1호 외 3필지,36.9778213990,127.2931731164,20250224,
안성시,상우농장,소,326,경기도 안성시 미양면 보촌4길 125-33,"경기도 안성시 미양면 개정리 724번지 , 724-1",36.9648883566,127.1977209542,20250224,
안성시,상우농장,소,120,경기도 안성시 미양면 하개정길 90-25,경기도 안성시 미양면 진촌리 427번지,36.9707522711,127.1890021635,20250224,
안성시,상운목장,소,70,경기도 안성시 미양면 역전길 14-17,경기도 안성시 미양면 양지리 23번지 5호,36.9816902291,127.2193292127,20250224,
안성시,상원목장,소,40,,경기도 안성시 보개면 상삼리 871번지 3호,,,20250224,
안성시,상은목장,소,46,경기도 안성시 보개면 내방상삼로 168-45,경기도 안성시 보개면 상삼리 444번지 5호,37.0299442880,127.3280549705,20250224,
안성시,상익목장,소,45,경기도 안성시 죽산면 걸미로 711-13,경기도 안성시 죽산면 장계리 169번지,37.0575550069,127.4092555290,20250224,
안성시,상중농장,소,160,경기도 안성시 보개면 가재울길 45-3,"경기도 안성시 보개면 남풍리 793번지 2호 , 834, 834-2",37.0710205988,127.3090407354,20250224,
안성시,상진목장,소,18,경기도 안성시 양성면 한내로 146,경기도 안성시 양성면 구장리 74번지 2호,37.0570370992,127.2100653057,20250224,
안성시,상철농장,소,0,경기도 안성시 죽산면 장계길 16-22,"경기도 안성시 죽산면 장계리 300번지 2호 , 300-5",37.0545874171,127.4068409537,20250224,
안성시,상혁농장,소,15,경기도 안성시 미양면 고지길 90-63,경기도 안성시 미양면 고지리 433번지,36.9652761979,127.2049764739,20250224,
안성시,상현농장,돼지,660,,경기도 안성시 일죽면 월정리 491번지,,,20250224,
안성시,상호농장,소,20,경기도 안성시 양성면 양성로 285-30,경기도 안성시 양성면 산정리 309번지 3호,37.0795068904,127.2052544864,20250224,
안성시,상호농장,소,0,경기도 안성시 보개면 거리실1길 20-17,경기도 안성시 보개면 상삼리 517번지 7호,37.0252072858,127.3250076397,20250224,
안성시,상훈농장,소,71,경기도 안성시 양성면 한내로 230-33,경기도 안성시 양성면 필산리 83번지,37.0511174325,127.2186913766,20250224,
안성시,새누리목장,소,23,경기도 안성시 일죽면 주래본죽로 226-81,경기도 안성시 일죽면 주천리 50번지,37.0892659950,127.4972657587,20250224,
안성시,새마을농장,돼지,0,경기도 안성시 일죽면 죽화로 433,경기도 안성시 일죽면 신흥리 686번지 4호 번지 외 3필지,37.1049207884,127.4731243796,20250224,
안성시,새명순목장,소,18,경기도 안성시 대덕면 소사길 70,경기도 안성시 대덕면 소내리 252번지,37.0408736630,127.2248914145,20250224,
안성시,새샘농장,소,180,,"경기도 안성시 양성면 방신리 471,472번지",,,20250224,
안성시,새샘농장,소,160,경기도 안성시 양성면 새래길 26-24,경기도 안성시 양성면 방신리 615번지 6호,37.0264535590,127.1860881978,20250224,
안성시,새안농장,소,60,경기도 안성시 양성면 한내로 478,경기도 안성시 양성면 방축리 142번지,37.0653301767,127.2371090587,20250224,
안성시,새엄지목장,소,0,경기도 안성시 금광면 북절골길 50,"경기도 안성시 금광면 오산리 326번지 , 328, 342-1, 342-3",36.9844081021,127.3132014976,20250224,
안성시,새연정목장,소,64,경기도 안성시 대덕면 시미실길 50,경기도 안성시 대덕면 보동리 631번지,37.0474638337,127.2453914694,20250224,
안성시,새연정목장,소,80,경기도 안성시 대덕면 시미실길 50,경기도 안성시 대덕면 보동리 631번지 1호 외3필지,37.0474638337,127.2453914694,20250224,
안성시,새열린목장,소,64,경기도 안성시 죽산면 칠장로 168-24,경기도 안성시 죽산면 칠장리 277번지,37.0251807080,127.4164668824,20250224,
안성시,새영진농장,소,223,경기도 안성시 일죽면 죽화로 112-115,경기도 안성시 일죽면 고은리 1178번지 10호,37.1053074173,127.4443802082,20250224,
안성시,새영진목장,소,72,,경기도 안성시 일죽면 고은리 792번지,37.1093959481,127.4392963102,20250224,
안성시,새우림목장,소,62,경기도 안성시 금광면 한운길 58-17,경기도 안성시 금광면 한운리 137번지,36.9780422680,127.3301155999,20250224,
안성시,새한돌 목장,소,52,경기도 안성시 죽산면 걸미로 723-14,경기도 안성시 죽산면 장계리 38번지,37.0602593055,127.4092523083,20250224,
안성시,샘골농장,돼지,600,경기도 안성시 미양면 갈전길 43,경기도 안성시 미양면 갈전리 270번지 1호,36.9807634743,127.2278158805,20250224,
안성시,샘보목장,소,45,,경기도 안성시 미양면 보체리 33번지,36.9735834975,127.2374492618,20250224,
안성시,샛별농장,소,150,경기도 안성시 대덕면 김중만장군길 40,경기도 안성시 대덕면 토현리 91번지 2호,37.0577304579,127.2536015552,20250224,
안성시,서경농축,소,200,경기도 안성시 공도읍 불당안길 36-41,경기도 안성시 공도읍 웅교리 579번지 3호,36.9772443746,127.1761559476,20250224,
안성시,서경농축,소,56,경기도 안성시 대덕면 한천길 81-7,경기도 안성시 대덕면 내리 559번지,37.0021951606,127.2143535383,20250224,
안성시,서미목장,소,130,경기도 안성시 미양면 고지1길 50,경기도 안성시 미양면 고지리 123번지,36.9608638187,127.2142721068,20250224,
안성시,서미목장1,소,70,경기도 안성시 미양면 고지1길 50,경기도 안성시 미양면 고지리 123번지,36.9608638187,127.2142721068,20250224,
안성시,서부농장,소,118,"경기도 안성시 금광면 오산길 55 (,143-1번지)","경기도 안성시 금광면 오산리 143번지 ,143-1번지",36.9871098295,127.3059582229,20250224,
안성시,서부농장,소,784,경기도 안성시 죽산면 장원남산1길 4-5,경기도 안성시 죽산면 장원리 542번지 외 11필지,37.0701886875,127.4292642738,20250224,
안성시,서안농장,소,26,경기도 안성시 죽산면 삼죽로 266,경기도 안성시 죽산면 장능리 582번지,37.0731419688,127.3894148877,20250224,
안성시,서야농장,소,156,경기도 안성시 양성면 칠목길 43-88,경기도 안성시 양성면 덕봉리 680번지 16호,37.0382337056,127.2029740254,20250224,
안성시,서연농장,소,206,경기도 안성시 양성면 한내로 254-6,경기도 안성시 양성면 필산리 59번지 6호 (59-3),37.0528967225,127.2201581316,20250224,
안성시,서영농장,돼지,1543,경기도 안성시 일죽면 죽화로 44-77,경기도 안성시 일죽면 고은리 1153번지 10호,37.1095401688,127.4365097688,20250224,
안성시,서운농장,소,140,경기도 안성시 서운면 인처동길 24-81,경기도 안성시 서운면 인리 348번지,36.9390488776,127.2680890655,20250224,
안성시,서울농장,돼지,3140,경기도 안성시 미양면 양변길 212-37,"경기도 안성시 미양면 보체리 361번지 1호 , 361-2, 361-4",36.9626058431,127.2306551890,20250224,
안성시,서울농장,소,0,경기도 안성시 공도읍 하마정길 136-37,"경기도 안성시 공도읍 마정리 559번지 11호 , 559-15",37.0198395632,127.2119716774,20250224,
안성시,서울농장,소,15,경기도 안성시 보개면 내방상삼로 231-5,경기도 안성시 보개면 상삼리 381번지 1호,37.0312171701,127.3231836392,20250224,
안성시,서울축산농협 생축사업장,소,0,경기도 안성시 양성면 덕봉서원로 457-47 (외 6필지),경기도 안성시 양성면 덕봉리 320번지 1호 외 6필지,37.0411130096,127.1834977315,20250224,
안성시,서원농장,소,90,경기도 안성시 양성면 한내로 101,경기도 안성시 양성면 구장리 144번지,37.0596810967,127.2075357526,20250224,
안성시,서유목장,소,60,경기도 안성시 서운면 서운신기길 46-68,경기도 안성시 서운면 신기리 181번지,36.9592520398,127.2689601487,20250224,
안성시,서정목장,소,18,경기도 안성시 일죽면 한다리길 62-20,경기도 안성시 일죽면 방초리 1103번지 2호,37.1205720946,127.4191988955,20250224,
안성시,서진농장,소,102,경기도 안성시 서운면 바우덕이로 289-50,"경기도 안성시 서운면 신기리 157번지 2호 , -3, -4",36.9608796986,127.2715725666,20250224,
안성시,서현목장,소,0,경기도 안성시 삼죽면 신미1길 108-28,경기도 안성시 삼죽면 미장리 92번지 7호 외1필지,37.0351981262,127.3692529409,20250224,
안성시,서흥농장,돼지,2000,,경기도 안성시 서운면 신흥리 28번지 4호,,,20250224,
안성시,석교축산,소,800,경기도 안성시 서운면 사갑1길 227-63,경기도 안성시 서운면 신흥리 235번지 1호 외 10필지,36.9253952984,127.2434400796,20250224,
안성시,석록농장,소,5,경기도 안성시 대덕면 시미실길 127-1,경기도 안성시 대덕면 보동리 290번지 2호,37.0468098898,127.2515788683,20250224,
안성시,석범농장,소,120,경기도 안성시 미양면 구례골길 105-11,경기도 안성시 미양면 구례리 51번지,36.9884048057,127.2511396394,20250224,
안성시,석봉 농장,소,0,경기도 안성시 삼죽면 신미1길 23,"경기도 안성시 삼죽면 미장리 333번지 1호 , 337-3, 338-2",37.0405431346,127.3608775392,20250224,
안성시,석봉농장,소,295,"경기도 안성시 일죽면 산전길 74-24, (외14필지)",경기도 안성시 일죽면 금산리 420번지 1호 (외14필지),37.0660000770,127.4983464698,20250224,
안성시,석암농장,소,20,경기도 안성시 금광면 사흥길 88-65,경기도 안성시 금광면 사흥리 833번지,36.9964767784,127.3575076511,20250224,
안성시,석우목장,소,33,경기도 안성시 죽산면 장계길 14-72,경기도 안성시 죽산면 장계리 145번지,37.0560272231,127.4037237107,20250224,
안성시,석이농장,소,48,경기도 안성시 공도읍 용정길 135,경기도 안성시 공도읍 건천리 761번지 6호,36.9748380879,127.1539878141,20250224,
안성시,석준농장,소,6,경기도 안성시 서운면 오촌길 62,경기도 안성시 서운면 오촌리 88번지 4호,36.9610487060,127.2799183486,20250224,
안성시,석화 농장,소,40,경기도 안성시 양성면 돌꽃지길 103-17,경기도 안성시 양성면 석화리 109,37.0634483184,127.2072288356,20250224,
안성시,석화목장,소,103,경기도 안성시 양성면 한내로 99-38,경기도 안성시 양성면 석화리 147번지,37.0605397456,127.2084660291,20250224,
안성시,선광목장,소,73,경기도 안성시 미양면 하개정길 90-51,경기도 안성시 미양면 진촌리 426번지 1호,36.9726783030,127.1878371312,20250224,
안성시,선명농장,소,130,경기도 안성시 삼죽면 신미1길 66-32,경기도 안성시 삼죽면 미장리 98번지,37.0374135222,127.3673263363,20250224,
안성시,선민목장,소,80,경기도 안성시 고삼면 쌍지길 262,경기도 안성시 고삼면 쌍지리 1167번지 1호,37.1200443739,127.2851435662,20250224,
안성시,선봉농장,소,36,경기도 안성시 중리길 209-23 (중리동),경기도 안성시 중리동 492번지 2호,36.9732230908,127.2825572333,20250224,
안성시,선영농장,소,0,경기도 안성시 양성면 칠목길 43-80,경기도 안성시 양성면 덕봉리 681-9,37.0374337137,127.2038879420,20250224,
안성시,선우농장,소,0,,경기도 안성시 고삼면 쌍지리 1302번지,37.1026102545,127.2896929594,20250224,
안성시,선유농장,돼지,1500,,경기도 안성시 일죽면 신흥리 451번지 3호,37.1232015988,127.4719737780,20250224,
안성시,선유목장,소,75,경기도 안성시 일죽면 일죽신흥로 231-18,경기도 안성시 일죽면 신흥리 420번지,37.1248420525,127.4720929138,20250224,
안성시,선이목장,소,16,경기도 안성시 금광면 바우덕이로 588-10,경기도 안성시 금광면 개산리 518번지,36.9791786515,127.2961132474,20250224,
안성시,선일목장,소,0,경기도 안성시 고삼면 개울말길 33-5,경기도 안성시 고삼면 가유리 571번지 1호,37.0841607882,127.2537973190,20250224,
안성시,선일목장2,소,0,경기도 안성시 고삼면 신창길 63,경기도 안성시 고삼면 신창리 13번지,37.0811250470,127.2547972165,20250224,
안성시,선택농장,소,32,경기도 안성시 양성면 한내로 41-32,경기도 안성시 양성면 석화리 217번지,37.0631845276,127.1990748682,20250224,
안성시,선학목장,소,80,경기도 안성시 고삼면 쌍지길 257,경기도 안성시 고삼면 쌍지리 76번지 3호,37.1194746606,127.2841433395,20250224,
안성시,선호목장,소,80,"경기도 안성시 삼죽면 개나리길 114, (외 2필지)",경기도 안성시 삼죽면 진촌리 23번지 1호 외 2필지,37.0514808842,127.3718454616,20250224,
안성시,선호목장,소,67,경기도 안성시 삼죽면 개나리길 98,"경기도 안성시 삼죽면 진촌리 25, 26, 27, 27-1, 658-1",37.0525722845,127.3724621959,20250224,
안성시,선회농장,소,65,경기도 안성시 삼죽면 국사봉로 308-10,경기도 안성시 삼죽면 기솔리 282번지,37.0492917788,127.3429913125,20250224,
안성시,설푸른목장,소,75,경기도 안성시 일죽면 죽화로 278-45,경기도 안성시 일죽면 화곡리 914번지 7호 외1필지,37.1027342948,127.4562101858,20250224,
안성시,섭이네 농장,산양,34,경기도 안성시 죽산면 임꺽정길 54-86,경기도 안성시 죽산면 칠장리 326번지,37.0333084981,127.4120616241,20250224,
안성시,성공농장,소,200,경기도 안성시 미양면 서변3길 18-14,경기도 안성시 미양면 양변리 350번지 1호,36.9548952538,127.2372644792,20250224,
안성시,성국농장,소,90,경기도 안성시 양성면 가래울길 68-12,경기도 안성시 양성면 추곡리 94번지,37.0665578456,127.2107377436,20250224,
안성시,성근농장,소,49,"경기도 안성시 대덕면 소사길 136-12, 외 3필지",경기도 안성시 대덕면 소내리 294번지 외 3필지,37.0437520712,127.2184149305,20250224,
안성시,성기목장,소,52,경기도 안성시 일죽면 산북길 89,"경기도 안성시 일죽면 산북리 173, 산50-6",37.0837130051,127.5071221179,20250224,
안성시,성돈농장,돼지,3210,경기도 안성시 일죽면 한다리길 28,경기도 안성시 일죽면 방초리 1108번지 5호,37.1181679341,127.4231749659,20250224,
안성시,성민농장,소,50,경기도 안성시 금광면 한운길 4-1,경기도 안성시 금광면 한운리 54번지 3호,36.9820007375,127.3309045778,20250224,
안성시,성봉농장,소,90,경기도 안성시 삼죽면 신미1길 66-22,경기도 안성시 삼죽면 미장리 139번지 외 3필지,37.0377272282,127.3657290677,20250224,
안성시,성수농장,소,20,경기도 안성시 미양면 수로길 48-7,경기도 안성시 미양면 양지리 339번지 5호,36.9776046596,127.2072883725,20250224,
안성시,성수농장,소,9,경기도 안성시 미양면 수로길 48-7,경기도 안성시 미양면 양지리 339번지 5호,36.9776046596,127.2072883725,20250224,
안성시,성수목장,소,50,경기도 안성시 고삼면 삼은길 172,경기도 안성시 고삼면 삼은리 278번지,37.0828116697,127.2931357600,20250224,
안성시,성식농장,소,83,경기도 안성시 보개면 내방상삼로 240,"경기도 안성시 보개면 상삼리 355번지 1호 , 355-5",37.0325698397,127.3235290599,20250224,
안성시,성안농장,염소,58,경기도 안성시 강변로74번길 19-9 (도기동),경기도 안성시 도기동 55번지 6호,37.0002099902,127.2717247014,20250224,
안성시,성양목장,소,70,경기도 안성시 죽산면 녹배길 50-29,경기도 안성시 죽산면 장능리 538번지 2호,37.0708862048,127.3970002744,20250224,
안성시,성연농장,소,0,경기도 안성시 서운면 서운신기길 60-50,경기도 안성시 서운면 신기리 306번지 2호,36.9616306740,127.2730194203,20250224,
안성시,성엽농장,소,0,경기도 안성시 원곡면 원암로 194-64,"경기도 안성시 원곡면 성주리 71번지 , 71-2",37.0839017939,127.1727662017,20250224,
안성시,성원농장,소,180,"경기도 안성시 대덕면 한천길 93, (외1필지)",경기도 안성시 대덕면 내리 576번지 외 1필지,37.0005726650,127.2143933250,20250224,
안성시,성원농장2,소,138,경기도 안성시 대덕면 한천길 211-76,경기도 안성시 대덕면 죽리 494번지 외 1필지(494-1),36.9904856715,127.2182180948,20250224,
안성시,성원목장,소,156,경기도 안성시 일죽면 종배길 56,경기도 안성시 일죽면 죽림리 460번지 외 1필지,37.0795020000,127.4499681612,20250224,
안성시,성전농장,소,0,경기도 안성시 일죽면 일죽신흥로 159-21,경기도 안성시 일죽면 화곡리 209번지 9호,37.1167013199,127.4686177351,20250224,
안성시,성주농장,소,32,경기도 안성시 일죽면 죽화로 300-37,경기도 안성시 일죽면 화곡리 572번지 1호,37.1039882957,127.4590568072,20250224,
안성시,성준농장,소,30,경기도 안성시 일죽면 일죽신동길 181-12,경기도 안성시 일죽면 월정리 176번지,37.0955498418,127.4560117651,20250224,
안성시,성지농장,소,18,,경기도 안성시 보개면 남풍리 1392번지 1호,,,20250224,
안성시,성천농장,소,75,경기도 안성시 미양면 구례골길 165-3,경기도 안성시 미양면 계륵리 122번지 1호,36.9835068456,127.2539647237,20250224,
안성시,성철목장,소,100,경기도 안성시 금광면 배티로 909,경기도 안성시 금광면 개산리 336번지,36.9911158468,127.2973287684,20250224,
안성시,성필농장,소,24,경기도 안성시 일죽면 조목동길 39-1,"경기도 안성시 일죽면 당촌리 49-1, 49-3, 50-1",37.1038236537,127.5102076779,20250224,
안성시,성필농장,소,25,,경기도 안성시 일죽면 당촌리 81번지,37.1051511524,127.5098764947,20250224,
안성시,성하농장,소,26,경기도 안성시 죽산면 장원길 57-26,경기도 안성시 죽산면 장원리 896번지 1호,37.0644750706,127.4175711609,20250224,
안성시,성현농장,소,60,경기도 안성시 양성면 한내로 164,경기도 안성시 양성면 구장리 236번지,37.0556071550,127.2114316493,20250224,
안성시,성현농장,소,40,경기도 안성시 대덕면 한천길 59-7,경기도 안성시 대덕면 내리 540번지 1호,37.0045281883,127.2136479542,20250224,
안성시,성현농장,소,64,경기도 안성시 일죽면 오방길 77-75,경기도 안성시 일죽면 고은리 1053번지,37.1092754507,127.4306123162,20250224,
안성시,성현농장,소,17,경기도 안성시 삼죽면 목남길 43,경기도 안성시 삼죽면 배태리 261번지,37.0784222453,127.3541142933,20250224,
안성시,성환농장,소,20,경기도 안성시 고삼면 고삼호수로 327,경기도 안성시 고삼면 쌍지리 937번지 5호,37.0959893229,127.2873495983,20250224,
안성시,성환농장,소,100,경기도 안성시 양성면 가래울길 14-1,경기도 안성시 양성면 추곡리 115번지 2호,37.0684974357,127.2113603240,20250224,
안성시,성효농장,소,70,경기도 안성시 양성면 가래울길 68-52,경기도 안성시 양성면 추곡리 20번지 1호,37.0690401218,127.2084222482,20250224,
안성시,세광농장,소,178,경기도 안성시 미양면 안성맞춤대로 270-22,경기도 안성시 미양면 양변리 173번지 6호 외 2필지,36.9474504100,127.2418836173,20250224,
안성시,세기농장,소,54,경기도 안성시 양성면 구장길 52-7,경기도 안성시 양성면 구장리 50번지,37.0568829756,127.2024289615,20250224,
안성시,세레나농장,소,30,경기도 안성시 보개면 동평길 107-14,경기도 안성시 보개면 동평리 379번지,37.0905039633,127.3228997200,20250224,
안성시,세레나목장,소,9,경기도 안성시 보개면 동평길 135-5,경기도 안성시 보개면 동평리 366번지 1호,37.0901993875,127.3241831873,20250224,
안성시,세림농장,소,120,경기도 안성시 대덕면 한사울길 159-4,경기도 안성시 대덕면 삼한리 122번지 외2필지,37.0579554311,127.2809772280,20250224,
안성시,세민농장,돼지,600,경기도 안성시 고삼면 풀무골길 50-8,경기도 안성시 고삼면 쌍지리 1183번지,37.1149985648,127.2863396967,20250224,
안성시,세민농장2,돼지,300,경기도 안성시 고삼면 쌍지길 215-42,경기도 안성시 고삼면 쌍지리 302번지 4호,37.1162778383,127.2809894457,20250224,
안성시,세복목장,소,20,경기도 안성시 고삼면 쌍지길 239-38,경기도 안성시 고삼면 쌍지리 115번지,37.1186973036,127.2829748729,20250224,
안성시,세억농장,소,0,경기도 안성시 고삼면 창말길 41-14,경기도 안성시 고삼면 신창리 223번지 1호,37.0834483465,127.2493441258,20250224,
안성시,세연농장,소,70,경기도 안성시 일죽면 어리실길 110-8,경기도 안성시 일죽면 화곡리 859번지 1호,37.1159135462,127.4573056937,20250224,
안성시,세완농장,소,20,경기도 안성시 삼죽면 서동대로 6338-18,경기도 안성시 삼죽면 진촌리 380번지,37.0573003945,127.3684164610,20250224,
안성시,세용 농장,소,0,경기도 안성시 양성면 산정산우물길 41-19,"경기도 안성시 양성면 산정리 275번지 2호 , 276-3, 277, 284-28",37.0777618206,127.2031236649,20250224,
안성시,세익농장,소,31,경기도 안성시 양성면 덕봉서원로 576-19,경기도 안성시 양성면 덕봉리 96번지 1호 외 1필지,37.0485341065,127.1982217825,20250224,
안성시,세일농장,소,12,경기도 안성시 공도읍 원중복길 11-8,경기도 안성시 공도읍 중복리 497번지 5호,36.9684472479,127.1330985198,20250224,
안성시,세일농장,소,250,"경기도 안성시 고삼면 풀무골길 19, (외5필지)",경기도 안성시 고삼면 쌍지리 283번지 (외5필지),37.1129160630,127.2862217359,20250224,
안성시,세창농장,소,110,경기도 안성시 미양면 미양로 195,경기도 안성시 미양면 개정리 33번지 3호,36.9675939777,127.1982270284,20250224,
안성시,세혁농장,소,5,경기도 안성시 고삼면 쌍지길 197-40,경기도 안성시 고삼면 쌍지리 336번지,37.1150097175,127.2825576724,20250224,
안성시,세희농장,소,90,경기도 안성시 고삼면 쌍지길 216-11,경기도 안성시 고삼면 쌍지리 1178번지,37.1172520109,127.2862770833,20250224,
안성시,세희목장,소,35,경기도 안성시 고삼면 쌍지길 298,경기도 안성시 고삼면 쌍지리 151번지 5호,37.1231014442,127.2858328682,20250224,
안성시,소나무목장,소,30,경기도 안성시 공도읍 만수로 159,경기도 안성시 공도읍 만정리 365번지,37.0147436673,127.1792568155,20250224,
안성시,소로리 농장,소,25,경기도 안성시 양성면 한내로 457-36,경기도 안성시 양성면 방축리 824번지,37.0647968885,127.2324315245,20250224,
안성시,소망목장,소,70,경기도 안성시 보개면 삼은길 322-26,경기도 안성시 보개면 남풍리 1236번지 3호 외 3필지,37.0784371237,127.3021705664,20250224,
안성시,소발목장,소,130,경기도 안성시 삼죽면 보삼로 524,경기도 안성시 삼죽면 배태리 216번지 1호,37.0813987200,127.3555487145,20250224,
안성시,소소농장,소,96,경기도 안성시 대덕면 한천길 239-25,경기도 안성시 대덕면 죽리 574번지 1호,36.9896436326,127.2092087946,20250224,
안성시,소연목장,소,60,경기도 안성시 금광면 내동길 97,"경기도 안성시 금광면 내우리 140번지 1호 ,(140-2)",36.9944687722,127.3079062038,20250224,
안성시,소영농장,소,6,경기도 안성시 삼죽면 덕계실2길 9-20,경기도 안성시 삼죽면 마전리 166번지 2호,37.0362508219,127.3383742678,20250224,
안성시,소원농장,소,0,경기도 안성시 미양면 마산길 159-18,경기도 안성시 미양면 마산리 151번지 1호,36.9668011707,127.2282812569,20250224,
안성시,소원목장,소,500,경기도 안성시 미양면 고지길 209,경기도 안성시 미양면 고지리 271번지 외 1번지(270-4번지),36.9540806765,127.2088049085,20250224,
안성시,소율농장,소,138,경기도 안성시 고삼면 쌍지길 11-61,경기도 안성시 고삼면 쌍지리 1021번지 외1필지(1013-2),37.1013895709,127.2827654151,20250224,
안성시,소풍농장,소,140,"경기도 안성시 양성면 지남촌길 27-116, 소풍농장",경기도 안성시 양성면 덕봉리 687번지 6호 소풍농장,37.0338300248,127.2083545265,20250224,
안성시,소호목장,소,475,경기도 안성시 고삼면 윗갈미길 68,경기도 안성시 고삼면 대갈리 287번지 외 9필지,37.0730783635,127.2476683026,20250224,
안성시,소호목장,소,346,경기도 안성시 양성면 소로리길 40-80,경기도 안성시 양성면 방축리 705번지,37.0742380270,127.2378883034,20250224,
안성시,소호목장 2,소,43,경기도 안성시 고삼면 윗갈미길 75,경기도 안성시 고삼면 대갈리 291번지,37.0725898932,127.2468711958,20250224,
안성시,소호목장1,소,50,경기도 안성시 고삼면 윗갈미길 50,경기도 안성시 고삼면 대갈리 298번지,37.0710144870,127.2478551311,20250224,
안성시,솔림목장,소,70,경기도 안성시 고삼면 개울말길 128-29,경기도 안성시 고삼면 가유리 888번지,37.0895551283,127.2556364770,20250224,
안성시,솔밭농장,소,84,경기도 안성시 일죽면 소라태길 105-70,경기도 안성시 일죽면 월정리 1355번지,37.0913272893,127.4465959064,20250224,
안성시,솔밭목장,소,150,경기도 안성시 대덕면 한천길 191-47,"경기도 안성시 대덕면 죽리 418번지 , 419",36.9935331821,127.2147118380,20250224,
안성시,솔샘농장,소,321,,경기도 안성시 보개면 적가리 519번지 4호 외 1필지(519-5),37.0536493352,127.2827942151,20250224,
안성시,송농장,소,0,경기도 안성시 일죽면 평촌길 188,경기도 안성시 일죽면 화곡리 527번지 외 3필지,37.1036746157,127.4647178763,20250224,
안성시,송섭농장,소,42,경기도 안성시 보개면 동양길 46-10,경기도 안성시 보개면 동평리 288번지,37.0920273712,127.3228961750,20250224,
안성시,송암농장,소,440,경기도 안성시 미양면 서미로 323-7,경기도 안성시 미양면 고지리 306번지 1호,36.9528008678,127.2126061961,20250224,
안성시,송영신목장,소,160,경기도 안성시 미양면 역전길 14-42,경기도 안성시 미양면 갈전리 286번지 8호,36.9832654652,127.2221887283,20250224,
안성시,송우농장,소,120,경기도 안성시 양성면 지남촌길 27-112,경기도 안성시 양성면 덕봉리 687번지 5호,37.0336846627,127.2078940825,20250224,
안성시,송우농장,소,0,경기도 안성시 양성면 덕봉서원로 457-34,"경기도 안성시 양성면 덕봉리 288번지 2호 , 288-3",37.0412276644,127.1859374215,20250224,
안성시,송우번식,소,100,경기도 안성시 양성면 지남촌길 27-121,경기도 안성시 양성면 덕봉리 686번지 6호,37.0349668986,127.2087886984,20250224,
안성시,송일농장,돼지,902,경기도 안성시 일죽면 죽화로 251-16,경기도 안성시 일죽면 화곡리 652번지,37.1086016505,127.4537532172,20250224,
안성시,수농장,소,33,경기도 안성시 삼죽면 밤고개안길 129-71,경기도 안성시 삼죽면 율곡리 999번지 3호,37.1045940167,127.3813222822,20250224,
안성시,수만농장,소,60,경기도 안성시 양성면 한내로 365-32,경기도 안성시 양성면 방축리 619번지,37.0617919943,127.2310473194,20250224,
안성시,수만농장,소,70,경기도 안성시 죽산면 장원남산길 21-32,경기도 안성시 죽산면 장원리 1111번지 1호,37.0748766501,127.4301374209,20250224,
안성시,수미농장,소,86,경기도 안성시 양성면 한내로 84-27,경기도 안성시 양성면 구장리 86번지 1호,37.0579435966,127.2048092846,20250224,
안성시,수빈목장,소,0,경기도 안성시 보개면 고삼호수로 507-36,"경기도 안성시 보개면 북가현리 914번지 2호 , 914-1, 526-3",37.1012519122,127.3074343514,20250224,
안성시,수산나농장,소,29,경기도 안성시 미양면 양변길 30,경기도 안성시 미양면 양변리 289번지,36.9545513938,127.2407701264,20250224,
안성시,수석농장,소,330,경기도 안성시 양성면 한내로 481-31,"경기도 안성시 양성면 방축리 750번지 ,752",37.0681972261,127.2373353929,20250224,
안성시,수석농장,소,120,경기도 안성시 양성면 한내로 353,경기도 안성시 양성면 필산리 18번지,37.0591168304,127.2280086475,20250224,
안성시,수영농장,소,45,경기도 안성시 일죽면 어리실길 97,경기도 안성시 일죽면 화곡리 832번지 1호,37.1142823270,127.4583196355,20250224,
안성시,수원목장,소,700,경기도 안성시 삼죽면 상삼로 261-53,경기도 안성시 삼죽면 내장리 산 20번지,37.0943165918,127.3995904928,20250224,
안성시,수원목장,소,55,경기도 안성시 보개면 오림길 68,경기도 안성시 보개면 적가리 77번지,37.0555326688,127.2973712757,20250224,
안성시,수원목장,소,27,경기도 안성시 사곡길 69 (사곡동),경기도 안성시 사곡동 141번지 1호,37.0412589356,127.2657994264,20250224,
안성시,수은농장,소,24,경기도 안성시 고삼면 풀무골길 34-28,경기도 안성시 고삼면 쌍지리 260번지 3호,37.1135066250,127.2888088889,20250224,
안성시,수정목장,소,28,,경기도 안성시 일죽면 산북리 52번지 1호,,,20250224,
안성시,수진목장,소,50,경기도 안성시 금광면 대동길 33-13,경기도 안성시 금광면 석하리 381번지,36.9592673758,127.3079272641,20250224,
안성시,수호농장,소,60,경기도 안성시 일죽면 금일로 171-36,경기도 안성시 일죽면 화봉리 653번지 2호,37.0664476061,127.4724517841,20250224,
안성시,순식목장,소,45,경기도 안성시 공도읍 건천길 41-1,경기도 안성시 공도읍 건천리 638번지 2호,36.9788919454,127.1409583885,20250224,
안성시,순안농장,소,118,경기도 안성시 일죽면 소라태길 105-85,경기도 안성시 일죽면 월정리 1316번지,37.0902284166,127.4485658275,20250224,
안성시,순창농장,소,0,경기도 안성시 양성면 한내로 481-56,"경기도 안성시 양성면 방축리 724번지 , 724-1",37.0700122413,127.2387577907,20250224,
안성시,스마일농장,소,27,경기도 안성시 금광면 구송동길 37-34,경기도 안성시 금광면 내우리 77번지,36.9980912242,127.3070766686,20250224,
안성시,승건목장,소,130,경기도 안성시 대덕면 김중만장군길 157-26,경기도 안성시 대덕면 보동리 251번지,37.0508173336,127.2454702391,20250224,
안성시,승건목장,소,80,경기도 안성시 양성면 덕봉서원로 340-28,경기도 안성시 양성면 방신리 307번지,37.0302763355,127.1829580470,20250224,
안성시,승규농장,소,0,경기도 안성시 보개면 방죽안길 119-10,"경기도 안성시 보개면 구사리 359번지 2호 , 358-3, 420-1",37.0224369338,127.2950196327,20250224,
안성시,승근목장,소,27,,경기도 안성시 고삼면 월향리 14번지,37.0942776449,127.2907942819,20250224,
안성시,승두목장,소,20,,경기도 안성시 공도읍 웅교리 157번지 1호,,,20250224,
안성시,승두목장,소,105,,경기도 안성시 공도읍 승두리 749번지 2호 외 3필지,36.9913473880,127.1544218104,20250224,
안성시,승리농장,소,53,경기도 안성시 공도읍 용정길 117,경기도 안성시 공도읍 건천리 799번지 1호,36.9765708164,127.1515755781,20250224,
안성시,승목농장,소,136,경기도 안성시 일죽면 화곡길 36-11,"경기도 안성시 일죽면 화곡리 203번지 1호 , -2, -4, -6",37.1149071650,127.4674366022,20250224,
안성시,승문농장,돼지,2700,"경기도 안성시 일죽면 덕현길 54 (외4필지,370-1 외5필지)","경기도 안성시 일죽면 신흥리 386번지 1호 외4필지,370-1 외5필지",37.1245013214,127.4813015578,20250224,
안성시,승미목장,소,52,경기도 안성시 죽산면 장계길 126,경기도 안성시 죽산면 장계리 737번지,37.0448602234,127.4059419492,20250224,
안성시,승범목장,소,51,경기도 안성시 공도읍 진건중길 349-25,경기도 안성시 공도읍 중복리 139번지 1호,36.9693963043,127.1368574930,20250224,
안성시,승빈농장,돼지,7477,경기도 안성시 죽산면 장계길 20-64,"경기도 안성시 죽산면 장계리 442번지 1호 , 441-2, 441-3",37.0524374375,127.4011977379,20250224,
안성시,승양농장,돼지,3260,경기도 안성시 죽산면 장계길 18-69,경기도 안성시 죽산면 장계리 364번지 1호 외 1필지(364-7),37.0549798444,127.4016330777,20250224,
안성시,승연목장,소,0,경기도 안성시 대덕면 시미실길 70-60,"경기도 안성시 대덕면 보동리 311번지 3호 , 311-11",37.0439306026,127.2498114742,20250224,
안성시,승우농장,소,15,경기도 안성시 죽산면 죽산향교길 54-31,경기도 안성시 죽산면 죽산리 311번지,37.0816782806,127.4233805676,20250224,
안성시,승우농장,소,63,경기도 안성시 양성면 소로리길 73-12,경기도 안성시 양성면 방축리 783번지,37.0703776087,127.2328168962,20250224,
안성시,승원농장,소,0,경기도 안성시 서운면 바우덕이로 263-48,"경기도 안성시 서운면 신기리 174번지 2호 , 175-1, 175-2",36.9603837976,127.2715178823,20250224,
안성시,승준농장,소,0,경기도 안성시 삼죽면 용내길 105-43,경기도 안성시 삼죽면 용월리 374번지 2호,37.0819151931,127.3824377445,20250224,
안성시,승지골농장,소,29,경기도 안성시 일죽면 주래본죽로 122-219,경기도 안성시 일죽면 가리 24번지,37.0838122246,127.4940030663,20250224,
안성시,승진목장,소,31,,경기도 안성시 보개면 이전리 229번지 1호,,,20250224,
안성시,승진목장,소,130,경기도 안성시 보개면 이전봉산길 31-22,경기도 안성시 보개면 이전리 480번지 11호,37.0562765392,127.2897099195,20250224,
안성시,승진목장,소,33,,경기도 안성시 금광면 오산리 114번지 6호,36.9890476486,127.3105324944,20250224,
안성시,승철목장,소,20,경기도 안성시 죽산면 걸미로 711-30,경기도 안성시 죽산면 장계리 93번지,37.0570585183,127.4083450821,20250224,
안성시,승현1농장,소,100,경기도 안성시 소촌길 71 (사곡동),경기도 안성시 사곡동 318번지 2호 외 4필지,37.0329725142,127.2601692389,20250224,
안성시,승현2농장,소,52,경기도 안성시 소촌길 58 (사곡동),경기도 안성시 사곡동 347번지 3호 외 1필지,37.0328358203,127.2594388226,20250224,
안성시,승현농장,소,15,경기도 안성시 보개면 남사당로 1-56,경기도 안성시 보개면 불현리 11번지 4호,37.0276010772,127.2943873909,20250224,
안성시,시골목장,소,25,경기도 안성시 일죽면 죽화로 300-58,경기도 안성시 일죽면 화곡리 915번지 1호,37.1020857180,127.4574485035,20250224,
안성시,시골목장,소,20,경기도 안성시 죽산면 봉업사길 71,경기도 안성시 죽산면 죽산리 219번지,37.0824824626,127.4263950636,20250224,
안성시,시나브로목장,소,0,경기도 안성시 삼죽면 밤고개길 97-11,"경기도 안성시 삼죽면 율곡리 1120번지 1호 , -4",37.0931706261,127.3882267608,20250224,
안성시,시몬목장,소,0,경기도 안성시 금광면 오산길 27,경기도 안성시 금광면 내우리 224번지,36.9882773925,127.3033369817,20250224,
안성시,시몬목장,소,11,경기도 안성시 금광면 오산길 26-4,경기도 안성시 금광면 오산리 577번지 4호,36.9877255726,127.3021697384,20250224,
안성시,시미실농장,소,40,경기도 안성시 대덕면 시미실길 70-56 (외3필지),경기도 안성시 대덕면 보동리 311번지 외3필지,37.0447958782,127.2497636525,20250224,
안성시,시아농장,소,37,경기도 안성시 대덕면 대농2길 11,경기도 안성시 대덕면 대농리 151번지,37.0677994095,127.2716010494,20250224,
안성시,시영농장,돼지,700,경기도 안성시 삼죽면 국사봉로 212-18,경기도 안성시 삼죽면 기솔리 440번지 2호,37.0408983213,127.3421652237,20250224,
안성시,시우농장,소,24,경기도 안성시 대덕면 시미실길 46,경기도 안성시 대덕면 보동리 636번지,37.0466890408,127.2455964821,20250224,
안성시,시은농장,소,57,경기도 안성시 일죽면 어리실길 90-7,경기도 안성시 일죽면 화곡리 827번지 1호,37.1148777463,127.4597037889,20250224,
안성시,시흥농장,소,142,경기도 안성시 양성면 칠목길 23-173,경기도 안성시 양성면 덕봉리 492번지 52호,37.0371154317,127.2063966800,20250224,
안성시,시흥목장,소,41,경기도 안성시 양성면 칠목길 23-177,경기도 안성시 양성면 덕봉리 492번지 77호,37.0368902145,127.2064537689,20250224,
안성시,식복농장,소,36,경기도 안성시 양성면 한내로 39-25,경기도 안성시 양성면 동항리 196번지,37.0626336901,127.1986946063,20250224,
안성시,신광농장,돼지,1000,경기도 안성시 일죽면 서동대로 7079-24,경기도 안성시 일죽면 월정리 1584번지,37.0830660740,127.4381182771,20250224,
안성시,신기목장,소,20,경기도 안성시 공도읍 도화길 33,경기도 안성시 공도읍 만정리 358번지 31호,37.0118298225,127.1751324942,20250224,
안성시,신남촌목장,소,40,경기도 안성시 양성면 한내로 182-29,경기도 안성시 양성면 필산리 121번지,37.0529264448,127.2137248875,20250224,
안성시,신미목장,소,16,경기도 안성시 삼죽면 신미1길 108,경기도 안성시 삼죽면 미장리 113번지,37.0374605547,127.3690916390,20250224,
안성시,신부축산,소,29,경기도 안성시 미양면 협동단지길 158-56,경기도 안성시 미양면 보체리 316번지 1호,36.9657599321,127.2382831356,20250224,
안성시,신선목장,소,78,경기도 안성시 죽산면 봉업사길 93,경기도 안성시 죽산면 죽산리 257번지 1호,37.0842849360,127.4257744936,20250224,
안성시,신선목장,소,190,경기도 안성시 공도읍 진사길 198-81,경기도 안성시 공도읍 진사리 652번지 10호,36.9797256221,127.1514937786,20250224,
안성시,신성농장,돼지,800,경기도 안성시 양성면 속말길 26-28,경기도 안성시 양성면 명목리 366번지 외 2필지,37.0301298930,127.1923918422,20250224,
안성시,신성목장,소,120,경기도 안성시 보개면 보개산로 192-44,경기도 안성시 보개면 상삼리 328번지,37.0352926104,127.3299993970,20250224,
안성시,신안농장,소,400,경기도 안성시 보개면 남사당로 441-21,"경기도 안성시 보개면 신안리 441번지 외3필지(442,443,444)",37.0529863263,127.3111553368,20250224,
안성시,신영농장,소,20,경기도 안성시 계동길 69 (계동),경기도 안성시 계동 101번지 12호,36.9898322919,127.2614846831,20250224,
안성시,신영목장,소,21,경기도 안성시 미양면 고지1길 131-118,경기도 안성시 미양면 고지리 54번지 5호 외 2필지,36.9592638911,127.2200068889,20250224,
안성시,신원목장,소,117,경기도 안성시 서운면 바우덕이로 69-9,경기도 안성시 서운면 인리 38번지 2호,36.9459677393,127.2659117418,20250224,
안성시,신일농장,소,44,경기도 안성시 죽산면 장원길 57-39,경기도 안성시 죽산면 장원리 674번지 1호,37.0670078204,127.4171747104,20250224,
안성시,신정농장,소,200,"경기도 안성시 죽산면 장계길 20-277, 외 5필지",경기도 안성시 죽산면 장계리 455번지 외 5필지,37.0513376415,127.4011429309,20250224,
안성시,신종목장,소,95,경기도 안성시 일죽면 죽화로 44-89,경기도 안성시 일죽면 고은리 1155번지 18호,37.1084586381,127.4368483211,20250224,
안성시,신촌농장,소,43,,경기도 안성시 미양면 고지리 산 108번지,,,20250224,
안성시,신촌농장,소,170,경기도 안성시 미양면 서미로 326-20,경기도 안성시 미양면 고지리 301번지 (외1필지),36.9532948647,127.2156033033,20250224,
안성시,신촌농장,소,54,경기도 안성시 일죽면 소라태길 105-119,경기도 안성시 일죽면 월정리 1371번지,37.0882816352,127.4492760189,20250224,
안성시,신촌목장,돼지,3000,경기도 안성시 일죽면 국동길 128-37,경기도 안성시 일죽면 능국리 81번지 3호 외 8필지,37.1113149360,127.4983117190,20250224,
안성시,신촌제1목장,돼지,1200,경기도 안성시 일죽면 국동길 128-37,"경기도 안성시 일죽면 능국리 84번지 외 2필지(81-5, 81-6)",37.1113149360,127.4983117190,20250224,
안성시,신태양농장,돼지,800,경기도 안성시 일죽면 장암초교길 102-79,경기도 안성시 일죽면 월정리 1707번지,37.0795408191,127.4570110779,20250224,
안성시,신푸른목장,소,25,경기도 안성시 보개면 남풍길 113-29,경기도 안성시 보개면 남풍리 550번지,37.0751480020,127.3198304264,20250224,
안성시,신하농장,돼지,2500,경기도 안성시 미양면 보촌4길 128,경기도 안성시 미양면 고지리 460번지,36.9635700218,127.2003997574,20250224,
안성시,신흥농장,돼지,0,경기도 안성시 일죽면 덕현길 13-51,경기도 안성시 일죽면 신흥리 320번지 1호,37.1194170788,127.4800195553,20250224,
안성시,신흥농장,소,28,경기도 안성시 양성면 조일말길 18,경기도 안성시 양성면 추곡리 4번지 1호 외 2필지,37.0700864331,127.2086882252,20250224,
안성시,신흥농장,소,400,경기도 안성시 고삼면 신창길 224 (외 8필지),경기도 안성시 고삼면 대갈리 367번지 4호 외 8필지,37.0699958785,127.2478585032,20250224,
안성시,신흥농장2,돼지,0,경기도 안성시 일죽면 지내동길 40-37,경기도 안성시 일죽면 신흥리 958번지 7호,37.1184971416,127.4773295009,20250224,
안성시,신흥농장2,소,107,경기도 안성시 양성면 돌꽃지길 79-38,경기도 안성시 양성면 추곡리 133번지,37.0644469267,127.2100933496,20250224,
안성시,실로암농장,소,136,경기도 안성시 양성면 도곡길 21-65,경기도 안성시 양성면 도곡리 361번지 1호,37.0835709235,127.2083328496,20250224,
안성시,십대사목장,소,55,"경기도 안성시 금광면 현곡길 198-8, (외1필지)",경기도 안성시 금광면 현곡리 341번지 (외1필지),36.9693817333,127.3520869871,20250224,
안성시,십리골목장,소,20,경기도 안성시 삼죽면 서동대로 6188-6,경기도 안성시 삼죽면 미장리 281번지,37.0447832661,127.3637936493,20250224,
안성시,쌍둥농장,소,15,경기도 안성시 죽산면 녹배길 104-1,경기도 안성시 죽산면 장능리 930번지 2호,37.0671221589,127.3913134372,20250224,
안성시,쌍둥이 농장,소,34,경기도 안성시 원곡면 응봉길 53,경기도 안성시 원곡면 반제리 47번지 1호,37.0216344840,127.1707850239,20250224,
안성시,쌍둥이 목장,소,39,경기도 안성시 보개면 은행나무길 162-18,경기도 안성시 보개면 구사리 286번지,37.0227186355,127.3016518350,20250224,
안성시,쌍용목장,소,31,경기도 안성시 대덕면 시미실길 144,경기도 안성시 대덕면 보동리 304번지,37.0455671194,127.2521564469,20250224,
안성시,쌍지목장,소,70,경기도 안성시 고삼면 풀무골길 24,경기도 안성시 고삼면 쌍지리 267번지,37.1129897764,127.2871107237,20250224,
안성시,썬목장,소,80,경기도 안성시 고삼면 갈미길 7-17,경기도 안성시 고삼면 대갈리 480번지,37.0634816576,127.2493310959,20250224,
안성시,썬목장,소,8,경기도 안성시 원곡면 새울길 87-206,경기도 안성시 원곡면 내가천리 234번지 3호,37.0304919934,127.1100998600,20250224,
안성시,씨제이피드앤케어 주식회사 안성시험농장,돼지,0,경기도 안성시 삼죽면 삼백로 152,경기도 안성시 삼죽면 덕산리 58번지 번지 외 1필지,37.0887505122,127.3760247647,20250224,
안성시,씨프로팜,돼지,2750,,"경기도 안성시 보개면 상삼리 168번지 외 4필지(상삼리 439,440,441,445번지)",37.0305468017,127.3301948421,20250224,
안성시,아덕농장,소,56,경기도 안성시 양성면 미리내성지로 55-10,경기도 안성시 양성면 미산리 784번지 3호,37.1134606744,127.2511812154,20250224,
안성시,아람농장,소,112,경기도 안성시 미양면 서미로 346-8,경기도 안성시 미양면 고지리 258번지 1호,36.9549314904,127.2139348357,20250224,
안성시,아름농장,소,36,"경기도 안성시 공도읍 고무다리길 183, (외 1필지)",경기도 안성시 공도읍 웅교리 209번지 (외 1필지),36.9859979535,127.1796921702,20250224,
안성시,아름목장,소,90,경기도 안성시 금광면 진안로 505-18,경기도 안성시 금광면 현곡리 151번지,36.9813506945,127.3502997348,20250224,
안성시,아사달목장,소,64,경기도 안성시 죽산면 칠장로 168-24,경기도 안성시 죽산면 칠장리 281번지,37.0251807080,127.4164668824,20250224,
안성시,아양농장,소,37,"경기도 안성시 대덕면 죽촌길 209-76, (외3필지)",경기도 안성시 대덕면 죽리 527번지 (외3필지),36.9877055917,127.2166888627,20250224,
안성시,아지목장,소,56,경기도 안성시 삼죽면 텃골길 32,경기도 안성시 삼죽면 기솔리 115번지,37.0613357460,127.3436076329,20250224,
안성시,안골목장,소,42,경기도 안성시 보개면 가재울길 42,경기도 안성시 보개면 남풍리 797번지 4호,37.0701815644,127.3086041160,20250224,
안성시,안광목장,소,57,경기도 안성시 죽산면 장원남산길 161-49,경기도 안성시 죽산면 장원리 1205번지,37.0751238142,127.4368759757,20250224,
안성시,안금농장,소,0,경기도 안성시 금광면 사흥길 88-9,"경기도 안성시 금광면 사흥리 785번지 3호 , 784",36.9987955724,127.3592565758,20250224,
안성시,안금원목장,소,39,경기도 안성시 서운면 방아동길 68-22,경기도 안성시 서운면 인리 323번지 3호,36.9382579680,127.2693042890,20250224,
안성시,안대원목장,소,80,,경기도 안성시 일죽면 능국리 629번지 1호,,,20250224,
안성시,안동목장,소,95,경기도 안성시 고삼면 삼은길 172,경기도 안성시 고삼면 삼은리 278번지,37.0828116697,127.2931357600,20250224,
안성시,안산농장,소,14,,경기도 안성시 미양면 구례리 146번지 3호,36.9839390789,127.2452881205,20250224,
안성시,안성동광,소,150,경기도 안성시 금광면 내동길 28-20,경기도 안성시 금광면 내우리 167번지 1호 외 1필지,36.9891313602,127.3073689955,20250224,
안성시,안성마춤한우촌농장,소,230,경기도 안성시 삼죽면 신미1길 108-8,경기도 안성시 삼죽면 미장리 93번지,37.0368294386,127.3689915229,20250224,
안성시,안성산양농원,염소,30,경기도 안성시 일죽면 산전길 92,경기도 안성시 일죽면 금산리 327번지 2호,37.0630974692,127.4989539399,20250224,
안성시,안성일 목장,소,50,경기도 안성시 보개면 보삼로 253-3,경기도 안성시 보개면 북가현리 168번지 4호,37.0993418105,127.3382178362,20250224,
안성시,안성태성목장,소,190,"경기도 안성시 미양면 미양로 31, (외 5필지)",경기도 안성시 미양면 신계리 3번지 5호 (외 5필지),36.9585968066,127.1840754530,20250224,
안성시,안성흑염소농장,염소,,경기도 안성시 미양면 동변길 12,경기도 안성시 미양면 양변리 254번지 2호,36.9522687994,127.2440351215,20250224,
안성시,안일농장,소,20,경기도 안성시 일죽면 죽화로 345-3,경기도 안성시 일죽면 화곡리 341번지 1호,37.1072798013,127.4630054732,20250224,
안성시,안정농장,소,50,경기도 안성시 대덕면 대농1길 35-20,경기도 안성시 대덕면 대농리 401번지 14호,37.0657678091,127.2652516548,20250224,
안성시,안초원 목장,소,77,경기도 안성시 양성면 서듬물길 35-53,경기도 안성시 양성면 삼암리 379번지,37.0268348607,127.1940241048,20250224,
안성시,안혜원목장,소,120,경기도 안성시 보개면 밤골안길 33,"경기도 안성시 보개면 가율리 385번지 1호 외 7필지(385-4, 386-1, 387, 388, 389, 390, 391)",37.0630581064,127.3018055708,20250224,
안성시,안혜원목장,소,208,경기도 안성시 보개면 밤골안길 94 (외 1필지),경기도 안성시 보개면 가율리 344번지 외 1필지,37.0583499263,127.3056194927,20250224,
안성시,알라딘목장,소,87,경기도 안성시 죽산면 녹배길 50-75,경기도 안성시 죽산면 장능리 545번지 2호,37.0704431555,127.3954597115,20250224,
안성시,애수농장,소,200,경기도 안성시 고삼면 사동길 7-1,경기도 안성시 고삼면 쌍지리 1288번지,37.0993645958,127.2895571277,20250224,
안성시,애수농장,소,270,경기도 안성시 고삼면 쌍지길 116,경기도 안성시 고삼면 쌍지리 1214번지 외 2필지,37.1079964150,127.2874060729,20250224,
안성시,야곱 목장,소,39,,경기도 안성시 금광면 내우리 154번지 1호,,,20250224,
안성시,야초목장,소,80,경기도 안성시 일죽면 고목남길 112,경기도 안성시 일죽면 고은리 534번지 33호,37.1190857616,127.4355787611,20250224,
안성시,야초목장,소,57,경기도 안성시 일죽면 고목남길 112,경기도 안성시 일죽면 고은리 534번지 33호,37.1190857616,127.4355787611,20250224,
안성시,약산농장,소,22,경기도 안성시 양성면 미리내성지로 107,경기도 안성시 양성면 미산리 725번지 2호,37.1161250023,127.2536375808,20250224,
안성시,양성농산,소,120,경기도 안성시 양성면 한내로 230-10,경기도 안성시 양성면 필산리 86번지 1호,37.0533590653,127.2174572010,20250224,
안성시,양성농장,소,100,경기도 안성시 양성면 만세로 639-13,경기도 안성시 양성면 동항리 678번지,37.0577944850,127.1922464575,20250224,
안성시,양성축산,소,168,경기도 안성시 양성면 지남촌길 47-135,경기도 안성시 양성면 덕봉리 689번지 9호,37.0326107141,127.2110689306,20250224,
안성시,양지농장,소,60,경기도 안성시 보개면 보개원삼로 982-12,경기도 안성시 보개면 동평리 737번지 0호,37.0846273115,127.3116281948,20250224,
안성시,양지농장,소,0,경기도 안성시 금광면 내동길 41-19,"경기도 안성시 금광면 내우리 193번지 8호 , 193-9, 193-10",36.9924907236,127.3055175155,20250224,
안성시,양협목장,소,130,경기도 안성시 미양면 법전길 200,경기도 안성시 미양면 법전리 148번지 8호 외 1필지,36.9506270588,127.2047184930,20250224,
안성시,어인목장,소,90,경기도 안성시 일죽면 능국길 41-9,경기도 안성시 일죽면 능국리 487번지,37.1082134221,127.4878784518,20250224,
안성시,어인목장,소,101,경기도 안성시 일죽면 서동대로 7626-12,경기도 안성시 일죽면 능국리 327번지 1호,37.1028047176,127.4865513243,20250224,
안성시,억만농장,소,90,경기도 안성시 미양면 은골길 90-10,경기도 안성시 미양면 갈전리 263번지 1호,36.9788057439,127.2310700069,20250224,
안성시,억만목장,소,70,경기도 안성시 양성면 양성로 526-19,경기도 안성시 양성면 장서리 산 54번지,37.0994577494,127.2135499033,20250224,
안성시,언덕농장,소,26,경기도 안성시 고삼면 사동길 95-7,경기도 안성시 고삼면 쌍지리 582번지,37.1063046644,127.2941748423,20250224,
안성시,언덕목장,소,60,경기도 안성시 공도읍 웅교4길 46-21,경기도 안성시 공도읍 웅교리 353번지 4호,36.9813253257,127.1852511959,20250224,
안성시,언덕목장2,소,40,경기도 안성시 공도읍 웅교4길 63-9,경기도 안성시 공도읍 웅교리 산 84번지 1호,36.9835463032,127.1831520563,20250224,
안성시,엄마목장,사슴,15,,경기도 안성시 보개면 신장리 산 33번지 7호,,,20250224,
안성시,에덴농장,소,23,경기도 안성시 보개면 동양길 61,경기도 안성시 보개면 동평리 260번지,37.0935434563,127.3240291758,20250224,
안성시,에바다목장,소,63,경기도 안성시 금광면 돌우길 27-139,경기도 안성시 금광면 내우리 346번지,36.9953929930,127.2998685083,20250224,
안성시,에이스 안성팜,돼지,400,경기도 안성시 미양면 안골길 66,경기도 안성시 미양면 갈전리 16번지,36.9824984853,127.2377089408,20250224,
안성시,엑스피농장,돼지,700,경기도 안성시 일죽면 화곡길 147-34,경기도 안성시 일죽면 화곡리 869번지 6호,37.1224395157,127.4563564365,20250224,
안성시,엘림목장,소,27,경기도 안성시 서운면 방아동길 68-17,경기도 안성시 서운면 인리 331번지,36.9380398290,127.2683840992,20250224,
안성시,여울목영농조합법인,돼지,2719,경기도 안성시 일죽면 주래본죽로 276-83 (외7필지),경기도 안성시 일죽면 산북리 531번지 외7필지,37.0878327443,127.5014852850,20250224,
안성시,연근농장,소,13,,경기도 안성시 고삼면 가유리 444번지,,,20250224,
안성시,연동농장,소,3,경기도 안성시 양성면 한내로 500-4,경기도 안성시 양성면 방축리 93번지 1호,37.0652632003,127.2394377430,20250224,
안성시,연상농장,소,31,경기도 안성시 일죽면 일죽신흥로 172-37,경기도 안성시 일죽면 신흥리 507번지,37.1180999528,127.4745605424,20250224,
안성시,연석농장,소,100,경기도 안성시 양성면 돌꽃지길 103-15,경기도 안성시 양성면 석화리 109번지 1호,37.0631327931,127.2072187999,20250224,
안성시,연수목장,소,80,경기도 안성시 보개면 삼강안길 23,경기도 안성시 보개면 상삼리 515번지,37.0260358255,127.3244773278,20250224,
안성시,연정목장,소,62,경기도 안성시 공도읍 정봉길 136,"경기도 안성시 공도읍 신두리 432번지 , 433",36.9926173345,127.1841033614,20250224,
안성시,염티농장,소,11,경기도 안성시 양성면 염티길 171-8,경기도 안성시 양성면 노곡리 89번지,37.1074145554,127.2702553749,20250224,
안성시,영걸농장,소,40,경기도 안성시 일죽면 율동길 77-78,경기도 안성시 일죽면 금산리 169번지 5호,37.0765646107,127.5078864675,20250224,
안성시,영광농장,소,21,경기도 안성시 양성면 양성로 220,경기도 안성시 양성면 조일리 136번지 7호,37.0733757051,127.2083044017,20250224,
안성시,영광축산,소,0,경기도 안성시 서운면 솔뫼로 167-65,경기도 안성시 서운면 송산리 80번지 5호,36.9428485134,127.2439655617,20250224,
안성시,영구농장,돼지,2450,경기도 안성시 미양면 서변1길 84,경기도 안성시 미양면 강덕리 175번지 1호,36.9490821716,127.2337802295,20250224,
안성시,영기목장,소,160,경기도 안성시 고삼면 안성맞춤대로 2041-44,경기도 안성시 고삼면 가유리 881번지,37.0897290575,127.2569299199,20250224,
안성시,영동목장,소,0,경기도 안성시 미양면 서미로 326-17,경기도 안성시 미양면 고지리 288번지,36.9538698460,127.2147924501,20250224,
안성시,영락목장,소,0,경기도 안성시 일죽면 한다리길 59-22,경기도 안성시 일죽면 방초리 1116번지 4호,37.1168942540,127.4191577790,20250224,
안성시,영민목장,소,28,경기도 안성시 보개면 보개원삼로 897,경기도 안성시 보개면 남풍리 1178번지 3호,37.0783373254,127.3072560569,20250224,
안성시,영복농장,소,59,경기도 안성시 양성면 한내로 208-17,경기도 안성시 양성면 필산리 93번지 1호 외 2필지,37.0539332927,127.2163303834,20250224,
안성시,영석농장,돼지,4000,경기도 안성시 일죽면 윗송산길 63,경기도 안성시 일죽면 화봉리 881번지 1호,37.0715402113,127.4704250277,20250224,
안성시,영석농장,소,55,경기도 안성시 미양면 안성맞춤대로 319-38,경기도 안성시 미양면 양변리 396번지 4호,36.9486426731,127.2388358865,20250224,
안성시,영선농장,소,73,경기도 안성시 원곡면 원암로 194-29,경기도 안성시 원곡면 성주리 85번지,37.0857197298,127.1717007394,20250224,
안성시,영수농장,소,62,경기도 안성시 일죽면 평촌안길 34,경기도 안성시 일죽면 화곡리 464번지 1호,37.1028455607,127.4655960847,20250224,
안성시,영수목장,소,20,경기도 안성시 보개면 동양길 28,경기도 안성시 보개면 동평리 291번지,37.0919261056,127.3214898453,20250224,
안성시,영심농장,소,120,경기도 안성시 삼죽면 신미1길 53-6,경기도 안성시 삼죽면 미장리 170번지,37.0403939012,127.3643412468,20250224,
안성시,영우농장,소,30,경기도 안성시 대덕면 모산로 438,경기도 안성시 대덕면 보동리 565번지 1호,37.0570169927,127.2402982463,20250224,
안성시,영우농장2,소,188,경기도 안성시 대덕면 선인장길 124-48,경기도 안성시 대덕면 명당리 447번지 3호,37.0345314952,127.2188762516,20250224,
안성시,영우농장3,소,188,경기도 안성시 대덕면 선인장길 124-44,경기도 안성시 대덕면 명당리 448번지 1호,37.0335902179,127.2172830892,20250224,
안성시,영우목장,소,95,경기도 안성시 공도읍 고무다리길 169-14,경기도 안성시 공도읍 웅교리 160번지 2호,36.9867817132,127.1795090925,20250224,
안성시,영운목장,소,80,경기도 안성시 대덕면 죽촌길 209-21,"경기도 안성시 대덕면 죽리 251번지 외2필지(251-1, -2)",36.9892486186,127.2211556084,20250224,
안성시,영원농장,소,54,경기도 안성시 일죽면 주래본죽로 122-167,경기도 안성시 일죽면 가리 191번지,37.0874357435,127.4904921961,20250224,
안성시,영은목장,소,150,경기도 안성시 대덕면 한천길 211-9,경기도 안성시 대덕면 죽리 460번지,36.9918810827,127.2099756811,20250224,
안성시,영인농장,소,0,경기도 안성시 대덕면 죽촌길 96-26,경기도 안성시 대덕면 죽리 181번지 1호 번지,36.9943754744,127.2201591759,20250224,
안성시,영장농장,소,59,경기도 안성시 대덕면 보머리길 57,경기도 안성시 대덕면 보동리 13번지 2호,37.0563181563,127.2340921486,20250224,
안성시,영재농장,소,0,경기도 안성시 일죽면 어리실길 90-12,경기도 안성시 일죽면 화곡리 268번지,37.1142919985,127.4602331240,20250224,
안성시,영조농장,돼지,2000,경기도 안성시 일죽면 장암로 97-7,경기도 안성시 일죽면 장암리 425번지 4호 외 3필지,37.0739912349,127.4671166091,20250224,
안성시,영조목장,소,85,경기도 안성시 일죽면 화곡길 27-2,경기도 안성시 일죽면 화곡리 199번지 1호,37.1155826504,127.4653764581,20250224,
안성시,영종농장,소,35,"경기도 안성시 삼죽면 삼죽초교길 71, (외3필지)",경기도 안성시 삼죽면 덕산리 332번지 (외3필지),37.0770078184,127.3703399706,20250224,
안성시,영진농장,돼지,2076,경기도 안성시 일죽면 장암초교길 87,경기도 안성시 일죽면 장암리 523번지,37.0754682247,127.4625371785,20250224,
안성시,영진농장,소,60,경기도 안성시 미양면 고지1길 131-34,경기도 안성시 미양면 고지리 산 92번지,36.9559175645,127.2191767054,20250224,
안성시,영진농장,소,75,"경기도 안성시 양성면 한내로 41-22, (외5필지)",경기도 안성시 양성면 석화리 209번지 (외5필지),37.0625994596,127.1994146241,20250224,
안성시,영천농장,소,70,경기도 안성시 고삼면 윗갈미길 1-22,경기도 안성시 고삼면 대갈리 407번지 1호,37.0662431026,127.2465323285,20250224,
안성시,영태농장,소,17,경기도 안성시 공도읍 원승두길 112,경기도 안성시 공도읍 승두리 727번지 4호,36.9883323087,127.1569719853,20250224,
안성시,영태목장,소,15,경기도 안성시 미양면 이박골길 34,경기도 안성시 미양면 구례리 139번지 1호,36.9849702959,127.2468696305,20250224,
안성시,영현목장,소,84,"경기도 안성시 고삼면 쌍지길 216-24, 외 1필지",경기도 안성시 고삼면 쌍지리 208번지 외 1필지,37.1162351889,127.2872704793,20250224,
안성시,영화농장,소,23,경기도 안성시 고삼면 쌍지길 11-54,경기도 안성시 고삼면 쌍지리 1005번지,37.1022650610,127.2833706337,20250224,
안성시,영화농장,소,80,경기도 안성시 양성면 안성맞춤대로 2498,경기도 안성시 양성면 난실리 222번지,37.1077244452,127.2252463146,20250224,
안성시,영환농장,소,200,경기도 안성시 일죽면 소라태길 115,경기도 안성시 일죽면 월정리 1248번지,37.0930331569,127.4516471719,20250224,
안성시,영환목장,소,16,경기도 안성시 원곡면 지문로 120-22,경기도 안성시 원곡면 지문리 475번지 13호 외 1필지,37.0497272269,127.1381395753,20250224,
안성시,영희농장,소,40,"경기도 안성시 삼죽면 개나리길 49-59, (외3필지)",경기도 안성시 삼죽면 진촌리 142번지 (외3필지),37.0571333387,127.3722746044,20250224,
안성시,예선원농장,소,0,경기도 안성시 미양면 중앙배수1길 22,경기도 안성시 미양면 후평리 268번지 21호,36.9821816322,127.2100012645,20250224,
안성시,예은 농장,소,12,경기도 안성시 대덕면 당뒤길 35,경기도 안성시 대덕면 내리 615번지 1호,36.9983602880,127.2165481907,20250224,
안성시,예은목장,소,29,경기도 안성시 보개면 가재울길 19-23,경기도 안성시 보개면 남풍리 837번지,37.0720373767,127.3079019783,20250224,
안성시,예인농장,소,7,경기도 안성시 죽산면 대근길 18-7,경기도 안성시 죽산면 두교리 174번지 7호,37.0130878519,127.4385347685,20250224,
안성시,오광농장,돼지,1300,경기도 안성시 일죽면 한다리길 35-12,경기도 안성시 일죽면 방초리 1119번지 3호,37.1172652769,127.4212960785,20250224,
안성시,오방농장,소,97,경기도 안성시 일죽면 한다리길 62-8,경기도 안성시 일죽면 방초리 1103번지 6호,37.1193193986,127.4196167206,20250224,
안성시,오방농장,소,289,"경기도 안성시 일죽면 주평길 71-7, (외 2필지)",경기도 안성시 일죽면 방초리 1134번지 2호 (외 2필지),37.1201982016,127.4264261060,20250224,
안성시,오방목장,소,60,경기도 안성시 일죽면 주평길 71-15,경기도 안성시 일죽면 방초리 1134번지 14호,37.1195216914,127.4257175937,20250224,
안성시,오방목장,소,60,경기도 안성시 일죽면 오방길 122-18,경기도 안성시 일죽면 방초리 552번지 3호,37.1164127200,127.4272402124,20250224,
안성시,오산농장,소,170,경기도 안성시 서운면 오촌길 63-8,경기도 안성시 서운면 오촌리 132번지 1호 외 3필지,36.9605372917,127.2812228660,20250224,
안성시,오성농장,소,39,경기도 안성시 보개면 신장길 93-2,경기도 안성시 보개면 신장리 62번지 1호,37.0453193704,127.2820818719,20250224,
안성시,오영농장,소,55,경기도 안성시 죽산면 용설호수길 111-38,경기도 안성시 죽산면 용설리 138번지 외 1필지,37.0560490864,127.4559221043,20250224,
안성시,옹달샘농장,소,80,경기도 안성시 금광면 바우덕이로 580-68,경기도 안성시 금광면 개산리 550번지,36.9748838162,127.2938214760,20250224,
안성시,옹천 목장,소,8,경기도 안성시 공도읍 진사길 116,경기도 안성시 공도읍 진사리 283번지 2호,36.9876688435,127.1459176531,20250224,
안성시,옻나무골농장,소,100,경기도 안성시 양성면 칠목길 53-16,경기도 안성시 양성면 명목리 246번지 1호,37.0382867498,127.1954511982,20250224,
안성시,왕산목장,소,24,경기도 안성시 미양면 바울길 48,경기도 안성시 미양면 양지리 115번지 2호,36.9779617431,127.2246686279,20250224,
안성시,왕산목장,소,69,"경기도 안성시 미양면 바울길 53, 외 5필지",경기도 안성시 미양면 갈전리 268번지 6호 외 5필지,36.9781801948,127.2255779351,20250224,
안성시,외교목장,소,98,경기도 안성시 금광면 북절골길 38-5,경기도 안성시 금광면 오산리 325번지 외 3필지,36.9850650909,127.3125256855,20250224,
안성시,요선농장,소,34,경기도 안성시 고삼면 사동길 40,경기도 안성시 고삼면 쌍지리 769번지 1호,37.1017926611,127.2913848097,20250224,
안성시,요섭목장,소,112,경기도 안성시 죽산면 능북길 32,경기도 안성시 죽산면 장능리 471번지 2호,37.0643840491,127.3937920056,20250224,
안성시,용농장,소,108,경기도 안성시 일죽면 어리실길 132,경기도 안성시 일죽면 화곡리 840번지 1호,37.1151285127,127.4551562442,20250224,
안성시,용두농장,소,12,경기도 안성시 미양면 엄나무길 36-27 (외 1필지),경기도 안성시 미양면 용두리 244번지 10호 외 1필지,36.9939429263,127.2359614600,20250224,
안성시,용만농장,소,23,,경기도 안성시 고삼면 가유리 969번지 2호,,,20250224,
안성시,용목장,소,3,경기도 안성시 죽산면 장원길 13-37,경기도 안성시 죽산면 장원리 848번지,37.0672771559,127.4156220704,20250224,
안성시,용설농장,소,15,경기도 안성시 죽산면 용설로 232-52,경기도 안성시 죽산면 용설리 772번지,37.0617751831,127.4399240190,20250224,
안성시,용설호수 농장,소,50,,경기도 안성시 죽산면 용설리 719번지 14호,,,20250224,
안성시,용수농장,소,15,,경기도 안성시 일죽면 방초리 582번지 2호,,,20250224,
안성시,용식농장,소,39,경기도 안성시 금광면 중촌길 36-19,경기도 안성시 금광면 상중리 130번지 1호,36.9531761253,127.3095038192,20250224,
안성시,용옥 목장,소,0,경기도 안성시 일죽면 내둔안길 6-28,경기도 안성시 일죽면 송천리 267번지 3호,37.0878299520,127.4742218527,20250224,
안성시,용우농장,소,50,경기도 안성시 고삼면 쌍지길 11-62,경기도 안성시 고삼면 쌍지리 1022번지,37.1014718722,127.2834066540,20250224,
안성시,용운목장,소,100,경기도 안성시 금광면 한운길 4-12,경기도 안성시 금광면 한운리 46번지,36.9821618742,127.3301176775,20250224,
안성시,용원농장,소,310,경기도 안성시 대덕면 보머리길 68,"경기도 안성시 대덕면 보동리 26번지 2호 외 2필지(26-4, 26-8)",37.0575610371,127.2336041721,20250224,
안성시,용원목장,소,45,경기도 안성시 대덕면 보머리길 66,"경기도 안성시 대덕면 보동리 10번지 2호 , 10-4",37.0570297520,127.2338534711,20250224,
안성시,용정목장,소,20,"경기도 안성시 공도읍 용정길 185-13, 외 3필지",경기도 안성시 공도읍 건천리 535번지 4호 외 3필지,36.9735032710,127.1568587878,20250224,
안성시,용준농장,소,9,,경기도 안성시 삼죽면 미장리 468번지 5호,,,20250224,
안성시,용지건 농장,소,23,경기도 안성시 일죽면 마림길 20-27,경기도 안성시 일죽면 죽림리 183번지 4호,37.0661607658,127.4498644375,20250224,
안성시,용호농장,소,15,경기도 안성시 원곡면 지문로 192-24,경기도 안성시 원곡면 지문리 122번지 3호 외 1필지,37.0546210420,127.1407931171,20250224,
안성시,용화목장,소,110,경기도 안성시 대덕면 모산로 422,"경기도 안성시 대덕면 보동리 575번지 ,576",37.0546818089,127.2400812642,20250224,
안성시,우경농장,소,35,경기도 안성시 미양면 상봉길 29,경기도 안성시 미양면 구수리 131번지,36.9651492090,127.2607191692,20250224,
안성시,우곡농장,소,100,경기도 안성시 일죽면 어리실길 75,경기도 안성시 일죽면 화곡리 813번지,37.1125790463,127.4595136619,20250224,
안성시,우곡농장,소,42,경기도 안성시 일죽면 대화길 90-16,경기도 안성시 일죽면 화곡리 795번지,37.1117674916,127.4587262108,20250224,
안성시,우리농장,소,20,경기도 안성시 서운면 서운신기길 60-50,경기도 안성시 서운면 신기리 306번지 2호,36.9616306740,127.2730194203,20250224,
안성시,우리농장,소,54,경기도 안성시 일죽면 내둔길 48-22 (외 1필지),경기도 안성시 일죽면 송천리 389번지 1호 외 1필지,37.0840247039,127.4691375222,20250224,
안성시,우리농장,소,9,,경기도 안성시 미양면 진촌리 197번지 4호,,,20250224,
안성시,우리농장,소,46,,경기도 안성시 중리동 583번지 1호,,,20250224,
안성시,우리농장,소,570,경기도 안성시 미양면 고지길 94-3,경기도 안성시 미양면 고지리 423번지,36.9642971799,127.2100803451,20250224,
안성시,우리농장,소,0,경기도 안성시 미양면 고지1길 81-10,"경기도 안성시 미양면 고지리 48번지 1호 , 43, 43-2, 44-1, 48, 51",36.9613791379,127.2186736192,20250224,
안성시,우리소농장,소,72,"경기도 안성시 일죽면 장암초교길 102-49, 외 1필지",경기도 안성시 일죽면 월정리 1718번지 외 1필지,37.0794600928,127.4581361929,20250224,
안성시,우리축산,소,5,,경기도 안성시 삼죽면 내장리 78번지,37.0932730752,127.3981936416,20250224,
안성시,우림농장,소,320,"경기도 안성시 양성면 미리내성지로 168-29, 외 4필지",경기도 안성시 양성면 미산리 684번지 외 4필지,37.1184998518,127.2556222760,20250224,
안성시,우림농장,소,214,경기도 안성시 일죽면 장암초교길 102-60,경기도 안성시 일죽면 월정리 1725번지,37.0804338389,127.4587094503,20250224,
안성시,우석농장,돼지,3100,경기도 안성시 삼죽면 서동대로 6188-14,경기도 안성시 삼죽면 미장리 280번지,37.0444870146,127.3648625033,20250224,
안성시,우석농장,소,125,경기도 안성시 일죽면 선유동길 23-15,경기도 안성시 일죽면 신흥리 836번지 837번지,37.1226863766,127.4671293289,20250224,
안성시,우성1농장,소,0,경기도 안성시 양성면 한내로 84-59,경기도 안성시 양성면 구장리 102번지,37.0550679752,127.2047866826,20250224,
안성시,우성농장,소,87,경기도 안성시 양성면 칠목길 23-190,경기도 안성시 양성면 덕봉리 683번지 6호,37.0353200630,127.2057851645,20250224,
안성시,우성농장2농장,소,0,경기도 안성시 양성면 구장길 81,경기도 안성시 양성면 구장리 283번지,37.0589608459,127.2006662173,20250224,
안성시,우성목장,소,60,경기도 안성시 삼죽면 덕계실2길 38,경기도 안성시 삼죽면 마전리 160번지 1호,37.0352357864,127.3410300398,20250224,
안성시,우수농장,소,53,경기도 안성시 양성면 가래울길 84,경기도 안성시 양성면 추곡리 67번지 1호,37.0661958642,127.2085664919,20250224,
안성시,우숙농장,소,110,경기도 안성시 삼죽면 보삼로 682-9,경기도 안성시 삼죽면 내강리 304번지 1호,37.0718670655,127.3679863142,20250224,
안성시,우암목장,소,59,"경기도 안성시 죽산면 장계길 14-66, (외3필지)",경기도 안성시 죽산면 장계리 146번지,37.0557205530,127.4034991544,20250224,
안성시,우영농장,소,24,경기도 안성시 공도읍 대신두길 145-30,경기도 안성시 공도읍 신두리 24번지,36.9964810854,127.2073846150,20250224,
안성시,우일농장,소,0,경기도 안성시 일죽면 장암로 140,"경기도 안성시 일죽면 장암리 274번지 1호 , 275-1, 275-2, 277-3, 277-4",37.0722229891,127.4622800335,20250224,
안성시,우정가천농장,소,0,경기도 안성시 원곡면 청원로 1892-34,"경기도 안성시 원곡면 외가천리 326번지 7호 , 326-13",37.0350890405,127.1239852811,20250224,
안성시,우주농장,소,340,경기도 안성시 양성면 한내로 365-38,경기도 안성시 양성면 방축리 617번지 1호,37.0625963235,127.2319555818,20250224,
안성시,우주농장,소,47,경기도 안성시 양성면 소로리안길 29-33,경기도 안성시 양성면 방축리 423번지 1호,37.0689600143,127.2317757016,20250224,
안성시,우진목장,소,57,경기도 안성시 대덕면 대농1길 35-32,경기도 안성시 대덕면 대농리 318번지 2호 외2필지,37.0658562344,127.2643852355,20250224,
안성시,우진목장,소,60,경기도 안성시 보개면 가재울길 100-77,경기도 안성시 보개면 신안리 204번지 1호,37.0608463965,127.3108884026,20250224,
안성시,우충목장,소,26,경기도 안성시 고삼면 쌍지길 249-11,경기도 안성시 고삼면 쌍지리 91번지,37.1185632841,127.2836281299,20250224,
안성시,우충목장,소,50,"경기도 안성시 고삼면 쌍지길 134-14, 외 1필지",경기도 안성시 고삼면 쌍지리 1208번지 외 1필지,37.1091511398,127.2879093232,20250224,
안성시,우행목장,소,66,경기도 안성시 서운면 바우덕이로 289-27,경기도 안성시 서운면 신기리 265번지 1호,36.9606856605,127.2738085474,20250224,
안성시,운숙농장,소,101,경기도 안성시 미양면 고지1길 80,경기도 안성시 미양면 고지리 56번지,36.9603665133,127.2174080029,20250224,
안성시,운영농장,소,19,경기도 안성시 일죽면 내산길 46-13,경기도 안성시 일죽면 산북리 344번지,37.0938358778,127.5096662026,20250224,
안성시,운진농장,소,24,경기도 안성시 양성면 구장길 36,경기도 안성시 양성면 구장리 235번지 3호,37.0547158291,127.2009528199,20250224,
안성시,운학농장,소,107,경기도 안성시 금광면 한운길 143,경기도 안성시 금광면 한운리 259번지 1호,36.9713233787,127.3342873895,20250224,
안성시,웅교농장,소,100,경기도 안성시 공도읍 불당안길 78-90,경기도 안성시 공도읍 웅교리 504번지 1호,36.9752609607,127.1793888798,20250224,
안성시,웅수목장,소,15,경기도 안성시 공도읍 웅교4길 7,경기도 안성시 공도읍 웅교리 309번지 18호,36.9828614578,127.1798851017,20250224,
안성시,웅재농장,소,39,,경기도 안성시 금광면 신양복리 441번지 3호,,,20250224,
안성시,원봉농장,소,3,경기도 안성시 죽산면 용대길 88-41,경기도 안성시 죽산면 두교리 80번지 1호,37.0181403873,127.4478725077,20250224,
안성시,원선목장,소,55,경기도 안성시 고삼면 쌍지길 161-8,경기도 안성시 고삼면 쌍지리 351번지 번지 외 3필지,37.1113706170,127.2840087678,20250224,
안성시,원애농장,소,54,경기도 안성시 금광면 동신곡길 64-19,경기도 안성시 금광면 신양복리 33번지,37.0098163335,127.3352379801,20250224,
안성시,원일농장,소,47,경기도 안성시 보개면 보개원삼로 770-36,경기도 안성시 보개면 가율리 494번지 4호,37.0658613775,127.3016970397,20250224,
안성시,원준농장,소,54,경기도 안성시 일죽면 금일로 495-50,경기도 안성시 일죽면 신흥리 148번지,37.0992069959,127.4794059149,20250224,
안성시,원터농장,소,38,경기도 안성시 일죽면 일생로 293-22,경기도 안성시 일죽면 금산리 234번지 2호,37.0707956673,127.5031723650,20250224,
안성시,유겸농장,소,12,경기도 안성시 대덕면 죽촌길 96-38,경기도 안성시 대덕면 죽리 439번지,36.9926829510,127.2172772463,20250224,
안성시,유길농장,소,99,경기도 안성시 삼죽면 개나리길 50-14,경기도 안성시 삼죽면 진촌리 116번지,37.0570403204,127.3696316268,20250224,
안성시,유나농장,돼지,5000,경기도 안성시 삼죽면 서동대로 6172-107,경기도 안성시 삼죽면 미장리 27번지,37.0429516247,127.3702967035,20250224,
안성시,유나목장,소,180,경기도 안성시 삼죽면 서동대로 6172-60,"경기도 안성시 삼죽면 미장리 686, 687, 688-1번지",37.0424615301,127.3672950621,20250224,
안성시,유니농장,소,30,경기도 안성시 양성면 정자말길 67-22,경기도 안성시 양성면 삼암리 490번지 8호,37.0263096954,127.2037624838,20250224,
안성시,유동농장,소,15,,경기도 안성시 보개면 적가리 산 34번지,,,20250224,
안성시,유림농장,소,100,경기도 안성시 보개면 보개원삼로 514-11,경기도 안성시 보개면 적가리 435번지 외1필지,37.0471803439,127.2944358053,20250224,
안성시,유림농장,소,200,"경기도 안성시 보개면 가재울길 47-19, (외 1필지)",경기도 안성시 보개면 남풍리 808번지 2호 (외 1필지),37.0694544426,127.3104958088,20250224,
안성시,유민농장,돼지,600,경기도 안성시 보개면 신곡길 37-15,경기도 안성시 보개면 신안리 116번지 1호,37.0555345420,127.3150742762,20250224,
안성시,유민농장,소,10,경기도 안성시 보개면 신곡길 37-15,경기도 안성시 보개면 신안리 116번지,37.0555345420,127.3150742762,20250224,
안성시,유빈농장,소,8,경기도 안성시 금광면 석하양지편길 29,경기도 안성시 금광면 석하리 170번지,36.9558621186,127.3150010403,20250224,
안성시,유일농장,돼지,4200,경기도 안성시 일죽면 장암로 24-73,"경기도 안성시 일죽면 장암리 60번지 1호 , -3, 61-3, 62-1, -3, 63-1, 413-1",37.0792366319,127.4639079052,20250224,
안성시,유진농장,소,128,경기도 안성시 일죽면 화곡길 26,경기도 안성시 일죽면 화곡리 196번지 20호,37.1138071594,127.4664803324,20250224,
안성시,유진농장,소,240,,"경기도 안성시 일죽면 화곡리 575번지 1호 외 3필지(575-2, 576-1, 576-2)",37.1029406087,127.4586578387,20250224,
안성시,유진목장,소,17,경기도 안성시 금광면 바우덕이로 600-15,경기도 안성시 금광면 개산리 506번지,36.9792706814,127.2972141208,20250224,
안성시,유한농장,소,300,경기도 안성시 미양면 서미로 212-31,경기도 안성시 미양면 법전리 130번지,36.9444187687,127.2207350675,20250224,
안성시,유한농장,소,47,경기도 안성시 양성면 한내로 208-19,경기도 안성시 양성면 필산리 93번지 2호,37.0536366560,127.2166801397,20250224,
안성시,육경목장,소,25,경기도 안성시 양성면 한내로 355,"경기도 안성시 양성면 방축리 654번지 3호 ,653-3",37.0599017134,127.2282870400,20250224,
안성시,육우마을안성사업단,소,475,경기도 안성시 미양면 미양로 271-76,"경기도 안성시 미양면 정동리 515번지 13호 ,515-23",36.9757666956,127.2004530710,20250224,
안성시,윤목장,소,148,경기도 안성시 양성면 지남촌길 27-117,경기도 안성시 양성면 덕봉리 686번지 5호,37.0345422619,127.2083967789,20250224,
안성시,윤선농장,돼지,1280,경기도 안성시 삼죽면 국사봉로 212-9,경기도 안성시 삼죽면 기솔리 441번지,37.0417446489,127.3413988038,20250224,
안성시,윤섭농장,소,3,,경기도 안성시 보개면 북가현리 725번지,,,20250224,
안성시,윤진농장,소,120,"경기도 안성시 죽산면 봉업사길 92-3, (외2필지)",경기도 안성시 죽산면 죽산리 260번지 1호 (외2필지),37.0848440400,127.4261227446,20250224,
안성시,윤탁목장,소,90,경기도 안성시 삼죽면 덕계실2길 56,경기도 안성시 삼죽면 마전리 115번지 1호,37.0359769266,127.3425014936,20250224,
안성시,윤하농장,소,5,경기도 안성시 죽산면 대근길 18-5,경기도 안성시 죽산면 두교리 174번지 6호,37.0133041627,127.4384671487,20250224,
안성시,율곡농산,돼지,9000,경기도 안성시 삼죽면 밤고개안길 168-74,경기도 안성시 삼죽면 율곡리 산 16번지 1호,37.1024608809,127.3942790677,20250224,
안성시,율원목장,소,112,경기도 안성시 양성면 정자말길 67-144 (외1필지),경기도 안성시 양성면 삼암리 186번지 외1필지,37.0260825301,127.2140505082,20250224,
안성시,으뜸농장,소,112,경기도 안성시 양성면 상장서길 35-48,경기도 안성시 양성면 장서리 163번지,37.1018113643,127.2176824997,20250224,
안성시,은기농장,소,88,경기도 안성시 대덕면 웅그래길 50,"경기도 안성시 대덕면 내리 574번지 ,575번지",37.0006455093,127.2146965064,20250224,
안성시,은별농장,소,24,경기도 안성시 공도읍 양기길 72-5,경기도 안성시 공도읍 양기리 248번지 1호,37.0029144739,127.2025944706,20250224,
안성시,은별농장,소,35,경기도 안성시 공도읍 야촌길 94-31,경기도 안성시 공도읍 양기리 107번지 4호,37.0028771344,127.2056966791,20250224,
안성시,은성농장,소,60,경기도 안성시 고삼면 무쇠막안길 46,경기도 안성시 고삼면 가유리 562번지,37.0847605618,127.2561356809,20250224,
안성시,은식농장,소,55,경기도 안성시 고삼면 개울말길 128-15,경기도 안성시 고삼면 가유리 892번지,37.0903641299,127.2545311563,20250224,
안성시,은영목장,소,80,경기도 안성시 원곡면 지산길 37,경기도 안성시 원곡면 지문리 444번지,37.0541604476,127.1375449346,20250224,
안성시,은진농장,돼지,1300,경기도 안성시 죽산면 장계길 14-60,경기도 안성시 죽산면 장계리 109번지,37.0554690884,127.4046579291,20250224,
안성시,은하수목장,소,197,경기도 안성시 미양면 당골길 97,경기도 안성시 미양면 용두리 86번지 2호,36.9842606436,127.2438268547,20250224,
안성시,은현목장,소,36,경기도 안성시 보개면 남사당로 441-64,경기도 안성시 보개면 신안리 480번지,37.0561504164,127.3111924850,20250224,
안성시,은혜목장,소,50,경기도 안성시 미양면 참나무길 36,경기도 안성시 미양면 보체리 163번지,36.9765306844,127.2501334086,20250224,
안성시,을복 목장,소,35,,경기도 안성시 원곡면 반제리 210번지,37.0333889231,127.1579113072,20250224,
안성시,의신목장,소,22,경기도 안성시 원곡면 평동길 125,경기도 안성시 원곡면 산하리 574번지,37.0738675784,127.1180452496,20250224,
안성시,의중농장,소,129,경기도 안성시 대덕면 김중만장군길 157-62,경기도 안성시 대덕면 보동리 693번지,37.0529109058,127.2465204413,20250224,
안성시,이글농장,소,60,경기도 안성시 보개면 내방상삼로 231-5,경기도 안성시 보개면 상삼리 381번지 1호,37.0312171701,127.3231836392,20250224,
안성시,이글목장,소,80,경기도 안성시 삼죽면 개나리길 75,경기도 안성시 삼죽면 진촌리 85번지 3호,37.0547266962,127.3724473435,20250224,
안성시,이레농장,돼지,4500,경기도 안성시 보개면 동평길 90-11,"경기도 안성시 보개면 동평리 413번지 1호 , 324, 324-1, 410-1, 413",37.0884544828,127.3207441028,20250224,
안성시,이매목장,소,80,경기도 안성시 일죽면 한다리길 62-4,경기도 안성시 일죽면 방초리 1103번지 7호,37.1191124589,127.4201910238,20250224,
안성시,이박목장,소,100,경기도 안성시 미양면 이박골길 34,경기도 안성시 미양면 구례리 139번지 1호,36.9849702959,127.2468696305,20250224,
안성시,이보목장,소,13,경기도 안성시 보개면 보개원삼로 1227-25,경기도 안성시 보개면 북가현리 520번지 1호 외 2필지,37.1048967857,127.3093608885,20250224,
안성시,이석농장,돼지,3000,경기도 안성시 일죽면 한다리길 35-11,경기도 안성시 일죽면 방초리 1120번지 3호,37.1166805038,127.4230526506,20250224,
안성시,이석농장,소,30,경기도 안성시 삼죽면 신미1길 77-14,경기도 안성시 삼죽면 미장리 189번지 1호,37.0386751531,127.3669868012,20250224,
안성시,이섭농장,소,60,경기도 안성시 양성면 돌꽃지길 79-40,경기도 안성시 양성면 추곡리 133번지 2호,37.0644469267,127.2100933496,20250224,
안성시,이슬농장,소,34,경기도 안성시 일죽면 금일로 400-13,경기도 안성시 일죽면 가리 273번지 1호 외 3필지,37.0866045836,127.4770239537,20250224,
안성시,이슬목장,소,70,경기도 안성시 공도읍 용정길 68-27,경기도 안성시 공도읍 중복리 605번지 6호 외 1필지,36.9736897265,127.1466677609,20250224,
안성시,이월목장,소,100,경기도 안성시 보개면 남사당로 194,경기도 안성시 보개면 복평리 238번지 2호,37.0331899783,127.3050652234,20250224,
안성시,이이삼목장,소,45,경기도 안성시 고삼면 삼은길 197-12,경기도 안성시 고삼면 삼은리 250번지,37.0835187425,127.2954178476,20250224,
안성시,이이삼목장,소,125,경기도 안성시 미양면 중앙배수1길 148-4,경기도 안성시 미양면 정동리 504번지 25호,36.9756436758,127.1981503061,20250224,
안성시,이전농장,소,96,경기도 안성시 고삼면 사동길 7-25,경기도 안성시 고삼면 쌍지리 1279번지,37.1012391330,127.2893156109,20250224,
안성시,이칠농장,소,21,경기도 안성시 죽산면 걸미로 745-29,경기도 안성시 죽산면 장계리 13번지 2호,37.0631888921,127.4091588326,20250224,
안성시,이헌농장,소,100,경기도 안성시 고삼면 쌍지길 199-7,경기도 안성시 고삼면 쌍지리 319번지,37.1147876314,127.2843479953,20250224,
안성시,이호 농장,소,70,경기도 안성시 양성면 한내로 254-6,경기도 안성시 양성면 필산리 59번지 1호,37.0528967225,127.2201581316,20250224,
안성시,이화농장,소,10,경기도 안성시 대덕면 시미실길 136,경기도 안성시 대덕면 보동리 303번지,37.0454399320,127.2516845434,20250224,
안성시,익재농장,소,20,,경기도 안성시 일죽면 화곡리 411번지 6호,,,20250224,
안성시,익표농장,소,20,경기도 안성시 양성면 약산길 1,"경기도 안성시 양성면 미산리 654번지 2호 , 655, 656",37.1167927753,127.2539843590,20250224,
안성시,인규농장,소,0,경기도 안성시 고삼면 안성맞춤대로 1951-10,경기도 안성시 고삼면 가유리 282번지 2호,37.0844443320,127.2601984509,20250224,
안성시,인복농장,소,53,경기도 안성시 금광면 한운길 58-18,경기도 안성시 금광면 한운리 130번지 4호 외 1필지,36.9784386452,127.3299349461,20250224,
안성시,인석농장,소,25,,경기도 안성시 일죽면 죽림리 278번지 1호,,,20250224,
안성시,인석농장,소,71,경기도 안성시 대덕면 시미실길 71-18,경기도 안성시 대덕면 보동리 270번지,37.0498482384,127.2475540394,20250224,
안성시,인선농장,소,7,경기도 안성시 대덕면 신촌길 4-186,경기도 안성시 대덕면 신령리 466번지,37.0196821072,127.2254062681,20250224,
안성시,인영농장,소,25,경기도 안성시 삼죽면 개나리길 50-4,경기도 안성시 삼죽면 진촌리 133번지 2호,37.0567444700,127.3711167809,20250224,
안성시,인원목장,소,0,경기도 안성시 고삼면 사동길 37,"경기도 안성시 고삼면 쌍지리 752번지 , 752-2, 753",37.1018456956,127.2907882031,20250224,
안성시,인재농장,소,31,,경기도 안성시 금광면 개산리 209번지 5호,,,20250224,
안성시,인정목장,소,20,경기도 안성시 일죽면 소라태길 79,경기도 안성시 일죽면 월정리 408번지 외 2필지,37.0910691777,127.4545177844,20250224,
안성시,인택농장,소,7,,경기도 안성시 서운면 인리 453번지,,,20250224,
안성시,인희농장,소,74,경기도 안성시 고삼면 개울말길 128-41,경기도 안성시 고삼면 가유리 886번지,37.0895298215,127.2564804699,20250224,
안성시,일람A목장,소,203,경기도 안성시 일죽면 고목남길 95-22,경기도 안성시 일죽면 고은리 1173번지 12호 외 2필지,37.1198811190,127.4395742059,20250224,
안성시,일오유통(부속)목장,소,54,경기도 안성시 공도읍 원중복길 105,경기도 안성시 공도읍 중복리 250번지,36.9767416353,127.1305531891,20250224,
안성시,일오유통(부속)목장,소,200,경기도 안성시 공도읍 진건중길 256-65,경기도 안성시 공도읍 중복리 690번지 1호,36.9764312970,127.1264425166,20250224,
안성시,일죽농장,소,100,경기도 안성시 일죽면 주래본죽로 226-46,"경기도 안성시 일죽면 주천리 67번지 외 2필지(65-2, 68)",37.0912221079,127.4978170577,20250224,
안성시,일죽라온,소,128,경기도 안성시 일죽면 장암로 24-132,"경기도 안성시 일죽면 장암리 80번지 3호 , -4, -5",37.0801103716,127.4618373455,20250224,
안성시,일진농장,소,213,경기도 안성시 대덕면 안성맞춤대로 1694-38,경기도 안성시 대덕면 진현리 562번지 4호,37.0627623986,127.2589394258,20250224,
안성시,임평농장,소,40,경기도 안성시 보개면 내방길 17-9,경기도 안성시 보개면 내방리 202번지 1호,37.0193078865,127.3163987050,20250224,
안성시,자갈농장,소,24,경기도 안성시 서운면 오촌길 35,경기도 안성시 서운면 오촌리 29번지,36.9635207754,127.2810570596,20250224,
안성시,자립A 목장,소,100,경기도 안성시 보개면 보개원삼로 732-27,경기도 안성시 보개면 가율리 251번지 11호,37.0656648451,127.3027661720,20250224,
안성시,자립농장,소,48,경기도 안성시 보개면 보개원삼로 732-27,경기도 안성시 보개면 가율리 251번지,37.0656648451,127.3027661720,20250224,
안성시,자매농장,소,40,경기도 안성시 미양면 고지1길 208,경기도 안성시 미양면 고지리 82번지,36.9506777015,127.2181401633,20250224,
안성시,자석농장,소,200,경기도 안성시 양성면 칠목길 43-88,경기도 안성시 양성면 덕봉리 680-8,37.0382337056,127.2029740254,20250224,
안성시,자수성농장,소,345,경기도 안성시 서운면 서미로 173-18,경기도 안성시 서운면 현매리 산 2번지,36.9423440900,127.2163627578,20250224,
안성시,장골목장,소,46,경기도 안성시 삼죽면 덕계실1길 86,경기도 안성시 삼죽면 기솔리 463번지,37.0394518436,127.3390534145,20250224,
안성시,장규농장,소,20,경기도 안성시 보개면 평장길 37-44,경기도 안성시 보개면 동평리 557번지 2호,37.0931779202,127.3148478115,20250224,
안성시,장미농원,소,0,경기도 안성시 삼죽면 신미1길 113,경기도 안성시 삼죽면 미장리 68번지,37.0378308855,127.3697656759,20250224,
안성시,장성골농장,돼지,4273,경기도 안성시 일죽면 일생로 356,경기도 안성시 일죽면 금산리 89번지 3호 (외12필지),37.0656483576,127.5063892660,20250224,
안성시,장성농장,소,68,경기도 안성시 삼죽면 벌터길 66-58,경기도 안성시 삼죽면 내장리 558번지 1호,37.0889630597,127.3904833588,20250224,
안성시,장수농장,소,30,경기도 안성시 금광면 돌우길 8,경기도 안성시 금광면 내우리 222번지,36.9885567456,127.3032800762,20250224,
안성시,장암 준농장,소,20,경기도 안성시 일죽면 장암초교길 60-19,경기도 안성시 일죽면 장암리 413번지 7호,37.0778755225,127.4640773073,20250224,
안성시,장암농장,소,1454,경기도 안성시 일죽면 장암초교길 60-15,경기도 안성시 일죽면 장암리 70번지 4호 외 6필지,37.0778663331,127.4635035382,20250224,
안성시,장암팜,돼지,1882,경기도 안성시 일죽면 장암로 123-5,경기도 안성시 일죽면 장암리 227번지,37.0724762775,127.4651823212,20250224,
안성시,장유목장,소,35,경기도 안성시 안성맞춤대로 1423-63 (사곡동),경기도 안성시 사곡동 산 19번지 1호 외 1필지(242-2),37.0420972639,127.2568344645,20250224,
안성시,장일농장,돼지,2000,경기도 안성시 일죽면 장암로 235-21,경기도 안성시 일죽면 죽림리 38번지,37.0687228610,127.4549136008,20250224,
안성시,장자골 농장,소,0,경기도 안성시 공도읍 만가대길 57-9,경기도 안성시 공도읍 만정리 146번지 5호,37.0088283450,127.1852839542,20250224,
안성시,장준농장,소,9,경기도 안성시 금광면 진안로 505-58,경기도 안성시 금광면 옥정리 567번지,36.9807327491,127.3535481877,20250224,
안성시,재근농장,소,18,경기도 안성시 죽산면 용설로 589,경기도 안성시 죽산면 당목리 577번지,37.0352830349,127.4420138224,20250224,
안성시,재문목장,소,36,경기도 안성시 서운면 사갑1길 178-69,경기도 안성시 서운면 송산리 513번지 1호,36.9337203365,127.2414246094,20250224,
안성시,재민농장,소,144,경기도 안성시 일죽면 죽화로 452-20,경기도 안성시 일죽면 화곡리 996번지 6호,37.1031632137,127.4740590991,20250224,
안성시,재석농장,소,55,경기도 안성시 미양면 미양로 690-7,경기도 안성시 미양면 구례리 산 69번지 3호,36.9930005043,127.2419208128,20250224,
안성시,재수농장,소,25,경기도 안성시 일죽면 두문동길 7,경기도 안성시 일죽면 화곡리 193번지 3호,37.1108417847,127.4676184283,20250224,
안성시,재식농장,소,17,경기도 안성시 공도읍 서동대로 4578-15,경기도 안성시 공도읍 양기리 3번지 2호,37.0081247390,127.2098577787,20250224,
안성시,재영농장,소,13,경기도 안성시 공도읍 장수길 23,경기도 안성시 공도읍 승두리 663번지 1호,36.9895137308,127.1602929442,20250224,
안성시,재영농장,소,98,경기도 안성시 금광면 금광오산로 8-64,경기도 안성시 금광면 오산리 232번지 1호,36.9820897798,127.3065664971,20250224,
안성시,재용농장,소,30,경기도 안성시 일죽면 산전길 27,경기도 안성시 일죽면 금산리 278번지 6호,37.0669555791,127.5025872649,20250224,
안성시,재욱목장,소,200,경기도 안성시 죽산면 용대길 105,경기도 안성시 죽산면 두교리 62번지 1호,37.0179944325,127.4440841796,20250224,
안성시,재인 농장,소,48,경기도 안성시 양성면 재인길 52-8,경기도 안성시 양성면 난실리 64번지 2호 번지,37.1102927323,127.2288274518,20250224,
안성시,재일목장,소,82,경기도 안성시 공도읍 진사2길 7,경기도 안성시 공도읍 진사리 391번지 3호,36.9881238053,127.1473426650,20250224,
안성시,재현농장,돼지,2000,경기도 안성시 삼죽면 상삼로 259,"경기도 안성시 삼죽면 내장리 66번지 , 72, 33, 33-1",37.0939245852,127.4052061717,20250224,
안성시,재현농장,소,0,경기도 안성시 원곡면 만리길 10,경기도 안성시 원곡면 지문리 141번지 4호,37.0580570331,127.1442973796,20250224,
안성시,재형농장,소,30,경기도 안성시 일죽면 내둔안길 15-8,경기도 안성시 일죽면 송천리 306번지,37.0873874477,127.4707564276,20250224,
안성시,재호목장,소,60,경기도 안성시 죽산면 구행길 119-24,경기도 안성시 죽산면 매산리 산 3번지,37.1063490116,127.4212961201,20250224,
안성시,전원농장,소,33,경기도 안성시 공도읍 용정길 306-5,경기도 안성시 공도읍 건천리 360번지 42호,36.9701827611,127.1684227983,20250224,
안성시,전진농장,돼지,1700,경기도 안성시 양성면 지남촌길 27-120,경기도 안성시 양성면 덕봉리 687번지 10호,37.0337170277,127.2100640320,20250224,
안성시,전진농장,소,472,"경기도 안성시 서운면 바우덕이로 289-52, 외 2필지",경기도 안성시 서운면 신기리 158번지 3호 외 2필지,36.9609782950,127.2712802085,20250224,
안성시,전한목장,소,52,경기도 안성시 미양면 보촌2길 18,경기도 안성시 미양면 고지리 517번지,36.9608058980,127.2089814980,20250224,
안성시,정국농장,소,0,경기도 안성시 일죽면 두문동길 5,"경기도 안성시 일죽면 화곡리 194번지 , 195, 196-8",37.1110310441,127.4674720280,20250224,
안성시,정길농장,소,25,경기도 안성시 양성면 지남촌길 47-54,경기도 안성시 양성면 명목리 118번지,37.0310578514,127.2027995888,20250224,
안성시,정길목장,소,37,경기도 안성시 일죽면 죽화로 346-24,경기도 안성시 일죽면 화곡리 409번지 외 1필지,37.1047015442,127.4624440058,20250224,
안성시,정범목장,소,70,경기도 안성시 미양면 미양로 499,경기도 안성시 미양면 갈전리 291번지 1호,36.9832957867,127.2235931785,20250224,
안성시,정상농장,소,19,경기도 안성시 대덕면 죽촌길 191-35,경기도 안성시 대덕면 죽리 694번지 41호,36.9885419529,127.2234955369,20250224,
안성시,정석농장,소,15,경기도 안성시 삼죽면 국사봉로 135-5,경기도 안성시 삼죽면 마전리 172번지,37.0356087574,127.3368801486,20250224,
안성시,정선농장,소,30,경기도 안성시 삼죽면 서동대로 6142,경기도 안성시 삼죽면 미장리 338번지,37.0413179322,127.3605050387,20250224,
안성시,정송농장,소,0,경기도 안성시 양성면 한내로 500-14,경기도 안성시 양성면 방축리 928번지 4호,37.0641816647,127.2395201810,20250224,
안성시,정수A목장,소,110,경기도 안성시 죽산면 장계길 20-86,경기도 안성시 죽산면 장계리 441번지 1호,37.0532031299,127.4005669237,20250224,
안성시,정수농장,소,50,경기도 안성시 일죽면 평촌안길 34,경기도 안성시 일죽면 화곡리 476번지 2호,37.1028455607,127.4655960847,20250224,
안성시,정식농장,소,142,경기도 안성시 삼죽면 벌터길 44-12,경기도 안성시 삼죽면 용월리 254번지 1호,37.0857801947,127.3895990598,20250224,
안성시,정열농장,소,60,"경기도 안성시 일죽면 평촌안길 28-13, (외1필지)",경기도 안성시 일죽면 화곡리 424번지 2호 (외1필지),37.1023230035,127.4665416633,20250224,
안성시,정열농장,소,40,경기도 안성시 일죽면 죽화로 346-50,경기도 안성시 일죽면 화곡리 486번지 1호,37.1028444540,127.4619722482,20250224,
안성시,정우목장,소,209,경기도 안성시 미양면 서미로 368,경기도 안성시 미양면 고지리 182번지 외 1필지,36.9574272017,127.2133975650,20250224,
안성시,정우목장,소,0,경기도 안성시 미양면 중앙배수1길 128-24,"경기도 안성시 미양면 정동리 506번지 17호 , 506-18",36.9782308769,127.1981737946,20250224,
안성시,정원농장,소,110,경기도 안성시 미양면 서미로 470,경기도 안성시 미양면 마산리 545번지,36.9658725836,127.2166686819,20250224,
안성시,정원농장,소,120,경기도 안성시 일죽면 장암로 168-13,경기도 안성시 일죽면 장암리 490번지,37.0728171631,127.4599285491,20250224,
안성시,정일농장,소,112,경기도 안성시 서운면 사갑1길 91-26,경기도 안성시 서운면 신촌리 342번지 (343),36.9357210971,127.2539387441,20250224,
안성시,정택농장,소,20,경기도 안성시 양성면 한내로 474,경기도 안성시 양성면 방축리 143번지,37.0648071017,127.2369983788,20250224,
안성시,정현농장,돼지,0,경기도 안성시 대덕면 능말길 43-65,경기도 안성시 대덕면 무능리 310번지 1호,37.0464684236,127.2159083324,20250224,
안성시,정현목장,소,300,,경기도 안성시 보개면 남풍리 1256번지 3호,,,20250224,
안성시,정호농장,소,39,경기도 안성시 보개면 보삼로 258,경기도 안성시 보개면 북가현리 170번지,37.0986208552,127.3383544114,20250224,
안성시,정화목장,소,50,경기도 안성시 금광면 외개산길 28-16,경기도 안성시 금광면 개산리 375번지,36.9850892806,127.2997381869,20250224,
안성시,정환2농장,소,200,경기도 안성시 일죽면 주래본죽로 167-27,경기도 안성시 일죽면 주천리 608번지,37.0953774791,127.4925280057,20250224,
안성시,정환3농장,소,100,경기도 안성시 일죽면 주래본죽로 167-28,경기도 안성시 일죽면 주천리 609번지,37.0957381215,127.4937545584,20250224,
안성시,정환농장,소,141,경기도 안성시 일죽면 주래본죽로 122-39,경기도 안성시 일죽면 주천리 249번지 1호 (외3필지),37.0896080022,127.4883990164,20250224,
안성시,정환농장,소,190,경기도 안성시 양성면 돌꽃지길 103-8,경기도 안성시 양성면 석화리 124번지,37.0625363820,127.2066249397,20250224,
안성시,정후농장,소,0,경기도 안성시 보개면 평장길 46-3,경기도 안성시 보개면 동평리 523번지 5호,37.0896628919,127.3151939282,20250224,
안성시,정희농장,소,0,경기도 안성시 안성맞춤대로 1452(사곡동),경기도 안성시 사곡동 178번지,37.0411457430,127.2632696461,20250224,
안성시,정희농장,소,130,경기도 안성시 미양면 하개정길 90-52,경기도 안성시 미양면 진촌리 428번지,36.9730587050,127.1885209107,20250224,
안성시,정희농장,소,0,경기도 안성시 공도읍 용정길 203-40,"경기도 안성시 공도읍 승두리 863번지 5호 , 863-6",36.9773464860,127.1610661141,20250224,
안성시,정희농장,소,15,경기도 안성시 미양면 법전길 200,경기도 안성시 미양면 법전리 148번지 10호,36.9506270588,127.2047184930,20250224,
안성시,제2문호농장,돼지,1100,경기도 안성시 일죽면 소라태길 93,경기도 안성시 일죽면 월정리 358번지 외1필지,37.0900500064,127.4530893564,20250224,
안성시,제2청우농장,소,200,경기도 안성시 대덕면 선인장길 124-42,경기도 안성시 대덕면 명당리 446번지 9호,37.0344354393,127.2163916790,20250224,
안성시,제2흑룡농장,소,100,경기도 안성시 고삼면 한내로 640-8,경기도 안성시 고삼면 대갈리 692번지 1호,37.0640329376,127.2543123178,20250224,
안성시,제이앤비목장,소,54,경기도 안성시 보개면 한사울길 266,경기도 안성시 보개면 적가리 224번지 2호,37.0503611678,127.2886016031,20250224,
안성시,제인팜,소,0,경기도 안성시 미양면 바울길 64-14,"경기도 안성시 미양면 양지리 117번지 , 117-1",36.9772508582,127.2252104976,20250224,
안성시,제일농장,소,46,경기도 안성시 죽산면 장원남산길 85-48,경기도 안성시 죽산면 장원리 1112번지,37.0746065047,127.4306214177,20250224,
안성시,제헌농장,소,30,경기도 안성시 고삼면 안성맞춤대로 2041-7,경기도 안성시 고삼면 가유리 917번지,37.0908582726,127.2581190629,20250224,
안성시,조지아팜,소,0,경기도 안성시 대덕면 한천길 211-6,"경기도 안성시 대덕면 죽리 572번지 , 572-2, 572-3",36.9910414038,127.2094282259,20250224,
안성시,종국농장,소,36,경기도 안성시 보개면 절가리길 22-26,경기도 안성시 보개면 적가리 415번지,37.0478251203,127.2972005837,20250224,
안성시,종근농장,소,4,경기도 안성시 양성면 동항공단길 15-32,경기도 안성시 양성면 동항리 563번지 2호 외 1필지,37.0656643342,127.1787838253,20250224,
안성시,종길농장,소,91,경기도 안성시 발화대길 226-20 (중리동),"경기도 안성시 중리동 29번지 1호 ,29-2",36.9818426222,127.2834990276,20250224,
안성시,종만농장,소,0,경기도 안성시 금광면 북절골길 37-21,경기도 안성시 금광면 오산리 311번지,36.9846546039,127.3151897914,20250224,
안성시,종면농장,소,42,경기도 안성시 양성면 돌꽃지길 79-28,경기도 안성시 양성면 추곡리 128번지 1호 외 1필지(128),37.0641377994,127.2090146803,20250224,
안성시,종민농장,소,12,,경기도 안성시 일죽면 방초리 499번지 5호,,,20250224,
안성시,종석농장,소,50,경기도 안성시 보개면 보개산로 192-58,경기도 안성시 보개면 상삼리 309번지,37.0345185025,127.3307882060,20250224,
안성시,종애목장,소,66,,경기도 안성시 일죽면 고은리 427번지 1호,,,20250224,
안성시,종애목장,소,50,경기도 안성시 일죽면 고목길 4-43,경기도 안성시 일죽면 고은리 1169번지 1호,37.1217719135,127.4354076307,20250224,
안성시,종원농장,소,11,경기도 안성시 원곡면 지문로 171,경기도 안성시 원곡면 지문리 369번지 2호,37.0554006334,127.1392598394,20250224,
안성시,종찬농장,소,90,경기도 안성시 양성면 지남촌길 47-57,경기도 안성시 양성면 명목리 423번지 3호,37.0313568693,127.2034168192,20250224,
안성시,종찬농장,소,52,경기도 안성시 양성면 지남촌길 21-58,경기도 안성시 양성면 명목리 38번지 1호,37.0341334015,127.2034622419,20250224,
안성시,종철목장,소,100,경기도 안성시 대덕면 모산로 354-21,경기도 안성시 대덕면 보동리 615번지 1호,37.0484223422,127.2425992396,20250224,
안성시,종태목장,소,0,경기도 안성시 대덕면 무어산길 5,경기도 안성시 대덕면 보동리 464번지 1호,37.0487125441,127.2392694070,20250224,
안성시,종호농장,소,0,경기도 안성시 공도읍 서동대로 4578-33,경기도 안성시 공도읍 양기리 61번지,37.0059708150,127.2100682816,20250224,
안성시,종환목장,소,190,경기도 안성시 양성면 명삼길 267-51,경기도 안성시 양성면 삼암리 261번지,37.0245379422,127.2053995333,20250224,
안성시,좋은농장,소,4,경기도 안성시 고삼면 안성맞춤대로 2041-34,경기도 안성시 고삼면 가유리 880번지,37.0900551809,127.2577165347,20250224,
안성시,좋은빛목장,소,95,"경기도 안성시 공도읍 건천길 8-41 (, 진사리 519)","경기도 안성시 공도읍 건천리 697번지 , 진사리 519",36.9780012841,127.1385693733,20250224,
안성시,주영농장,소,26,경기도 안성시 양성면 안성맞춤대로 2257,경기도 안성시 양성면 노곡리 338번지 7호,37.1072451148,127.2489280849,20250224,
안성시,주협목장,소,72,경기도 안성시 공도읍 진건중길 349-17,경기도 안성시 공도읍 중복리 140번지 2호,36.9690510434,127.1359716185,20250224,
안성시,주호농장,소,150,경기도 안성시 대덕면 한천길 37-15 (외1필지),경기도 안성시 대덕면 내리 513번지 외1필지,37.0062613178,127.2146305613,20250224,
안성시,주호농장,소,27,경기도 안성시 대덕면 한천길 59-4,경기도 안성시 대덕면 내리 543번지 1호,37.0037705794,127.2134822033,20250224,
안성시,주황농장,소,40,경기도 안성시 대덕면 김중만장군길 56-69,경기도 안성시 대덕면 토현리 247번지 5호,37.0604263976,127.2539190250,20250224,
안성시,죽화농장,소,8,경기도 안성시 일죽면 대화길 60,경기도 안성시 일죽면 화곡리 767번지 1호 번지 외 3필지,37.1100630248,127.4565661336,20250224,
안성시,준나농원,소,33,경기도 안성시 금광면 연내동길 83,경기도 안성시 금광면 옥정리 282번지,36.9764949695,127.3764655159,20250224,
안성시,준선농장,소,187,경기도 안성시 미양면 서미로 326-20,경기도 안성시 미양면 고지리 302번지 (외1필지),36.9532948647,127.2156033033,20250224,
안성시,준영농장,소,150,경기도 안성시 미양면 중앙배수1길 148-20,경기도 안성시 미양면 정동리 504번지 16호,36.9770196925,127.1968977250,20250224,
안성시,준우농장,소,0,경기도 안성시 미양면 서변1길 43,"경기도 안성시 미양면 강덕리 139번지 2호 , 양변리 373-1",36.9505231423,127.2372233377,20250224,
안성시,준우농장,소,90,경기도 안성시 미양면 강덕길 66,"경기도 안성시 미양면 강덕리 165번지 2호 , 165-1",36.9480154676,127.2324474165,20250224,
안성시,준호목장,소,25,경기도 안성시 보개면 절가리길 22-48,경기도 안성시 보개면 적가리 산 7번지,37.0465297606,127.2987896896,20250224,
안성시,준환목장,소,10,경기도 안성시 금광면 금광오산로 92,경기도 안성시 금광면 오산리 109번지 2호,36.9879476516,127.3112263353,20250224,
안성시,준훈농장,소,7,경기도 안성시 대덕면 배꽃길 160,경기도 안성시 대덕면 모산리 211번지 1호,37.0378094369,127.2412070145,20250224,
안성시,줄줄이목장,소,41,경기도 안성시 고삼면 윗갈미길 1-10,경기도 안성시 고삼면 대갈리 417번지 1호 외 13필지,37.0669652263,127.2469911273,20250224,
안성시,중대농장,소,54,경기도 안성시 보개면 불현길 11-22,경기도 안성시 보개면 불현리 산 1번지 1호,37.0282646704,127.2823329786,20250224,
안성시,중동농장,소,40,,경기도 안성시 대덕면 보동리 279번지 3호,,,20250224,
안성시,중부농장,소,0,경기도 안성시 일죽면 장암로 24-121,"경기도 안성시 일죽면 월정리 1059번지 4호 , -8, -9, -11, -12, -13",37.0809213252,127.4608131062,20250224,
안성시,중부뜰목장,소,40,경기도 안성시 죽산면 두평길 47-9,경기도 안성시 죽산면 두현리 190번지,37.0664320464,127.4065789976,20250224,
안성시,중앙농장,소,56,경기도 안성시 대덕면 한천길 81-7,경기도 안성시 대덕면 내리 558번지,37.0021951606,127.2143535383,20250224,
안성시,중앙농장,소,26,경기도 안성시 대덕면 한천길 239-73,경기도 안성시 대덕면 죽리 556번지,36.9895010977,127.2136143952,20250224,
안성시,중촌목장,소,12,경기도 안성시 금광면 배티로 323,경기도 안성시 금광면 상중리 14번지 1호,36.9566327400,127.3120562391,20250224,
안성시,중화농장,소,112,경기도 안성시 금광면 바우덕이로 635,경기도 안성시 금광면 개산리 598번지 1호 외 1필지,36.9815559958,127.2999609360,20250224,
안성시,지내동농장,돼지,950,경기도 안성시 일죽면 지내동길 39-28,"경기도 안성시 일죽면 신흥리 213번지 5호 , 214, 215",37.1119985879,127.4814959759,20250224,
안성시,지내목장,소,100,경기도 안성시 일죽면 노성로 193-2,경기도 안성시 일죽면 신흥리 7번지 7호 외 5필지,37.1207427761,127.4839928578,20250224,
안성시,지내목장,소,52,경기도 안성시 일죽면 노성로 193-2,경기도 안성시 일죽면 신흥리 7번지 18호,37.1207427761,127.4839928578,20250224,
안성시,지니팜,돼지,2500,경기도 안성시 미양면 중앙배수1길 170-47,경기도 안성시 미양면 정동리 505번지 1호 외 1필지,36.9780933106,127.1937362322,20250224,
안성시,지동목장,소,15,경기도 안성시 일죽면 고목남길 79,경기도 안성시 일죽면 고은리 456번지 4호,37.1232527642,127.4402019276,20250224,
안성시,지상농장,소,15,경기도 안성시 죽산면 용대길 70-8,경기도 안성시 죽산면 두교리 110번지 1호,37.0152459867,127.4461320955,20250224,
안성시,지석농장,소,20,경기도 안성시 양성면 가래울길 35-7,경기도 안성시 양성면 추곡리 30번지 3호,37.0667548642,127.2139204001,20250224,
안성시,지석농장,소,40,경기도 안성시 안성맞춤대로 1399-60 (사곡동),경기도 안성시 사곡동 256번지 3호,37.0385543264,127.2566883383,20250224,
안성시,지선농장,소,133,경기도 안성시 대덕면 한천길 161-16,"경기도 안성시 대덕면 죽리 401번지 1호 , 401-2",36.9949808327,127.2131892736,20250224,
안성시,지선농장,소,93,경기도 안성시 대덕면 한천길 239-29,경기도 안성시 대덕면 죽리 574번지,36.9901849876,127.2094090087,20250224,
안성시,지안목장,소,200,경기도 안성시 공도읍 하마정길 136-31,경기도 안성시 공도읍 마정리 559번지 3호 외1필지(559-12),37.0204772270,127.2110024624,20250224,
안성시,지영목장,소,60,경기도 안성시 서운면 송죽길 202-16,경기도 안성시 서운면 현매리 46번지 2호,36.9442541084,127.2274628862,20250224,
안성시,지율목장,소,80,경기도 안성시 일죽면 일죽당촌길 66-8,경기도 안성시 일죽면 당촌리 266번지,37.1009034512,127.5020144718,20250224,
안성시,지은농장,소,11,경기도 안성시 일죽면 금일로 276-16,경기도 안성시 일죽면 화봉리 373번지,37.0761298531,127.4764758546,20250224,
안성시,지일농장,돼지,6300,경기도 안성시 삼죽면 국사봉로 391,경기도 안성시 삼죽면 기솔리 239번지 외12필지,37.0561851689,127.3410538316,20250224,
안성시,지팜얼라이언스 농업회사법인(주),돼지,6000,경기도 안성시 일죽면 사실로 225-49,경기도 안성시 일죽면 방초리 139번지,37.1310628755,127.4306036871,20250224,
안성시,지한농장,소,0,경기도 안성시 양성면 한내로 487-46,경기도 안성시 양성면 방축리 735번지 1호,37.0697464779,127.2408848065,20250224,
안성시,지해팜,소,93,경기도 안성시 일죽면 죽화로 346-56,경기도 안성시 일죽면 화곡리 546번지 2호 외2필지,37.1016724643,127.4615564368,20250224,
안성시,지현농장,소,90,경기도 안성시 금광면 내동길 54-2,경기도 안성시 금광면 내우리 170번지 외 1필지,36.9904208560,127.3076354450,20250224,
안성시,지혜농장,소,9,경기도 안성시 미양면 고지길 160,경기도 안성시 미양면 고지리 536번지,36.9587254195,127.2097420174,20250224,
안성시,지혜농장,소,136,경기도 안성시 미양면 서미로 388-24,경기도 안성시 미양면 고지리 165번지,36.9585959149,127.2158307137,20250224,
안성시,지혜농장,소,0,,"경기도 안성시 공도읍 만정리 339번지 5호 외 2필지(339-1,339-12)",37.0122355878,127.1811611503,20250224,
안성시,지혜농장,소,93,경기도 안성시 공도읍 불당길 227-55,경기도 안성시 공도읍 건천리 230번지,36.9736353299,127.1749578542,20250224,
안성시,진관농장,소,63,경기도 안성시 보개면 내방상삼로 244,경기도 안성시 보개면 상삼리 350번지,37.0329930449,127.3232132537,20250224,
안성시,진국농장,소,180,경기도 안성시 대덕면 죽촌길 194,경기도 안성시 대덕면 죽리 288번지 2호,36.9924409597,127.2216833704,20250224,
안성시,진국농장,소,35,경기도 안성시 보개면 가래미길 18-25,경기도 안성시 보개면 상삼리 247번지,37.0335974283,127.3360636448,20250224,
안성시,진기농장,소,80,경기도 안성시 보개면 분토길 33-9,경기도 안성시 보개면 가율리 29번지 1호,37.0703074152,127.2975344639,20250224,
안성시,진기농장,소,10,경기도 안성시 보개면 분토길 49-6,경기도 안성시 보개면 가율리 57번지 2호,37.0700780951,127.3005161355,20250224,
안성시,진농원,염소,40,경기도 안성시 일죽면 고목길 51-40,경기도 안성시 일죽면 고은리 272번지,37.1290228451,127.4421562846,20250224,
안성시,진만농장,소,50,경기도 안성시 삼죽면 서동대로 6118,경기도 안성시 삼죽면 미장리 349번지 2호,37.0399631963,127.3583260151,20250224,
안성시,진밭목장,소,0,경기도 안성시 보개면 이전봉산길 183-21,"경기도 안성시 보개면 이전리 산 21번지 3호 , 100-1",37.0680366602,127.2877088846,20250224,
안성시,진설목장,소,97,경기도 안성시 원곡면 지문로 237,경기도 안성시 원곡면 지문리 651번지,37.0595662405,127.1425694366,20250224,
안성시,진성농장,돼지,1000,경기도 안성시 고삼면 한내로 553-22,경기도 안성시 고삼면 대갈리 398번지,37.0665198453,127.2452715473,20250224,
안성시,진성농장,소,80,경기도 안성시 일죽면 가리안길 9-55,경기도 안성시 일죽면 가리 370번지,37.0818639409,127.4821333614,20250224,
안성시,진성목장,소,30,경기도 안성시 보개면 보개원삼로 439-9,경기도 안성시 보개면 신장리 156번지 1호,37.0413571637,127.2893462533,20250224,
안성시,진성목장,소,40,경기도 안성시 일죽면 금일로 518,경기도 안성시 일죽면 신흥리 68번지,37.0974314478,127.4809931181,20250224,
안성시,진숙목장,소,126,경기도 안성시 미양면 서미로 326-12,경기도 안성시 미양면 고지리 303번지,36.9532740597,127.2144464775,20250224,
안성시,진식농장,소,20,경기도 안성시 보개면 삼강안길 45,경기도 안성시 보개면 상삼리 411번지,37.0280990776,127.3237755082,20250224,
안성시,진영농장,돼지,0,경기도 안성시 죽산면 목동길 47-23,경기도 안성시 죽산면 당목리 666번지 1호 외 8필지,37.0258950916,127.4343871049,20250224,
안성시,진영농장,소,50,경기도 안성시 발화대길 313 (중리동),경기도 안성시 중리동 79번지,36.9789954496,127.2892823291,20250224,
안성시,진영농장,소,0,경기도 안성시 미양면 서변1길 55-19,경기도 안성시 미양면 강덕리 145번지 6호,36.9493518153,127.2374744542,20250224,
안성시,진원목장,소,80,경기도 안성시 일죽면 죽화로 501-7 (외 1필지(971-4)),경기도 안성시 일죽면 신흥리 971번지 3호 외 1필지(971-4),37.1057875438,127.4801581909,20250224,
안성시,진흥농장,소,130,경기도 안성시 고삼면 한내로 573,경기도 안성시 고삼면 대갈리 470번지,37.0658400753,127.2477597727,20250224,
안성시,짱구농장,소,65,경기도 안성시 대덕면 한천길 53,경기도 안성시 대덕면 내리 541번지,37.0045005215,127.2133895472,20250224,
안성시,찬식농장,돼지,900,경기도 안성시 일죽면 장암로 167-53,경기도 안성시 일죽면 장암리 351번지 3호,37.0669849618,127.4601228478,20250224,
안성시,찬양축산,돼지,675,경기도 안성시 대덕면 시미실길 154,경기도 안성시 대덕면 보동리 307번지 1호 외1필지,37.0445862987,127.2529918039,20250224,
안성시,찬우목장,소,103,경기도 안성시 공도읍 원승두길 151-18,경기도 안성시 공도읍 승두리 509번지,36.9843301594,127.1570573742,20250224,
안성시,찬홍농장,소,54,경기도 안성시 고삼면 윗갈미길 1-31,경기도 안성시 고삼면 대갈리 413번지,37.0665667251,127.2461150475,20250224,
안성시,찬홍농장2,소,98,경기도 안성시 고삼면 한내로 571,경기도 안성시 고삼면 대갈리 469번지 1호,37.0658026532,127.2471187237,20250224,
안성시,참들향 한우사육장,소,400,경기도 안성시 고삼면 신창길 185,경기도 안성시 고삼면 대갈리 645번지 3호,37.0722454449,127.2502247214,20250224,
안성시,창권 농장,소,40,,경기도 안성시 금광면 개산리 360번지 3호,,,20250224,
안성시,창민목장,소,34,경기도 안성시 발화대길 301-11 (중리동),경기도 안성시 중리동 35번지 2호,36.9799226143,127.2885381963,20250224,
안성시,창복목장,소,413,경기도 안성시 원곡면 지문로 120-14,경기도 안성시 원곡면 지문리 478번지 10호,37.0485886934,127.1372452943,20250224,
안성시,창숙목장,소,12,경기도 안성시 금광면 금광오산로 106-21,경기도 안성시 금광면 오산리 78번지 5호,36.9879976149,127.3143276776,20250224,
안성시,창조목장,소,95,"경기도 안성시 일죽면 장암로 276-24, 외 3필지(370, 377, 377-7)",경기도 안성시 일죽면 죽림리 377번지 8호,37.0719384161,127.4486231803,20250224,
안성시,창하농장,소,40,"경기도 안성시 삼죽면 신미1길 30-24 (,368-2번지)","경기도 안성시 삼죽면 미장리 368번지 1호 ,368-2번지",37.0388602754,127.3633094634,20250224,
안성시,창하농장,소,20,경기도 안성시 삼죽면 서동대로 6137,경기도 안성시 삼죽면 미장리 304번지 3호,37.0420467396,127.3593566987,20250224,
안성시,창현농장,소,45,경기도 안성시 서운면 바우덕이로 263-86 (외1필지),경기도 안성시 서운면 신기리 151번지 3호 외1필지,36.9619588495,127.2702325733,20250224,
안성시,창현목장,소,74,경기도 안성시 공도읍 진사길 198-83,경기도 안성시 공도읍 진사리 653번지 1호,36.9793473186,127.1515966268,20250224,
안성시,창훈농장,소,30,경기도 안성시 금광면 내동길 39-19,경기도 안성시 금광면 내우리 245번지 1호,36.9916939028,127.3033618989,20250224,
안성시,천금농장,염소,,경기도 안성시 일죽면 한다리길 94-27,경기도 안성시 일죽면 방초리 923번지,37.1202821699,127.4170716816,20250224,
안성시,천년목장,소,80,경기도 안성시 대덕면 죽촌길 191-22,경기도 안성시 대덕면 죽리 266번지,36.9895298292,127.2219074877,20250224,
안성시,천둔농장,소,13,경기도 안성시 일죽면 내둔길 84,경기도 안성시 일죽면 송천리 332번지 3호,37.0854953317,127.4746051973,20250224,
안성시,천서목장,소,30,경기도 안성시 발화대길 226-26 (중리동),경기도 안성시 중리동 30번지,36.9813736278,127.2833655218,20250224,
안성시,천우목장,소,0,경기도 안성시 삼죽면 신미1길 55,"경기도 안성시 삼죽면 미장리 169번지 2호 , 169-4",37.0395281638,127.3640279328,20250224,
안성시,천우목장,소,100,경기도 안성시 양성면 한내로 164-9,경기도 안성시 양성면 구장리 236번지 1호,37.0553466445,127.2118037899,20250224,
안성시,천자봉 농장,소,51,경기도 안성시 양성면 새래길 20-20,경기도 안성시 양성면 방신리 614번지 1호 외 1필지,37.0293941658,127.1868181518,20250224,
안성시,철범목장,소,68,경기도 안성시 죽산면 칠장로 168-30,"경기도 안성시 죽산면 칠장리 287번지 4호 외 2필지(284번지,285-1번지)",37.0261355719,127.4155326826,20250224,
안성시,철수 농장,소,120,경기도 안성시 양성면 한내로 365-38,경기도 안성시 양성면 방축리 617번지,37.0625963235,127.2319555818,20250224,
안성시,철언농장,소,31,경기도 안성시 일죽면 주래본죽로 280-21,경기도 안성시 일죽면 산북리 670번지,37.0895453737,127.5047709567,20250224,
안성시,철유농장,소,0,경기도 안성시 보개면 이전봉산길 91-13,"경기도 안성시 보개면 이전리 247번지 2호 , 247-3, 438, 463-22",37.0623542508,127.2908742007,20250224,
안성시,청계농장,소,165,경기도 안성시 죽산면 걸미로 700-17,경기도 안성시 죽산면 장계리 206번지 1호,37.0583594998,127.4122014357,20250224,
안성시,청도농장,소,154,경기도 안성시 서운면 매향길 45,경기도 안성시 서운면 현매리 205번지,36.9347874819,127.2307980287,20250224,
안성시,청라농장,소,140,경기도 안성시 삼죽면 용내길 104-51,경기도 안성시 삼죽면 용월리 566번지 5호,37.0796409719,127.3890791785,20250224,
안성시,청미목장,소,75,경기도 안성시 일죽면 죽화로 44-87,경기도 안성시 일죽면 고은리 1153번지 13호,37.1089085872,127.4354298114,20250224,
안성시,청산농장,소,45,경기도 안성시 서운면 신능길 90-21,경기도 안성시 서운면 신능리 27번지 1호 번지 외 1필지,36.9743031659,127.2720605082,20250224,
안성시,청산한우목장,소,186,경기도 안성시 일죽면 산북1길 37,경기도 안성시 일죽면 산북리 553번지,37.0840827447,127.5037917444,20250224,
안성시,청솔농장,소,260,,경기도 안성시 대덕면 보동리 672번지 외 1필지(673),37.0462457535,127.2492620416,20250224,
안성시,청솔농장,소,30,경기도 안성시 고삼면 신창길 130-44,경기도 안성시 고삼면 신창리 302번지,37.0781841383,127.2451762787,20250224,
안성시,청송농장,소,14,경기도 안성시 태평무길 68 (사곡동),경기도 안성시 사곡동 21번지,37.0373907591,127.2652828173,20250224,
안성시,청송농장,소,250,경기도 안성시 대덕면 시미실길 99-17,경기도 안성시 대덕면 보동리 288번지,37.0480089058,127.2516311909,20250224,
안성시,청수농장,소,240,경기도 안성시 미양면 미양로 144,경기도 안성시 미양면 개정리 348번지 7호,36.9623024326,127.1946756950,20250224,
안성시,청온사슴농장,산양,30,경기도 안성시 죽산면 걸미로 577,경기도 안성시 죽산면 장계리 642번지 8호,37.0470744810,127.4134852228,20250224,
안성시,청우2농장,소,0,경기도 안성시 미양면 중앙배수1길 128-13,경기도 안성시 미양면 정동리 506번지 8호,36.9772390426,127.1980765915,20250224,
안성시,청우농장,소,35,경기도 안성시 미양면 중앙배수1길 44-33,경기도 안성시 미양면 후평리 267번지 3호,36.9828630539,127.2048524001,20250224,
안성시,청우농장,소,0,"경기도 안성시 대덕면 선인장길 124-46, (외4필지)",경기도 안성시 대덕면 명당리 373번지 1호 (외4필지),37.0339794904,127.2179787707,20250224,
안성시,청운농장,소,32,경기도 안성시 샛터1길 41-8 (중리동),경기도 안성시 중리동 152번지 1호,36.9876466760,127.2731781263,20250224,
안성시,청조목장,소,70,경기도 안성시 금광면 한운길 156,경기도 안성시 금광면 한운리 266번지 2호,36.9703038362,127.3336379930,20250224,
안성시,청학농장,돼지,0,경기도 안성시 미양면 서변1길 96-11,경기도 안성시 미양면 강덕리 175번지 외 4필지,36.9485198189,127.2322434879,20250224,
안성시,청해농장,돼지,1244,경기도 안성시 죽산면 능앞길 129-16,경기도 안성시 죽산면 장능리 69번지 1호,37.0628132850,127.4016117164,20250224,
안성시,초막농장,소,0,경기도 안성시 일죽면 초막길 68-11,"경기도 안성시 일죽면 방초리 240번지 , 240-1",37.1250393048,127.4271644113,20250224,
안성시,초막목장,소,70,경기도 안성시 일죽면 주평길 74,경기도 안성시 일죽면 방초리 323번지,37.1212165232,127.4259635889,20250224,
안성시,초발심목장,소,24,경기도 안성시 일죽면 한다리길 60,경기도 안성시 일죽면 방초리 957번지 1호 외 5필지,37.1188601132,127.4202700843,20250224,
안성시,초야목장,소,0,경기도 안성시 공도읍 신두만곡로 215-17,"경기도 안성시 공도읍 신두리 70번지 , 70-1, 71, 72-1",36.9912474693,127.2052582744,20250224,
안성시,초우농장,소,5,경기도 안성시 미양면 중앙배수1길 128,경기도 안성시 미양면 정동리 506번지 24호,36.9767574224,127.2001121224,20250224,
안성시,초원 농장,소,45,경기도 안성시 삼죽면 신미1길 30-38,경기도 안성시 삼죽면 미장리 157번지 2호 외 1필지,37.0384018339,127.3644347478,20250224,
안성시,초원농장,소,0,경기도 안성시 원곡면 기업단지로 203-57,경기도 안성시 원곡면 반제리 산 100번지 1호,37.0147606710,127.1563473861,20250224,
안성시,초원농장,소,45,경기도 안성시 금광면 구송동길 97,경기도 안성시 금광면 내우리 254번지,36.9942281534,127.3040858516,20250224,
안성시,초원목장,소,27,경기도 안성시 죽산면 장계길 88-25,경기도 안성시 죽산면 장계리 697번지 2호,37.0473929691,127.4055789536,20250224,
안성시,초원목장,소,90,경기도 안성시 원곡면 지문로 216,경기도 안성시 원곡면 지문리 140번지 4호,37.0575490650,127.1432424953,20250224,
안성시,초지농장,소,60,경기도 안성시 금광면 금광오산로 91-14,경기도 안성시 금광면 오산리 95번지 1호,36.9887603024,127.3120783625,20250224,
안성시,최기원 농장,소,11,경기도 안성시 금광면 석하양지편길 18-50,경기도 안성시 금광면 석하리 51번지,36.9545621934,127.3196655812,20250224,
안성시,최선목장,소,30,경기도 안성시 고삼면 풀무골길 34-12,경기도 안성시 고삼면 쌍지리 265번지,37.1134777133,127.2877621886,20250224,
안성시,추림목장,소,0,경기도 안성시 보개면 가재울길 47,"경기도 안성시 보개면 남풍리 796번지 , 801, 804-1",37.0701559161,127.3094703769,20250224,
안성시,추양농장,소,55,경기도 안성시 보개면 한사울길 274,경기도 안성시 보개면 적가리 522번지 1호,37.0499304405,127.2897049365,20250224,
안성시,축복농장,소,38,경기도 안성시 대덕면 안성맞춤대로 1694-36,경기도 안성시 대덕면 진현리 562번지 8호,37.0623470567,127.2586032958,20250224,
안성시,춘배농장,소,10,,경기도 안성시 일죽면 장암리 197번지,37.0773895274,127.4667438788,20250224,
안성시,춘선농장,소,5,경기도 안성시 고삼면 쌍지길 11-62,경기도 안성시 고삼면 쌍지리 1022번지,37.1014718722,127.2834066540,20250224,
안성시,춘환목장,소,35,경기도 안성시 금광면 현곡길 102-7,경기도 안성시 금광면 현곡리 253번지 외 4필지,36.9781589620,127.3498116141,20250224,
안성시,충헌한우,소,10,경기도 안성시 고삼면 쌍지길 197-31,경기도 안성시 고삼면 쌍지리 338번지,37.1143796109,127.2830434752,20250224,
안성시,치원농장,소,56,경기도 안성시 금광면 가협길 85-17,경기도 안성시 금광면 오흥리 341번지 1호,36.9951422554,127.3498793677,20250224,
안성시,칠사목장,소,114,"경기도 안성시 대덕면 소사길 129, (외 4필지)",경기도 안성시 대덕면 소내리 292번지 2호 (외 4필지),37.0438992551,127.2196626271,20250224,
안성시,칠성농장,소,60,경기도 안성시 미양면 강덕3길 57,"경기도 안성시 미양면 고지리 93-2, 93-3",36.9483817199,127.2231241116,20250224,
안성시,퀸농장,소,216,경기도 안성시 일죽면 윗송산길 58,경기도 안성시 일죽면 화봉리 877번지 1호 외 5필지,37.0721257860,127.4690298485,20250224,
안성시,큰대성목장,소,79,경기도 안성시 금광면 바우덕이로 580-28,경기도 안성시 금광면 개산리 534번지,36.9783628500,127.2935087243,20250224,
안성시,큰마음목장,소,51,경기도 안성시 일죽면 고목길 80-20,경기도 안성시 일죽면 고은리 470번지 4호,37.1238761867,127.4431283258,20250224,
안성시,태광농장,돼지,2000,경기도 안성시 미양면 중앙배수1길 170-48,경기도 안성시 미양면 정동리 524번지 8호,36.9773617280,127.1931886195,20250224,
안성시,태광농장,돼지,1900,"경기도 안성시 대덕면 선인장길 35-7, (외3필지)",경기도 안성시 대덕면 명당리 199번지 (외3필지),37.0430839377,127.2104782258,20250224,
안성시,태광농장,돼지,2500,경기도 안성시 미양면 중앙배수1길 170-28,경기도 안성시 미양면 정동리 524번지 11호,36.9763014550,127.1945186587,20250224,
안성시,태광농장,돼지,1120,경기도 안성시 대덕면 선인장길 13,경기도 안성시 대덕면 명당리 195번지 1호,37.0436225664,127.2095653058,20250224,
안성시,태광농장,소,150,경기도 안성시 금광면 돌우길 27-117,경기도 안성시 금광면 내우리 296번지,36.9944670999,127.2960949182,20250224,
안성시,태광농장,소,46,경기도 안성시 양성면 가래울길 55-64 (외 1필지(176-2)),경기도 안성시 양성면 추곡리 176번지 1호 외 1필지(176-2),37.0655279422,127.2185626777,20250224,
안성시,태균농장,소,0,경기도 안성시 서운면 오촌길 75,"경기도 안성시 서운면 오촌리 106번지 1호 , 106-9",36.9601658750,127.2802354161,20250224,
안성시,태근농장,소,30,경기도 안성시 삼죽면 밤고개안길 106-40,경기도 안성시 삼죽면 율곡리 99번지,37.1017083787,127.3895421881,20250224,
안성시,태기농장,돼지,550,경기도 안성시 일죽면 죽화로 431,경기도 안성시 일죽면 신흥리 689번지,37.1054886873,127.4731241790,20250224,
안성시,태백농장,소,386,경기도 안성시 죽산면 능북길 27,"경기도 안성시 죽산면 장능리 440번지 1호 , 463-12, 463-2, 466-2, 466-1",37.0649707020,127.3946010833,20250224,
안성시,태범목장,소,98,경기도 안성시 죽산면 칠장로 168-38,경기도 안성시 죽산면 칠장리 287번지 3호,37.0258107332,127.4150833312,20250224,
안성시,태봉농장,소,40,경기도 안성시 일죽면 금일로 1-33,경기도 안성시 일죽면 화봉리 810번지 3호,37.0555675885,127.4737154004,20250224,
안성시,태산농장,돼지,1500,경기도 안성시 일죽면 죽화로 112-40,경기도 안성시 일죽면 고은리 1158번지 3호 외 1필지,37.1092897568,127.4403367135,20250224,
안성시,태산농장,소,153,경기도 안성시 양성면 지남촌길 27-101,경기도 안성시 양성면 덕봉리 686번지 2호,37.0345559669,127.2066426583,20250224,
안성시,태성목장,소,69,경기도 안성시 원곡면 만리길 34,경기도 안성시 원곡면 지문리 153번지 외 4필지,37.0586226351,127.1465442510,20250224,
안성시,태양2농장,소,44,경기도 안성시 금광면 진안로 717,경기도 안성시 금광면 한운리 67번지 5호,36.9822186151,127.3319827851,20250224,
안성시,태양농장,소,20,경기도 안성시 발화대길 226-29(중리동),경기도 안성시 중리동 18번지 1호,36.9808517349,127.2838838638,20250224,
안성시,태양목장,소,180,경기도 안성시 일죽면 고목남길 86-3,경기도 안성시 일죽면 고은리 1170번지 12호,37.1211415909,127.4366576776,20250224,
안성시,태영농장,소,9,경기도 안성시 보개면 삼강안길 27,경기도 안성시 보개면 상삼리 512번지,37.0267663864,127.3247454766,20250224,
안성시,태영농장,소,7,경기도 안성시 양성면 옥단길 27,경기도 안성시 양성면 동항리 458번지,37.0618809796,127.1934109971,20250224,
안성시,태영목장,소,0,경기도 안성시 원곡면 승량길 213,"경기도 안성시 원곡면 성주리 132번지 , 129, 130-2, 131, 134-1, 135-5",37.0859251029,127.1677617938,20250224,
안성시,태용농장,소,0,경기도 안성시 미양면 늑동길 17,"경기도 안성시 미양면 계륵리 179번지 , 177-1, 180, 182, 184, 250-2",36.9813777509,127.2531513360,20250224,
안성시,태웅농장,소,21,경기도 안성시 양성면 약산길 4-7,경기도 안성시 양성면 미산리 785번지 3호,37.1155771221,127.2545961166,20250224,
안성시,태원 농장,소,42,경기도 안성시 일죽면 내둔길 37,경기도 안성시 일죽면 송천리 427번지 1호,37.0865217026,127.4692827824,20250224,
안성시,태인목장,소,41,경기도 안성시 금광면 내동길 39-17 (외 1필(206-2)),경기도 안성시 금광면 내우리 206번지 1호 외 1필(206-2),36.9912243718,127.3028911256,20250224,
안성시,태진목장,소,60,경기도 안성시 삼죽면 덕계실2길 27,경기도 안성시 삼죽면 마전리 151번지 1호 외 5필지,37.0357657107,127.3396009175,20250224,
안성시,태평농장,소,9,경기도 안성시 죽산면 두평길 1-37,경기도 안성시 죽산면 두현리 138번지 3호,37.0650010971,127.4095841168,20250224,
안성시,태헌농장,소,31,경기도 안성시 일죽면 장암로 133,경기도 안성시 일죽면 장암리 278번지,37.0720612560,127.4639675539,20250224,
안성시,태혁농장,소,170,경기도 안성시 일죽면 소라태길 105-60,경기도 안성시 일죽면 월정리 1333번지,37.0939951500,127.4457838296,20250224,
안성시,태혁농장,소,50,경기도 안성시 일죽면 소라태길 58-15,경기도 안성시 일죽면 월정리 173번지 1호,37.0928819566,127.4569472795,20250224,
안성시,태현농장,돼지,950,경기도 안성시 일죽면 장암초교길 50-29,경기도 안성시 일죽면 장암리 413번지 1호,37.0794983705,127.4649878484,20250224,
안성시,태환농장,소,42,경기도 안성시 죽산면 한평길 36,경기도 안성시 죽산면 매산리 881번지,37.1025166441,127.4339271873,20250224,
안성시,태훈농장,소,50,경기도 안성시 서운면 솔뫼로 167-39,경기도 안성시 서운면 송산리 31번지 2호,36.9427378478,127.2470094057,20250224,
안성시,택성농장,소,0,경기도 안성시 보개면 보개산로 31,"경기도 안성시 보개면 복평리 58번지 1호 , -6",37.0365686398,127.3095543259,20250224,
안성시,택훈농장,소,50,경기도 안성시 금광면 내동길 54-14,경기도 안성시 금광면 내우리 163번지,36.9904583125,127.3085006424,20250224,
안성시,텃골농장,돼지,112,경기도 안성시 고삼면 이전봉산길 437-16,경기도 안성시 고삼면 봉산리 600번지 5호,37.0769139824,127.2721812295,20250224,
안성시,토굴목장,소,662,경기도 안성시 보개면 절가리길 22-48,"경기도 안성시 보개면 적가리 산 7번지 외 4필지(산7-1, 산8, 425, 426)",37.0465297606,127.2987896896,20250224,
안성시,파머스농장,소,0,경기도 안성시 미양면 법전길 260-5,경기도 안성시 미양면 법전리 173번지 2호,36.9476574817,127.2104915821,20250224,
안성시,팜스코바이오인티 삼죽농장,돼지,2840,경기도 안성시 삼죽면 밤고개길 79-111,경기도 안성시 삼죽면 율곡리 24번지 1호 번지 외 9필지,37.1011646457,127.3963403325,20250224,
안성시,팰릭스목장,소,37,경기도 안성시 공도읍 하마정길 81-6,경기도 안성시 공도읍 마정리 327번지,37.0198505464,127.2054288733,20250224,
안성시,펠렉스 목장,소,40,경기도 안성시 양성면 정자말길 67-107,경기도 안성시 양성면 삼암리 481번지 3호,37.0252798091,127.2101523136,20250224,
안성시,평안농장,소,60,경기도 안성시 일죽면 주래본죽로 101-14,경기도 안성시 일죽면 주천리 571번지 1호,37.0939707146,127.4864741157,20250224,
안성시,평주농장,소,100,"경기도 안성시 일죽면 죽화로 346-50, (외3필지)",경기도 안성시 일죽면 화곡리 488번지 8호 외 3필지,37.1028444540,127.4619722482,20250224,
안성시,평촌농장,소,0,경기도 안성시 일죽면 평촌길 188-2,"경기도 안성시 일죽면 화곡리 526번지 , 525-1, 525-2",37.1039807952,127.4637048455,20250224,
안성시,평택목장,소,60,경기도 안성시 미양면 하개정길 56-22,경기도 안성시 미양면 진촌리 437번지 1호,36.9723275171,127.1950738147,20250224,
안성시,평화목장,소,52,경기도 안성시 금광면 금광모산길 42-21,경기도 안성시 금광면 오흥리 116번지,37.0086198124,127.3506734047,20250224,
안성시,푸른농장,소,200,,경기도 안성시 양성면 방신리 446번지,37.0250646190,127.1882591212,20250224,
안성시,푸른농장,소,90,경기도 안성시 발화대길 226-32(중리동),경기도 안성시 중리동 34번지,36.9808329076,127.2834457078,20250224,
안성시,푸른농장,소,98,경기도 안성시 발화대길 242-8 (중리동),경기도 안성시 중리동 5번지 2호,36.9816184694,127.2841626015,20250224,
안성시,푸른농장,염소,20,경기도 안성시 안성맞춤대로 924-15 (도기동),경기도 안성시 도기동 231번지,36.9971002953,127.2718688593,20250224,
안성시,푸른목장,소,156,경기도 안성시 보개면 은행나무길 162-27,경기도 안성시 보개면 구사리 284번지 외 1필지,37.0236096240,127.3007950936,20250224,
안성시,풍걸농장,소,120,경기도 안성시 금광면 진안로 1178-76,경기도 안성시 금광면 신양복리 441번지 2호,37.0045662182,127.3143885485,20250224,
안성시,풍산농장,돼지,2400,경기도 안성시 일죽면 장암로 127-15,"경기도 안성시 일죽면 장암리 232번지 , 232-1, 232-2, 232-3",37.0711510464,127.4647554472,20250224,
안성시,피그로드,돼지,0,경기도 안성시 일죽면 장암로 24-21,"경기도 안성시 일죽면 장암리 44번지 1호 , 44-2",37.0790940704,127.4698820631,20250224,
안성시,필돌농장,소,133,경기도 안성시 양성면 성하길 33-8,경기도 안성시 양성면 방신리 112번지,37.0330568185,127.1777743420,20250224,
안성시,필상농장,소,74,경기도 안성시 양성면 성하길 41-9,경기도 안성시 양성면 방신리 144번지,37.0330816601,127.1769646834,20250224,
안성시,필주농장,소,23,경기도 안성시 양성면 정자말길 67,경기도 안성시 양성면 삼암리 227번지,37.0275073289,127.2032518987,20250224,
안성시,필훈농장,소,102,경기도 안성시 양성면 미리내성지로 153-14,"경기도 안성시 양성면 미산리 635번지 2호 , -3, -4",37.1203699957,127.2532973809,20250224,
안성시,하나농장,소,7,경기도 안성시 구우전길 13 (도기동),경기도 안성시 도기동 68번지 7호,36.9998270213,127.2694668219,20250224,
안성시,하나둘셋영농조합법인 순영목장,소,121,경기도 안성시 보개면 서동대로 5824,경기도 안성시 보개면 상삼리 42번지 5호 외 2필지,37.0240801317,127.3374331987,20250224,
안성시,하나목장,소,60,경기도 안성시 금광면 배티로 939-9,경기도 안성시 금광면 개산리 73번지,36.9915264561,127.2949677597,20250224,
안성시,하남농장,소,13,경기도 안성시 보개면 하남길 54-8,경기도 안성시 보개면 남풍리 513번지 1호 외 1필지,37.0729151320,127.3216019139,20250224,
안성시,하남목장,소,2,경기도 안성시 양성면 천덕산로 917,경기도 안성시 양성면 동항리 599번지 2호,37.0638442900,127.1790952047,20250224,
안성시,하늘목장,소,60,경기도 안성시 미양면 하개정길 110-6,경기도 안성시 미양면 진촌리 425번지 7호,36.9686527234,127.1893140316,20250224,
안성시,하선농장,소,0,경기도 안성시 보개면 절가리길 22-53,경기도 안성시 보개면 적가리 431번지,37.0464423340,127.3003980700,20250224,
안성시,하선농장,소,52,경기도 안성시 공도읍 대신두길 169-27,경기도 안성시 공도읍 신두리 15번지 1호,36.9975783813,127.2100551927,20250224,
안성시,하은농장,소,192,경기도 안성시 양성면 한내로 481-27,경기도 안성시 양성면 방축리 753번지 외 1필지,37.0677437681,127.2360995740,20250224,
안성시,학규 목장,소,19,경기도 안성시 원곡면 주정길 15-14,경기도 안성시 원곡면 반제리 384번지 1호,37.0204436618,127.1608522916,20250224,
안성시,학수농장,소,0,경기도 안성시 양성면 지남촌길 47-117,경기도 안성시 양성면 덕봉리 689번지 6호,37.0316610333,127.2097682705,20250224,
안성시,학수농장,소,0,경기도 안성시 양성면 정자말길 68,경기도 안성시 양성면 삼암리 224번지 1호,37.0281638224,127.2026309752,20250224,
안성시,학수농장,소,64,"경기도 안성시 금광면 외개산길 28-35, (외 1필지)",경기도 안성시 금광면 개산리 406번지 (외 1필지),36.9845896190,127.2974584484,20250224,
안성시,학열 농장,돼지,1680,경기도 안성시 원곡면 성주리 221번지,경기도 안성시 원곡면 성주리 221번지,37.0857671403,127.1647377835,20250224,
안성시,학우목장,소,60,경기도 안성시 금광면 매남길 28-33,"경기도 안성시 금광면 옥정리 623번지 , 615-5, 621-1, 776-1",36.9831393794,127.3533637912,20250224,
안성시,한결양돈영농조합법인,돼지,0,경기도 안성시 고삼면 범골길 70,경기도 안성시 고삼면 신창리 279번지 외 7필지,37.0820291575,127.2432844852,20250224,
안성시,한경대학교부속농장,소,0,경기도 안성시 보개면 양협길 29-67,경기도 안성시 보개면 양복리 264번지 3호,37.0122942107,127.3220022412,20250224,
안성시,한내들목장,소,19,경기도 안성시 공도읍 용정길 45-9,경기도 안성시 공도읍 진사리 515번지,36.9769683447,127.1427763458,20250224,
안성시,한다리농장,소,45,경기도 안성시 일죽면 한다리길 62-10,경기도 안성시 일죽면 방초리 1103번지 5호,37.1195899325,127.4197740273,20250224,
안성시,한마음 농장,소,150,경기도 안성시 미양면 안성맞춤대로 319-17,경기도 안성시 미양면 양변리 394번지 1호,36.9499141991,127.2390561773,20250224,
안성시,한마음농장,소,0,경기도 안성시 삼죽면 강촌길 96,경기도 안성시 삼죽면 내강리 489번지,37.0685801842,127.3629861705,20250224,
안성시,한마음농장,소,60,경기도 안성시 미양면 안성맞춤대로 299,경기도 안성시 미양면 양변리 196번지 6호,36.9492321557,127.2404512075,20250224,
안성시,한산농장,소,219,경기도 안성시 양성면 가래울길 4,경기도 안성시 양성면 추곡리 116번지,37.0687407920,127.2113481528,20250224,
안성시,한산농장,소,85,경기도 안성시 양성면 조일말길 42-5,경기도 안성시 양성면 추곡리 121번지,37.0689378717,127.2108411964,20250224,
안성시,한샘농장,돼지,1071,경기도 안성시 고삼면 사동길 64,경기도 안성시 고삼면 쌍지리 795번지,37.1028129464,127.2923386127,20250224,
안성시,한석목장,소,80,경기도 안성시 일죽면 가리길 133-52,"경기도 안성시 일죽면 가리 67-1, 67-3, 67-4",37.0795120136,127.4886930732,20250224,
안성시,한성농장,돼지,1457,경기도 안성시 원곡면 행골길 216-61,경기도 안성시 원곡면 산하리 54번지,37.0901104685,127.1320515089,20250224,
안성시,한성농장,소,75,"경기도 안성시 양성면 약산길 22-3 (, 794-6번지)","경기도 안성시 양성면 미산리 794번지 1호 , 794-6번지",37.1160409055,127.2565644334,20250224,
안성시,한성농장,소,20,"경기도 안성시 원곡면 만세로 1294-62 (,505)","경기도 안성시 원곡면 칠곡리 503번지 ,505",37.0419501660,127.1418648812,20250224,
안성시,한성목장,소,63,경기도 안성시 금광면 한운길 45,"경기도 안성시 금광면 한운리 109-2,111-2,-3,113-1,114-1,-2,-3,733-1",36.9793703443,127.3321912944,20250224,
안성시,한수농장,돼지,1200,"경기도 안성시 죽산면 두평길 33-15 (,224-3번지)","경기도 안성시 죽산면 두현리 229번지 ,224-3번지",37.0660553941,127.4090879221,20250224,
안성시,한아농장,소,62,경기도 안성시 보개면 절가리길 56-72,경기도 안성시 보개면 오두리 124번지,37.0469178568,127.3044678307,20250224,
안성시,한아름농장,돼지,2200,경기도 안성시 죽산면 장계길 14-102,경기도 안성시 죽산면 장계리 329번지,37.0572800505,127.4035196743,20250224,
안성시,한양농장,돼지,800,경기도 안성시 공도읍 고무다리길 80-24,경기도 안성시 공도읍 승두리 284번지 1호,36.9913716438,127.1702187679,20250224,
안성시,한열농장,소,45,경기도 안성시 원곡면 지문로 183,경기도 안성시 원곡면 지문리 366번지 1호,37.0561580968,127.1393462313,20250224,
안성시,한영농장,소,90,경기도 안성시 삼죽면 밤고개길 126,경기도 안성시 삼죽면 율곡리 208번지,37.0922047650,127.3868216077,20250224,
안성시,한우 농장,소,50,경기도 안성시 삼죽면 삼백로 191-12,경기도 안성시 삼죽면 율곡리 523번지 1호,37.0913060546,127.3717784325,20250224,
안성시,한우리농장,소,80,경기도 안성시 양성면 가래울길 68-26 (외 1필지 (52번지)),경기도 안성시 양성면 추곡리 121번지 2호 외 1필지 (52번지),37.0678740577,127.2107889901,20250224,
안성시,한우축산,소,30,경기도 안성시 삼죽면 텃골길 74-4,경기도 안성시 삼죽면 기솔리 41번지,37.0641046434,127.3447492873,20250224,
안성시,한울농장,소,123,경기도 안성시 미양면 고지길 33,경기도 안성시 미양면 마산리 644번지 1호,36.9691726332,127.2095226048,20250224,
안성시,한울농장,소,0,경기도 안성시 대덕면 죽촌길 185,"경기도 안성시 대덕면 죽리 225번지 1호 , 225-4",36.9919503671,127.2239102337,20250224,
안성시,한울농장,소,0,경기도 안성시 대덕면 죽촌길 189,"경기도 안성시 대덕면 죽리 230번지 , 230-1",36.9908835839,127.2225880528,20250224,
안성시,한일농장,소,70,경기도 안성시 대덕면 미륵로 233-23,경기도 안성시 대덕면 대농리 201번지,37.0689472809,127.2685265984,20250224,
안성시,한종목장,소,43,경기도 안성시 죽산면 대근길 11-14,경기도 안성시 죽산면 두교리 산 21번지,37.0146929869,127.4396463485,20250224,
안성시,한코농장,소,200,경기도 안성시 일죽면 죽화로 44-72,경기도 안성시 일죽면 고은리 1152번지 7호,37.1106118563,127.4346517497,20250224,
안성시,한화농장,소,95,경기도 안성시 일죽면 장암로 16,경기도 안성시 일죽면 화봉리 424번지 5호,37.0786350190,127.4726836374,20250224,
안성시,한희농장,소,0,경기도 안성시 미양면 서미로 326-17,"경기도 안성시 미양면 고지리 287번지 , 287-2",36.9538698460,127.2147924501,20250224,
안성시,함헌목장,소,44,,경기도 안성시 고삼면 쌍지리 346번지,37.1120189413,127.2836242399,20250224,
안성시,항선농장,소,203,경기도 안성시 양성면 돌꽃지길 103-15,경기도 안성시 양성면 석화리 109번지 1호,37.0631327931,127.2072187999,20250224,
안성시,항순농장,소,100,경기도 안성시 미양면 신고지길 72,경기도 안성시 미양면 고지리 454번지 1호,36.9638760351,127.2038023461,20250224,
안성시,해곡농장,소,10,경기도 안성시 대덕면 동산말길 89,경기도 안성시 대덕면 삼한리 242번지,37.0515208965,127.2770481821,20250224,
안성시,해돈농장,돼지,2000,경기도 안성시 보개면 보개산로 145-16 (외 1필(338)),경기도 안성시 보개면 북좌리 337번지 외 1필(338),37.0388686917,127.3220639188,20250224,
안성시,해돈농장,돼지,3450,"경기도 안성시 일죽면 화곡길 27-25, (외 20필지)",경기도 안성시 일죽면 화곡리 288번지 외 20필지,37.1132297778,127.4648597676,20250224,
안성시,해동축산,돼지,4000,경기도 안성시 보개면 보개산로 100,경기도 안성시 보개면 복평리 107번지 2호 외 6필지,37.0369333482,127.3179304944,20250224,
안성시,해뜨는농장,소,75,경기도 안성시 일죽면 산북길 75,경기도 안성시 일죽면 산북리 204번지 2호,37.0848127760,127.5066721613,20250224,
안성시,해뜨는아침농장,소,50,경기도 안성시 보개면 보개산로 176,경기도 안성시 보개면 북좌리 산 52번지,37.0368920344,127.3264538461,20250224,
안성시,해복농장,소,0,경기도 안성시 금광면 바우덕이로 599,"경기도 안성시 금광면 개산리 433번지 , 434, 435-3, 436-3, 503-3",36.9811898268,127.2966696908,20250224,
안성시,해성농장,돼지,850,경기도 안성시 보개면 북좌길 43-31,경기도 안성시 보개면 북좌리 196번지,37.0467952465,127.3302211575,20250224,
안성시,해성농장,돼지,950,경기도 안성시 죽산면 칠장로 168-9,경기도 안성시 죽산면 칠장리 259번지,37.0241717268,127.4173673898,20250224,
안성시,해오름 농장,소,31,경기도 안성시 양성면 안성맞춤대로 2518,경기도 안성시 양성면 난실리 212번지,37.1076016294,127.2228269718,20250224,
안성시,해오름농장,돼지,3000,"경기도 안성시 서운면 서운로 241-45 (외 4필지(서운면 신촌리 253-9, 253-10, 253-11, 산9-4))","경기도 안성시 서운면 신촌리 253번지 6호 외 4필지(서운면 신촌리 253-9, 253-10, 253-11, 산9-4)",36.9354308499,127.2574544983,20250224,
안성시,해인농장,소,200,,경기도 안성시 서운면 인리 139번지 7호,,,20250224,
안성시,햇살농장,소,0,경기도 안성시 양성면 한내로 126-49,경기도 안성시 양성면 필산리 202번지,37.0535381473,127.2094937824,20250224,
안성시,행복농장,돼지,0,경기도 안성시 일죽면 장암로 93,경기도 안성시 일죽면 장암리 425번지 1호,37.0742435038,127.4666440034,20250224,
안성시,행복농장,소,30,경기도 안성시 일죽면 죽화로 452-26,경기도 안성시 일죽면 화곡리 87번지 1호,37.1026403810,127.4740367692,20250224,
안성시,행복농장,소,90,경기도 안성시 일죽면 죽화로 44-83,경기도 안성시 일죽면 고은리 1153번지 11호,37.1093415646,127.4359696892,20250224,
안성시,행복만들기목장,소,100,경기도 안성시 일죽면 일생로 29-20,경기도 안성시 일죽면 가리 482번지,37.0804480652,127.4783534109,20250224,
안성시,향원 목장,소,82,경기도 안성시 대덕면 배꽃길 77-1,경기도 안성시 대덕면 모산리 356번지 2호,37.0310914112,127.2401391882,20250224,
안성시,향정농장,소,26,경기도 안성시 공도읍 향정길 80,경기도 안성시 공도읍 중복리 83번지 3호,36.9715938638,127.1421498492,20250224,
안성시,향정목장,소,30,,경기도 안성시 공도읍 중복리 605번지 4호,,,20250224,
안성시,혁준농장,소,14,,경기도 안성시 미양면 양지리 133번지,36.9779809361,127.2203262594,20250224,
안성시,현각농장,소,33,경기도 안성시 양성면 양성로 643-5,경기도 안성시 양성면 장서리 253번지 2호,37.1082949073,127.2148784704,20250224,
안성시,현광농장,소,251,경기도 안성시 금광면 내동길 89,"경기도 안성시 금광면 내우리 192번지 1호 ,143",36.9936826966,127.3067843778,20250224,
안성시,현구농장,소,250,경기도 안성시 양성면 칠목길 23-177,경기도 안성시 양성면 덕봉리 684-5,37.0368902145,127.2064537689,20250224,
안성시,현근농장,소,66,경기도 안성시 대덕면 한천길 211-54,경기도 안성시 대덕면 죽리 486번지,36.9907846482,127.2150704687,20250224,
안성시,현대목장,소,88,,경기도 안성시 미양면 개정리 산 95번지 1호,,,20250224,
안성시,현대목장,소,0,경기도 안성시 보개면 보개원삼로 439-13,경기도 안성시 보개면 신장리 157번지,37.0409237376,127.2889313863,20250224,
안성시,현대축산,소,0,경기도 안성시 대덕면 한천길 107,경기도 안성시 대덕면 내리 577번지,36.9993191879,127.2141957141,20250224,
안성시,현두농장,소,19,경기도 안성시 양성면 소로리길 13-20,경기도 안성시 양성면 방축리 494번지 1호,37.0657288962,127.2340030597,20250224,
안성시,현득농장,돼지,2400,"경기도 안성시 일죽면 죽화로 112-84 (외 2필지(1177-5,1177-6))","경기도 안성시 일죽면 고은리 1176번지 4호 외 2필지(1177-5,1177-6)",37.1083262933,127.4424871670,20250224,
안성시,현서농장,소,83,경기도 안성시 서운면 안성맞춤대로 214-38,경기도 안성시 서운면 송산리 105번지 4호 외 1필지(105-1),36.9411740240,127.2408266803,20250224,
안성시,현선농장,소,120,경기도 안성시 고삼면 사동길 7-41,경기도 안성시 고삼면 쌍지리 1273번지,37.1023915500,127.2885246349,20250224,
안성시,현선농장,소,11,경기도 안성시 고삼면 사동길 7-49,경기도 안성시 고삼면 쌍지리 1268번지,37.1031484426,127.2883537182,20250224,
안성시,현선농장2,소,220,경기도 안성시 고삼면 안성맞춤대로 1747,경기도 안성시 고삼면 대갈리 670번지 2호,37.0665331124,127.2558678316,20250224,
안성시,현수농장,소,80,경기도 안성시 죽산면 능앞길 12-29,경기도 안성시 죽산면 장능리 912번지,37.0709687676,127.3986650793,20250224,
안성시,현주농장,소,10,경기도 안성시 금석3길 11 (금석동),경기도 안성시 금석동 107번지,37.0320882663,127.2688296511,20250224,
안성시,현지농장,소,26,경기도 안성시 서운면 서운신기길 82,경기도 안성시 서운면 신기리 121번지 2호,36.9662418143,127.2661754670,20250224,
안성시,현택농장,소,0,경기도 안성시 삼죽면 노루목1길 13-11,"경기도 안성시 삼죽면 미장리 479번지 , 480, 481-2",37.0398052569,127.3544468416,20250224,
안성시,현희농장,소,0,경기도 안성시 미양면 안성맞춤대로 313,"경기도 안성시 미양면 양변리 194번지 2호 , 194-7",36.9504594154,127.2410423218,20250224,
안성시,형규목장,소,84,경기도 안성시 대덕면 김중만장군길 157-108,경기도 안성시 대덕면 보동리 210번지,37.0533835978,127.2483745936,20250224,
안성시,형규목장,소,160,경기도 안성시 대덕면 김중만장군길 157-66,경기도 안성시 대덕면 보동리 695번지 외 2필지,37.0529665990,127.2472737885,20250224,
안성시,형근농장,소,4,경기도 안성시 삼죽면 삼백로 134-24,경기도 안성시 삼죽면 덕산리 778번지 5호 외 1필지(778-6),37.0857598145,127.3779986690,20250224,
안성시,형석농장,소,12,경기도 안성시 일죽면 평촌길 24-32,경기도 안성시 일죽면 화곡리 76번지 1호,37.0984845482,127.4729128366,20250224,
안성시,형제농장,돼지,1600,경기도 안성시 일죽면 한다리길 15-23,경기도 안성시 일죽면 방초리 1124번지 5호,37.1153836290,127.4248886919,20250224,
안성시,형제농장,소,80,경기도 안성시 보개면 보개원삼로 919-10,경기도 안성시 보개면 남풍리 1167번지 1호,37.0811049400,127.3073953127,20250224,
안성시,형제농장,소,50,경기도 안성시 죽산면 장원남산길 85-36 (외1필지(1116-1)),경기도 안성시 죽산면 장원리 1115번지 1호 외1필지(1116-1),37.0733263672,127.4304425873,20250224,
안성시,형제농장,소,86,경기도 안성시 고삼면 안성맞춤대로 2041-44,경기도 안성시 고삼면 가유리 882번지,37.0897290575,127.2569299199,20250224,
안성시,형제농장,소,0,경기도 안성시 대덕면 한천길 239-26,"경기도 안성시 대덕면 죽리 583번지 , 584",36.9899160142,127.2100056169,20250224,
안성시,형제목장,소,0,경기도 안성시 일죽면 산전길 122,경기도 안성시 일죽면 금산리 332번지,37.0608529041,127.4997863188,20250224,
안성시,형제목장,소,50,경기도 안성시 공도읍 서동대로 4580-14,경기도 안성시 공도읍 양기리 52번지 4호 번지 외 1필지,37.0078931369,127.2109939090,20250224,
안성시,형제목장,소,0,경기도 안성시 일죽면 산전길 107,"경기도 안성시 일죽면 금산리 322-2, 322-3, 323-2, 323-3, 323-4번지",37.0618174382,127.4998763008,20250224,
안성시,혜영농장,소,150,경기도 안성시 미양면 하개정길 90-48,경기도 안성시 미양면 진촌리 428번지 1호,36.9726989858,127.1888481891,20250224,
안성시,혜일농장,소,120,경기도 안성시 미양면 신두만곡로 297-14,경기도 안성시 미양면 후평리 270번지 1호,36.9867875194,127.2098039899,20250224,
안성시,호내오,소,100,경기도 안성시 서운면 사갑1길 178-40,경기도 안성시 서운면 송산리 449번지,36.9348649745,127.2413309076,20250224,
안성시,호돌이농장,소,6,경기도 안성시 양성면 정자말길 67-37,경기도 안성시 양성면 삼암리 478번지 14호,37.0256009003,127.2051031182,20250224,
안성시,호범농장,소,0,경기도 안성시 일죽면 죽화로 430-28,경기도 안성시 일죽면 화곡리 118번지 2호,37.1025135563,127.4713245735,20250224,
안성시,호석농장,소,105,"경기도 안성시 금광면 오산길 50-12, (외1필지)",경기도 안성시 금광면 오산리 578번지 6호 (외1필지),36.9869001202,127.3045091785,20250224,
안성시,호애농장,소,200,경기도 안성시 삼죽면 서동대로 6067-22,경기도 안성시 삼죽면 미장리 544번지,37.0389454550,127.3516710407,20250224,
안성시,호영농장,소,80,"경기도 안성시 양성면 미리내성지로 153-7, (외1필지)",경기도 안성시 양성면 미산리 644번지 (외1필지),37.1197932532,127.2533780488,20250224,
안성시,호주농장,소,20,경기도 안성시 보개면 평장길 35-50,경기도 안성시 보개면 북가현리 648번지,37.0928751139,127.3114614970,20250224,
안성시,홍구농장,소,60,경기도 안성시 대덕면 죽촌길 191-36,경기도 안성시 대덕면 죽리 246번지 1호,36.9881865346,127.2218449545,20250224,
안성시,홍길동 농장,소,30,경기도 안성시 공도읍 소신두길 52-19,경기도 안성시 공도읍 양기리 228번지,37.0007681395,127.2022319419,20250224,
안성시,홍길동목장,소,100,경기도 안성시 공도읍 도화길 29-19,경기도 안성시 공도읍 만정리 358번지 33호,37.0122400984,127.1768280980,20250224,
안성시,홍란농장,돼지,1665,경기도 안성시 죽산면 능앞길 117,경기도 안성시 죽산면 장능리 46번지,37.0635065531,127.4006097193,20250224,
안성시,홍래 농장,소,72,경기도 안성시 보개면 방죽안길 127,경기도 안성시 보개면 구사리 357번지 2호,37.0227445070,127.2956483755,20250224,
안성시,홍민목장,소,30,경기도 안성시 삼죽면 음촌길 7,경기도 안성시 삼죽면 배태리 219번지,37.0811014680,127.3557292933,20250224,
안성시,홍연농장,소,12,경기도 안성시 원곡면 승량길 160-29,경기도 안성시 원곡면 성주리 156번지,37.0814379136,127.1684451815,20250224,
안성시,홍용의,소,17,경기도 안성시 삼죽면 노루목1길 15-6,경기도 안성시 삼죽면 미장리 499번지,37.0407529586,127.3554233450,20250224,
안성시,홍이농장,소,67,경기도 안성시 미양면 미양로 242,경기도 안성시 미양면 진촌리 41번지,36.9695324139,127.2019267461,20250224,
안성시,홍익농장,소,90,경기도 안성시 일죽면 고목남길 81-20,경기도 안성시 일죽면 고은리 1171번지 6호,37.1218911220,127.4392348992,20250224,
안성시,홍인농장,소,200,경기도 안성시 보개면 남사당로 614-12,경기도 안성시 보개면 남풍리 289번지 4호,37.0619256854,127.3270154850,20250224,
안성시,홍주농장,소,0,경기도 안성시 일죽면 장암초교길 102-31,경기도 안성시 일죽면 장암리 453번지,37.0780091074,127.4590482796,20250224,
안성시,화곡축산,소,110,경기도 안성시 일죽면 화곡길 36-15,경기도 안성시 일죽면 화곡리 186번지,37.1140778165,127.4673018875,20250224,
안성시,화랑농장,소,80,경기도 안성시 양성면 소로리길 85,"경기도 안성시 양성면 방축리 788번지 ,787번지",37.0714444462,127.2342193384,20250224,
안성시,화랑농장,소,185,"경기도 안성시 양성면 양성로 409-34, (외1필지)",경기도 안성시 양성면 이현리 229번지 (외1필지),37.0922091826,127.2057341681,20250224,
안성시,화목농장,소,46,경기도 안성시 일죽면 한다리길 15-11,경기도 안성시 일죽면 방초리 1124번지 2호 외 1필지,37.1164655803,127.4252703328,20250224,
안성시,화순목장,소,0,경기도 안성시 고삼면 풀무골길 34-34,"경기도 안성시 고삼면 쌍지리 261번지 , 260-1, -2",37.1136694215,127.2891123416,20250224,
안성시,화신농장,소,57,경기도 안성시 일죽면 화곡길 27-8 (외 2필지),경기도 안성시 일죽면 화곡리 197번지 외 2필지,37.1134463018,127.4654787323,20250224,
안성시,화신목장,소,65,경기도 안성시 일죽면 지내동길 126,경기도 안성시 일죽면 신흥리 526번지 3호,37.1161973702,127.4720060378,20250224,
안성시,화창농원,소,0,경기도 안성시 공도읍 만수로 159,"경기도 안성시 공도읍 만정리 365번지 , 11-15, 365-6, 369-2",37.0147436673,127.1792568155,20250224,
안성시,환규농장,소,52,경기도 안성시 보개면 가재울길 47-28,경기도 안성시 보개면 남풍리 804번지 -2번지 외 4필지,37.0686433195,127.3105990685,20250224,
안성시,환근농장,소,49,경기도 안성시 보개면 내방상삼로 224,경기도 안성시 보개면 상삼리 358번지,37.0314264196,127.3244761671,20250224,
안성시,환열농장,소,0,경기도 안성시 사곡3길 34(사곡동),경기도 안성시 사곡동 198번지,37.0433133939,127.2653882835,20250224,
안성시,환익농장,소,25,경기도 안성시 공도읍 용머리큰길 33-34,경기도 안성시 공도읍 용두리 298번지,37.0051330471,127.1657196604,20250224,
안성시,황금농장,소,82,경기도 안성시 미양면 동변길 15,"경기도 안성시 미양면 양변리 216번지 3호 , 217, 218",36.9526925736,127.2440786314,20250224,
안성시,황소농장,소,0,,경기도 안성시 양성면 방축리 710번지 외 1필지(711),37.0728606496,127.2385091235,20250224,
안성시,황소농장,소,35,경기도 안성시 죽산면 죽산향교길 66-35,경기도 안성시 죽산면 죽산리 305번지 2호,37.0821010727,127.4220300121,20250224,
안성시,황터울목장,소,0,경기도 안성시 일죽면 죽화로 260-55,"경기도 안성시 일죽면 고은리 863번지 2호 , 866-1",37.1057245225,127.4498721371,20250224,
안성시,효묵농장,소,75,경기도 안성시 일죽면 장암로 24-120,경기도 안성시 일죽면 장암리 59번지 1호 외4필지,37.0798585158,127.4635700878,20250224,
안성시,효성농장,돼지,1500,경기도 안성시 일죽면 서동대로 7594-69,경기도 안성시 일죽면 능국리 257번지 7호,37.0995775904,127.4864055970,20250224,
안성시,효자목장,소,0,경기도 안성시 미양면 고지길 237,경기도 안성시 미양면 법전리 140번지 5호 140-7,36.9533877744,127.2056400988,20250224,
안성시,효진농장,소,8,경기도 안성시 고삼면 샘실길 137,경기도 안성시 고삼면 신창리 199번지,37.0831624708,127.2463184908,20250224,
안성시,흑룡농장,소,80,경기도 안성시 고삼면 윗갈미길 1-33,경기도 안성시 고삼면 대갈리 400번지,37.0666562894,127.2458447784,20250224,
안성시,흑진주목장,소,50,경기도 안성시 공도읍 건천길 41-8,경기도 안성시 공도읍 진사리 524번지 1호,36.9792093466,127.1415861052,20250224,
안성시,흙사랑 농장,소,0,경기도 안성시 양성면 가래울길 68-50,경기도 안성시 양성면 추곡리 20번지,37.0690770077,127.2087595806,20250224,
안성시,흙사랑3농장,소,120,경기도 안성시 양성면 돌꽃지길 79-5,경기도 안성시 양성면 석화리 104번지,37.0650512365,127.2065702609,20250224,
안성시,흙사랑농장,소,148,경기도 안성시 양성면 구장길 30-30,경기도 안성시 양성면 구장리 56번지 외 1필지,37.0553952056,127.2022660645,20250224,
안성시,흥림목장,소,20,,경기도 안성시 미양면 고지리 산 71번지,,,20250224,
안성시,흥림목장,소,45,"경기도 안성시 미양면 고지길 196, (외 1필지)",경기도 안성시 미양면 고지리 272번지 3호 (외 1필지),36.9560104699,127.2090896055,20250224,
안성시,흥양축산,소,30,경기도 안성시 미양면 고지1길 132-16,경기도 안성시 미양면 고지리 186번지 1호,36.9573764689,127.2147906064,20250224,
안성시,흥우농장,소,69,경기도 안성시 미양면 구수길 29-15,경기도 안성시 미양면 구수리 41번지 4호,36.9743226159,127.2590838240,20250224,
안성시,희망농장,소,200,경기도 안성시 대덕면 동산말길 55-81,경기도 안성시 대덕면 삼한리 208번지,37.0489657347,127.2796760135,20250224,
안성시,희윤농장,소,9,"경기도 안성시 고삼면 쌍지길 137 (, 374-1번지)","경기도 안성시 고삼면 쌍지리 374번지 , 374-1번지",37.1096793366,127.2858819246,20250224,
안성시,희혁농장,소,16,경기도 안성시 금석길 74 (금석동),경기도 안성시 금석동 102번지,37.0316555357,127.2688084755,20250224,
안양시,풍천목장,소,32,경기도 안양시 만안구 박달로204번길 54,경기도 안양시 만안구 박달동 767-3,37.4005942287,126.8772849814,20250716,
양주시,153농축,소,56,경기도 양주시 남면 검준2길 168-34,경기도 양주시 남면 상수리 229-1,37.8594700484,126.9955260199,20240222,양주시 농업기술센터 축산과
양주시,가족농장,소,23,경기도 양주시 은현면 은현로105번길 30-25,경기도 양주시 은현면 운암리 16-3,37.8795066175,127.0215885932,20240222,양주시 농업기술센터 축산과
양주시,감악2목장,소,22,경기도 양주시 남면 삼육사로327번길 426-70,경기도 양주시 남면 황방리 393-3,37.9204226951,126.9887613164,20240222,양주시 농업기술센터 축산과
양주시,감악목장,소,105,,경기도 양주시 남면 황방리 389,37.9210197454,126.9889045344,20240222,양주시 농업기술센터 축산과
양주시,감악산목장,소,182,경기도 양주시 은현면 운하로101번길 101,경기도 양주시 은현면 운암리 360-1 2통,37.8841926033,127.0082758915,20240222,양주시 농업기술센터 축산과
양주시,감천농장,소,62,경기도 양주시 백석읍 양주산성로732번길 29-9,경기도 양주시 백석읍 가업리 246-1,37.7870591742,126.9749514549,20240222,양주시 농업기술센터 축산과
양주시,강우지목장,소,124,경기도 양주시 삼숭로108번길 56 (삼숭동),경기도 양주시 삼숭동 413-1,37.8044654812,127.1019884947,20240222,양주시 농업기술센터 축산과
양주시,강원목장,소,74,경기도 양주시 백석읍 연곡로 193-18,경기도 양주시 백석읍 연곡리 215-1,37.8149533528,126.9548035953,20240222,양주시 농업기술센터 축산과
양주시,거며울목장,소,37,경기도 양주시 광적면 화합로74번길 81,경기도 양주시 광적면 효촌리 584-1,37.8530340428,126.9452704654,20240222,양주시 농업기술센터 축산과
양주시,거문돌목장,소,24,경기도 양주시 광적면 현석로 66-9,경기도 양주시 광적면 비암리 41-2,37.8177167539,126.9330370378,20240222,양주시 농업기술센터 축산과
양주시,경민목장,소,0,경기도 양주시 남면 감악산로489번길 27-176,경기도 양주시 남면 신암리 287-2,37.9023164800,126.9547966934,20240222,양주시 농업기술센터 축산과
양주시,경신농장,소,13,경기도 양주시 남면 감악산로244번길 70-108,경기도 양주시 남면 신산리 148-3,37.8912821752,126.9842544789,20240222,양주시 농업기술센터 축산과
양주시,경인농장,소,8,경기도 양주시 남면 삼일로 962-1,경기도 양주시 남면 한산리 555-233,37.8984915373,126.9923139064,20240222,양주시 농업기술센터 축산과
양주시,경화목장,소,2,경기도 양주시 칠봉산로376번길 31 (봉양동),경기도 양주시 봉양동 777-7,37.8653400248,127.0687365750,20240222,양주시 농업기술센터 축산과
양주시,고암목장,소,0,경기도 양주시 청담로 169-22 (고암동),경기도 양주시 고암동 447-1,37.8153160290,127.0708228424,20240222,양주시 농업기술센터 축산과
양주시,고읍농장,소,24,경기도 양주시 청담로84번길 72-29 (고읍동),경기도 양주시 고읍동 207-1,37.8089787921,127.0780279273,20240222,양주시 농업기술센터 축산과
양주시,고일농장,소,76,경기도 양주시 칠봉산로 84-35 (회암동),경기도 양주시 회암동 447-2,37.8454598056,127.0870606790,20240222,양주시 농업기술센터 축산과
양주시,고주내농장,소,21,경기도 양주시 청담로84번길 231-138 (고읍동),경기도 양주시 고읍동 13-4,37.8070896021,127.0866609924,20240222,양주시 농업기술센터 축산과
양주시,과수농장,소,2,경기도 양주시 백석읍 양주산성로 437-6,경기도 양주시 백석읍 방성리 840,37.7837640660,127.0049558996,20240222,양주시 농업기술센터 축산과
양주시,과수목장,소,5,경기도 양주시 버들로 133-153,경기도 양주시 어둔동 482,37.7701783602,127.0172979077,20240222,양주시 농업기술센터 축산과
양주시,광개토목장,소,127,경기도 양주시 남면 감악산로489번길 63-58,경기도 양주시 남면 신암리 241-3,37.9057638009,126.9576946848,20240222,양주시 농업기술센터 축산과
양주시,광남농본축산단지,돼지,5807,경기도 양주시 광적면 삼일로 365-63,경기도 양주시 광적면 덕도리 120,37.8503463184,126.9865971352,20240222,양주시 농업기술센터 축산과
양주시,광도목장,소,57,경기도 양주시 남면 은남로119번길 295,경기도 양주시 남면 한산리 21-1,37.9067401395,127.0011527743,20240222,양주시 농업기술센터 축산과
양주시,광범목장,소,2,,경기도 양주시 백석읍 가업리 69-1,37.7851478169,126.9802685193,20240222,양주시 농업기술센터 축산과
양주시,광산목장,소,51,경기도 양주시 남면 삼육사로355번길 47-10,경기도 양주시 남면 한산리 389-1,37.9100962995,126.9914037318,20240222,양주시 농업기술센터 축산과
양주시,광웅목장,소,0,경기도 양주시 백석읍 권율로847번길 87,경기도 양주시 백석읍 기산리 96,37.7744205137,126.9565661841,20240222,양주시 농업기술센터 축산과
양주시,구인목장,소,3,경기도 양주시 백석읍 중앙로254번길 220-68,경기도 양주시 백석읍 오산리 155,37.8048923636,126.9884341696,20240222,양주시 농업기술센터 축산과
양주시,근택목장,소,67,,경기도 양주시 남면 구암리 88,,,20240222,양주시 농업기술센터 축산과
양주시,금란목장,소,5,,경기도 양주시 광사동 312,37.7928982958,127.0727357454,20240222,양주시 농업기술센터 축산과
양주시,금주농장,소,131,경기도 양주시 광적면 그루고개로221번길 133-51,경기도 양주시 광적면 가납리 263-1,37.8377159174,126.9942081587,20240222,양주시 농업기술센터 축산과
양주시,금화목장,소,58,경기도 양주시 백석읍 양주산성로800번길 167-21,경기도 양주시 백석읍 가업리 458-4,37.7967370607,126.9704304452,20240222,양주시 농업기술센터 축산과
양주시,금화목장2,소,21,경기도 양주시 백석읍 중앙로223번길 264,경기도 양주시 백석읍 가업리 418-2,37.7935554586,126.9744625231,20240222,양주시 농업기술센터 축산과
양주시,기령농장,돼지,790,경기도 양주시 은현면 은현로312번길 194,경기도 양주시 은현면 하패리 767-31,37.8947563896,127.0282344215,20240222,양주시 농업기술센터 축산과
양주시,길명목장,소,66,경기도 양주시 남면 감악산로466번길 95-81,경기도 양주시 남면 신산리 380-2,37.9001284153,126.9690535032,20240222,양주시 농업기술센터 축산과
양주시,길재농장,소,35,경기도 양주시 은현면 운하로101번길 29,경기도 양주시 은현면 운암리 399-1,37.8807047174,127.0083104536,20240222,양주시 농업기술센터 축산과
양주시,김옥임 목장,소,22,경기도 양주시 백석읍 양주산성로 918-127,경기도 양주시 백석읍 홍죽리 172-3,37.7987835229,126.9665424916,20240222,양주시 농업기술센터 축산과
양주시,김진철농장,소,0,경기도 양주시 율정로165번길 221-11 (율정동),경기도 양주시 율정동 219-1,37.8311233404,127.1064703974,20240222,양주시 농업기술센터 축산과
양주시,꿀과된장,소,0,,경기도 양주시 광사동 298,37.7953648321,127.0714240181,20240222,양주시 농업기술센터 축산과
양주시,낭낙목장,소,26,경기도 양주시 남면 운하로99번길 161-20,경기도 양주시 남면 입암리 190-2,37.8859971004,127.0022934972,20240222,양주시 농업기술센터 축산과
양주시,노고산목장,소,40,경기도 양주시 광적면 화합로74번길 227,경기도 양주시 광적면 효촌리 639,37.8488631006,126.9381067556,20240222,양주시 농업기술센터 축산과
양주시,노량목장,소,17,,경기도 양주시 남면 입암리 316-5,37.8892172659,126.9925710690,20240222,양주시 농업기술센터 축산과
양주시,누렁소농장,소,70,경기도 양주시 은현면 운하로 476-15,경기도 양주시 은현면 하패리 314,37.8862058548,127.0403321656,20240222,양주시 농업기술센터 축산과
양주시,늘푸른목장,소,200,경기도 양주시 남면 삼일로 876-139,경기도 양주시 남면 입암리 137-1,37.8871145852,127.0001366011,20240222,양주시 농업기술센터 축산과
양주시,다남목장,소,102,경기도 양주시 광적면 부흥로618번길 205-1,경기도 양주시 광적면 광석리 190,37.8147381115,126.9688476467,20240222,양주시 농업기술센터 축산과
양주시,다복목장,소,39,경기도 양주시 남면 삼육사로327번길 495-14,경기도 양주시 남면 황방리 341,37.9258961762,126.9852302784,20240222,양주시 농업기술센터 축산과
양주시,다솜농장,돼지,3954,경기도 양주시 은현면 은현로312번길 150-16,경기도 양주시 은현면 하패리 757-1,37.8943972190,127.0263259688,20240222,양주시 농업기술센터 축산과
양주시,다윗목장,소,120,경기도 양주시 은현면 그루고개로371번길 26,경기도 양주시 은현면 도하리 332,37.8428341412,127.0066753071,20240222,양주시 농업기술센터 축산과
양주시,담현농장,소,48,경기도 양주시 남면 삼육사로375번길 87,경기도 양주시 남면 한산리 354,37.9125793047,126.9924332539,20240222,양주시 농업기술센터 축산과
양주시,대동목장,소,87,경기도 양주시 백석읍 중앙로137번길 12,경기도 양주시 백석읍 복지리 8-5,37.7925980515,126.9967079553,20240222,양주시 농업기술센터 축산과
양주시,대보농장,소,13,경기도 양주시 광적면 화합로81번길 443,경기도 양주시 광적면 효촌리 252-1,37.8736141283,126.9517677740,20240222,양주시 농업기술센터 축산과
양주시,대성농장,소,0,경기도 양주시 고덕로355번길 77,경기도 양주시 고읍동 163,37.8048136281,127.0777221950,20240222,양주시 농업기술센터 축산과
양주시,대양목장,소,46,경기도 양주시 남면 검준1길 21-66,경기도 양주시 남면 상수리 242-13,37.8606287951,126.9946086597,20240222,양주시 농업기술센터 축산과
양주시,대영사슴목장,사슴,15,경기도 양주시 광적면 쇠장이길 794-17,경기도 양주시 광적면 비암리 654-5,37.8012740465,126.9194977046,20240222,양주시 농업기술센터 축산과
양주시,대원목장,소,148,경기도 양주시 은현면 그루고개로221번길 307-125,경기도 양주시 은현면 도하리 707,37.8452247601,126.9923383309,20240222,양주시 농업기술센터 축산과
양주시,대찬목장,소,238,경기도 양주시 삼숭로108번길 77 (삼숭동),경기도 양주시 삼숭동 416-1,37.8072040447,127.1015648322,20240222,양주시 농업기술센터 축산과
양주시,대청목장,소,80,경기도 양주시 남면 삼일로 845,경기도 양주시 남면 입암리 356-3,37.8885193178,126.9935082716,20240222,양주시 농업기술센터 축산과
양주시,대희농장,소,0,경기도 양주시 은현면 운하로 421,경기도 양주시 은현면 하패리 360-4,37.8889525490,127.0351632800,20240222,양주시 농업기술센터 축산과
양주시,더품한우,소,68,경기도 양주시 남면 삼육사로 286-52,경기도 양주시 남면 한산리 555-158,37.9007430926,126.9919230832,20240222,양주시 농업기술센터 축산과
양주시,덕계농장,산양,23,경기도 양주시 화합로1325번길 123-49,경기도 양주시 덕정동 461-1,37.8546646076,127.0603528038,20240222,양주시 농업기술센터 축산과
양주시,덕보목장,소,82,경기도 양주시 광적면 광적로326번길 41-15,경기도 양주시 광적면 덕도리 580,37.8443744986,126.9671689699,20240222,양주시 농업기술센터 축산과
양주시,덕수농장,돼지,999,경기도 양주시 남면 현석로785번길 128,경기도 양주시 남면 경신리 202-3,37.8559282889,126.9810906319,20240222,양주시 농업기술센터 축산과
양주시,덕정농장,돼지,49,경기도 양주시 은현면 화합로1112번길 43-24,경기도 양주시 은현면 용암리 483,37.8483556715,127.0414992842,20240222,양주시 농업기술센터 축산과
양주시,덕하진목장,소,77,경기도 양주시 은현면 화합로788번길 33,경기도 양주시 은현면 운암리 110-3,37.8682581315,127.0171135487,20240222,양주시 농업기술센터 축산과
양주시,도담농장,돼지,2357,경기도 양주시 은현면 은현로 376-90,경기도 양주시 은현면 봉암리 13,37.9020264503,127.0162901273,20240222,양주시 농업기술센터 축산과
양주시,도레미목장,소,110,경기도 양주시 은현면 용암로161번길 254-254,경기도 양주시 은현면 선암리 17-4,37.8726869373,127.0358908584,20240222,양주시 농업기술센터 축산과
양주시,도성목장,소,84,경기도 양주시 은현면 은현로56번길 159-28,경기도 양주시 은현면 선암리 443,37.8790491847,127.0288463269,20240222,양주시 농업기술센터 축산과
양주시,동관농장,소,89,경기도 양주시 남면 삼육사로 87,경기도 양주시 남면 신산리 110-7,37.8924686104,126.9835069461,20240222,양주시 농업기술센터 축산과
양주시,동굴목장,소,182,경기도 양주시 광적면 화합로81번길 278,경기도 양주시 광적면 효촌리 190,37.8664686028,126.9521504247,20240222,양주시 농업기술센터 축산과
양주시,동근농장,소,116,경기도 양주시 남면 삼육사로327번길 457-107,경기도 양주시 남면 황방리 451-3,37.9218245422,126.9836771632,20240222,양주시 농업기술센터 축산과
양주시,동트는목장,소,80,경기도 양주시 은현면 운하로 422-95,경기도 양주시 은현면 하패리 570,37.8877371601,127.0309631108,20240222,양주시 농업기술센터 축산과
양주시,두곡농장,소,0,경기도 양주시 남면 화합로 387,경기도 양주시 남면 두곡리 39-10,37.8656064246,126.9766002176,20240222,양주시 농업기술센터 축산과
양주시,들판목장,소,60,경기도 양주시 백석읍 양주산성로 660-15,경기도 양주시 백석읍 가업리 67-1,37.7861911673,126.9804316006,20240222,양주시 농업기술센터 축산과
양주시,디딤목장,소,32,경기도 양주시 백석읍 기산로471번길 78,경기도 양주시 백석읍 기산리 329-1,37.7794309417,126.9428684675,20240222,양주시 농업기술센터 축산과
양주시,만년목장,소,2,경기도 양주시 장흥면 북한산로928번길 99,경기도 양주시 장흥면 교현리 51,37.7039942113,126.9750955266,20240222,양주시 농업기술센터 축산과
양주시,만복목장,소,72,경기도 양주시 광적면 화합로81번길 240,경기도 양주시 광적면 효촌리 152,37.8648333350,126.9513098636,20240222,양주시 농업기술센터 축산과
양주시,만향목장,소,62,경기도 양주시 칠봉산로228번길 56-18 (봉양동),경기도 양주시 봉양동 386-4,37.8556785991,127.0788531475,20240222,양주시 농업기술센터 축산과
양주시,먹골농장,소,32,경기도 양주시 광적면 그루고개로221번길 133-32,경기도 양주시 광적면 가납리 261-1,37.8381498490,126.9945120459,20240222,양주시 농업기술센터 축산과
양주시,명선농장,돼지,281,경기도 양주시 칠봉산로227번길 76-26 (봉양동),경기도 양주시 봉양동 625-1,37.8549967708,127.0722298065,20240222,양주시 농업기술센터 축산과
양주시,명운목장,소,82,경기도 양주시 은현면 운하로147번길 33,경기도 양주시 은현면 운암리 403-2,37.8824852737,127.0116759934,20240222,양주시 농업기술센터 축산과
양주시,명찬농장,소,179,경기도 양주시 은현면 강변서로 197-16,경기도 양주시 은현면 하패리 47,37.8828238002,127.0467440882,20240222,양주시 농업기술센터 축산과
양주시,명품염소농장,산양,66,경기도 양주시 은현면 용암로 167,경기도 양주시 은현면 용암리 579-3,37.8652437742,127.0432137068,20240222,양주시 농업기술센터 축산과
양주시,모니목장,소,157,경기도 양주시 광적면 현석로 78,경기도 양주시 광적면 비암리 320,37.8192095849,126.9323439058,20240222,양주시 농업기술센터 축산과
양주시,무곳니2목장,소,53,경기도 양주시 남면 휴암로451번길 156-25,경기도 양주시 남면 매곡리 7-7,37.9011493150,126.9616527475,20240222,양주시 농업기술센터 축산과
양주시,무곳니목장,소,117,경기도 양주시 남면 휴암로451번길 82-95,경기도 양주시 남면 매곡리 8,37.9000166320,126.9622979601,20240222,양주시 농업기술센터 축산과
양주시,무림농원,돼지,2658,경기도 양주시 남면 삼일로 708-54,경기도 양주시 남면 입암리 64,37.8795954038,126.9995847502,20240222,양주시 농업기술센터 축산과
양주시,묵은논농장,소,5,경기도 양주시 은현면 화합로1198번길 31,경기도 양주시 은현면 용암리 377-1,37.8475668982,127.0472896107,20240222,양주시 농업기술센터 축산과
양주시,미니목장,소,45,경기도 양주시 율정로199번길 51,경기도 양주시 율정동 154-1,37.8253481630,127.1044443815,20240222,양주시 농업기술센터 축산과
양주시,미연목장,소,53,경기도 양주시 칠봉산로321번길 207-37 (봉양동),경기도 양주시 봉양동 660-3,37.8539278559,127.0658362059,20240222,양주시 농업기술센터 축산과
양주시,민경목장,소,0,경기도 양주시 칠봉산로 84-57 (회암동),경기도 양주시 회암동 444-1,37.8447761395,127.0874395653,20240222,양주시 농업기술센터 축산과
양주시,민정농장,소,35,경기도 양주시 은현면 운하로101번길 166-86,경기도 양주시 은현면 운암리 301,37.8886624470,127.0124653978,20240222,양주시 농업기술센터 축산과
양주시,바른목장,소,28,경기도 양주시 은현면 화합로691번길 202,경기도 양주시 은현면 운암리 156-28,37.8730948433,127.0141257271,20240222,양주시 농업기술센터 축산과
양주시,박달목장,소,21,경기도 양주시 광적면 광적로 180-12,경기도 양주시 광적면 석우리 446-1,37.8341278521,126.9774931835,20240222,양주시 농업기술센터 축산과
양주시,반야목장,소,3,경기도 양주시 은현면 운하로528번길 352,경기도 양주시 은현면 선암리 404,37.8772712294,127.0327692244,20240222,양주시 농업기술센터 축산과
양주시,방축목장,소,96,경기도 양주시 광적면 화합로81번길 277-8,경기도 양주시 광적면 효촌리 201-1,37.8671230884,126.9514065774,20240222,양주시 농업기술센터 축산과
양주시,백두1농장,소,26,경기도 양주시 광적면 부흥로604번길 339,경기도 양주시 광적면 우고리 4-2,37.8121415319,126.9666736100,20240222,양주시 농업기술센터 축산과
양주시,백두2농장,소,0,경기도 양주시 광적면 부흥로604번길 237,경기도 양주시 광적면 우고리 49-11,37.8158131112,126.9634205627,20240222,양주시 농업기술센터 축산과
양주시,백두농장,돼지,61,경기도 양주시 은현면 은현로312번길 148,경기도 양주시 은현면 하패리 773-3,37.8953323014,127.0257626692,20240222,양주시 농업기술센터 축산과
양주시,백홍목장,소,5,경기도 양주시 백석읍 권율로 1111-25,경기도 양주시 백석읍 홍죽리 685-3,37.7915753397,126.9532831301,20240222,양주시 농업기술센터 축산과
양주시,별님2목장,소,133,경기도 양주시 백석읍 양주산성로 934-107,경기도 양주시 백석읍 홍죽리 116-3,37.7993051772,126.9643124039,20240222,양주시 농업기술센터 축산과
양주시,별님목장,소,31,경기도 양주시 백석읍 양주산성로 934-104,경기도 양주시 백석읍 홍죽리 148,37.7985051018,126.9647725312,20240222,양주시 농업기술센터 축산과
양주시,병동농장,돼지,1622,경기도 양주시 은현면 운하로434번길 54-22,경기도 양주시 은현면 하패리 579-4,37.8854715508,127.0346620459,20240222,양주시 농업기술센터 축산과
양주시,병영농장,돼지,400,경기도 양주시 은현면 화합로1162번길 70-74,경기도 양주시 은현면 용암리 407-1,37.8447579079,127.0411010235,20240222,양주시 농업기술센터 축산과
양주시,보막목장,소,0,경기도 양주시 광적면 광적로325번길 32,경기도 양주시 광적면 덕도리 609,37.8434615226,126.9645955412,20240222,양주시 농업기술센터 축산과
양주시,복순목장,소,356,경기도 양주시 은현면 용암로161번길 254-146,경기도 양주시 은현면 선암리 2-2,37.8757287685,127.0393170705,20240222,양주시 농업기술센터 축산과
양주시,봉산농장,소,40,경기도 양주시 남면 감악산로215번길 82-27,경기도 양주시 남면 구암리 59-1,37.8871594597,126.9772664976,20240222,양주시 농업기술센터 축산과
양주시,부농농장,돼지,694,경기도 양주시 은현면 은현로56번길 159-15,경기도 양주시 은현면 선암리 445,37.8784784649,127.0281222162,20240222,양주시 농업기술센터 축산과
양주시,비암농장,소,4,경기도 양주시 광적면 부흥로231번길 110-10,경기도 양주시 광적면 비암리 292-1,37.8153950188,126.9300554099,20240222,양주시 농업기술센터 축산과
양주시,비암농장,소,4,경기도 양주시 광적면 쇠장이길 755-51,경기도 양주시 광적면 비암리 638-3,37.7972546317,126.9177572307,20240222,양주시 농업기술센터 축산과
양주시,비젼축산양돈장,돼지,832,경기도 양주시 은현면 은현로 137-17,경기도 양주시 은현면 하패리 1006,37.8816291416,127.0226892718,20240222,양주시 농업기술센터 축산과
양주시,사리산목장,소,81,경기도 양주시 남면 감악산로466번길 135-55,경기도 양주시 남면 신산리 390,37.9012297042,126.9694323245,20240222,양주시 농업기술센터 축산과
양주시,사철목장,소,0,경기도 양주시 광적면 그루고개로143번길 276-27,경기도 양주시 광적면 가납리 258-2,37.8389588045,126.9939951025,20240222,양주시 농업기술센터 축산과
양주시,산골목장,소,58,경기도 양주시 남면 삼일로479번길 116,경기도 양주시 남면 경신리 127-8,37.8613187464,126.9853500865,20240222,양주시 농업기술센터 축산과
양주시,산내음목장,소,3,경기도 양주시 은현면 은현로105번길 58,경기도 양주시 은현면 운암리 18,37.8796763809,127.0212236162,20240222,양주시 농업기술센터 축산과
양주시,삼도농장,소,2,경기도 양주시 백석읍 월암로111번길 42,경기도 양주시 백석읍 홍죽리 521-8,37.8055684694,126.9543159670,20240222,양주시 농업기술센터 축산과
양주시,삼밭뜰목장,소,104,경기도 양주시 광적면 현석로 196,경기도 양주시 광적면 우고리 646,37.8272388261,126.9358049708,20240222,양주시 농업기술센터 축산과
양주시,삼상목장,소,0,,경기도 양주시 남면 경신리 67,,,20240222,양주시 농업기술센터 축산과
양주시,삼성축산농장,소,6,경기도 양주시 광적면 삼일로 288-17,경기도 양주시 광적면 덕도리 19-4,37.8440002304,126.9905395755,20240222,양주시 농업기술센터 축산과
양주시,삼현농장,돼지,0,경기도 양주시 광적면 현석로175번길 27-27,경기도 양주시 광적면 우고리 633,37.8291920357,126.9333810528,20240222,양주시 농업기술센터 축산과
양주시,상계농장,소,207,경기도 양주시 은현면 용암로 297,경기도 양주시 은현면 용암리 100-5,37.8690178684,127.0567429572,20240222,양주시 농업기술센터 축산과
양주시,상수농장,돼지,305,경기도 양주시 남면 검준1길 155,경기도 양주시 남면 상수리 485-3,37.8583251667,126.9933739177,20240222,양주시 농업기술센터 축산과
양주시,상수농장,돼지,305,경기도 양주시 남면 감악산로83번길 439,경기도 양주시 남면 상수리 520,37.8669708518,126.9814566029,20240222,양주시 농업기술센터 축산과
양주시,상수농장,소,305,경기도 양주시 남면 운하로 77-89,경기도 양주시 남면 상수리 46,37.8795064856,127.0019960421,20240222,양주시 농업기술센터 축산과
양주시,상학농장,돼지,572,경기도 양주시 광적면 광적로156번길 83,경기도 양주시 광적면 석우리 339,37.8328567022,126.9815022790,20240222,양주시 농업기술센터 축산과
양주시,새진정목장,소,2,경기도 양주시 장흥면 북한산로867번길 21,경기도 양주시 장흥면 교현리 335-1,37.6991688664,126.9683347572,20240222,양주시 농업기술센터 축산과
양주시,새햇빛농장,소,16,경기도 양주시 광적면 현석로413번길 87,경기도 양주시 광적면 우고리 373,37.8295683659,126.9500256799,20240222,양주시 농업기술센터 축산과
양주시,샘나목장,소,63,경기도 양주시 광적면 현석로413번길 135,경기도 양주시 광적면 우고리 463-2,37.8310566692,126.9483441661,20240222,양주시 농업기술센터 축산과
양주시,서현농장,소,131,경기도 양주시 남면 운하로99번길 211-40,경기도 양주시 남면 입암리 188,37.8876873551,127.0013040901,20240222,양주시 농업기술센터 축산과
양주시,석동목장,소,28,경기도 양주시 은현면 운하로433번길 173-13,경기도 양주시 은현면 하패리 404-3,37.8931481356,127.0409145331,20240222,양주시 농업기술센터 축산과
양주시,선득목장,소,53,경기도 양주시 장흥면 북한산로 905-16,경기도 양주시 장흥면 교현리 248-3,37.7026172369,126.9695126010,20240222,양주시 농업기술센터 축산과
양주시,선봉농장,돼지,1521,경기도 양주시 은현면 검준2길 282,경기도 양주시 은현면 도하리 768-1,37.8539024392,126.9939952830,20240222,양주시 농업기술센터 축산과
양주시,선업목장,소,62,경기도 양주시 은현면 은남로203번길 34-22,경기도 양주시 은현면 하패리 1069,37.8961109223,127.0133716682,20240222,양주시 농업기술센터 축산과
양주시,선욱목장,소,4,경기도 양주시 백석읍 중앙로223번길 213-22,경기도 양주시 백석읍 가업리 322-4,37.7914312400,126.9771352610,20240222,양주시 농업기술센터 축산과
양주시,선태농장,소,124,경기도 양주시 백석읍 양주산성로800번길 177-42,경기도 양주시 백석읍 가업리 336-2,37.7991673555,126.9697088470,20240222,양주시 농업기술센터 축산과
양주시,성광농장,돼지,821,경기도 양주시 광적면 광적로392번길 89,경기도 양주시 광적면 덕도리 543,37.8504912517,126.9684775910,20240222,양주시 농업기술센터 축산과
양주시,성림농장,소,26,경기도 양주시 광적면 삼일로 299-32,경기도 양주시 광적면 덕도리 94,37.8452415206,126.9878827786,20240222,양주시 농업기술센터 축산과
양주시,성암농장,돼지,1398,경기도 양주시 광적면 화합로74번길 198,경기도 양주시 광적면 효촌리 603,37.8506909773,126.9396273915,20240222,양주시 농업기술센터 축산과
양주시,성웅목장,소,74,경기도 양주시 백석읍 월암로 175-22,경기도 양주시 백석읍 연곡리 149-2,37.8102247964,126.9555199976,20240222,양주시 농업기술센터 축산과
양주시,성원농장,돼지,754,경기도 양주시 은현면 화합로1169번길 72-3,경기도 양주시 은현면 용암리 358,37.8502765119,127.0487734491,20240222,양주시 농업기술센터 축산과
양주시,성은농장,소,7,경기도 양주시 남면 검준2길 168-6,경기도 양주시 남면 상수리 229-13,37.8588887432,126.9965872068,20240222,양주시 농업기술센터 축산과
양주시,성일 목장,소,75,경기도 양주시 광적면 광적로188번길 166-13,경기도 양주시 광적면 석우리 177,37.8365931973,126.9847150321,20240222,양주시 농업기술센터 축산과
양주시,성일목장,소,86,경기도 양주시 은현면 운하로101번길 166-105,경기도 양주시 은현면 운암리 296,37.8895856994,127.0134146196,20240222,양주시 농업기술센터 축산과
양주시,성전목장,소,22,경기도 양주시 백석읍 월암로 175-22,경기도 양주시 백석읍 연곡리 산 57,37.8102247964,126.9555199976,20240222,양주시 농업기술센터 축산과
양주시,성한목장,소,155,경기도 양주시 백석읍 양주산성로 918-137,경기도 양주시 백석읍 홍죽리 172,37.7991828627,126.9671529970,20240222,양주시 농업기술센터 축산과
양주시,세린목장,산양,44,경기도 양주시 남면 감악산로489번길 63-70,경기도 양주시 남면 신암리 243,37.9060215485,126.9569079015,20240222,양주시 농업기술센터 축산과
양주시,세인농장,소,0,경기도 양주시 은현면 그루고개로371번길 131-18,경기도 양주시 은현면 도하리 655-2,37.8431888814,127.0010242395,20240222,양주시 농업기술센터 축산과
양주시,세환농장,소,13,,경기도 양주시 백석읍 홍죽리 596,37.7982031871,126.9530260435,20240222,양주시 농업기술센터 축산과
양주시,소미농장,소,12,경기도 양주시 백석읍 권율로1398번길 43,경기도 양주시 백석읍 오산리 396-1,37.8063265562,126.9804495970,20240222,양주시 농업기술센터 축산과
양주시,송골매목장,소,32,경기도 양주시 남면 휴암로392번길 44,경기도 양주시 남면 매곡리 234-2,37.8897873216,126.9604162521,20240222,양주시 농업기술센터 축산과
양주시,송라목장,소,64,경기도 양주시 은현면 용암로265번길 135,경기도 양주시 은현면 용암리 116-4,37.8741587159,127.0528803374,20240222,양주시 농업기술센터 축산과
양주시,송림목장,소,110,경기도 양주시 백석읍 양주산성로 934-54,경기도 양주시 백석읍 홍죽리 145-6,37.7971161617,126.9625903580,20240222,양주시 농업기술센터 축산과
양주시,송안목장,소,96,경기도 양주시 은현면 화합로941번길 262,경기도 양주시 은현면 선암리 78-3,37.8632479641,127.0307545657,20240222,양주시 농업기술센터 축산과
양주시,송암동산목장,소,97,경기도 양주시 만송로 179-14 (만송동),경기도 양주시 만송동 598-1,37.7820848049,127.0809063764,20240222,양주시 농업기술센터 축산과
양주시,송암동산제2목장,소,268,경기도 양주시 은현면 운하로99번길 74-13,경기도 양주시 은현면 운암리 354-12,37.8825107155,127.0069679639,20240222,양주시 농업기술센터 축산과
양주시,송추농장,소,54,경기도 양주시 은현면 화합로720번길 158,경기도 양주시 은현면 운암리 523-6,37.8639736081,127.0076030859,20240222,양주시 농업기술센터 축산과
양주시,송현목장,소,101,경기도 양주시 남면 삼일로479번길 56,경기도 양주시 남면 경신리 120-1,37.8592878686,126.9867397442,20240222,양주시 농업기술센터 축산과
양주시,쇠골농장,소,76,경기도 양주시 남면 삼육사로355번길 50,경기도 양주시 남면 한산리 386-1,37.9099466203,126.9922238241,20240222,양주시 농업기술센터 축산과
양주시,수성농장,소,16,경기도 양주시 칠봉산로332번길 32,경기도 양주시 봉양동 502,37.8626941292,127.0722876362,20240222,양주시 농업기술센터 축산과
양주시,수성목장,소,11,,경기도 양주시 남면 입암리 325-1,37.8903254016,126.9924344956,20240222,양주시 농업기술센터 축산과
양주시,수연농장,소,64,경기도 양주시 광적면 현석로733번길 100-39,경기도 양주시 광적면 덕도리 337,37.8516907537,126.9766986109,20240222,양주시 농업기술센터 축산과
양주시,수현농장,소,128,경기도 양주시 광적면 화합로248번길 60,경기도 양주시 광적면 덕도리 734-1,37.8561098147,126.9632763732,20240222,양주시 농업기술센터 축산과
양주시,순영농장,소,5,경기도 양주시 광적면 화합로74번길 152,경기도 양주시 광적면 효촌리 597,37.8511549928,126.9424428451,20240222,양주시 농업기술센터 축산과
양주시,순옥농장,소,2,경기도 양주시 장흥면 호국로73번길 87-16,경기도 양주시 장흥면 일영리 435,37.7210898278,126.9299163898,20240222,양주시 농업기술센터 축산과
양주시,순창목장,소,0,경기도 양주시 남면 운하로 77-87,경기도 양주시 남면 상수리 36-1,37.8788385322,127.0017617469,20240222,양주시 농업기술센터 축산과
양주시,순환목장,소,26,,경기도 양주시 은현면 운암리 315-9,37.8874698369,127.0069629441,20240222,양주시 농업기술센터 축산과
양주시,승채목장,소,141,경기도 양주시 광적면 화합로147번길 167-6,경기도 양주시 광적면 효촌리 154-1,37.8637552528,126.9520568250,20240222,양주시 농업기술센터 축산과
양주시,시후농장,소,57,경기도 양주시 청담로84번길 72-29 (고읍동),경기도 양주시 고읍동 202,37.8089787921,127.0780279273,20240222,양주시 농업기술센터 축산과
양주시,신라목장,소,7,경기도 양주시 남면 삼일로 708-87,경기도 양주시 남면 상수리 44-2,37.8800248429,127.0009577671,20240222,양주시 농업기술센터 축산과
양주시,신명성2목장,소,17,경기도 양주시 남면 현석로785번길 161,경기도 양주시 남면 경신리 202-14,37.8573514516,126.9808874031,20240222,양주시 농업기술센터 축산과
양주시,신명성목장,소,143,경기도 양주시 남면 현석로785번길 147,경기도 양주시 남면 경신리 202-7,37.8568744774,126.9810498958,20240222,양주시 농업기술센터 축산과
양주시,신복목장,소,108,경기도 양주시 남면 감악산로489번길 27-141,경기도 양주시 남면 신암리 293-2,37.9016689919,126.9551085836,20240222,양주시 농업기술센터 축산과
양주시,신송이목장,소,21,,경기도 양주시 은현면 선암리 442-3,37.8809707946,127.0310942986,20240222,양주시 농업기술센터 축산과
양주시,신승농장,돼지,6162,경기도 양주시 남면 삼일로 679-18,경기도 양주시 남면 입암리 413,37.8766516090,126.9940671159,20240222,양주시 농업기술센터 축산과
양주시,신실농장,돼지,469,경기도 양주시 은현면 은현로312번길 232-47,경기도 양주시 은현면 하패리 508-5,37.8939702280,127.0299795715,20240222,양주시 농업기술센터 축산과
양주시,신용암목장,소,66,경기도 양주시 은현면 그루고개로143번길 346-19,경기도 양주시 은현면 도하리 688-2,37.8422948558,126.9942791780,20240222,양주시 농업기술센터 축산과
양주시,신진농장,소,49,경기도 양주시 남면 검준2길 196-40,경기도 양주시 남면 상수리 494-5,37.8571749048,126.9941661650,20240222,양주시 농업기술센터 축산과
양주시,신태평목장,소,65,,경기도 양주시 은현면 도하리 9,37.8637746681,127.0151551968,20240222,양주시 농업기술센터 축산과
양주시,신평목장,소,19,,경기도 양주시 백석읍 방성리 347,37.7945919252,127.0039037351,20240222,양주시 농업기술센터 축산과
양주시,아기목장,소,61,경기도 양주시 남면 현석로785번길 78,경기도 양주시 남면 경신리 233,37.8541809167,126.9813529606,20240222,양주시 농업기술센터 축산과
양주시,아들목장,소,4,경기도 양주시 백석읍 권율로 1111-35,경기도 양주시 백석읍 홍죽리 687,37.7917989729,126.9529180358,20240222,양주시 농업기술센터 축산과
양주시,아카시아목장,소,72,경기도 양주시 광적면 광적로325번길 79,경기도 양주시 광적면 덕도리 594-2,37.8423696372,126.9623303431,20240222,양주시 농업기술센터 축산과
양주시,안골농장,소,10,경기도 양주시 백석읍 양주산성로 923,경기도 양주시 백석읍 홍죽리 199-6,37.7951319717,126.9603330885,20240222,양주시 농업기술센터 축산과
양주시,양대흥목장,소,119,경기도 양주시 백석읍 월암로43번길 58-47,경기도 양주시 백석읍 홍죽리 559-8,37.8005517611,126.9550912147,20240222,양주시 농업기술센터 축산과
양주시,양심농장,돼지,0,경기도 양주시 은현면 운하로 265-26,경기도 양주시 은현면 하패리 951-2,37.8870483128,127.0210507905,20240222,양주시 농업기술센터 축산과
양주시,양주농장,돼지,609,경기도 양주시 은현면 화합로720번길 134-3,경기도 양주시 은현면 운암리 529-1,37.8645161329,127.0080201246,20240222,양주시 농업기술센터 축산과
양주시,양주불곡산한우목장,소,207,경기도 양주시 광적면 광적로188번길 16,경기도 양주시 광적면 석우리 451-1,37.8351181987,126.9772475470,20240222,양주시 농업기술센터 축산과
양주시,양지 2농장,소,126,경기도 양주시 남면 감악산로83번길 439-80,경기도 양주시 남면 상수리 547-4,37.8700749301,126.9802296579,20240222,양주시 농업기술센터 축산과
양주시,양지농장,소,56,경기도 양주시 만송로331번길 18 (만송동),경기도 양주시 만송동 137,37.7917151471,127.0924028136,20240222,양주시 농업기술센터 축산과
양주시,어등산 농장,소,135,경기도 양주시 칠봉산로228번길 126-188 (봉양동),경기도 양주시 봉양동 105-3,37.8579756807,127.0861269047,20240222,양주시 농업기술센터 축산과
양주시,엄지2목장,소,150,경기도 양주시 광적면 권율로 1471-132,경기도 양주시 광적면 광석리 140-3,37.8097896607,126.9707916548,20240222,양주시 농업기술센터 축산과
양주시,엄지목장,소,150,경기도 양주시 백석읍 양주산성로 441,경기도 양주시 백석읍 방성리 845,37.7836160870,127.0040597253,20240222,양주시 농업기술센터 축산과
양주시,연난목장,소,50,경기도 양주시 백석읍 월암로 195-22,경기도 양주시 백석읍 연곡리 146-3,37.8116414306,126.9558617775,20240222,양주시 농업기술센터 축산과
양주시,연민목장,소,61,경기도 양주시 남면 감악산로489번길 27-231,경기도 양주시 남면 신암리 295-2,37.9018352249,126.9540267714,20240222,양주시 농업기술센터 축산과
양주시,연제농장,소,20,경기도 양주시 백석읍 부흥로910번길 170-13,경기도 양주시 백석읍 오산리 340,37.8092355395,126.9819855878,20240222,양주시 농업기술센터 축산과
양주시,연평목장,소,52,경기도 양주시 백석읍 월암로 186-14,경기도 양주시 백석읍 연곡리 163-8,37.8105433313,126.9581419514,20240222,양주시 농업기술센터 축산과
양주시,영만2목장,소,12,,경기도 양주시 장흥면 부곡리 197-9,37.7342073856,126.9776294538,20240222,양주시 농업기술센터 축산과
양주시,영만목장,소,12,,경기도 양주시 장흥면 부곡리 176,37.7354048162,126.9739647710,20240222,양주시 농업기술센터 축산과
양주시,영화목장,소,4,경기도 양주시 백석읍 월암로11번길 10,경기도 양주시 백석읍 홍죽리 372,37.7957456924,126.9565917401,20240222,양주시 농업기술센터 축산과
양주시,예람목장,소,65,경기도 양주시 백석읍 월암로170번길 128-42,경기도 양주시 백석읍 홍죽리 48-9,37.8051407622,126.9612599202,20240222,양주시 농업기술센터 축산과
양주시,예명농장,소,16,경기도 양주시 백석읍 양주산성로800번길 87-104,경기도 양주시 백석읍 가업리 487,37.7934813357,126.9699880083,20240222,양주시 농업기술센터 축산과
양주시,오산목장,소,0,경기도 양주시 백석읍 고릉말로128번길 8-8,경기도 양주시 백석읍 오산리 83-2,37.7960811216,126.9934358300,20240222,양주시 농업기술센터 축산과
양주시,옥봉농장,돼지,1956,경기도 양주시 은현면 검준1길 353,경기도 양주시 은현면 도하리 743-9,37.8497202742,126.9918755782,20240222,양주시 농업기술센터 축산과
양주시,옥성농장,돼지,860,경기도 양주시 은현면 그루고개로589번길 25-12,경기도 양주시 은현면 도하리 18-1,37.8629342504,127.0134193752,20240222,양주시 농업기술센터 축산과
양주시,완래농장,소,133,경기도 양주시 백석읍 부흥로1000번길 112,경기도 양주시 백석읍 방성리 137-1,37.8031235204,126.9962730349,20240222,양주시 농업기술센터 축산과
양주시,완주목장,소,89,경기도 양주시 백석읍 기산로471번길 66,경기도 양주시 백석읍 기산리 329-2,37.7790238077,126.9425422067,20240222,양주시 농업기술센터 축산과
양주시,왕운목장,소,153,경기도 양주시 은현면 운하로405번길 57-25,경기도 양주시 은현면 하패리 379,37.8908689065,127.0365842221,20240222,양주시 농업기술센터 축산과
양주시,용마농장,돼지,372,경기도 양주시 백석읍 연곡로 73-64,경기도 양주시 백석읍 연곡리 19-3,37.8103310412,126.9609836388,20240222,양주시 농업기술센터 축산과
양주시,용설농장,돼지,0,경기도 양주시 은현면 화합로 990-18,경기도 양주시 은현면 선암리 129,37.8565800072,127.0289211729,20240222,양주시 농업기술센터 축산과
양주시,용성농장,소,58,경기도 양주시 광적면 현석로720번길 280,경기도 양주시 광적면 덕도리 116,37.8491229374,126.9892199147,20240222,양주시 농업기술센터 축산과
양주시,용수목장,소,62,경기도 양주시 광적면 현석로720번길 270,경기도 양주시 광적면 덕도리 110-5,37.8489128317,126.9885734750,20240222,양주시 농업기술센터 축산과
양주시,용암농장,돼지,741,경기도 양주시 은현면 화합로1080번길 177-18,경기도 양주시 은현면 용암리 869-3,37.8485564584,127.0284380017,20240222,양주시 농업기술센터 축산과
양주시,용암농장,소,741,경기도 양주시 은현면 용암로 294-7,경기도 양주시 은현면 용암리 60-3,37.8679086480,127.0565790608,20240222,양주시 농업기술센터 축산과
양주시,우견목장,소,83,경기도 양주시 남면 삼육사로327번길 451-10,경기도 양주시 남면 황방리 350-1,37.9236061665,126.9850641953,20240222,양주시 농업기술센터 축산과
양주시,우리농장,소,18,경기도 양주시 은현면 화합로720번길 143,경기도 양주시 은현면 운암리 522-1,37.8643727359,127.0082143485,20240222,양주시 농업기술센터 축산과
양주시,우리웰농장,산양,360,경기도 양주시 남면 휴암로500번길 137,경기도 양주시 남면 매곡리 168-5,37.8915078343,126.9681259688,20240222,양주시 농업기술센터 축산과
양주시,우영농장,소,139,경기도 양주시 양주산성로 196-113 (어둔동),경기도 양주시 어둔동 139,37.7743285292,127.0227327096,20240222,양주시 농업기술센터 축산과
양주시,우이목장,소,81,경기도 양주시 남면 은남로 16-19,경기도 양주시 남면 입암리 13-4,37.8963050567,126.9952633548,20240222,양주시 농업기술센터 축산과
양주시,우정목장,소,102,경기도 양주시 은현면 운하로 514-11,경기도 양주시 은현면 하패리 133,37.8859411841,127.0441207492,20240222,양주시 농업기술센터 축산과
양주시,운암농장,소,14,경기도 양주시 은현면 화합로720번길 134-10,경기도 양주시 은현면 운암리 529-2,37.8645647871,127.0067237480,20240222,양주시 농업기술센터 축산과
양주시,운암팜,돼지,148,경기도 양주시 은현면 화합로720번길 178-64,경기도 양주시 은현면 운암리 539,37.8632897906,127.0057318019,20240222,양주시 농업기술센터 축산과
양주시,운하목장,소,74,경기도 양주시 광적면 현석로 610-1,경기도 양주시 광적면 석우리 598-3,37.8389662389,126.9710719569,20240222,양주시 농업기술센터 축산과
양주시,웅연 목장,소,136,경기도 양주시 광적면 화합로81번길 507,경기도 양주시 광적면 효촌리 271-1,37.8759258708,126.9527171427,20240222,양주시 농업기술센터 축산과
양주시,웅원목장,소,112,경기도 양주시 은현면 화합로941번길 193,경기도 양주시 은현면 선암리 56,37.8667539903,127.0307437023,20240222,양주시 농업기술센터 축산과
양주시,원성농장,소,24,경기도 양주시 광적면 삼일로 299-49,경기도 양주시 광적면 덕도리 36,37.8443265794,126.9868207234,20240222,양주시 농업기술센터 축산과
양주시,원율농장,소,22,경기도 양주시 남면 삼육사로327번길 109-40,경기도 양주시 남면 한산리 611,37.9079431215,126.9874598620,20240222,양주시 농업기술센터 축산과
양주시,원일2농장,돼지,588,경기도 양주시 백석읍 부흥로910번길 126,경기도 양주시 백석읍 오산리 233-19,37.8101197030,126.9842401548,20240222,양주시 농업기술센터 축산과
양주시,원주목장,소,77,경기도 양주시 은현면 운하로434번길 81-40,경기도 양주시 은현면 하패리 277-4,37.8853492149,127.0379266067,20240222,양주시 농업기술센터 축산과
양주시,원터한우목장,소,8,,경기도 양주시 은현면 용암리 521-2,37.8601916664,127.0432568012,20240222,양주시 농업기술센터 축산과
양주시,원형목장,소,45,경기도 양주시 백석읍 부흥로1204번길 152,경기도 양주시 백석읍 방성리 746,37.7890604937,127.0041709848,20240222,양주시 농업기술센터 축산과
양주시,원형제2목장,소,116,,경기도 양주시 백석읍 방성리 749-3,37.7894204749,127.0045507718,20240222,양주시 농업기술센터 축산과
양주시,원화목장,소,31,경기도 양주시 남면 검준2길 48,경기도 양주시 남면 상수리 246-5,37.8626377132,126.9964821263,20240222,양주시 농업기술센터 축산과
양주시,월드농장,소,2,경기도 양주시 광적면 그루고개로221번길 15-108,경기도 양주시 광적면 가납리 317-1,37.8333143009,126.9934540891,20240222,양주시 농업기술센터 축산과
양주시,유림농장,소,5,경기도 양주시 백석읍 꿈나무로 130-47,경기도 양주시 백석읍 오산리 111-2,37.7992023533,126.9898819118,20240222,양주시 농업기술센터 축산과
양주시,유승농장,소,2,경기도 양주시 은현면 용암로161번길 254-304,경기도 양주시 은현면 선암리 17-3,37.8730739945,127.0357633579,20240222,양주시 농업기술센터 축산과
양주시,유양목장,소,18,경기도 양주시 광적면 화합로147번길 167-38,경기도 양주시 광적면 효촌리 138-1,37.8633267842,126.9510140797,20240222,양주시 농업기술센터 축산과
양주시,유엔목장,소,46,경기도 양주시 남면 감악산로244번길 134-46,경기도 양주시 남면 신산리 94-5,37.8920667044,126.9782098878,20240222,양주시 농업기술센터 축산과
양주시,유유농장,돼지,500,경기도 양주시 은현면 운하로528번길 170,경기도 양주시 은현면 하패리 230,37.8812062767,127.0387030086,20240222,양주시 농업기술센터 축산과
양주시,유진목장,소,11,,경기도 양주시 은현면 용암리 521,,,20240222,양주시 농업기술센터 축산과
양주시,윤별목장,소,223,경기도 양주시 광적면 화합로81번길 368,경기도 양주시 광적면 효촌리 218,37.8703852894,126.9532356597,20240222,양주시 농업기술센터 축산과
양주시,윤형목장,소,44,경기도 양주시 백석읍 중앙로223번길 178-7,경기도 양주시 백석읍 가업리 436-1,37.7932312890,126.9785877490,20240222,양주시 농업기술센터 축산과
양주시,은성농장,돼지,150,경기도 양주시 광적면 그루고개로221번길 121,경기도 양주시 광적면 가납리 236-1,37.8372959245,126.9950520139,20240222,양주시 농업기술센터 축산과
양주시,은수목장,소,25,,경기도 양주시 남면 신산리 381-13,37.8995468950,126.9702737354,20240222,양주시 농업기술센터 축산과
양주시,은팔월목장,소,28,경기도 양주시 백석읍 월암로43번길 33,경기도 양주시 백석읍 홍죽리 597-1,37.7985141438,126.9530048181,20240222,양주시 농업기술센터 축산과
양주시,음악목장,소,6,경기도 양주시 남면 감악산로489번길 41-32,경기도 양주시 남면 신암리 251,37.9045178474,126.9591825802,20240222,양주시 농업기술센터 축산과
양주시,응용목장,소,100,경기도 양주시 은현면 그루고개로143번길 346-23,경기도 양주시 은현면 도하리 688,37.8416008221,126.9942725517,20240222,양주시 농업기술센터 축산과
양주시,이담농장,돼지,532,경기도 양주시 은현면 은현로312번길 158,경기도 양주시 은현면 하패리 771-3,37.8952727828,127.0266501931,20240222,양주시 농업기술센터 축산과
양주시,이레농장,돼지,1053,경기도 양주시 남면 휴암로451번길 173,경기도 양주시 남면 매곡리 372-1,37.9013119046,126.9597633933,20240222,양주시 농업기술센터 축산과
양주시,이레에듀팜,돼지,1053,경기도 양주시 남면 삼일로 690-61,경기도 양주시 남면 상수리 162-22,37.8763878336,126.9998338646,20240222,양주시 농업기술센터 축산과
양주시,이레팜,돼지,1739,경기도 양주시 남면 휴암로451번길 173,경기도 양주시 남면 매곡리 372-3,37.9013119046,126.9597633933,20240222,양주시 농업기술센터 축산과
양주시,이송농장,돼지,750,경기도 양주시 남면 검준2길 168-55,경기도 양주시 남면 상수리 489-2,37.8595574957,126.9949001777,20240222,양주시 농업기술센터 축산과
양주시,이익목장,소,129,경기도 양주시 광적면 현석로175번길 159-28,경기도 양주시 광적면 우고리 535,37.8334000997,126.9331670446,20240222,양주시 농업기술센터 축산과
양주시,이일삼목장,소,13,경기도 양주시 은현면 화합로691번길 185,경기도 양주시 은현면 운암리 산 57-10,37.8744994740,127.0137867594,20240222,양주시 농업기술센터 축산과
양주시,이천농장,돼지,4900,경기도 양주시 남면 검준2길 168-59,경기도 양주시 남면 상수리 489-18,37.8598450262,126.9946935887,20240222,양주시 농업기술센터 축산과
양주시,익성목장,소,3,경기도 양주시 남면 삼육사로327번길 457-56,경기도 양주시 남면 황방리 455,37.9237228646,126.9829015655,20240222,양주시 농업기술센터 축산과
양주시,자석농장,소,58,경기도 양주시 남면 검준2길 168-50,경기도 양주시 남면 상수리 237-4,37.8597114928,126.9950810169,20240222,양주시 농업기술센터 축산과
양주시,자연농장,소,24,경기도 양주시 광적면 삼일로 299-42,경기도 양주시 광적면 덕도리 92-1,37.8449416263,126.9873165593,20240222,양주시 농업기술센터 축산과
양주시,장천농장,소,6,경기도 양주시 장흥면 가마골로147번길 54-18,경기도 양주시 장흥면 부곡리 308,37.7327331100,126.9761524154,20240222,양주시 농업기술센터 축산과
양주시,장흥농장,돼지,996,경기도 양주시 칠봉산로227번길 76-41,경기도 양주시 봉양동 580-1,37.8549180070,127.0728782052,20240222,양주시 농업기술센터 축산과
양주시,장흥목장,소,28,경기도 양주시 장흥면 호국로 74-37,경기도 양주시 장흥면 일영리 477-5,37.7175625517,126.9292739856,20240222,양주시 농업기술센터 축산과
양주시,장흥사슴목장,사슴,10,경기도 양주시 장흥면 호국로785번길 18-68,경기도 양주시 장흥면 울대리 55,37.7339454378,126.9958001232,20240222,양주시 농업기술센터 축산과
양주시,재숙목장,소,53,경기도 양주시 은현면 화합로788번길 160,경기도 양주시 은현면 운암리 516-1,37.8645500103,127.0118284761,20240222,양주시 농업기술센터 축산과
양주시,절골농장,소,3,경기도 양주시 장흥면 호국로73번길 87-32,경기도 양주시 장흥면 일영리 444,37.7210239929,126.9293495506,20240222,양주시 농업기술센터 축산과
양주시,정 농장,소,56,경기도 양주시 청담로84번길 231-262 (옥정동),경기도 양주시 옥정동 483,37.8106993955,127.0828350513,20240222,양주시 농업기술센터 축산과
양주시,정곡목장,소,141,경기도 양주시 백석읍 양주산성로 934-90,경기도 양주시 백석읍 홍죽리 147-5,37.7982201768,126.9635592071,20240222,양주시 농업기술센터 축산과
양주시,정교한우,소,166,경기도 양주시 광적면 화합로81번길 320,경기도 양주시 광적면 효촌리 205-4,37.8681554039,126.9524449096,20240222,양주시 농업기술센터 축산과
양주시,정원목장,소,22,경기도 양주시 백석읍 양주산성로709번길 24,경기도 양주시 백석읍 가업리 149,37.7843321234,126.9758338476,20240222,양주시 농업기술센터 축산과
양주시,정은농장,돼지,1498,경기도 양주시 은현면 운하로99번길 290-8,경기도 양주시 은현면 봉암리 465-3,37.8906277360,127.0039455135,20240222,양주시 농업기술센터 축산과
양주시,정종목장,소,36,,경기도 양주시 만송동 377-1,37.7899552158,127.0909004949,20240222,양주시 농업기술센터 축산과
양주시,정터목장,소,55,경기도 양주시 백석읍 월암로 186-89,경기도 양주시 백석읍 연곡리 124-1,37.8116561855,126.9590653996,20240222,양주시 농업기술센터 축산과
양주시,정혜목장,소,72,경기도 양주시 백석읍 양주산성로800번길 125,경기도 양주시 백석읍 가업리 464,37.7954809760,126.9717115385,20240222,양주시 농업기술센터 축산과
양주시,정효농장,소,5,경기도 양주시 은현면 화합로1162번길 33,경기도 양주시 은현면 용암리 439,37.8477673202,127.0455038726,20240222,양주시 농업기술센터 축산과
양주시,제2 푸른농장,염소,50,경기도 양주시 광적면 휴암로 327-9,경기도 양주시 광적면 효촌리 415-1,37.8846434782,126.9570535747,20240222,양주시 농업기술센터 축산과
양주시,제삼목장,소,110,경기도 양주시 은현면 화합로720번길 175,경기도 양주시 은현면 운암리 522-4,37.8635182783,127.0086406696,20240222,양주시 농업기술센터 축산과
양주시,조안농장,소,35,경기도 양주시 만송로366번길 22 (만송동),경기도 양주시 만송동 147-1,37.7918241958,127.0952757290,20240222,양주시 농업기술센터 축산과
양주시,조휘농장,소,29,경기도 양주시 칠봉산로 387-13 (봉양동),경기도 양주시 봉양동 762-4,37.8647875514,127.0655564901,20240222,양주시 농업기술센터 축산과
양주시,종백목장,소,30,경기도 양주시 장흥면 일영로 415-42,경기도 양주시 장흥면 삼하리 350-1,37.6818559859,126.9171747434,20240222,양주시 농업기술센터 축산과
양주시,종백제2목장,소,46,경기도 양주시 장흥면 북한산로867번길 20-24,경기도 양주시 장흥면 교현리 275-1,37.7007933996,126.9688109385,20240222,양주시 농업기술센터 축산과
양주시,주니농장,소,61,경기도 양주시 남면 현석로 846-44,경기도 양주시 남면 경신리 35-6,37.8541174901,126.9895264739,20240222,양주시 농업기술센터 축산과
양주시,주성목장,소,66,경기도 양주시 은현면 그루고개로589번길 48,경기도 양주시 은현면 도하리 10-17,37.8634421116,127.0141777401,20240222,양주시 농업기술센터 축산과
양주시,주향목장,소,8,경기도 양주시 남면 삼육사로327번길 545-8,경기도 양주시 남면 황방리 464,37.9279947788,126.9849084237,20240222,양주시 농업기술센터 축산과
양주시,준기농장,소,5,경기도 양주시 은현면 화합로1162번길 99-5,경기도 양주시 은현면 용암리 425-8,37.8456942298,127.0431524677,20240222,양주시 농업기술센터 축산과
양주시,준목장,소,36,경기도 양주시 남면 운하로 77-131,경기도 양주시 남면 상수리 72-2,37.8812649322,127.0022116304,20240222,양주시 농업기술센터 축산과
양주시,준이목장,소,93,경기도 양주시 은현면 그루고개로 464,경기도 양주시 은현면 도하리 87-4,37.8499503715,127.0121861846,20240222,양주시 농업기술센터 축산과
양주시,중화목장,소,68,경기도 양주시 남면 삼육사로111번길 17-82,경기도 양주시 남면 신산리 317-1,37.8925881294,126.9779105047,20240222,양주시 농업기술센터 축산과
양주시,지윤제2농장,소,87,경기도 양주시 남면 삼일로 875-43,경기도 양주시 남면 입암리 213-1,37.8924737455,126.9929807604,20240222,양주시 농업기술센터 축산과
양주시,지훈목장,소,26,경기도 양주시 광적면 화합로147번길 345-6,경기도 양주시 광적면 효촌리 66,37.8698994627,126.9573209663,20240222,양주시 농업기술센터 축산과
양주시,진성농장,소,63,경기도 양주시 백석읍 양주산성로 934-90,경기도 양주시 백석읍 홍죽리 147-8,37.7982201768,126.9635592071,20240222,양주시 농업기술센터 축산과
양주시,진수농장,소,82,경기도 양주시 남면 현석로785번길 147,경기도 양주시 남면 경신리 202-15,37.8568744774,126.9810498958,20240222,양주시 농업기술센터 축산과
양주시,진일농장,소,86,경기도 양주시 백석읍 권율로1398번길 78-42,경기도 양주시 백석읍 오산리 570-7,37.8044090638,126.9789294782,20240222,양주시 농업기술센터 축산과
양주시,진제농장,소,21,경기도 양주시 백석읍 권율로 860,경기도 양주시 백석읍 기산리 129-1,37.7756562363,126.9606904441,20240222,양주시 농업기술센터 축산과
양주시,찬만농장,소,14,경기도 양주시 남면 양연로173번길 246,경기도 양주시 남면 황방리 317-1,37.9247097036,126.9880375705,20240222,양주시 농업기술센터 축산과
양주시,찬수목장,소,90,경기도 양주시 광적면 현석로 58-5,경기도 양주시 광적면 비암리 277-1,37.8173871502,126.9319715672,20240222,양주시 농업기술센터 축산과
양주시,참사랑목장,소,76,경기도 양주시 백석읍 연곡로 68-120,경기도 양주시 백석읍 연곡리 1,37.8090690087,126.9688768981,20240222,양주시 농업기술센터 축산과
양주시,창대목장,소,40,경기도 양주시 남면 삼육사로 304-120,경기도 양주시 남면 한산리 555-87,37.8996677714,126.9954678763,20240222,양주시 농업기술센터 축산과
양주시,창운목장,소,0,경기도 양주시 백석읍 양주산성로 625-124,경기도 양주시 백석읍 복지리 323,37.7826362274,126.9857371734,20240222,양주시 농업기술센터 축산과
양주시,창희1농장,소,58,경기도 양주시 은현면 운하로101번길 164,경기도 양주시 은현면 운암리 382-3,37.8859885130,127.0088325581,20240222,양주시 농업기술센터 축산과
양주시,창희2농장,소,2,경기도 양주시 은현면 화합로691번길 83-68,경기도 양주시 은현면 운암리 439-1,37.8765096118,127.0094981544,20240222,양주시 농업기술센터 축산과
양주시,천경목장,소,57,경기도 양주시 남면 삼육사로 304-102,경기도 양주시 남면 한산리 555-279,37.9004594261,126.9951212399,20240222,양주시 농업기술센터 축산과
양주시,천성1농장,소,143,경기도 양주시 광적면 화합로147번길 167-10,경기도 양주시 광적면 효촌리 153,37.8635527906,126.9511601963,20240222,양주시 농업기술센터 축산과
양주시,천성2농장,소,3,경기도 양주시 광적면 화합로147번길 167-11,경기도 양주시 광적면 효촌리 159,37.8630447835,126.9523917757,20240222,양주시 농업기술센터 축산과
양주시,천영목장,소,188,경기도 양주시 남면 삼일로 484-27,경기도 양주시 남면 경신리 10-5,37.8610070801,126.9903656880,20240222,양주시 농업기술센터 축산과
양주시,청석농장,소,44,경기도 양주시 광적면 삼일로247번길 268-9,경기도 양주시 광적면 석우리 525-10,37.8404593033,126.9784600209,20240222,양주시 농업기술센터 축산과
양주시,청용목장,소,11,경기도 양주시 광적면 화합로81번길 327,경기도 양주시 광적면 효촌리 208,37.8685870611,126.9522370646,20240222,양주시 농업기술센터 축산과
양주시,청우목장,소,8,경기도 양주시 백석읍 중앙로223번길 86-49,경기도 양주시 백석읍 오산리 565-1,37.7951175928,126.9812095994,20240222,양주시 농업기술센터 축산과
양주시,초록지기목장,소,28,,경기도 양주시 남면 황방리 13,37.9285702875,126.9990146988,20240222,양주시 농업기술센터 축산과
양주시,초연목장,소,106,경기도 양주시 광적면 광적로325번길 152,경기도 양주시 광적면 덕도리 997-1,37.8423520362,126.9584889471,20240222,양주시 농업기술센터 축산과
양주시,칠봉농장,소,13,경기도 양주시 칠봉산로228번길 69-8 (봉양동),경기도 양주시 봉양동 415-3,37.8572188248,127.0785715576,20240222,양주시 농업기술센터 축산과
양주시,칠봉산농장,소,71,경기도 양주시 회천북로 39 (봉양동),경기도 양주시 봉양동 330-1,37.8503473042,127.0775763002,20240222,양주시 농업기술센터 축산과
양주시,크로바 목장,소,114,경기도 양주시 은현면 그루고개로221번길 307-115,경기도 양주시 은현면 도하리 711-2,37.8450539401,126.9945331177,20240222,양주시 농업기술센터 축산과
양주시,큰누리목장,소,91,경기도 양주시 광적면 화합로248번길 95,경기도 양주시 광적면 덕도리 703,37.8547654069,126.9649343884,20240222,양주시 농업기술센터 축산과
양주시,큰다산목장,소,72,경기도 양주시 백석읍 중앙로 353-72,경기도 양주시 백석읍 가업리 412-3,37.8009864791,126.9733875547,20240222,양주시 농업기술센터 축산과
양주시,키움팜,돼지,5227,경기도 양주시 남면 화합로610번길 30-262,경기도 양주시 남면 상수리 224,37.8606400406,127.0014750239,20240222,양주시 농업기술센터 축산과
양주시,탁이목장,소,52,경기도 양주시 광적면 삼일로 299-12,경기도 양주시 광적면 덕도리 97,37.8454983223,126.9889039382,20240222,양주시 농업기술센터 축산과
양주시,탑골2목장,소,5,경기도 양주시 광적면 현석로 353-11,경기도 양주시 광적면 우고리 477-5,37.8305446456,126.9487116148,20240222,양주시 농업기술센터 축산과
양주시,탑골농장,소,0,경기도 양주시 광적면 현석로 414,경기도 양주시 광적면 우고리 353,37.8285379554,126.9552150074,20240222,양주시 농업기술센터 축산과
양주시,탑골목장,소,40,경기도 양주시 광적면 현석로 353-11,경기도 양주시 광적면 우고리 477,37.8305446456,126.9487116148,20240222,양주시 농업기술센터 축산과
양주시,태고목장,소,83,경기도 양주시 장흥면 북한산로801번길 52-7,경기도 양주시 장흥면 교현리 437-1,37.6956866705,126.9636749525,20240222,양주시 농업기술센터 축산과
양주시,태지목장,소,84,경기도 양주시 남면 운하로 59-67,경기도 양주시 남면 상수리 56-10,37.8771656712,127.0026030853,20240222,양주시 농업기술센터 축산과
양주시,태평목장,소,116,경기도 양주시 은현면 그루고개로589번길 20-33,경기도 양주시 은현면 도하리 9-1,37.8632467833,127.0148952496,20240222,양주시 농업기술센터 축산과
양주시,팔칠2목장,소,12,경기도 양주시 은현면 화합로720번길 158,경기도 양주시 은현면 운암리 523-6,37.8639736081,127.0076030859,20240222,양주시 농업기술센터 축산과
양주시,팔칠목장,소,118,,경기도 양주시 은현면 운암리 390,37.8830552099,127.0082358183,20240222,양주시 농업기술센터 축산과
양주시,팜스플랜 양주 제2농장,돼지,0,경기도 양주시 백석읍 연곡로124번길 185,경기도 양주시 백석읍 연곡리 55-2,37.8153708526,126.9613105588,20240222,양주시 농업기술센터 축산과
양주시,펜티엄 목장,소,60,경기도 양주시 백석읍 월암로43번길 58-38,경기도 양주시 백석읍 홍죽리 584-4,37.7995335776,126.9551554891,20240222,양주시 농업기술센터 축산과
양주시,평산목장,소,2,경기도 양주시 은현면 은현로105번길 61,경기도 양주시 은현면 운암리 22,37.8795101701,127.0202467699,20240222,양주시 농업기술센터 축산과
양주시,풍야농장,소,64,경기도 양주시 남면 현석로 874-2,경기도 양주시 남면 경신리 32-5,37.8563812703,126.9898746268,20240222,양주시 농업기술센터 축산과
양주시,풍영목장,소,18,경기도 양주시 칠봉산로 215,경기도 양주시 봉양동 366-1,37.8535164911,127.0766261056,20240222,양주시 농업기술센터 축산과
양주시,풍영제2목장,소,100,경기도 양주시 남면 감악산로83번길 273,경기도 양주시 남면 두곡리 21,37.8677760035,126.9740040249,20240222,양주시 농업기술센터 축산과
양주시,피난말목장,소,3,,경기도 양주시 백석읍 연곡리 187,,,20240222,양주시 농업기술센터 축산과
양주시,필진농장,돼지,720,경기도 양주시 은현면 화합로1169번길 78,경기도 양주시 은현면 용암리 359,37.8502765119,127.0487734491,20240222,양주시 농업기술센터 축산과
양주시,하늘목장,소,32,경기도 양주시 은현면 운하로147번길 43-22,경기도 양주시 은현면 운암리 400-2,37.8833571980,127.0111130188,20240222,양주시 농업기술센터 축산과
양주시,하랑농장,소,79,경기도 양주시 은현면 화합로691번길 232-30,경기도 양주시 은현면 운암리 156-5,37.8729025125,127.0155710020,20240222,양주시 농업기술센터 축산과
양주시,한방사슴목장,사슴,70,경기도 양주시 칠봉산로168번길 84 (봉양동),경기도 양주시 봉양동 269-3,37.8503996524,127.0846915809,20240222,양주시 농업기술센터 축산과
양주시,한빛농장,소,5,경기도 양주시 백석읍 부흥로1148번길 84-37,경기도 양주시 백석읍 방성리 337-1,37.7952277576,127.0025736885,20240222,양주시 농업기술센터 축산과
양주시,한산농장,소,17,경기도 양주시 남면 은남로119번길 241-46,경기도 양주시 남면 한산리 22,37.9048923427,127.0011197485,20240222,양주시 농업기술센터 축산과
양주시,한산목장,소,100,경기도 양주시 남면 삼육사로355번길 47-36,경기도 양주시 남면 한산리 391,37.9099457955,126.9899486578,20240222,양주시 농업기술센터 축산과
양주시,한아름목장,소,30,경기도 양주시 남면 은남로119번길 281-41,경기도 양주시 남면 한산리 280,37.9057145089,126.9994647918,20240222,양주시 농업기술센터 축산과
양주시,한아름한우 농장,소,3,,경기도 양주시 남면 구암리 36-2,37.8865220512,126.9818744852,20240222,양주시 농업기술센터 축산과
양주시,한우농장,소,94,경기도 양주시 남면 휴암로500번길 133-74,경기도 양주시 남면 매곡리 167-6,37.8927595356,126.9698798100,20240222,양주시 농업기술센터 축산과
양주시,한우목장,소,104,경기도 양주시 은현면 그루고개로589번길 25,경기도 양주시 은현면 도하리 18-2,37.8623761623,127.0135935728,20240222,양주시 농업기술센터 축산과
양주시,한우미소,소,31,경기도 양주시 광적면 그루고개로143번길 82,경기도 양주시 광적면 가납리 310-4,37.8311038656,126.9929351059,20240222,양주시 농업기술센터 축산과
양주시,할미재농장,소,113,경기도 양주시 은현면 운하로101번길 166-68,경기도 양주시 은현면 운암리 302,37.8878482363,127.0117315561,20240222,양주시 농업기술센터 축산과
양주시,함민2목장,소,3,경기도 양주시 광적면 화합로81번길 379,경기도 양주시 광적면 효촌리 236-7,37.8709408003,126.9525266241,20240222,양주시 농업기술센터 축산과
양주시,함민목장,소,75,경기도 양주시 광적면 화합로81번길 326,경기도 양주시 광적면 효촌리 209-2,37.8686429878,126.9526345826,20240222,양주시 농업기술센터 축산과
양주시,항아뜰,소,77,경기도 양주시 백석읍 꿈나무로 130-88,경기도 양주시 백석읍 오산리 113-3,37.8010251610,126.9903805365,20240222,양주시 농업기술센터 축산과
양주시,항아뜰 연곡목장,소,61,경기도 양주시 백석읍 부흥로 488-56,경기도 양주시 백석읍 연곡리 314,37.8192001660,126.9571129117,20240222,양주시 농업기술센터 축산과
양주시,해오름팜,돼지,3850,경기도 양주시 남면 은남로 76-85,경기도 양주시 남면 한산리 116,37.8950123271,127.0028242289,20240222,양주시 농업기술센터 축산과
양주시,해주농장,소,20,,경기도 양주시 남면 황방리 329-8,37.9244068366,126.9858785471,20240222,양주시 농업기술센터 축산과
양주시,해호농장,소,16,경기도 양주시 남면 검준2길 168-64,경기도 양주시 남면 상수리 488,37.8602338919,126.9949978756,20240222,양주시 농업기술센터 축산과
양주시,행복한목장,소,82,경기도 양주시 광적면 그루고개로221번길 133-51,경기도 양주시 광적면 가납리 263,37.8377159174,126.9942081587,20240222,양주시 농업기술센터 축산과
양주시,허수아비,소,48,경기도 양주시 광적면 부흥로 55,경기도 양주시 광적면 비암리 686-2,37.8050179359,126.9165489545,20240222,양주시 농업기술센터 축산과
양주시,혁연목장,소,64,,경기도 양주시 광적면 효촌리 192-3,37.8662505906,126.9512982763,20240222,양주시 농업기술센터 축산과
양주시,현대농장,소,53,경기도 양주시 은현면 은현로 138-34,경기도 양주시 은현면 하패리 631,37.8819337109,127.0266900965,20240222,양주시 농업기술센터 축산과
양주시,현대목장,소,10,경기도 양주시 광적면 광적로188번길 166-24,경기도 양주시 광적면 석우리 285-2,37.8364618413,126.9835340314,20240222,양주시 농업기술센터 축산과
양주시,현석농장,소,0,경기도 양주시 광적면 현석로 58-30,경기도 양주시 광적면 비암리 45-4,37.8170518885,126.9334738624,20240222,양주시 농업기술센터 축산과
양주시,현진농장,소,3,경기도 양주시 남면 감악산로215번길 211-42,경기도 양주시 남면 구암리 144-2,37.8861860843,126.9672203584,20240222,양주시 농업기술센터 축산과
양주시,현화농장,소,37,경기도 양주시 외미로 187-8 (유양동),경기도 양주시 유양동 26-4,37.7824996332,127.0398963434,20240222,양주시 농업기술센터 축산과
양주시,현희목장,소,65,경기도 양주시 은현면 운하로101번길 164-8,경기도 양주시 은현면 운암리 382-7,37.8862600338,127.0091036879,20240222,양주시 농업기술센터 축산과
양주시,형기목장,소,6,,경기도 양주시 장흥면 부곡리 411-1,37.7281798592,126.9770756743,20240222,양주시 농업기술센터 축산과
양주시,형모목장,소,29,경기도 양주시 은현면 화합로788번길 142,경기도 양주시 은현면 운암리 94,37.8659858684,127.0125011501,20240222,양주시 농업기술센터 축산과
양주시,형석농장,소,67,경기도 양주시 남면 화합로465번길 123,경기도 양주시 남면 상수리 553,37.8713115802,126.9806530265,20240222,양주시 농업기술센터 축산과
양주시,형제농장,돼지,1252,경기도 양주시 광적면 부흥로597번길 168-5,경기도 양주시 광적면 광석리 326-18,37.8249772964,126.9729330499,20240222,양주시 농업기술센터 축산과
양주시,형제농장,소,1252,,경기도 양주시 남면 입암리 240,37.8866049327,126.9985962956,20240222,양주시 농업기술센터 축산과
양주시,호단목장,소,11,경기도 양주시 율정로165번길 208,경기도 양주시 율정동 207-3,37.8304252571,127.1079513841,20240222,양주시 농업기술센터 축산과
양주시,호명농장,소,32,경기도 양주시 양주산성로 233-5 (어둔동),경기도 양주시 어둔동 68,37.7718496275,127.0204436439,20240222,양주시 농업기술센터 축산과
양주시,호윤농장,소,204,,경기도 양주시 은현면 도하리 120-2,37.8513325950,127.0162325489,20240222,양주시 농업기술센터 축산과
양주시,홍골목장,소,48,,경기도 양주시 백석읍 홍죽리 557-14,37.8008347805,126.9550226676,20240222,양주시 농업기술센터 축산과
양주시,홍보목장,소,68,경기도 양주시 백석읍 월암로77번길 29-7,경기도 양주시 백석읍 홍죽리 555,37.8011974756,126.9543935632,20240222,양주시 농업기술센터 축산과
양주시,홍인선 목장,소,28,경기도 양주시 은현면 은현로312번길 150-35,경기도 양주시 은현면 하패리 761-1,37.8939234291,127.0272957444,20240222,양주시 농업기술센터 축산과
양주시,환이 농장,소,78,경기도 양주시 남면 휴암로500번길 153-19,경기도 양주시 남면 매곡리 168-3,37.8913123799,126.9687528889,20240222,양주시 농업기술센터 축산과
양주시,환훈목장,소,79,경기도 양주시 광적면 부흥로618번길 90-22,경기도 양주시 광적면 우고리 78-2,37.8197420943,126.9652441253,20240222,양주시 농업기술센터 축산과
양주시,활농장,소,3,경기도 양주시 백석읍 권율로1398번길 95,경기도 양주시 백석읍 오산리 429,37.8044202910,126.9814739605,20240222,양주시 농업기술센터 축산과
양주시,활터농장,소,71,경기도 양주시 백석읍 양주산성로 880-70,경기도 양주시 백석읍 홍죽리 338,37.7966300231,126.9646951926,20240222,양주시 농업기술센터 축산과
양주시,황방농장,소,79,경기도 양주시 남면 삼육사로327번길 457-64,경기도 양주시 남면 황방리 453,37.9234071719,126.9828468865,20240222,양주시 농업기술센터 축산과
양주시,황방제2농장,소,69,경기도 양주시 남면 삼육사로327번길 457-80,경기도 양주시 남면 황방리 451-1,37.9225779081,126.9828299384,20240222,양주시 농업기술센터 축산과
양주시,황방제3농장,소,23,경기도 양주시 남면 삼육사로327번길 457-80,경기도 양주시 남면 황방리 451-1,37.9225779081,126.9828299384,20240222,양주시 농업기술센터 축산과
양주시,황새농장,소,8,,경기도 양주시 은현면 하패리 364,37.8903551337,127.0365760696,20240222,양주시 농업기술센터 축산과
양주시,황용목장,소,98,경기도 양주시 은현면 화합로720번길 168,경기도 양주시 은현면 운암리 523-4,37.8635870093,127.0078330330,20240222,양주시 농업기술센터 축산과
양주시,황우목장,소,5,경기도 양주시 은현면 화합로1125번길 50,경기도 양주시 은현면 용암리 692-2,37.8529086728,127.0395500464,20240222,양주시 농업기술센터 축산과
양주시,황원목장,소,155,경기도 양주시 남면 삼육사로327번길 558-68,경기도 양주시 남면 황방리 302,37.9269255289,126.9877263662,20240222,양주시 농업기술센터 축산과
양주시,황주농장,돼지,1842,경기도 양주시 은현면 운하로434번길 54-22,경기도 양주시 은현면 하패리 285-1,37.8854715508,127.0346620459,20240222,양주시 농업기술센터 축산과
양주시,효빈2목장,소,92,경기도 양주시 백석읍 연곡로124번길 19-32,경기도 양주시 백석읍 연곡리 427,37.8122680632,126.9608105049,20240222,양주시 농업기술센터 축산과
양주시,훈민농장,소,13,경기도 양주시 백석읍 중앙로 189-22,경기도 양주시 백석읍 오산리 544,37.7928918299,126.9895732086,20240222,양주시 농업기술센터 축산과
양주시,희수목장,소,29,경기도 양주시 백석읍 양주산성로 735,경기도 양주시 백석읍 가업리 179,37.7850163420,126.9736371769,20240222,양주시 농업기술센터 축산과
양평군,K D farm,소,32,,경기도 양평군 개군면 불곡리 32-2,37.4522515400,127.5444190006,20230523,
양평군,K D farm,소,49,"경기도 양평군 개군면 새상골길 62, (자연리)",경기도 양평군 개군면 자연리 94-1,37.4352277842,127.5590281098,20230523,
양평군,K D farm,소,1,"경기도 양평군 양평읍 삼산길29번길 27, (백안리)",경기도 양평군 양평읍 백안리 675,37.5038081252,127.5201277472,20230523,
양평군,MS농장,소,12,"경기도 양평군 강상면 송학길84번길 44-49, (송학리)",경기도 양평군 강상면 송학리 101,37.4818773988,127.4773898326,20230523,
양평군,가루매 농장,소,6,,경기도 양평군 지평면 옥현리 2001,37.4434539095,127.6239989199,20230523,
양평군,갈운농장,소,43,"경기도 양평군 청운면 증골길24번길 15-5, (갈운리)",경기도 양평군 청운면 갈운리 936-3,37.5439861250,127.7515218154,20230523,
양평군,갈운농장,소,10,"경기도 양평군 청운면 경강로 4776-9, (갈운리)",경기도 양평군 청운면 갈운리 825,37.5381854559,127.7579882461,20230523,
양평군,강**,소,20,"경기도 양평군 단월면 석산로 208-4, (향소리)",경기도 양평군 단월면 향소리 462-3,37.5688212957,127.6558506608,20230523,
양평군,강**,소,12,,경기도 양평군 지평면 일신리 677-2,37.4334784621,127.6863186088,20230523,
양평군,강**,소,1,"경기도 양평군 청운면 도청길46번길 13, (비룡리)",경기도 양평군 청운면 비룡리 581,37.5345482451,127.6833403243,20230523,
양평군,강목장,소,2,"경기도 양평군 양서면 식곡길 65, (증동리)",경기도 양평군 양서면 증동리 173-2,37.5255341864,127.4222725291,20230523,
양평군,강하농장,소,14,"경기도 양평군 강하면 종자골길 19, (성덕리)",경기도 양평군 강하면 성덕리 165-1,37.4726056103,127.4217732131,20230523,
양평군,개군농장,소,99,"경기도 양평군 개군면 내리길 138, (내리)",경기도 양평군 개군면 내리 41-2,37.4393323863,127.5694652452,20230523,
양평군,개군농장,소,24,"경기도 양평군 개군면 미름물길 20, (계전리)",경기도 양평군 개군면 계전리 356,37.4229562800,127.5661273604,20230523,
양평군,개군목장,소,161,,경기도 양평군 개군면 계전리 569-2,37.4151718391,127.5683364512,20230523,
양평군,개나리농장,소,70,"경기도 양평군 개군면 조산길 44, (내리)",경기도 양평군 개군면 내리 391-3,37.4366237311,127.5613578176,20230523,
양평군,거문농장,소,15,"경기도 양평군 지평면 여양2로 1383, (일신리)",경기도 양평군 지평면 일신리 465,37.4199999001,127.6848689254,20230523,
양평군,건종농장,소,17,"경기도 양평군 강상면 내생화길 8, (신화리)",경기도 양평군 강상면 신화리 산127-7,37.4733595589,127.4779578722,20230523,
양평군,경열목장,소,23,"경기도 양평군 옥천면 말골길 24, (신복리)",경기도 양평군 옥천면 신복리 504,37.5425711810,127.4614670333,20230523,
양평군,계밭목장,소,46,"경기도 양평군 개군면 마루터길 1-99, (계전리)",경기도 양평군 개군면 계전리 58,37.4254709741,127.5808677207,20230523,
양평군,계전목장,소,120,"경기도 양평군 개군면 계전길 154, (계전리)",경기도 양평군 개군면 계전리 503-3,37.4157861535,127.5731953607,20230523,
양평군,고**,돼지,945,"경기도 양평군 양동면 상록안길 7-2, (석곡리)",경기도 양평군 양동면 석곡리 242,37.4320837686,127.7417991353,20230523,
양평군,고**,소,22,,경기도 양평군 양동면 석곡리 241-2,37.4316503134,127.7415957745,20230523,
양평군,고래산농장,소,20,,경기도 양평군 지평면 일신리 1437-4,37.4284212950,127.6836515420,20230523,
양평군,고송농장,소,59,"경기도 양평군 양동면 윗고슬길 50-8, (고송리)",경기도 양평군 양동면 고송리 946-3,37.4786606478,127.6964253834,20230523,
양평군,고인돌목장,소,9,"경기도 양평군 강상면 송학길 9, (교평리)",경기도 양평군 강상면 교평리 494,37.4820856312,127.4828415685,20230523,
양평군,골안농장,소,21,"경기도 양평군 청운면 다대송산길 52, (다대리)",경기도 양평군 청운면 다대리 341,37.5710272268,127.7196898107,20230523,
양평군,공세농장,소,23,"경기도 양평군 개군면 공서울길 26, (공세리)",경기도 양평군 개군면 공세리 347-7,37.4658942837,127.5306569569,20230523,
양평군,공세리농장,소,14,"경기도 양평군 개군면 공서울길88번길 56, (공세리)",경기도 양평군 개군면 공세리 169-4,37.4629175039,127.5383677274,20230523,
양평군,공세일목장,소,55,"경기도 양평군 개군면 무수울길 40-17, (공세리)",경기도 양평군 개군면 공세리 69,37.4548139928,127.5388836947,20230523,
양평군,광성농장,소,29,,경기도 양평군 양동면 단석리 85-2,37.4035668482,127.7487288878,20230523,
양평군,광환농장,소,29,"경기도 양평군 지평면 월파길 3-1, (월산리)",경기도 양평군 지평면 월산리 1513,37.4937074338,127.6368025225,20230523,
양평군,광희농장,소,21,"경기도 양평군 개군면 뒷굴길 39-46, (석장리)",경기도 양평군 개군면 석장리 272-1,37.4564499021,127.5215962554,20230523,
양평군,구리농원,사슴,12,경기도 양평군 개군면 추읍로 131-3,"경기도 양평군 개군면 부리 163번지 3호 외 2필지(161-1, 162-1)",37.4307058201,127.5527965787,20230523,
양평군,구리농원,소,58,"경기도 양평군 개군면 추읍로 131-3, (부리)",경기도 양평군 개군면 부리 163-3,37.4307058201,127.5527965787,20230523,
양평군,군장목장,소,39,"경기도 양평군 개군면 뒷굴길 51-40, (석장리)",경기도 양평군 개군면 석장리 259-6,37.4542682896,127.5231220185,20230523,
양평군,굴레목장,소,25,"경기도 양평군 지평면 월산계산이길 20, (월산리)",경기도 양평군 지평면 월산리 1560-2,37.4969250308,127.6370459650,20230523,
양평군,권**,소,33,"경기도 양평군 옥천면 동모루길 118-17, (옥천리)",경기도 양평군 옥천면 옥천리 63,37.5203932426,127.4799018098,20230523,
양평군,권일축산,소,9,"경기도 양평군 양평읍 미리내길 241, (창대리)",경기도 양평군 양평읍 창대리 16-1,37.4753332770,127.5235130387,20230523,
양평군,근성목장,소,21,,경기도 양평군 개군면 계전리 94번지 6호,37.4231441023,127.5835231872,20230523,
양평군,근영농장,소,7,"경기도 양평군 지평면 못저리길97번길 54, (일신리)",경기도 양평군 지평면 일신리 54-1,37.4188531083,127.6972861830,20230523,
양평군,근용농장,소,34,"경기도 양평군 강상면 송학전원마을길 19, (송학리)",경기도 양평군 강상면 송학리 1063,37.4741869652,127.4695998384,20230523,
양평군,금산농장,소,23,,경기도 양평군 지평면 월산리 371,37.4739730241,127.6585159035,20230523,
양평군,금왕축산,소,94,,경기도 양평군 양동면 금왕리 1417,37.4678378168,127.7351468675,20230523,
양평군,금호농장,돼지,1,"경기도 양평군 강하면 동오3길 75, (동오리)",경기도 양평군 강하면 동오리 104-3,37.4593377056,127.3984486551,20230523,
양평군,금호농장,소,12,"경기도 양평군 강하면 동오3길 75, (동오리)",경기도 양평군 강하면 동오리 104-3,37.4593377056,127.3984486551,20230523,
양평군,기종농장,소,17,,경기도 양평군 개군면 석장리 175-2,37.4558946018,127.5133646801,20230523,
양평군,기효(2)목장,소,84,"경기도 양평군 양동면 농고길 3-26, (삼산리)",경기도 양평군 양동면 삼산리 1375-7,37.4048413783,127.7600952582,20230523,
양평군,기훈목장,소,138,"경기도 양평군 옥천면 하사천길4번길 64, (용천리)",경기도 양평군 옥천면 용천리 765,37.5241795896,127.4839636466,20230523,
양평군,김**,돼지,0,,경기도 양평군 개군면 자연리 261,37.4254751028,127.5539419018,20230523,
양평군,김**,돼지,653,"경기도 양평군 청운면 버덩길 34-1, (갈운리)",경기도 양평군 청운면 갈운리 322-1,37.5385873794,127.7755797967,20230523,
양평군,김**,소,17,"경기도 양평군 옥천면 옥천돌고갯길 86, (옥천리)",경기도 양평군 옥천면 옥천리 306,37.5175619916,127.4748442554,20230523,
양평군,김**,소,1,,경기도 양평군 지평면 지평리 597-3,37.4736171988,127.6378818343,20230523,
양평군,김**,소,7,"경기도 양평군 지평면 묵방길 121-63, (일신리)",경기도 양평군 지평면 일신리 977,37.4609515497,127.6834544803,20230523,
양평군,김**,소,11,"경기도 양평군 청운면 비룡장터길 18, (비룡리)",경기도 양평군 청운면 비룡리 308,37.5371618170,127.6892892420,20230523,
양평군,김**,소,12,,경기도 양평군 양동면 금왕리 264-5,37.4955045774,127.7296725039,20230523,
양평군,김**,소,10,,경기도 양평군 개군면 계전리 706,37.4262249109,127.5725318710,20230523,
양평군,김**,소,27,"경기도 양평군 개군면 석장길 94, (석장리)",경기도 양평군 개군면 석장리 165-2,37.4540534789,127.5132513228,20230523,
양평군,김**,소,11,"경기도 양평군 양동면 월리터1길 18-7, (금왕리)",경기도 양평군 양동면 금왕리 1065-7,37.4623632809,127.7361522513,20230523,
양평군,김**,소,2,,경기도 양평군 지평면 옥현리 946-3,37.4346741116,127.6196328227,20230523,
양평군,김**,소,6,"경기도 양평군 양동면 설매실길 146, (매월리)",경기도 양평군 양동면 매월리 192,37.4450411434,127.7257874697,20230523,
양평군,김**,소,6,,경기도 양평군 개군면 부리 403번지 5호,,,20230523,
양평군,김**,소,3,,경기도 양평군 개군면 부리 302-2,37.4332559960,127.5430279794,20230523,
양평군,김**,소,65,,경기도 양평군 개군면 부리 564,37.4333620487,127.5454466493,20230523,
양평군,김**,소,12,"경기도 양평군 양평읍 봉성길 26, (봉성리)",경기도 양평군 양평읍 봉성리 459,37.4807905674,127.5416795565,20230523,
양평군,김**,소,5,"경기도 양평군 개군면 불곡부처울길 65-11, (불곡리)",경기도 양평군 개군면 불곡리 41-3,37.4507642318,127.5460948693,20230523,
양평군,김**,소,11,"경기도 양평군 단월면 산음수청길 107, (산음리)",경기도 양평군 단월면 산음리 145,37.6102797229,127.6114209197,20230523,
양평군,김**,소,2,,경기도 양평군 청운면 용두리 718-2,37.5528512663,127.7088973186,20230523,
양평군,김**,소,8,"경기도 양평군 단월면 마산머리길 22, (부안리)",경기도 양평군 단월면 부안리 328,37.5619840013,127.6661402035,20230523,
양평군,김**,소,2,,경기도 양평군 청운면 용두리 197,37.5598560616,127.7201452095,20230523,
양평군,김**,소,67,,경기도 양평군 청운면 신론리 365,37.5652707097,127.7730880595,20230523,
양평군,김**,소,39,"경기도 양평군 옥천면 신복길116번길 16, (신복리)",경기도 양평군 옥천면 신복리 739-1,37.5323606245,127.4676747555,20230523,
양평군,김**,소,3,"경기도 양평군 청운면 청운삼성길 114, (삼성리)",경기도 양평군 청운면 삼성리 744-6,37.5763748882,127.7324348313,20230523,
양평군,김**,소,5,,경기도 양평군 청운면 삼성리 68-3,37.5781820252,127.7548367748,20230523,
양평군,김**,소,25,,경기도 양평군 청운면 갈운리 935-1,37.5440799842,127.7506695881,20230523,
양평군,김**,소,36,"경기도 양평군 청운면 증골길24번길 15-10, (갈운리)",경기도 양평군 청운면 갈운리 919-1,37.5438753767,127.7527326925,20230523,
양평군,김**,소,5,"경기도 양평군 청운면 신당길 40, (삼성리)",경기도 양평군 청운면 삼성리 261,37.5773601860,127.7529817258,20230523,
양평군,김**,소,8,"경기도 양평군 청운면 하갈길 16-8, (갈운리)",경기도 양평군 청운면 갈운리 805,37.5416642517,127.7581926683,20230523,
양평군,김**,소,3,"경기도 양평군 청운면 가현길43번길 14, (가현리)",경기도 양평군 청운면 가현리 504-1,37.5435689351,127.7063534362,20230523,
양평군,김**,소,8,"경기도 양평군 강상면 황곡웃말길 14, (병산리)",경기도 양평군 강상면 병산리 935,37.4830078876,127.4581835422,20230523,
양평군,김**,소,5,"경기도 양평군 양동면 윗고슬길 33, (고송리)",경기도 양평군 양동면 고송리 909,37.4806964692,127.6971885198,20230523,
양평군,김**,소,9,"경기도 양평군 양평읍 벌터길 29, (대흥리)",경기도 양평군 양평읍 대흥리 459,37.4916976711,127.5401132159,20230523,
양평군,김**,소,13,"경기도 양평군 개군면 뒷굴길 16-7, (석장리)",경기도 양평군 개군면 석장리 317,37.4525476764,127.5171969686,20230523,
양평군,김**,소,7,"경기도 양평군 지평면 일신샛담길 30, (일신리)",경기도 양평군 지평면 일신리 278-6,37.4136530539,127.6855991570,20230523,
양평군,김**,소,25,"경기도 양평군 개군면 개군산로 168, (석장리)",경기도 양평군 개군면 석장리 368,37.4536388406,127.5133077821,20230523,
양평군,김**,소,42,"경기도 양평군 옥천면 하사천길4번길 58, (용천리)",경기도 양평군 옥천면 용천리 749,37.5239090299,127.4828885803,20230523,
양평군,김**,소,23,,경기도 양평군 지평면 일신리 109,37.4153991389,127.6965464908,20230523,
양평군,김**,소,58,,경기도 양평군 지평면 일신리 107-2,37.4158994247,127.6957377978,20230523,
양평군,김**,소,43,,경기도 양평군 지평면 무왕리 535,37.4597540638,127.6700446642,20230523,
양평군,김**,소,20,,경기도 양평군 지평면 무왕리 126-1,37.4492318208,127.6745959006,20230523,
양평군,김**,소,24,"경기도 양평군 옥천면 동모루길 118-15, (옥천리)",경기도 양평군 옥천면 옥천리 63-1,37.5206725597,127.4792906381,20230523,
양평군,김**,소,8,,경기도 양평군 지평면 옥현리 619-3,37.4425033381,127.6248611602,20230523,
양평군,김**,소,7,"경기도 양평군 양동면 석곡새우개1길 31-4, (석곡리)",경기도 양평군 양동면 석곡리 531-7,37.4450445377,127.7422817414,20230523,
양평군,김**,소,31,"경기도 양평군 옥천면 옥천돌고갯길 8-30, (옥천리)",경기도 양평군 옥천면 옥천리 367-2,37.5167941818,127.4680209519,20230523,
양평군,꿈의농장,소,41,,경기도 양평군 개군면 계전리 316,37.4245928048,127.5652779343,20230523,
양평군,끼리농장,소,3,경기도 양평군 개군면 쇠부리길 93,"경기도 양평군 개군면 부리 112번지 1호 외 2필지(112-2, 98-3)",37.4376832135,127.5511171692,20230523,
양평군,나성육목장,소,70,"경기도 양평군 옥천면 마유산로 440-21, (용천리)",경기도 양평군 옥천면 용천리 843,37.5276669985,127.4785191034,20230523,
양평군,나울목장,소,51,"경기도 양평군 청운면 갈운양지마을1길 9-14, (갈운리)",경기도 양평군 청운면 갈운리 434,37.5423149976,127.7695034399,20230523,
양평군,남**,소,1,"경기도 양평군 단월면 산음안골길 24, (산음리)",경기도 양평군 단월면 산음리 524-2,37.6043516801,127.5980662002,20230523,
양평군,남**,소,46,,경기도 양평군 개군면 부리 571,37.4328140077,127.5431377891,20230523,
양평군,남**,소,45,,경기도 양평군 개군면 부리 405-2,37.4346472968,127.5422018637,20230523,
양평군,남**,소,99,"경기도 양평군 개군면 분투골길 15, (부리)",경기도 양평군 개군면 부리 302-1,37.4335309847,127.5433149479,20230523,
양평군,남**,소,18,"경기도 양평군 강하면 강하아주길 19-6, (성덕리)",경기도 양평군 강하면 성덕리 689-7,37.4737026026,127.4178250474,20230523,
양평군,남**,소,20,"경기도 양평군 단월면 되퇴울길 63, (보룡리)",경기도 양평군 단월면 보룡리 487,37.5433978421,127.6662574304,20230523,
양평군,노**,소,32,"경기도 양평군 개군면 산수유2길 13, (내리)",경기도 양평군 개군면 내리 228-2,37.4435744814,127.5591138011,20230523,
양평군,노**,소,3,"경기도 양평군 양동면 양동로 1102, (금왕리)",경기도 양평군 양동면 금왕리 728-12,37.4737625399,127.7331571644,20230523,
양평군,노**,소,43,"경기도 양평군 개군면 내리길77번길 11, (내리)",경기도 양평군 개군면 내리 63-1,37.4419755427,127.5657484279,20230523,
양평군,노**,소,59,"경기도 양평군 개군면 조산길 72-1, (내리)",경기도 양평군 개군면 내리 397-2,37.4389312704,127.5613257887,20230523,
양평군,노**,소,70,"경기도 양평군 개군면 내리길 27-20, (내리)",경기도 양평군 개군면 내리 293-2,37.4437255248,127.5633419926,20230523,
양평군,녹산농장,소,32,"경기도 양평군 지평면 수곡로 196-24, (수곡리)",경기도 양평군 지평면 수곡리 508-2,37.4285142194,127.5973503564,20230523,
양평군,농고목장,소,136,"경기도 양평군 양동면 농고길45번길 19, (삼산리)",경기도 양평군 양동면 삼산리 500-6,37.4066416631,127.7652653087,20230523,
양평군,농주목장,소,29,"경기도 양평군 용문면 적현2길 37-40, (조현리)",경기도 양평군 용문면 조현리 141-5,37.5268833237,127.6145222615,20230523,
양평군,늘푸른농장,돼지,1234,"경기도 양평군 용문면 월성3길 31, (삼성리)",경기도 양평군 용문면 삼성리 613-2,37.4681723256,127.5603658115,20230523,
양평군,다온농장,소,11,"경기도 양평군 지평면 지평로 425-27, (지평리)",경기도 양평군 지평면 지평리 630-3,37.4716945191,127.6380855714,20230523,
양평군,다우목장,소,25,"경기도 양평군 개군면 소감터길 70, (계전리)",경기도 양평군 개군면 계전리 577-1,37.4176012623,127.5675917921,20230523,
양평군,당골목장,소,38,"경기도 양평군 강상면 당골길 14, (신화리)",경기도 양평군 강상면 신화리 430,37.4680218452,127.4706201150,20230523,
양평군,당너머한우농장,소,107,"경기도 양평군 양평읍 당너머길 30, (오빈리)",경기도 양평군 양평읍 오빈리 96-26,37.5064213403,127.4758889241,20230523,
양평군,대감목장,소,43,"경기도 양평군 강상면 강남로 1760-4, (대석리)",경기도 양평군 강상면 대석리 223-6,37.4309943861,127.4749636773,20230523,
양평군,대광농장,소,57,"경기도 양평군 양동면 양서북로 373-8, (계정리)",경기도 양평군 양동면 계정리 1955-2,37.4450629701,127.7671871141,20230523,
양평군,대산축산농장,소,371,"경기도 양평군 양동면 양동로 1895-43, (쌍학리)",경기도 양평군 양동면 쌍학리 870-2,37.4104104217,127.7566454202,20230523,
양평군,대아,소,52,"경기도 양평군 양서면 방죽들길11번길 6, (증동리)",경기도 양평군 양서면 증동리 572-1,37.5273692482,127.4168155338,20230523,
양평군,대웅농장,소,26,"경기도 양평군 옥천면 옥천돌고갯길 44-15, (옥천리)",경기도 양평군 옥천면 옥천리 325-1,37.5162902965,127.4714498985,20230523,
양평군,대응목장,소,8,"경기도 양평군 지평면 절운5길 62, (망미리)",경기도 양평군 지평면 망미리 584-2,37.4481651821,127.6554417340,20230523,
양평군,대응목장,소,76,"경기도 양평군 지평면 절운5길 51, (망미리)",경기도 양평군 지평면 망미리 579,37.4469654642,127.6561175809,20230523,
양평군,대진축산,돼지,1065,"경기도 양평군 양평읍 양근로441번길 33, (창대리)",경기도 양평군 양평읍 창대리 82-10,37.4803643436,127.5147263361,20230523,
양평군,대평농장,염소,20,,경기도 양평군 지평면 대평리 20번지 4호,37.4349798422,127.6434645671,20230523,
양평군,대화농장,소,70,"경기도 양평군 지평면 대평로 400, (망미리)",경기도 양평군 지평면 망미리 1153-1,37.4393936314,127.6493644592,20230523,
양평군,덕수농장,소,20,"경기도 양평군 단월면 단월로 234, (덕수리)",경기도 양평군 단월면 덕수리 395-4,37.5551201141,127.6693516778,20230523,
양평군,덕촌농장,소,24,"경기도 양평군 용문면 덕촌길211번길 61-5, (덕촌리)",경기도 양평군 용문면 덕촌리 444,37.5106110937,127.5857118209,20230523,
양평군,덕평농장,소,44,"경기도 양평군 양평읍 덕평벌말길 36, (덕평리)",경기도 양평군 양평읍 덕평리 259-26,37.5049362228,127.4912428149,20230523,
양평군,덤바위사슴목장,사슴,8,"경기도 양평군 양서면 덤바위골길 25-10, (복포리)",경기도 양평군 양서면 복포리 318-2,37.5124913651,127.4094883739,20230523,
양평군,도곡농장,소,1,"경기도 양평군 양평읍 미리내길161번길 31, (도곡리)",경기도 양평군 양평읍 도곡리 242,37.4769531723,127.5340657874,20230523,
양평군,도곡농장,소,93,"경기도 양평군 양평읍 도곡로242번길 78, (도곡리)",경기도 양평군 양평읍 도곡리 499-5,37.4887099693,127.5215716039,20230523,
양평군,돌담축산,소,10,"경기도 양평군 개군면 석장길 64, (석장리)",경기도 양평군 개군면 석장리 191-1,37.4556215653,127.5157277885,20230523,
양평군,동광농장,돼지,1348,"경기도 양평군 개군면 가장골길44번길 33, (공세리)",경기도 양평군 개군면 공세리 136-3,37.4600476790,127.5478532241,20230523,
양평군,동구농장,소,19,,경기도 양평군 지평면 일신리 358-1,37.4132304108,127.6930135834,20230523,
양평군,동만농장,소,76,"경기도 양평군 지평면 수곡로221번길 72, (수곡리)",경기도 양평군 지평면 수곡리 961,37.4252109659,127.5913332980,20230523,
양평군,동산목장,소,78,,경기도 양평군 지평면 일신리 418,37.4174511380,127.6938543371,20230523,
양평군,동새골농장,소,62,"경기도 양평군 지평면 금의길 227, (월산리)",경기도 양평군 지평면 월산리 245-5,37.4730506651,127.6631610371,20230523,
양평군,동우목장,소,80,"경기도 양평군 지평면 여양2로 1383-3, (일신리)",경기도 양평군 지평면 일신리 461-1,37.4194774563,127.6846416142,20230523,
양평군,동주농장,소,13,"경기도 양평군 개군면 쇠부리길 97, (부리)",경기도 양평군 개군면 부리 115-1,37.4385213704,127.5514003449,20230523,
양평군,동천농장,소,13,"경기도 양평군 용문면 동촌길111번길 5, (화전리)",경기도 양평군 용문면 화전리 515,37.4589089607,127.6168269737,20230523,
양평군,동화농장,소,2,,경기도 양평군 양동면 석곡리 307-6,37.4345879028,127.7487089298,20230523,
양평군,두리나래농장,소,52,"경기도 양평군 용문면 용문삼성로20번길 3, (삼성리)",경기도 양평군 용문면 삼성리 469-4,37.4737842606,127.5670542587,20230523,
양평군,드림2농장,소,32,"경기도 양평군 개군면 내리길 27-32, (내리)",경기도 양평군 개군면 내리 315번지,37.4427515089,127.5643246944,20230523,
양평군,드림농장,돼지,2402,"경기도 양평군 양동면 밀양골길 68, (계정리)",경기도 양평군 양동면 계정리 269-5,37.4627357009,127.7763980277,20230523,
양평군,드림농장,소,109,"경기도 양평군 강상면 신당곡1길 28-20, (신화리)",경기도 양평군 강상면 신화리 586,37.4642714697,127.4680433354,20230523,
양평군,런닝,소,48,"경기도 양평군 청운면 경강로 4069, (비룡리)",경기도 양평군 청운면 비룡리 176-1,37.5421832362,127.6943166264,20230523,
양평군,류**,소,8,"경기도 양평군 양평읍 충신로164번길 26, (회현리)",경기도 양평군 양평읍 회현리 382,37.4615352443,127.5094080285,20230523,
양평군,류**,소,20,"경기도 양평군 양평읍 봉성길 63, (봉성리)",경기도 양평군 양평읍 봉성리 420-1,37.4772297939,127.5426954837,20230523,
양평군,류**,소,7,"경기도 양평군 양평읍 충신로164번길 18, (회현리)",경기도 양평군 양평읍 회현리 262,37.4618416665,127.5099508382,20230523,
양평군,마루터농장,소,67,,경기도 양평군 개군면 계전리 177,37.4196759299,127.5778594270,20230523,
양평군,마루터목장,소,2,"경기도 양평군 개군면 마루터길 1-77, (계전리)",경기도 양평군 개군면 계전리 45,37.4263470971,127.5782126008,20230523,
양평군,만기농장,소,267,"경기도 양평군 양동면 양동로 1272, (금왕리)",경기도 양평군 양동면 금왕리 1009-15,37.4595929622,127.7377039565,20230523,
양평군,만우목장,소,62,"경기도 양평군 양서면 증동길 125, (청계리)",경기도 양평군 양서면 청계리 129-2,37.5257179354,127.4142709599,20230523,
양평군,멜라콩목장,소,41,"경기도 양평군 강상면 옹주능길 12, (병산리)",경기도 양평군 강상면 병산리 758-1,37.4880515356,127.4761663099,20230523,
양평군,명근농장,소,14,"경기도 양평군 옥천면 동모루길 33, 1호 (옥천리)",경기도 양평군 옥천면 옥천리 465번지 1호,37.5205081630,127.4693886734,20230523,
양평군,모야농장,소,31,"경기도 양평군 용문면 용문로 560-14, (마룡리)",경기도 양평군 용문면 마룡리 433-4,37.4983453811,127.6056543440,20230523,
양평군,목왕목장,소,39,"경기도 양평군 양서면 목왕리길137번길 23, (목왕리)",경기도 양평군 양서면 목왕리 573-10,37.5490799263,127.3728550135,20230523,
양평군,못저리농장,소,49,,경기도 양평군 지평면 일신리 373-3,37.4151197748,127.6950189803,20230523,
양평군,못저리목장,소,100,,경기도 양평군 지평면 일신리 107-2,37.4158994247,127.6957377978,20230523,
양평군,무술농장,소,25,"경기도 양평군 개군면 무수울길 56, (공세리)",경기도 양평군 개군면 공세리 54-1,37.4571205562,127.5416777238,20230523,
양평군,무왕농장,소,14,,경기도 양평군 지평면 무왕리 1125,37.4327269601,127.6647994952,20230523,
양평군,미사랑농장,소,90,,경기도 양평군 지평면 옥현리 978,37.4282602216,127.6194107369,20230523,
양평군,민**,소,68,"경기도 양평군 개군면 윗터길 40, (자연리)",경기도 양평군 개군면 자연리 33,37.4284755856,127.5607747285,20230523,
양평군,민**,소,16,"경기도 양평군 개군면 내리길 28, (내리)",경기도 양평군 개군면 내리 347-1,37.4424013237,127.5617921177,20230523,
양평군,민**,소,1,"경기도 양평군 청운면 고론길 20, (신론리)",경기도 양평군 청운면 신론리 280-4,37.5630283589,127.7733372668,20230523,
양평군,민**,소,10,"경기도 양평군 개군면 황서배길 88, (자연리)",경기도 양평군 개군면 자연리 220-3,37.4243479778,127.5593925368,20230523,
양평군,민수농장,소,21,"경기도 양평군 옥천면 동모루길 29, 1호 463(옥천리)","경기도 양평군 옥천면 옥천리 463번지 1호 ,463",37.5205711224,127.4688680844,20230523,
양평군,민희네농장,소,56,"경기도 양평군 옥천면 옥천돌고갯길 26-2, (옥천리)",경기도 양평군 옥천면 옥천리 393,37.5179390477,127.4685183759,20230523,
양평군,믿음목장,소,86,"경기도 양평군 청운면 하갈길 55-21, (갈운리)",경기도 양평군 청운면 갈운리 680,37.5426404777,127.7610373291,20230523,
양평군,바다목장,소,17,,경기도 양평군 개군면 내리 239번지 1호,,,20230523,
양평군,바오로농장,소,26,,경기도 양평군 용문면 마룡리 390-6,37.4962737641,127.6058003935,20230523,
양평군,박*,소,9,"경기도 양평군 양서면 증동길194번길 70, (증동리)",경기도 양평군 양서면 증동리 258,37.5345203691,127.4216746314,20230523,
양평군,박**,소,84,"경기도 양평군 개군면 산수유길 24, (내리)",경기도 양평군 개군면 내리 427,37.4425206976,127.5574398578,20230523,
양평군,박**,소,26,,경기도 양평군 개군면 내리 433,37.4420607313,127.5562217902,20230523,
양평군,박**,소,5,"경기도 양평군 지평면 월산계산이길 24, (월산리)",경기도 양평군 지평면 월산리 1559,37.4976099497,127.6371490347,20230523,
양평군,박**,소,60,,경기도 양평군 용문면 삼성리 200-10,37.4813929320,127.5798582751,20230523,
양평군,박**,소,10,"경기도 양평군 단월면 되퇴울길 31, (보룡리)",경기도 양평군 단월면 보룡리 416-6,37.5427081601,127.6695273572,20230523,
양평군,박**,소,124,"경기도 양평군 개군면 조산길 108-2, (내리)",경기도 양평군 개군면 내리 417-1,37.4406904966,127.5582749956,20230523,
양평군,박**,소,2,"경기도 양평군 양동면 밤나무골길13번길 6, (금왕리)",경기도 양평군 양동면 금왕리 574,37.4758328094,127.7346112526,20230523,
양평군,박**,소,4,"경기도 양평군 양동면 밤나무골길 4, (금왕리)",경기도 양평군 양동면 금왕리 602,37.4752848382,127.7336708316,20230523,
양평군,박**,소,158,"경기도 양평군 단월면 말치골길 64, (향소리)",경기도 양평군 단월면 향소리 223-2,37.5544675918,127.6589342332,20230523,
양평군,박**,소,78,"경기도 양평군 개군면 내리길77번길 11-6, (내리)",경기도 양평군 개군면 내리 309,37.4421649632,127.5655111934,20230523,
양평군,박**,소,4,,경기도 양평군 단월면 석산리 327번지,37.6284518204,127.5849353075,20230523,
양평군,박**,소,20,,"경기도 양평군 개군면 내리 303번지 303-1, 303-2, 305, 306",,,20230523,
양평군,박**,소,11,"경기도 양평군 단월면 단월로 450, (부안리)",경기도 양평군 단월면 부안리 396,37.5737459882,127.6729044796,20230523,
양평군,박**,소,17,"경기도 양평군 강상면 강상로 123, (병산리)",경기도 양평군 강상면 병산리 689-4,37.4829092907,127.4597784353,20230523,
양평군,박**,소,81,"경기도 양평군 개군면 상자포새터말길 95, (상자포리)",경기도 양평군 개군면 상자포리 152,37.4184395332,127.5493976047,20230523,
양평군,박**,소,21,"경기도 양평군 개군면 안터고갯길 36-8, (상자포리)",경기도 양평군 개군면 상자포리 369,37.4214081415,127.5413979850,20230523,
양평군,박**,소,85,"경기도 양평군 개군면 해랭이골길 203-8, (계전리)",경기도 양평군 개군면 계전리 165-6,37.4172158026,127.5787116500,20230523,
양평군,박**,소,8,,경기도 양평군 청운면 다대리 374-3,37.5660788633,127.7176468768,20230523,
양평군,박**,소,3,"경기도 양평군 지평면 월파길 83-12, (월산리)",경기도 양평군 지평면 월산리 1395,37.4937343579,127.6444724692,20230523,
양평군,박**,소,49,"경기도 양평군 양동면 송정들길 28, (계정리)",경기도 양평군 양동면 계정리 781-1,37.4690948430,127.7705634841,20230523,
양평군,박**,소,10,,경기도 양평군 청운면 갈운리 산69-1,37.5416365673,127.7636459249,20230523,
양평군,박**,소,51,,경기도 양평군 양동면 고송리 1007,37.4792239738,127.6951575622,20230523,
양평군,박**,소,14,"경기도 양평군 양동면 장만대길 75, (고송리)",경기도 양평군 양동면 고송리 272,37.4915652946,127.7086537199,20230523,
양평군,박**,소,8,"경기도 양평군 단월면 되퇴울길 75, (보룡리)",경기도 양평군 단월면 보룡리 468-1,37.5444087911,127.6652408590,20230523,
양평군,밤하늘에저별처럼 농장,소,23,,경기도 양평군 양동면 쌍학리 512번지 1호 외 1필지(512-5),37.4122627862,127.7442065955,20230523,
양평군,백양 으뜸농장,소,58,"경기도 양평군 강상면 백양길75번길 17, (화양리)",경기도 양평군 강상면 화양리 443,37.4626968091,127.4806748901,20230523,
양평군,버덩농장,소,145,"경기도 양평군 양동면 지두독길 22, (쌍학리)",경기도 양평군 양동면 쌍학리 880-6,37.4078513335,127.7520716573,20230523,
양평군,버들목장,소,10,,경기도 양평군 개군면 계전리 60번지,37.4255599633,127.5814405180,20230523,
양평군,벽산목장,소,124,"경기도 양평군 단월면 비솔길 7-8, (향소리)",경기도 양평군 단월면 향소리 521-1,37.5707147483,127.6553903154,20230523,
양평군,병칠농장,소,26,"경기도 양평군 옥천면 백현길2번길 35, (옥천리)",경기도 양평군 옥천면 옥천리 181-1,37.5259624481,127.4736983769,20230523,
양평군,보람목장,소,27,,경기도 양평군 개군면 불곡리 42-2,37.4508656555,127.5460250912,20230523,
양평군,보룡농장,소,30,"경기도 양평군 단월면 되퇴울길 67-4, (보룡리)",경기도 양평군 단월면 보룡리 485,37.5441564113,127.6652403019,20230523,
양평군,보룡농장,소,22,"경기도 양평군 단월면 보산정길 61, (보룡리)",경기도 양평군 단월면 보룡리 18-8,37.5422591732,127.6745523570,20230523,
양평군,봉기농장,소,4,"경기도 양평군 양동면 밤나무골길 13, (금왕리)",경기도 양평군 양동면 금왕리 590,37.4752656464,127.7342588779,20230523,
양평군,봉선농장,소,6,,경기도 양평군 양동면 석곡리 844번지 1호,37.4363700975,127.7489864906,20230523,
양평군,봉성농장,소,29,"경기도 양평군 양평읍 봉성길68번길 19, (봉성리)",경기도 양평군 양평읍 봉성리 383-4,37.4753100706,127.5421515229,20230523,
양평군,봉안,소,30,,경기도 양평군 양동면 석곡리 338-15,37.4368965555,127.7483702692,20230523,
양평군,부1리농장,소,15,,경기도 양평군 개군면 부리 76-1,37.4405593607,127.5535892023,20230523,
양평군,부길목장,소,67,"경기도 양평군 개군면 쇠부리길 118, (내리)",경기도 양평군 개군면 내리 513,37.4382133426,127.5548705170,20230523,
양평군,부리농장,소,46,,경기도 양평군 개군면 부리 199,37.4291970010,127.5498906010,20230523,
양평군,부리농장,소,39,"경기도 양평군 개군면 추읍로 80, (부리)",경기도 양평군 개군면 부리 217,37.4287252066,127.5470759953,20230523,
양평군,부용농장,소,96,"경기도 양평군 용문면 동촌길5번길 29, (화전리)",경기도 양평군 용문면 화전리 291-1,37.4679542529,127.6121479584,20230523,
양평군,분투골농장,소,54,"경기도 양평군 개군면 분투골길 95, (부리)",경기도 양평군 개군면 부리 387-1,37.4396414950,127.5455002176,20230523,
양평군,비룡농장,사슴,5,"경기도 양평군 양평읍 도장골길 55, (양근리)",경기도 양평군 양평읍 양근리 57-3번지,37.5000057201,127.4908587321,20230523,
양평군,비룡목장,소,23,,경기도 양평군 청운면 비룡리 535번지 4호 외 1필지,37.5313818758,127.6842355037,20230523,
양평군,비룡장터농장,소,8,,경기도 양평군 청운면 비룡리 521,37.5353010656,127.6904598714,20230523,
양평군,비솔목장,소,12,"경기도 양평군 단월면 석산로 205, (향소리)",경기도 양평군 단월면 향소리 460-2,37.5682992273,127.6553060307,20230523,
양평군,비솔목장,소,4,"경기도 양평군 단월면 비솔길 51, (향소리)",경기도 양평군 단월면 향소리 471-2,37.5681960017,127.6583745616,20230523,
양평군,사슴마당동남,사슴,50,"경기도 양평군 강상면 지례1길 87, 774동 3호 (병산리)","경기도 양평군 강상면 병산리 773번지 ,774-3",37.4832815890,127.4688383192,20230523,
양평군,산건목장,소,128,"경기도 양평군 개군면 뒷굴길 46-1, (석장리)",경기도 양평군 개군면 석장리 309,37.4528719799,127.5184633580,20230523,
양평군,산수목장,소,61,,경기도 양평군 양동면 계정리 1229-1,37.4432892912,127.7687623899,20230523,
양평군,산약골 사슴농장,사슴,40,경기도 양평군 양서면 북한강로 316-36,경기도 양평군 양서면 양수리 산 16번지 1호,37.5708352209,127.3337949023,20230523,
양평군,산월목장,소,94,"경기도 양평군 지평면 산모랭이길 46, (월산리)",경기도 양평군 지평면 월산리 1069-1,37.4886811641,127.6416008588,20230523,
양평군,산음리 산대농장,소,5,"경기도 양평군 단월면 고북길 63, (산음리)",경기도 양평군 단월면 산음리 679-2,37.5996008865,127.5988756198,20230523,
양평군,산현목장,소,103,"경기도 양평군 지평면 송현효자길 29-1, (송현리)",경기도 양평군 지평면 송현리 729,37.5001014786,127.6338726782,20230523,
양평군,삼가리 농장,소,29,"경기도 양평군 단월면 상가길 19, (삼가리)",경기도 양평군 단월면 삼가리 107,37.5100816431,127.6738211292,20230523,
양평군,삼가리농장,소,34,"경기도 양평군 단월면 삼가길 103, (삼가리)",경기도 양평군 단월면 삼가리 121-2,37.5104399130,127.6753608068,20230523,
양평군,삼거리농장,소,18,"경기도 양평군 개군면 조산길 84, (내리)",경기도 양평군 개군면 내리 403-2,37.4395000331,127.5595740752,20230523,
양평군,삼산농장,소,158,"경기도 양평군 양동면 도소리길 24-1, (삼산리)",경기도 양평군 양동면 삼산리 632-18,37.4036432921,127.7717855325,20230523,
양평군,삼산리목장,소,99,,경기도 양평군 양동면 삼산리 310,37.4101506323,127.7826227274,20230523,
양평군,삼성목장,소,4,"경기도 양평군 용문면 용문삼성로65번길 15-45, (삼성리)",경기도 양평군 용문면 삼성리 311,37.4769541119,127.5721013554,20230523,
양평군,삼성축산,소,21,,경기도 양평군 용문면 삼성리 487-2,37.4720329749,127.5665262169,20230523,
양평군,삼우축산,돼지,6000,"경기도 양평군 양동면 큰황골길 81, 258동 257-1호 -1  261 259 253(단석리)","경기도 양평군 양동면 단석리 258번지 258-1, 257-1, 261, 259, 253",37.3900288430,127.7488601329,20230523,
양평군,삼우축산,돼지,6560,"경기도 양평군 양동면 큰황골길 81, (단석리)",경기도 양평군 양동면 단석리 253,37.3900288430,127.7488601329,20230523,
양평군,상동축산,소,75,"경기도 양평군 양동면 양동로 1895-31, (쌍학리)",경기도 양평군 양동면 쌍학리 869-7,37.4110165192,127.7556417824,20230523,
양평군,상일농장,소,47,"경기도 양평군 양평읍 삼산길 27-21, (백안리)",경기도 양평군 양평읍 백안리 651-1,37.5016991805,127.5185885119,20230523,
양평군,상일농장,소,125,"경기도 양평군 개군면 원두물길 34-3, (부리)",경기도 양평군 개군면 부리 590,37.4313855457,127.5437545346,20230523,
양평군,새금성 목장,소,76,"경기도 양평군 개군면 새상골길 67, (내리)",경기도 양평군 개군면 내리 467-3,37.4364267326,127.5587916693,20230523,
양평군,새말농장,소,20,"경기도 양평군 단월면 단월로 370, (부안리)",경기도 양평군 단월면 부안리 178-5,37.5671791639,127.6701150110,20230523,
양평군,새상골 농장,소,46,"경기도 양평군 개군면 내리길 99, (내리)",경기도 양평군 개군면 내리 75,37.4397753158,127.5672952074,20230523,
양평군,새석장,소,179,"경기도 양평군 개군면 개군산로7번길 62, (석장리)",경기도 양평군 개군면 석장리 996,37.4571423629,127.5290477860,20230523,
양평군,새안터,소,137,"경기도 양평군 강상면 송학길83번길 36, (송학리)",경기도 양평군 강상면 송학리 326,37.4763066476,127.4759438419,20230523,
양평군,새우림목장,소,25,"경기도 양평군 강하면 사호1길 95, (전수리)",경기도 양평군 강하면 전수리 585,37.4944260634,127.4192616783,20230523,
양평군,새터농장,소,2,,경기도 양평군 지평면 일신리 287-1,37.4155622784,127.6855458099,20230523,
양평군,새터농장,소,76,"경기도 양평군 개군면 불곡덕고갯길 155, (부리)",경기도 양평군 개군면 부리 37,37.4434515317,127.5522289798,20230523,
양평군,샘골축산,소,37,"경기도 양평군 단월면 덕수터길 15-24, (덕수리)",경기도 양평군 단월면 덕수리 446,37.5505885157,127.6740170452,20230523,
양평군,샛별농장,소,8,"경기도 양평군 용문면 소일길56번길 9-8, (금곡리)",경기도 양평군 용문면 금곡리 57,37.5111655646,127.6215249608,20230523,
양평군,샛별목장,소,22,"경기도 양평군 개군면 쇠부리길 93, (부리)",경기도 양평군 개군면 부리 112-1,37.4376832135,127.5511171692,20230523,
양평군,샛터목장,소,57,"경기도 양평군 강하면 수대길 50, (전수리)",경기도 양평군 강하면 전수리 725-1,37.4841787764,127.4211390379,20230523,
양평군,생명목장,소,48,"경기도 양평군 양동면 원양2로 883-7, (단석리)",경기도 양평군 양동면 단석리 74-4,37.4040628061,127.7491099216,20230523,
양평군,서**,소,2,"경기도 양평군 단월면 터골길 108, (봉상리)",경기도 양평군 단월면 봉상리 227-2,37.5229209712,127.6513302096,20230523,
양평군,서연농장,소,11,,경기도 양평군 개군면 계전리 산49-4,37.4228148150,127.5845260803,20230523,
양평군,서울우유생명공학연구소,소,241,"경기도 양평군 단월면 석산로 435-65, (향소리)",경기도 양평군 단월면 향소리 1017-1,37.5823080079,127.6316299723,20230523,
양평군,석강양평농장,돼지,1530,"경기도 양평군 개군면 내리길 45, (내리)",경기도 양평군 개군면 내리 316-4,37.4421030804,127.5632841011,20230523,
양평군,석곡농장,소,35,,경기도 양평군 양동면 석곡리 843-1,37.4358383370,127.7490151087,20230523,
양평군,석곡농장,소,11,"경기도 양평군 양동면 석곡새우개2길 5, (석곡리)",경기도 양평군 양동면 석곡리 522-1,37.4437673695,127.7409210245,20230523,
양평군,석장 사슴농장,사슴,15,,경기도 양평군 개군면 석장리 464번지,37.4499207850,127.5196414215,20230523,
양평군,선국목장,소,62,"경기도 양평군 양동면 계정샛담길 69-1, (계정리)",경기도 양평군 양동면 계정리 667,37.4735136358,127.7656711056,20230523,
양평군,선규목장,소,24,"경기도 양평군 단월면 향소절골길 5, (향소리)",경기도 양평군 단월면 향소리 147-1,37.5637066243,127.6588406277,20230523,
양평군,선영농장,소,29,"경기도 양평군 옥천면 하사천길4번길 64-4, (용천리)",경기도 양평군 옥천면 용천리 766,37.5238281276,127.4844843077,20230523,
양평군,선진농장,소,20,"경기도 양평군 단월면 선바위길 40, (삼가리)",경기도 양평군 단월면 삼가리 56-2,37.5220984889,127.6787378651,20230523,
양평군,선홍농장,소,2,"경기도 양평군 개군면 쇠부리길 17, (부리)",경기도 양평군 개군면 부리 175,37.4311029451,127.5516213343,20230523,
양평군,설통목장,소,62,,경기도 양평군 용문면 중원리 415,37.5429667154,127.6154659079,20230523,
양평군,성결농장,소,55,"경기도 양평군 개군면 추읍로 122-59, (자연리)",경기도 양평군 개군면 자연리 283,37.4264052407,127.5550088296,20230523,
양평군,성기목장,소,23,"경기도 양평군 양동면 고송길 45-33, (고송리)",경기도 양평군 양동면 고송리 853-2,37.4824241113,127.6989688586,20230523,
양평군,성돌목장,소,41,"경기도 양평군 양동면 지두독길 54, (쌍학리)",경기도 양평군 양동면 쌍학리 64,37.4080767518,127.7562306730,20230523,
양평군,성미목장,소,50,,경기도 양평군 양동면 계정리 616-1,37.4749215506,127.7661458186,20230523,
양평군,성숙농장,소,19,"경기도 양평군 양동면 밤나무골길 17-29, (금왕리)",경기도 양평군 양동면 금왕리 652-1,37.4762155422,127.7370440724,20230523,
양평군,성신,소,25,"경기도 양평군 강하면 곤숫골길 2, (왕창리)",경기도 양평군 강하면 왕창리 349-10,37.4842260138,127.4001681996,20230523,
양평군,성실농장,소,16,"경기도 양평군 옥천면 옥천돌고갯길 79-22, (옥천리)",경기도 양평군 옥천면 옥천리 280-2,37.5190307917,127.4729312976,20230523,
양평군,성준목장,소,65,"경기도 양평군 개군면 뒷굴길 51-44, (석장리)",경기도 양평군 개군면 석장리 262-3,37.4544214089,127.5236987032,20230523,
양평군,성훈농장,소,49,,경기도 양평군 개군면 부리 563,37.4332829836,127.5450054324,20230523,
양평군,세모농장,소,52,,경기도 양평군 개군면 공세리 34-1,37.4539990215,127.5464772133,20230523,
양평군,세민목장,소,132,"경기도 양평군 강상면 송학길83번길 63, (신화리)",경기도 양평군 강상면 신화리 249-2,37.4735576485,127.4768494830,20230523,
양평군,세민한우농장,소,2,,경기도 양평군 양동면 쌍학리 868-4,37.4124599088,127.7557862962,20230523,
양평군,세상목장,소,86,,경기도 양평군 강상면 세월리 54,37.4350552649,127.4983989526,20230523,
양평군,세심목장,소,79,"경기도 양평군 강상면 세월길 155, (세월리)",경기도 양평군 강상면 세월리 121-1,37.4352784453,127.4944046801,20230523,
양평군,세연목장,소,44,"경기도 양평군 양평읍 미리내길264번길 24, (창대리)",경기도 양평군 양평읍 창대리 4,37.4765864798,127.5219639672,20230523,
양평군,세주농장,소,10,"경기도 양평군 양동면 양서동로 134-1, (계정리)",경기도 양평군 양동면 계정리 94,37.4472532160,127.7789300184,20230523,
양평군,소담목장,소,223,"경기도 양평군 지평면 수곡로 246-17, (수곡리)",경기도 양평군 지평면 수곡리 1189-9,37.4310264502,127.5892379874,20230523,
양평군,소림,소,37,,경기도 양평군 청운면 비룡리 277-4,37.5385249620,127.6845154660,20230523,
양평군,손**,소,3,"경기도 양평군 청운면 용두로164번길 16, (용두리)",경기도 양평군 청운면 용두리 668-4,37.5553494375,127.7115826358,20230523,
양평군,송학농장,소,9,"경기도 양평군 강상면 송학길 157, (송학리)",경기도 양평군 강상면 송학리 226,37.4777469196,127.4678679462,20230523,
양평군,수 농장,소,88,"경기도 양평군 양평읍 천변길 9, (대흥리)",경기도 양평군 양평읍 대흥리 498,37.4884972785,127.5416612145,20230523,
양평군,수곡축산,소,7,"경기도 양평군 지평면 오종개안길 12, (수곡리)",경기도 양평군 지평면 수곡리 378,37.4230715434,127.5953315717,20230523,
양평군,수능목장,소,27,"경기도 양평군 서종면 황순원로 208, (수능리)",경기도 양평군 서종면 수능리 296-6,37.5925877944,127.3809708007,20230523,
양평군,수능목장,소,2,,경기도 양평군 서종면 수능리 228-2,37.5836208324,127.3891799301,20230523,
양평군,수대목장,소,73,"경기도 양평군 강하면 수대골길 9-14, (전수리)",경기도 양평군 강하면 전수리 835,37.4842562315,127.4158227347,20230523,
양평군,수미들,소,83,"경기도 양평군 단월면 경강로 3554, (봉상리)",경기도 양평군 단월면 봉상리 633,37.5142965950,127.6500228115,20230523,
양평군,수빈농장,소,10,"경기도 양평군 지평면 노곡마을길 45, (일신리)",경기도 양평군 지평면 일신리 1379-1,37.4391617551,127.6857638754,20230523,
양평군,수산나목장,소,115,,경기도 양평군 양동면 고송리 1270-5,37.4810863808,127.6847621602,20230523,
양평군,수진농장,소,9,"경기도 양평군 강상면 신화길 93, (신화리)",경기도 양평군 강상면 신화리 214-1,37.4727738028,127.4786931541,20230523,
양평군,순이농장,소,29,"경기도 양평군 개군면 댓골길 36, (공세리)",경기도 양평군 개군면 공세리 44-2,37.4561278440,127.5449561666,20230523,
양평군,숲농장,소,6,"경기도 양평군 옥천면 말골길 27, (신복리)",경기도 양평군 옥천면 신복리 525,37.5428862631,127.4602782749,20230523,
양평군,승아목장,소,3,"경기도 양평군 단월면 향소서정길 23, (향소리)",경기도 양평군 단월면 향소리 420,37.5663794496,127.6552227804,20230523,
양평군,승진농장,소,75,,경기도 양평군 개군면 계전리 101,37.4216987932,127.5842802144,20230523,
양평군,승창목장,소,24,"경기도 양평군 개군면 소감터길 26-3, (계전리)",경기도 양평군 개군면 계전리 573-1,37.4161222180,127.5689465657,20230523,
양평군,승환농장,소,16,,경기도 양평군 지평면 수곡리 943-2,37.4261737047,127.5903589941,20230523,
양평군,시설목장,소,15,"경기도 양평군 양서면 식곡길32번길 1-8, (증동리)",경기도 양평군 양서면 증동리 621,37.5244955696,127.4192179673,20230523,
양평군,시온농장,소,18,,경기도 양평군 지평면 일신리 1829-8,37.4229785713,127.6884599737,20230523,
양평군,신**,소,18,"경기도 양평군 청운면 비룡점말2길 23, (비룡리)",경기도 양평군 청운면 비룡리 865-1,37.5252025099,127.6881951969,20230523,
양평군,신**,소,27,"경기도 양평군 개군면 불곡부처울길 19-55, (불곡리)",경기도 양평군 개군면 불곡리 70,37.4535862062,127.5443327883,20230523,
양평군,신**,소,17,"경기도 양평군 개군면 석장길 40-8, (석장리)",경기도 양평군 개군면 석장리 111-3,37.4581092156,127.5167459551,20230523,
양평군,신**,소,9,"경기도 양평군 단월면 삼가길 9, (삼가리)",경기도 양평군 단월면 삼가리 189-1,37.5167145602,127.6683708862,20230523,
양평군,신**,소,2,"경기도 양평군 양동면 양동로 497, (고송리)",경기도 양평군 양동면 고송리 564-1,37.5058980501,127.7028780237,20230523,
양평군,신**,소,13,"경기도 양평군 지평면 구둔1길 23-2, (일신리)",경기도 양평군 지평면 일신리 671-3,37.4342188622,127.6878880322,20230523,
양평군,신**,소,4,"경기도 양평군 양동면 월리터길 15-16, (금왕리)",경기도 양평군 양동면 금왕리 1043,37.4597131776,127.7361891468,20230523,
양평군,신**,소,3,,경기도 양평군 개군면 내리 산42,37.4519459890,127.5673586882,20230523,
양평군,신**,소,22,"경기도 양평군 강상면 신당곡1길 13-7, (신화리)",경기도 양평군 강상면 신화리 507,37.4643445486,127.4718541382,20230523,
양평군,신**,소,9,"경기도 양평군 강상면 학곡길 18, (송학리)",경기도 양평군 강상면 송학리 249-1,37.4773694055,127.4720415254,20230523,
양평군,신**,소,39,,경기도 양평군 개군면 내리 439,37.4410337427,127.5561916287,20230523,
양평군,신**,소,27,"경기도 양평군 개군면 복상골길 48, (하자포리)",경기도 양평군 개군면 하자포리 80,37.4404115438,127.5339587794,20230523,
양평군,신**,소,1,"경기도 양평군 개군면 산수유꽃1길 26-10, (주읍리)",경기도 양평군 개군면 주읍리 84,37.4327740392,127.5780271304,20230523,
양평군,신**,소,45,"경기도 양평군 강하면 수대길 74, (전수리)",경기도 양평군 강하면 전수리 746,37.4825665579,127.4230070235,20230523,
양평군,신**,소,15,,경기도 양평군 양평읍 덕평리 689-2,37.5032423651,127.4808449990,20230523,
양평군,신**,소,33,"경기도 양평군 개군면 새상골길 48, (자연리)",경기도 양평군 개군면 자연리 94-2,37.4346060819,127.5585302616,20230523,
양평군,신**,소,80,,경기도 양평군 용문면 다문리 923,37.4872471764,127.5839737161,20230523,
양평군,신**,소,2,,경기도 양평군 강하면 동오리 616-2,37.4577504401,127.3900461161,20230523,
양평군,신간교,소,17,"경기도 양평군 강상면 송학길 184-7, (송학리)",경기도 양평군 강상면 송학리 734,37.4795939749,127.4652092090,20230523,
양평군,신내농장,소,20,,경기도 양평군 개군면 공세리 346,37.4640031293,127.5318893186,20230523,
양평군,신동촌,소,68,"경기도 양평군 옥천면 신복동촌길 11, (신복리)",경기도 양평군 옥천면 신복리 809,37.5336409868,127.4692814394,20230523,
양평군,신복농장,소,79,"경기도 양평군 옥천면 옥천돌고갯길 79-27, (옥천리)",경기도 양평군 옥천면 옥천리 296-2,37.5180211015,127.4722300574,20230523,
양평군,신일,소,62,"경기도 양평군 강상면 옹주능길 24, (송학리)",경기도 양평군 강상면 송학리 7-1,37.4868436352,127.4758386600,20230523,
양평군,신한,소,34,"경기도 양평군 양평읍 도곡로 94, (도곡리)",경기도 양평군 양평읍 도곡리 350-1,37.4821559381,127.5268405506,20230523,
양평군,신향소목장,소,113,"경기도 양평군 단월면 비솔길 27-6, (향소리)",경기도 양평군 단월면 향소리 513,37.5699098893,127.6573929989,20230523,
양평군,신흥,소,17,"경기도 양평군 강상면 송학길 217-11, (송학리)",경기도 양평군 강상면 송학리 761,37.4780517735,127.4624050000,20230523,
양평군,심**,소,57,"경기도 양평군 단월면 단월로 360, (부안리)",경기도 양평군 단월면 부안리 181-19,37.5664041475,127.6700113369,20230523,
양평군,쌍학농장,소,9,"경기도 양평군 양동면 쌍학안골2길 60-1, (쌍학리)",경기도 양평군 양동면 쌍학리 282-4,37.4156488297,127.7475322803,20230523,
양평군,쑥골농장,소,21,"경기도 양평군 양동면 쑥골길 35, (고송리)",경기도 양평군 양동면 고송리 579,37.5017819493,127.7062723211,20230523,
양평군,안터골농장,소,20,"경기도 양평군 양서면 양서도곡길138번길 36, (도곡리)",경기도 양평군 양서면 도곡리 80,37.5190094632,127.3897334665,20230523,
양평군,알밤농장,소,2,,경기도 양평군 양동면 계정리 1389,37.4377283303,127.7648753024,20230523,
양평군,앙덕농장,소,9,"경기도 양평군 개군면 개군산로 242-42, (앙덕리)",경기도 양평군 개군면 앙덕리 199,37.4464734609,127.5069302546,20230523,
양평군,애림목장,소,13,"경기도 양평군 강상면 강상로 430-14, (화양리)",경기도 양평군 강상면 화양리 791-2,37.4608843923,127.4770003893,20230523,
양평군,애림목장,소,5,"경기도 양평군 강상면 강상로 476-12, (화양리)",경기도 양평군 강상면 화양리 743,37.4576668779,127.4790818824,20230523,
양평군,양**,소,1,"경기도 양평군 개군면 추읍로 105-1, (부리)",경기도 양평군 개군면 부리 186-2,37.4298236703,127.5500380474,20230523,
양평군,양**,소,9,,경기도 양평군 단월면 산음리 736-1,37.5968995303,127.5904983048,20230523,
양평군,양**,소,19,"경기도 양평군 양평읍 천변길 77, (대흥리)",경기도 양평군 양평읍 대흥리 313,37.4931833045,127.5446389938,20230523,
양평군,양돈,돼지,1349,"경기도 양평군 양동면 계정창말길 16, (계정리)",경기도 양평군 양동면 계정리 158,37.4533633957,127.7716713693,20230523,
양평군,양동농장,소,41,,경기도 양평군 양동면 쌍학리 880-5,37.4080973454,127.7518120765,20230523,
양평군,양동목장,소,64,"경기도 양평군 양동면 지두독길 33-1, (쌍학리)",경기도 양평군 양동면 쌍학리 76,37.4085492721,127.7544695304,20230523,
양평군,양동상록한우작목반,소,63,"경기도 양평군 양동면 상록안길 7-6, (석곡리)",경기도 양평군 양동면 석곡리 산118-4,37.4319475912,127.7422734321,20230523,
양평군,양서목장,소,45,"경기도 양평군 양서면 목왕로 738, (목왕리)",경기도 양평군 양서면 목왕리 18,37.5672049487,127.3895039307,20230523,
양평군,양수농장,소,15,"경기도 양평군 강상면 황곡웃말길 12, (병산리)",경기도 양평군 강상면 병산리 935-1,37.4830980805,127.4583418450,20230523,
양평군,양평농장,소,5,"경기도 양평군 양평읍 원덕흑천길 86, (봉성리)",경기도 양평군 양평읍 봉성리 157-1,37.4693754097,127.5513536102,20230523,
양평군,양평양돈2단지,돼지,3567,"경기도 양평군 양동면 계정샛담길 218-17, (계정리)",경기도 양평군 양동면 계정리 434,37.4851647423,127.7591631616,20230523,
양평군,양평양동9단지,돼지,1747,"경기도 양평군 양동면 계정샛담길 265, (계정리)",경기도 양평군 양동면 계정리 444-8,37.4847584900,127.7553159642,20230523,
양평군,양평이화사슴농장,사슴,19,"경기도 양평군 지평면 고재길 120, (곡수리)",경기도 양평군 지평면 곡수리 556번지,37.4283447069,127.6058045498,20230523,
양평군,연**,소,3,"경기도 양평군 양평읍 덕평벌말길 42-93, (덕평리)",경기도 양평군 양평읍 덕평리 591-8,37.5032043973,127.4810038735,20230523,
양평군,연세농장,소,18,"경기도 양평군 양평읍 충신로 157, (회현리)",경기도 양평군 양평읍 회현리 281-1,37.4607598566,127.5117259838,20230523,
양평군,영래농장,소,11,"경기도 양평군 양동면 원양2로 520, (삼산리)",경기도 양평군 양동면 삼산리 1038-1,37.3837659001,127.7686977499,20230523,
양평군,영명농장,소,29,,경기도 양평군 개군면 자연리 174-11,37.4246219442,127.5572005736,20230523,
양평군,영문농장,소,46,,경기도 양평군 개군면 계전리 50,37.4253986602,127.5794170387,20230523,
양평군,영식농장,소,17,"경기도 양평군 청운면 신당윗길 22-4, (삼성리)",경기도 양평군 청운면 삼성리 46-1,37.5768476103,127.7566040156,20230523,
양평군,영춘농장,소,27,"경기도 양평군 양동면 금왕길 160, (금왕리)",경기도 양평군 양동면 금왕리 264-6,37.4953485343,127.7294457927,20230523,
양평군,영화농장,소,17,"경기도 양평군 양동면 비양골길11번길 22, (금왕리)",경기도 양평군 양동면 금왕리 1202,37.4505252404,127.7421072148,20230523,
양평군,영희농장,소,7,"경기도 양평군 개군면 앙덕길52번길 34, (앙덕리)",경기도 양평군 개군면 앙덕리 218,37.4450312557,127.5070205632,20230523,
양평군,영희농장,소,3,,경기도 양평군 개군면 불곡리 128-4,37.4508637382,127.5405326614,20230523,
양평군,오**,소,18,,경기도 양평군 개군면 상자포리 101-4,37.4232827864,127.5467860580,20230523,
양평군,오룡농장,소,17,"경기도 양평군 개군면 소감터길 44, (계전리)",경기도 양평군 개군면 계전리 571,37.4157982129,127.5680987081,20230523,
양평군,오성농장,소,61,,경기도 양평군 지평면 수곡리 1185-8,37.4346149250,127.5941874608,20230523,
양평군,오오구목장,소,99,,경기도 양평군 개군면 계전리 138-1,37.4200939197,127.5845050365,20230523,
양평군,오오구목장,소,41,,경기도 양평군 개군면 계전리 573,37.4160097879,127.5683314544,20230523,
양평군,옥현농장,소,36,"경기도 양평군 지평면 주령골길 67-10, (옥현리)",경기도 양평군 지평면 옥현리 1151-1,37.4396446583,127.6094378618,20230523,
양평군,완선목장,소,86,,경기도 양평군 개군면 부리 258-11,37.4280346630,127.5440298670,20230523,
양평군,왕창농장,소,47,,경기도 양평군 강하면 왕창리 111-4,37.4776386143,127.4025958897,20230523,
양평군,용문산 덕동사슴목장,사슴,3,"경기도 양평군 용문면 덕촌길211번길 88, (덕촌리)",경기도 양평군 용문면 덕촌리 460-1,37.5114693288,127.5829971507,20230523,
양평군,용문산 에덴농장,소,68,"경기도 양평군 용문면 중원산로 11, (조현리)",경기도 양평군 용문면 조현리 509-2,37.5159931938,127.6066750179,20230523,
양평군,용우람,소,14,"경기도 양평군 용문면 퇴촌길 130, (덕촌리)",경기도 양평군 용문면 덕촌리 34-7,37.5109298749,127.6040427009,20230523,
양평군,용진2농장,소,20,"경기도 양평군 개군면 내리길 27-22, (내리)",경기도 양평군 개군면 내리 291번지,37.4431846515,127.5634319761,20230523,
양평군,용진목장,소,11,"경기도 양평군 개군면 분투골길 102, (부리)",경기도 양평군 개군면 부리 380-1,37.4404437105,127.5455233124,20230523,
양평군,용천농장,소,48,"경기도 양평군 옥천면 용천로 27-16, (용천리)",경기도 양평군 옥천면 용천리 898-3,37.5301997114,127.4778958845,20230523,
양평군,용천사슴목장,사슴,13,,경기도 양평군 옥천면 용천리 154-34,37.5471544236,127.5008939431,20230523,
양평군,우돈목장,소,76,"경기도 양평군 지평면 송현효자길 27, (송현리)",경기도 양평군 지평면 송현리 836-1,37.5004533948,127.6335339001,20230523,
양평군,우리농장,돼지,921,"경기도 양평군 청운면 경강로 4941-12, (갈운리)",경기도 양평군 청운면 갈운리 347-1,37.5407514645,127.7752255341,20230523,
양평군,우미농장,소,137,"경기도 양평군 용문면 보름길 13-8, (망능리)",경기도 양평군 용문면 망능리 459-2,37.5383633499,127.6347447208,20230523,
양평군,우인농장,소,72,"경기도 양평군 지평면 금의길180번길 40, (월산리)",경기도 양평군 지평면 월산리 334,37.4726955937,127.6591454428,20230523,
양평군,운심농장,소,18,"경기도 양평군 강하면 운포2길 21, (운심리)",경기도 양평군 강하면 운심리 409-1,37.4886519836,127.3902871338,20230523,
양평군,웅스팜,소,13,"경기도 양평군 양평읍 충신로 20-7, 10동 69호 1필지(회현리)",경기도 양평군 양평읍 회현리 11번지 외 1필지(10-69),37.4660038794,127.5245278692,20230523,
양평군,원**,소,1,,경기도 양평군 양동면 고송리 400,37.5017532862,127.7080427234,20230523,
양평군,원빈농장,소,37,,경기도 양평군 개군면 내리 366,37.4394202437,127.5620894079,20230523,
양평군,원삼산 목장,소,101,,경기도 양평군 양동면 삼산리 61,37.4134267627,127.7637931959,20230523,
양평군,원영농장,소,34,,경기도 양평군 강상면 신화리 567-1,37.4644481772,127.4712613854,20230523,
양평군,월드컵목장,소,93,"경기도 양평군 옥천면 옥천돌고갯길 47, (옥천리)",경기도 양평군 옥천면 옥천리 294-6,37.5177774479,127.4710419498,20230523,
양평군,월파농장,소,13,,경기도 양평군 지평면 월산리 1362-1,37.4938053605,127.6434125504,20230523,
양평군,월파농장,소,8,,경기도 양평군 지평면 월산리 1393,37.4937807147,127.6446335691,20230523,
양평군,유**,소,7,"경기도 양평군 강상면 강남로 1825-18, (대석리)",경기도 양평군 강상면 대석리 520-21,37.4252443384,127.4787518389,20230523,
양평군,유**,소,1,"경기도 양평군 양평읍 충신로164번길 10, (회현리)",경기도 양평군 양평읍 회현리 269-1,37.4617694935,127.5106745231,20230523,
양평군,유보농장,소,13,"경기도 양평군 양동면 양서북로 815, (계정리)",경기도 양평군 양동면 계정리 501-1,37.4815895726,127.7737076569,20230523,
양평군,유성농장,소,44,,경기도 양평군 개군면 내리 317-1,37.4425329610,127.5630843711,20230523,
양평군,윤**,소,17,"경기도 양평군 지평면 일신샛담길 18, (일신리)",경기도 양평군 지평면 일신리 282,37.4139790706,127.6846281165,20230523,
양평군,윤**,소,15,"경기도 양평군 서종면 화서1로 180-62, (노문리)",경기도 양평군 서종면 노문리 563-4,37.6376777209,127.4179508184,20230523,
양평군,윤**,소,2,"경기도 양평군 개군면 뒷굴길 39-36, (석장리)",경기도 양평군 개군면 석장리 270-1,37.4554222063,127.5222969796,20230523,
양평군,윤**,소,40,"경기도 양평군 개군면 불곡부처울길 65, (불곡리)",경기도 양평군 개군면 불곡리 25-2,37.4521616325,127.5453947376,20230523,
양평군,윤상농장,소,107,"경기도 양평군 용문면 용문산로 33, (마룡리)",경기도 양평군 용문면 마룡리 477,37.5011141972,127.6038254338,20230523,
양평군,으뜸농장,소,15,"경기도 양평군 지평면 금의길134번길 23, (월산리)",경기도 양평군 지평면 월산리 382,37.4744730922,127.6578033660,20230523,
양평군,은상농장,소,8,,경기도 양평군 단월면 향소리 453-1,37.5679929025,127.6546870151,20230523,
양평군,은평목장,소,40,"경기도 양평군 개군면 안터고갯길 39-10, (상자포리)",경기도 양평군 개군면 상자포리 375,37.4226876650,127.5426192886,20230523,
양평군,은평목장,소,20,"경기도 양평군 개군면 안터고갯길 39-10, (상자포리)",경기도 양평군 개군면 상자포리 375,37.4226876650,127.5426192886,20230523,
양평군,이**,돼지,2010,"경기도 양평군 양동면 계정샛담길 222, (계정리)",경기도 양평군 양동면 계정리 460-1,37.4845428785,127.7591270802,20230523,
양평군,이**,소,27,,경기도 양평군 옥천면 용천리 770,37.5243810815,127.4848712739,20230523,
양평군,이**,소,7,"경기도 양평군 양동면 윗배내길 49, (삼산리)",경기도 양평군 양동면 삼산리 778-9,37.4010574718,127.7712903552,20230523,
양평군,이**,소,1,"경기도 양평군 옥천면 옥천돌고갯길 44-15, (옥천리)",경기도 양평군 옥천면 옥천리 325-1,37.5162902965,127.4714498985,20230523,
양평군,이**,소,19,"경기도 양평군 강상면 송학길 193, (송학리)",경기도 양평군 강상면 송학리 752-1,37.4790347529,127.4639653325,20230523,
양평군,이**,소,64,"경기도 양평군 강상면 학곡양지말길 35, (송학리)",경기도 양평군 강상면 송학리 549,37.4703005974,127.4643766499,20230523,
양평군,이**,소,22,,경기도 양평군 개군면 주읍리 208-2,37.4393129747,127.5788005943,20230523,
양평군,이**,소,43,"경기도 양평군 양서면 가락골길 29-6, (목왕리)",경기도 양평군 양서면 목왕리 194,37.5572635319,127.3808005692,20230523,
양평군,이**,소,33,"경기도 양평군 강하면 사호1길 62, (전수리)",경기도 양평군 강하면 전수리 980-2,37.4966156288,127.4181619626,20230523,
양평군,이**,소,3,"경기도 양평군 단월면 분지울2길 6-3, (명성리)",경기도 양평군 단월면 명성리 143-2,37.6148692322,127.6704275496,20230523,
양평군,이**,소,8,,경기도 양평군 단월면 보룡리 323-2,37.5376358654,127.6714054405,20230523,
양평군,이**,소,110,"경기도 양평군 양동면 상록안길 7-6, (석곡리)",경기도 양평군 양동면 석곡리 산118-4,37.4319475912,127.7422734321,20230523,
양평군,이**,소,56,"경기도 양평군 단월면 보룡길 117-1, (보룡리)",경기도 양평군 단월면 보룡리 437,37.5433824811,127.6707061669,20230523,
양평군,이**,소,12,"경기도 양평군 양동면 고송길 45-33, (고송리)",경기도 양평군 양동면 고송리 853-2,37.4824241113,127.6989688586,20230523,
양평군,이**,소,1,"경기도 양평군 양서면 식곡길56번길 41, (증동리)",경기도 양평군 양서면 증동리 151,37.5234534064,127.4243796546,20230523,
양평군,이**,소,14,"경기도 양평군 용문면 강이대길38번길 31, (중원리)",경기도 양평군 용문면 중원리 83,37.5292495035,127.6276093682,20230523,
양평군,이**,소,35,,경기도 양평군 양동면 매월리 671-1,37.4294543635,127.7192381689,20230523,
양평군,이**,소,3,"경기도 양평군 개군면 소감터길 77-42, (계전리)",경기도 양평군 개군면 계전리 738-9,37.4196499619,127.5629374619,20230523,
양평군,이**,소,8,"경기도 양평군 양서면 방죽들길11번길 26-2, (증동리)",경기도 양평군 양서면 증동리 555,37.5283437457,127.4182857610,20230523,
양평군,이**,소,13,"경기도 양평군 양평읍 안산길2번길 13-8, (오빈리)",경기도 양평군 양평읍 오빈리 331,37.5051666697,127.4683766545,20230523,
양평군,이**,소,11,"경기도 양평군 청운면 다대길 143-10, (다대리)",경기도 양평군 청운면 다대리 135-8,37.5684969656,127.7278581750,20230523,
양평군,이**,소,156,"경기도 양평군 양동면 큰황골길 11-11, (단석리)",경기도 양평군 양동면 단석리 145-5,37.3972740589,127.7497540327,20230523,
양평군,이**,소,68,,경기도 양평군 강상면 대석리 252,37.4279524682,127.4703673644,20230523,
양평군,이**,소,83,,경기도 양평군 지평면 옥현리 979,37.4282318966,127.6196590568,20230523,
양평군,이**,소,28,,경기도 양평군 지평면 옥현리 974,37.4291776012,127.6197233049,20230523,
양평군,이**,소,33,"경기도 양평군 지평면 삼상개길 29-24, (옥현리)",경기도 양평군 지평면 옥현리 910-4,37.4324994081,127.6160964140,20230523,
양평군,이**,소,5,"경기도 양평군 단월면 부안새말길 17, (부안리)",경기도 양평군 단월면 부안리 179-1,37.5674574547,127.6708969770,20230523,
양평군,이**,소,6,"경기도 양평군 청운면 배다리우길 36, (삼성리)",경기도 양평군 청운면 삼성리 744-20,37.5727032257,127.7340314918,20230523,
양평군,이**,소,18,,경기도 양평군 개군면 상자포리 22-2,37.4250364419,127.5474991803,20230523,
양평군,이**,소,4,"경기도 양평군 서종면 화서로393번길 42, (수입리)",경기도 양평군 서종면 수입리 213-3,37.6458654370,127.4103809867,20230523,
양평군,이**,소,3,,경기도 양평군 단월면 부안리 233-6,37.5616058311,127.6690730241,20230523,
양평군,이**,소,2,"경기도 양평군 지평면 곡수시장길 38, (곡수리)",경기도 양평군 지평면 곡수리 403-4,37.4188527834,127.6158606204,20230523,
양평군,이**,소,3,,경기도 양평군 양동면 단석리 77-3,37.4031750290,127.7494252311,20230523,
양평군,이**,소,2,,경기도 양평군 강하면 동오리 156번지 1호,,,20230523,
양평군,이**,소,16,"경기도 양평군 단월면 대왕터길 29, (부안리)",경기도 양평군 단월면 부안리 78-3,37.5762172941,127.6718116690,20230523,
양평군,이**,소,24,,경기도 양평군 개군면 석장리 306,37.4519165554,127.5185928151,20230523,
양평군,이**,소,4,,경기도 양평군 개군면 석장리 320-3,37.4511397077,127.5169826945,20230523,
양평군,이**,소,12,,경기도 양평군 지평면 무왕리 614,37.4575887442,127.6721615462,20230523,
양평군,이**,소,41,"경기도 양평군 개군면 개군로 56, (공세리)",경기도 양평군 개군면 공세리 383-6,37.4616674461,127.5282579967,20230523,
양평군,이**,소,87,"경기도 양평군 옥천면 하사천길4번길 26-11, (용천리)",경기도 양평군 옥천면 용천리 741-1,37.5263335194,127.4817110104,20230523,
양평군,이**,소,9,"경기도 양평군 옥천면 동모루길 31, (옥천리)",경기도 양평군 옥천면 옥천리 465-1,37.5204540253,127.4691736806,20230523,
양평군,이**,소,11,"경기도 양평군 개군면 산수유1길 15, (내리)",경기도 양평군 개군면 내리 239-4,37.4451169359,127.5568652764,20230523,
양평군,이**,소,14,"경기도 양평군 지평면 초왕골3길 15, (무왕리)",경기도 양평군 지평면 무왕리 733,37.4474285877,127.6730768741,20230523,
양평군,이**,소,7,,경기도 양평군 단월면 향소리 1046-20,37.5588016168,127.6662639568,20230523,
양평군,이**,소,13,,경기도 양평군 양동면 단석리 996,37.3896512297,127.7052976131,20230523,
양평군,이**,소,4,,경기도 양평군 용문면 광탄리 492번지,37.5062491315,127.6229128247,20230523,
양평군,이세일목장,소,73,"경기도 양평군 옥천면 하곡길 34, (아신리)",경기도 양평군 옥천면 아신리 244,37.5245547197,127.4434366952,20230523,
양평군,이오농장,소,32,,경기도 양평군 개군면 석장리 724,37.4535620163,127.5214182312,20230523,
양평군,이천목장,사슴,8,"경기도 양평군 청운면 증안골1길28번길 20-3, (갈운리)",경기도 양평군 청운면 갈운리 121-5,37.5341762441,127.7846524107,20230523,
양평군,이철목장,소,39,"경기도 양평군 양서면 목왕로648번길 13, (목왕리)",경기도 양평군 양서면 목왕리 218-10,37.5603671088,127.3837168566,20230523,
양평군,이화사슴목장,사슴,56,"경기도 양평군 서종면 수대울길161번길 96, (문호리)",경기도 양평군 서종면 문호리 1059-75,37.5878131777,127.3665028074,20230523,
양평군,익성목장,소,70,"경기도 양평군 청운면 갈운양지마을1길 35, (갈운리)",경기도 양평군 청운면 갈운리 393-1,37.5434718466,127.7720772488,20230523,
양평군,인도목장,소,40,,경기도 양평군 청운면 여물리 219-7,37.5660753899,127.7047097331,20230523,
양평군,인제농장,소,10,"경기도 양평군 단월면 상가길 31, (삼가리)",경기도 양평군 단월면 삼가리 111,37.5095849438,127.6744649279,20230523,
양평군,일신농장,소,4,,경기도 양평군 지평면 일신리 209-1,37.4052889176,127.6874629870,20230523,
양평군,일신농장,소,15,,경기도 양평군 지평면 일신리 671번지 6호,,,20230523,
양평군,일신농장,소,12,,경기도 양평군 지평면 일신리 657,37.4347552471,127.6867708695,20230523,
양평군,일신농장,소,20,"경기도 양평군 지평면 못저리길 82-1, (일신리)",경기도 양평군 지평면 일신리 374,37.4156204966,127.6952774681,20230523,
양평군,일오삼 목장,소,85,"경기도 양평군 개군면 뒷굴길 51-41, (석장리)",경기도 양평군 개군면 석장리 263,37.4547910284,127.5234161530,20230523,
양평군,일품농장,소,11,,경기도 양평군 지평면 옥현리 1109,37.4369534726,127.6127138560,20230523,
양평군,일호농장,소,2,"경기도 양평군 개군면 앙덕길 93, (앙덕리)",경기도 양평군 개군면 앙덕리 22,37.4425971729,127.5116892344,20230523,
양평군,임**,소,17,,경기도 양평군 양평읍 덕평리 110-2,37.5059929778,127.5020001703,20230523,
양평군,임**,소,153,"경기도 양평군 지평면 곡수시장길 56-10, (곡수리)",경기도 양평군 지평면 곡수리 94,37.4196701204,127.6188002399,20230523,
양평군,임**,소,87,"경기도 양평군 강상면 강남로 701, (병산리)",경기도 양평군 강상면 병산리 1053-3,37.4962129731,127.4583006225,20230523,
양평군,임**,소,22,,경기도 양평군 개군면 계전리 355-3,37.4234551742,127.5657777971,20230523,
양평군,임**,소,69,,경기도 양평군 양평읍 덕평리 113,37.5057496714,127.5020098601,20230523,
양평군,임실 한우 농장,소,52,"경기도 양평군 강하면 임실길 44, (운심리)",경기도 양평군 강하면 운심리 130-1,37.4896454384,127.4028079773,20230523,
양평군,장**,소,6,"경기도 양평군 양평읍 덕평벌말길 114, (덕평리)",경기도 양평군 양평읍 덕평리 650-3,37.5024476567,127.4837307047,20230523,
양평군,장**,소,69,"경기도 양평군 양평읍 한들길 60, (덕평리)",경기도 양평군 양평읍 덕평리 416-2,37.5057110241,127.4871582443,20230523,
양평군,장**,소,6,"경기도 양평군 양동면 양서북로 785, (계정리)",경기도 양평군 양동면 계정리 553,37.4790392494,127.7734721488,20230523,
양평군,장**,소,5,"경기도 양평군 청운면 증골길 32, (갈운리)",경기도 양평군 청운면 갈운리 933-3,37.5441505579,127.7504922362,20230523,
양평군,장구농장,소,26,"경기도 양평군 개군면 분투골길 16, (부리)",경기도 양평군 개군면 부리 274-3,37.4322047544,127.5464904040,20230523,
양평군,장동진농장,소,7,"경기도 양평군 양동면 양서북로 785, 554동 1호 1필지(계정리)",경기도 양평군 양동면 계정리 553번지 외 1필지(554-1),37.4790392494,127.7734721488,20230523,
양평군,장수골 농장,소,96,"경기도 양평군 개군면 황서배길 193-1, (계전리)",경기도 양평군 개군면 계전리 734-8,37.4216118754,127.5684995313,20230523,
양평군,재복농장,소,95,"경기도 양평군 양동면 원양2로 732-17, (삼산리)",경기도 양평군 양동면 삼산리 1379-1,37.4031550259,127.7645072913,20230523,
양평군,재식목장,소,67,"경기도 양평군 단월면 비솔길 31, (향소리)",경기도 양평군 단월면 향소리 508,37.5697384813,127.6575058783,20230523,
양평군,재윤농장,소,59,"경기도 양평군 개군면 소감터길 11-29, (계전리)",경기도 양평군 개군면 계전리 569-1,37.4147252582,127.5686401678,20230523,
양평군,재윤농장,소,31,"경기도 양평군 개군면 추읍로 167-41, (내리)",경기도 양평군 개군면 내리 631,37.4332279066,127.5566189090,20230523,
양평군,재윤농장,소,20,"경기도 양평군 개군면 원두물길 76, (부리)",경기도 양평군 개군면 부리 403-5,37.4348205104,127.5417670884,20230523,
양평군,재현농장,소,10,"경기도 양평군 지평면 못저리길53번길 36-5, (일신리)",경기도 양평군 지평면 일신리 397,37.4170911335,127.6944337123,20230523,
양평군,재현농장,소,7,"경기도 양평군 단월면 명성길 36, (명성리)",경기도 양평군 단월면 명성리 404-3,37.6282960710,127.6459451522,20230523,
양평군,재호농장,소,13,,경기도 양평군 양동면 고송리 107-1,37.4885303747,127.7104850664,20230523,
양평군,전**,소,17,"경기도 양평군 강하면 강남로 20, (왕창리)",경기도 양평군 강하면 왕창리 416-9,37.4865288624,127.3948035075,20230523,
양평군,전**,소,2,경기도 양평군 청운면 비룡점말3길 11,경기도 양평군 청운면 비룡리 779-5,37.5268067104,127.6883350371,20230523,
양평군,전**,소,27,"경기도 양평군 옥천면 동모루길 29, (옥천리)",경기도 양평군 옥천면 옥천리 463,37.5205711224,127.4688680844,20230523,
양평군,정**,소,9,"경기도 양평군 용문면 중원산로371번길 19-43, (중원리)",경기도 양평군 용문면 중원리 181,37.5330117915,127.6153352429,20230523,
양평군,정**,소,102,"경기도 양평군 양평읍 천변길 27, (대흥리)",경기도 양평군 양평읍 대흥리 450,37.4898581718,127.5421483845,20230523,
양평군,정**,소,6,"경기도 양평군 양서면 방죽들길11번길 9, (증동리)",경기도 양평군 양서면 증동리 578-4,37.5279279486,127.4166111948,20230523,
양평군,정**,소,1,"경기도 양평군 개군면 방죽길 45, (하자포리)",경기도 양평군 개군면 하자포리 45-8,37.4441068524,127.5350909561,20230523,
양평군,정규목장,소,8,"경기도 양평군 양서면 청계길57번길 35, (청계리)",경기도 양평군 양서면 청계리 213,37.5289707815,127.4128072335,20230523,
양평군,정만목장,소,19,,경기도 양평군 용문면 화전리 1403,37.4802468603,127.6107704558,20230523,
양평군,정업농장,소,43,"경기도 양평군 양평읍 봉성길68번길 14-8, (봉성리)",경기도 양평군 양평읍 봉성리 399-1,37.4756439324,127.5411451369,20230523,
양평군,제용농장,소,4,"경기도 양평군 단월면 부안새말길 14, (부안리)",경기도 양평군 단월면 부안리 202-5,37.5668083826,127.6709634356,20230523,
양평군,조**,소,28,"경기도 양평군 양평읍 중앙로378번길 98, (도곡리)",경기도 양평군 양평읍 도곡리 326-2,37.4857613210,127.5272490486,20230523,
양평군,조**,소,3,,경기도 양평군 청운면 다대리 138-3,37.5699042390,127.7285950703,20230523,
양평군,조**,소,49,"경기도 양평군 옥천면 하사천길4번길 62, (용천리)",경기도 양평군 옥천면 용천리 761,37.5240173289,127.4838505102,20230523,
양평군,조**,염소,200,"경기도 양평군 지평면 못저리길 102-14, (일신리)",경기도 양평군 지평면 일신리 113번지,37.4156078979,127.6974358813,20230523,
양평군,조산농장,소,21,"경기도 양평군 개군면 내리길 56-22, (내리)",경기도 양평군 개군면 내리 355-4,37.4411397629,127.5610901939,20230523,
양평군,종회농장,소,6,"경기도 양평군 지평면 여양2로 1513-3, (일신리)",경기도 양평군 지평면 일신리 1430-1,37.4304399179,127.6835382368,20230523,
양평군,주**,소,20,,경기도 양평군 양동면 금왕리 1082-8,37.4599733618,127.7378732009,20230523,
양평군,주리목장,소,53,"경기도 양평군 양서면 식곡길32번길 44, (증동리)",경기도 양평군 양서면 증동리 633-5,37.5220498422,127.4148975817,20230523,
양평군,주명농장,소,20,"경기도 양평군 옥천면 하사천길4번길 93, (용천리)",경기도 양평군 옥천면 용천리 771-6,37.5244503739,127.4870192268,20230523,
양평군,주일농장,소,10,,경기도 양평군 개군면 불곡리 198,37.4449474008,127.5398349030,20230523,
양평군,주홍목장,소,46,"경기도 양평군 강하면 사호2길 24-1, (전수리)",경기도 양평군 강하면 전수리 958,37.4917576608,127.4187441875,20230523,
양평군,준민농장,소,24,"경기도 양평군 개군면 개군산로 154, (석장리)",경기도 양평군 개군면 석장리 649,37.4541795043,127.5146646678,20230523,
양평군,준서농장,소,23,,경기도 양평군 개군면 부리 594,37.4313386124,127.5446185657,20230523,
양평군,중원농장,소,12,"경기도 양평군 용문면 중원산로371번길 19-10, (중원리)",경기도 양평군 용문면 중원리 218,37.5351831024,127.6163233219,20230523,
양평군,중원농장,소,17,"경기도 양평군 용문면 중원산로420번길 20, (중원리)",경기도 양평군 용문면 중원리 294-6,37.5393460243,127.6176994389,20230523,
양평군,지**,소,3,,경기도 양평군 강하면 운심리 461,37.4900261804,127.3866056210,20230523,
양평군,지남목장,소,61,"경기도 양평군 개군면 분투골길 16, (부리)",경기도 양평군 개군면 부리 274-5,37.4322047544,127.5464904040,20230523,
양평군,지만농장,소,4,"경기도 양평군 강하면 강하아주길 28, (성덕리)",경기도 양평군 강하면 성덕리 682-4,37.4735397154,127.4169091567,20230523,
양평군,지산농장,소,4,"경기도 양평군 지평면 못저리길 102-18, (일신리)",경기도 양평군 지평면 일신리 117,37.4150391629,127.6979542197,20230523,
양평군,지산농장,소,5,"경기도 양평군 지평면 못저리길 84, (일신리)",경기도 양평군 지평면 일신리 375,37.4159007242,127.6947922609,20230523,
양평군,지연농장,돼지,2072,"경기도 양평군 양평읍 양근로441번길 67, (도곡리)",경기도 양평군 양평읍 도곡리 734-1,37.4810941167,127.5172148193,20230523,
양평군,지은농장,소,7,,경기도 양평군 지평면 옥현리 1861,37.4503664702,127.6287460444,20230523,
양평군,지제목장,소,76,"경기도 양평군 지평면 다루네길 7, (월산리)",경기도 양평군 지평면 월산리 1296-4,37.4957567988,127.6416820941,20230523,
양평군,진**,소,7,"경기도 양평군 양동면 양서북로 639-1, (계정리)",경기도 양평군 양동면 계정리 801,37.4669841017,127.7712343857,20230523,
양평군,진아,소,31,"경기도 양평군 서종면 소나기마을길 15, (수능리)",경기도 양평군 서종면 수능리 300-20,37.5958937341,127.3789831378,20230523,
양평군,진영농장,돼지,1221,"경기도 양평군 개군면 장자터길 21-9, (불곡리)",경기도 양평군 개군면 불곡리 199-1,37.4457906684,127.5405748222,20230523,
양평군,진영농장,소,11,,경기도 양평군 단월면 산음리 736번지 1호,,,20230523,
양평군,진원농장,돼지,824,"경기도 양평군 양동면 더랭이길 53, (고송리)",경기도 양평군 양동면 고송리 1145,37.4868009495,127.6903384956,20230523,
양평군,진원농장,소,14,"경기도 양평군 개군면 황서배길 115, (자연리)",경기도 양평군 개군면 자연리 213-1,37.4241751077,127.5625117708,20230523,
양평군,진하목장,소,29,,경기도 양평군 개군면 계전리 146,37.4153102790,127.5770014534,20230523,
양평군,진흥축산,소,19,,경기도 양평군 양동면 고송리 571-5,37.5020528243,127.7031261743,20230523,
양평군,차돌목장,소,50,"경기도 양평군 양평읍 경강로 1885, (덕평리)",경기도 양평군 양평읍 덕평리 384-12,37.5050893170,127.4895456587,20230523,
양평군,창표농장,소,27,"경기도 양평군 양동면 고송길 128, (고송리)",경기도 양평군 양동면 고송리 1215-2,37.4817993248,127.6897376497,20230523,
양평군,채**,소,3,"경기도 양평군 청운면 정지골길 35-4, (삼성리)",경기도 양평군 청운면 삼성리 201,37.5802748995,127.7471475804,20230523,
양평군,채**,소,2,"경기도 양평군 지평면 지평로 366-41, (지평리)",경기도 양평군 지평면 지평리 421,37.4800012917,127.6335992912,20230523,
양평군,천우농장,소,25,"경기도 양평군 개군면 석장길 97, (석장리)",경기도 양평군 개군면 석장리 370-1,37.4537650694,127.5129799154,20230523,
양평군,천현농장,소,94,"경기도 양평군 양동면 양동로 551, (고송리)",경기도 양평군 양동면 고송리 592-1,37.5007150329,127.7029771353,20230523,
양평군,천화농장,소,21,"경기도 양평군 양서면 목왕로 621, (목왕리)",경기도 양평군 양서면 목왕리 352-7,37.5604083338,127.3798784281,20230523,
양평군,청두목장,소,88,"경기도 양평군 개군면 추읍로77번길 52-9, (부리)",경기도 양평군 개군면 부리 142-1,37.4327979199,127.5507295325,20230523,
양평군,청두목장,소,27,,경기도 양평군 개군면 부리 164-1,37.4305626334,127.5526685990,20230523,
양평군,청송농장,소,20,"경기도 양평군 개군면 미름물길 45, (계전리)",경기도 양평군 개군면 계전리 313,37.4253001328,127.5656434256,20230523,
양평군,청송목장,소,21,,경기도 양평군 용문면 삼성리 442-3,37.4741972741,127.5698886800,20230523,
양평군,청우농장,소,91,"경기도 양평군 양평읍 잿말길10번길 69-9, (덕평리)",경기도 양평군 양평읍 덕평리 119,37.5062615205,127.5028625822,20230523,
양평군,청주목장,소,54,"경기도 양평군 양동면 계정논골길 44, (계정리)",경기도 양평군 양동면 계정리 315-3,37.4772878962,127.7784874194,20230523,
양평군,청한농장,소,65,"경기도 양평군 지평면 금의길134번길 8, (월산리)",경기도 양평군 지평면 월산리 507,37.4739435240,127.6561171300,20230523,
양평군,청한목장,소,55,"경기도 양평군 지평면 금의길180번길 25, (월산리)",경기도 양평군 지평면 월산리 364,37.4742453657,127.6595784933,20230523,
양평군,초우네농장(피그랜드5단지),돼지,1576,"경기도 양평군 양동면 계정샛담길 238-43, (계정리)",경기도 양평군 양동면 계정리 446-11,37.4871290664,127.7553240318,20230523,
양평군,초천목장,소,78,"경기도 양평군 지평면 초천길 24, (무왕리)",경기도 양평군 지평면 무왕리 648-1,37.4538059499,127.6698692120,20230523,
양평군,최**,돼지,500,,경기도 양평군 개군면 불곡리 192번지 2호,37.4446703783,127.5413132676,20230523,
양평군,최**,소,12,"경기도 양평군 양동면 고송길 45-33, (고송리)",경기도 양평군 양동면 고송리 853-2,37.4824241113,127.6989688586,20230523,
양평군,최**,소,21,"경기도 양평군 지평면 오종개안길 21-10, (수곡리)",경기도 양평군 지평면 수곡리 878,37.4229649566,127.5933536070,20230523,
양평군,최**,소,4,"경기도 양평군 양동면 양동로 1619-50, (석곡리)",경기도 양평군 양동면 석곡리 314,37.4357529826,127.7501644341,20230523,
양평군,최**,소,68,"경기도 양평군 양평읍 원덕흑천길 59, (봉성리)",경기도 양평군 양평읍 봉성리 137-2,37.4705728926,127.5543513276,20230523,
양평군,최**,소,13,"경기도 양평군 지평면 오종개길40번길 20, (수곡리)",경기도 양평군 지평면 수곡리 307,37.4215297037,127.5959286054,20230523,
양평군,최**,소,14,"경기도 양평군 지평면 구둔영화체험길 16, (일신리)",경기도 양평군 지평면 일신리 1818-4,37.4341863436,127.6856498463,20230523,
양평군,최**,소,10,"경기도 양평군 청운면 버덩길 31, (갈운리)",경기도 양평군 청운면 갈운리 215,37.5375941218,127.7763345231,20230523,
양평군,최**,소,46,"경기도 양평군 청운면 새목골길 3-4, (갈운리)",경기도 양평군 청운면 갈운리 580,37.5382246460,127.7687076910,20230523,
양평군,최**,소,3,"경기도 양평군 단월면 석산로 75, (향소리)",경기도 양평군 단월면 향소리 98-3,37.5595530237,127.6642213075,20230523,
양평군,최**,소,4,"경기도 양평군 단월면 섬이길 270-4, (석산리)",경기도 양평군 단월면 석산리 327-2,37.6286621982,127.5849632351,20230523,
양평군,최**,소,5,"경기도 양평군 강상면 강상로353번길 92-5, (신화리)",경기도 양평군 강상면 신화리 128,37.4707095996,127.4783431588,20230523,
양평군,최**,소,26,"경기도 양평군 강상면 강남로 1760-10, (대석리)",경기도 양평군 강상면 대석리 223-1,37.4312739547,127.4756417723,20230523,
양평군,최**,소,6,"경기도 양평군 옥천면 웃새말길 30, (신복리)",경기도 양평군 옥천면 신복리 216-6,37.5560077228,127.4538744102,20230523,
양평군,춘자농장,소,5,"경기도 양평군 단월면 양동로 92-6, 3호 193-6(삼가리)","경기도 양평군 단월면 삼가리 193번지 3호 ,193-6",37.5173444615,127.6691078475,20230523,
양평군,칠읍,소,31,,경기도 양평군 개군면 내리 76,37.4392805729,127.5668341647,20230523,
양평군,탑산이골목장,소,15,,경기도 양평군 지평면 지평리 214,37.4757475993,127.6438010480,20230523,
양평군,태산농장,돼지,1375,"경기도 양평군 지평면 거문골길 65, (일신리)",경기도 양평군 지평면 일신리 1551,37.4178558535,127.6781960036,20230523,
양평군,태솔농장,소,23,"경기도 양평군 단월면 보산정길 55, (보룡리)",경기도 양평군 단월면 보룡리 17,37.5419250684,127.6749590911,20230523,
양평군,터골한우,소,4,,"경기도 양평군 단월면 봉상리 212-1, 213-1",37.5233580029,127.6482691495,20230523,
양평군,털보농장,돼지,1997,"경기도 양평군 양동면 양서동로 337, (계정리)",경기도 양평군 양동면 계정리 16-4,37.4592785420,127.7933915018,20230523,
양평군,토비농장,소,37,"경기도 양평군 용문면 용문로 728-24, (광탄리)",경기도 양평군 용문면 광탄리 480-1,37.5030515583,127.6231862716,20230523,
양평군,통로농장,소,47,"경기도 양평군 지평면 밤벌길 83-47, (수곡리)",경기도 양평군 지평면 수곡리 585-3,37.4378906112,127.5947964637,20230523,
양평군,팔팔축산,소,93,,경기도 양평군 양동면 단석리 1082,37.3847058813,127.7126585311,20230523,
양평군,평우농장,소,40,"경기도 양평군 지평면 월산평장길 33, (월산리)",경기도 양평군 지평면 월산리 683-1,37.4854333284,127.6581091981,20230523,
양평군,푸른목장,산양,38,,경기도 양평군 양평읍 원덕리 6번지 5호,,,20230523,
양평군,풍년목장,소,61,"경기도 양평군 서종면 퉁점골길 32-5, (정배리)",경기도 양평군 서종면 정배리 545-1,37.6015284534,127.4107740631,20230523,
양평군,풍년한우,소,38,"경기도 양평군 서종면 퉁점골길 32-11, (정배리)",경기도 양평군 서종면 정배리 542,37.6012484155,127.4099587241,20230523,
양평군,풍천사슴농장,사슴,25,,경기도 양평군 양동면 단석리 316,37.3809014546,127.7337362017,20230523,
양평군,피그랜드 11단지,돼지,1989,,"경기도 양평군 양동면 계정리 445번지 3호 , 446-21, 446-22, 446-5",37.4855610130,127.7564853450,20230523,
양평군,피그랜드 1단지,돼지,2356,"경기도 양평군 양동면 계정샛담길 218-33, 432동 431-1호 9필지 -2  430  -2 -3 433-1 1902(계정리)","경기도 양평군 양동면 계정리 432번지 외 9필지(432-2,433-2,-3,430,431-1,-2,-3,433-1,1902)",37.4863531209,127.7598120165,20230523,
양평군,"피그랜드 1단지, 6단지",돼지,3454,"경기도 양평군 양동면 계정샛담길 262, (계정리)",경기도 양평군 양동면 계정리 444-4,37.4851731644,127.7552947529,20230523,
양평군,피그랜드 4단지,돼지,2786,"경기도 양평군 양동면 계정샛담길 163, (계정리)",경기도 양평군 양동면 계정리 469-2,37.4802457932,127.7621095173,20230523,
양평군,피그랜드 5단지,돼지,1670,,경기도 양평군 양동면 계정리 446번지 11호,,,20230523,
양평군,피그랜드10단지,돼지,2938,"경기도 양평군 양동면 계정샛담길 293, (계정리)",경기도 양평군 양동면 계정리 452-1,37.4863331268,127.7524029825,20230523,
양평군,피그랜드7단지,돼지,1969,"경기도 양평군 양동면 계정샛담길 249, (계정리)",경기도 양평군 양동면 계정리 457,37.4849002824,127.7564362537,20230523,
양평군,피그랜드8단지,돼지,2471,"경기도 양평군 양동면 계정샛담길 266-16, (계정리)",경기도 양평군 양동면 계정리 447-1,37.4864069754,127.7557853420,20230523,
양평군,피카소 목장,소,47,"경기도 양평군 개군면 추읍로 100-2, (부리)",경기도 양평군 개군면 부리 212-1,37.4277059349,127.5488385625,20230523,
양평군,하**,소,2,"경기도 양평군 양평읍 원덕흑천길 186, (원덕리)",경기도 양평군 양평읍 원덕리 365-13,37.4689106579,127.5412432254,20230523,
양평군,하곡목장,소,97,"경기도 양평군 옥천면 하곡길 14-1, (아신리)",경기도 양평군 옥천면 아신리 236-1,37.5251138180,127.4439681851,20230523,
양평군,하늘농장,소,110,"경기도 양평군 옥천면 동모루길 118-41, (옥천리)",경기도 양평군 옥천면 옥천리 29,37.5186894018,127.4784085141,20230523,
양평군,하늘농장,소,187,"경기도 양평군 옥천면 하사천길4번길 52, (용천리)",경기도 양평군 옥천면 용천리 753-5,37.5230706704,127.4822663384,20230523,
양평군,학곡농장,소,29,"경기도 양평군 강상면 분토골길 18-8, (송학리)",경기도 양평군 강상면 송학리 573,37.4725440360,127.4612768241,20230523,
양평군,한**,소,13,"경기도 양평군 양동면 양서북로 742-1, (계정리)",경기도 양평군 양동면 계정리 558-3,37.4747920356,127.7742370386,20230523,
양평군,한**,소,3,"경기도 양평군 강하면 왕창로 36-3, (왕창리)",경기도 양평군 강하면 왕창리 688,37.4811249766,127.3896647445,20230523,
양평군,한**,소,30,"경기도 양평군 옥천면 옥천돌고갯길 26-25, (옥천리)",경기도 양평군 옥천면 옥천리 354,37.5163079418,127.4699109228,20230523,
양평군,한**,소,15,"경기도 양평군 옥천면 하사천길4번길 60, (용천리)",경기도 양평군 옥천면 용천리 761-1,37.5240172437,127.4832393861,20230523,
양평군,한**,소,25,,경기도 양평군 개군면 향리 201,37.4285886918,127.5699964541,20230523,
양평군,한**,소,69,"경기도 양평군 양서면 청계길 84, (청계리)",경기도 양평군 양서면 청계리 123-1,37.5285121150,127.4142111732,20230523,
양평군,한**,소,31,,경기도 양평군 양평읍 도곡리 825-7,37.4860787751,127.5131177161,20230523,
양평군,한**,소,25,"경기도 양평군 개군면 조산길 53, (내리)",경기도 양평군 개군면 내리 466,37.4367233715,127.5604083668,20230523,
양평군,한**,소,116,"경기도 양평군 개군면 소감터길 47-49, (계전리)",경기도 양평군 개군면 계전리 538,37.4124916636,127.5654175409,20230523,
양평군,한나농장,돼지,1032,"경기도 양평군 청운면 목내미길 53, (가현리)",경기도 양평군 청운면 가현리 529-1,37.5405822652,127.7029832842,20230523,
양평군,한다루농장,소,10,"경기도 양평군 강하면 운포1길 40, (운심리)",경기도 양평군 강하면 운심리 468,37.4901553467,127.3882374636,20230523,
양평군,한라목장,소,5,,경기도 양평군 지평면 월산리 467-5,37.4770832662,127.6581813083,20230523,
양평군,한목장,소,23,,"경기도 양평군 지평면 일신리 109번지 ,116번지",37.4153991389,127.6965464908,20230523,
양평군,한빛농장,소,49,,경기도 양평군 개군면 석장리 723,37.4538589871,127.5214993933,20230523,
양평군,한수농장,소,4,"경기도 양평군 양동면 고송길 175, (고송리)",경기도 양평군 양동면 고송리 1276,37.4800669403,127.6851638411,20230523,
양평군,한우농장,소,47,,경기도 양평군 용문면 조현리 213,37.5193316351,127.6124673811,20230523,
양평군,한우농장,소,24,"경기도 양평군 양평읍 봉성길68번길 6, (봉성리)",경기도 양평군 양평읍 봉성리 417-1,37.4764277413,127.5422313202,20230523,
양평군,한우농장,소,16,"경기도 양평군 지평면 말미4길 34, (지평리)",경기도 양평군 지평면 지평리 754-4,37.4648550858,127.6363880727,20230523,
양평군,한우리,소,25,"경기도 양평군 양동면 황거길 25, (매월리)",경기도 양평군 양동면 매월리 220,37.4476383337,127.7251395517,20230523,
양평군,한우리농장,소,40,"경기도 양평군 양평읍 도곡로72번길 17, (도곡리)",경기도 양평군 양평읍 도곡리 297-1,37.4827949975,127.5305959955,20230523,
양평군,한일농장,돼지,985,"경기도 양평군 개군면 감상골길 43, (계전리)",경기도 양평군 개군면 계전리 23,37.4270396632,127.5804399131,20230523,
양평군,한희농장,소,66,"경기도 양평군 강상면 송학길 151-5, (송학리)",경기도 양평군 강상면 송학리 695-1,37.4775849305,127.4688293747,20230523,
양평군,항진농장,소,12,"경기도 양평군 양평읍 잿말길 28, (덕평리)",경기도 양평군 양평읍 덕평리 313-1,37.5061443599,127.4979521217,20230523,
양평군,해뜨는농원,사슴,60,"경기도 양평군 강하면 왕창창촌길 39, (왕창리)",경기도 양평군 강하면 왕창리 713,37.4822573954,127.3861793510,20230523,
양평군,해뜰목장,소,31,"경기도 양평군 개군면 황서배길 56, (자연리)",경기도 양평군 개군면 자연리 177-1,37.4261967956,127.5573821751,20230523,
양평군,행운목장,소,83,"경기도 양평군 용문면 상망길 48, (망능리)",경기도 양평군 용문면 망능리 453-4,37.5399420641,127.6335703325,20230523,
양평군,향소,소,31,"경기도 양평군 단월면 석산로 346-10, (향소리)",경기도 양평군 단월면 향소리 882-2,37.5781975221,127.6471610473,20230523,
양평군,향소농장,소,9,"경기도 양평군 단월면 석산로 459, (향소리)",경기도 양평군 단월면 향소리 952-8,37.5833493617,127.6353580864,20230523,
양평군,허**,소,2,"경기도 양평군 단월면 석산로 12-1, (향소리)",경기도 양평군 단월면 향소리 79-8,37.5549513929,127.6675737770,20230523,
양평군,현구목장,소,24,"경기도 양평군 서종면 화서로 1481-17, (정배리)",경기도 양평군 서종면 정배리 372,37.6080247370,127.4199208031,20230523,
양평군,현동농장,소,173,"경기도 양평군 지평면 청가산길 42, (옥현리)",경기도 양평군 지평면 옥현리 739-3,37.4339776765,127.6249267589,20230523,
양평군,현동농장,소,17,,경기도 양평군 지평면 옥현리 734-2,37.4335095261,127.6200752121,20230523,
양평군,현아농장,소,100,"경기도 양평군 청운면 비룡밤골길 53-16, (비룡리)",경기도 양평군 청운면 비룡리 706,37.5303825617,127.6899285561,20230523,
양평군,협성사슴농장,사슴,0,"경기도 양평군 양평읍 대흥로 106-31, (대흥리)",경기도 양평군 양평읍 대흥리 553-1번지,37.4843514387,127.5403468216,20230523,
양평군,형길농장,소,8,,경기도 양평군 양동면 금왕리 611,37.4757272776,127.7327367565,20230523,
양평군,형씨농장,소,79,"경기도 양평군 강상면 백석길 105, (대석리)",경기도 양평군 강상면 대석리 339,37.4300280035,127.4671649647,20230523,
양평군,형우농장,소,37,"경기도 양평군 양동면 도소리길 17, (삼산리)",경기도 양평군 양동면 삼산리 629-7,37.4028972023,127.7708902295,20230523,
양평군,호박종돈,돼지,3741,"경기도 양평군 양동면 양서동로 203, (계정리)",경기도 양평군 양동면 계정리 37,37.4509780253,127.7855805084,20230523,
양평군,호안농장,소,32,,경기도 양평군 서종면 정배리 537-1,37.5982580659,127.4090378880,20230523,
양평군,호재농장,소,16,"경기도 양평군 개군면 계전길 56, (계전리)",경기도 양평군 개군면 계전리 305-1,37.4250888212,127.5724810746,20230523,
양평군,호호팜,소,42,,경기도 양평군 단월면 보룡리 137-4,37.5276652749,127.6676511135,20230523,
양평군,홍**,소,23,"경기도 양평군 지평면 송정길 67, (송현리)",경기도 양평군 지평면 송현리 616,37.4942194891,127.6303552702,20230523,
양평군,화곡농장,소,56,,경기도 양평군 양동면 쌍학리 524,37.4124027549,127.7448744016,20230523,
양평군,화전농장,소,38,,경기도 양평군 용문면 화전리 1367-1,37.4821711981,127.6079934759,20230523,
양평군,화전농장,소,17,"경기도 양평군 용문면 동촌길111번길 3, (화전리)",경기도 양평군 용문면 화전리 561,37.4590983938,127.6166802733,20230523,
양평군,화전농장,소,42,"경기도 양평군 용문면 화전로266번길 6, (화전리)",경기도 양평군 용문면 화전리 345-1,37.4656695132,127.6070331908,20230523,
양평군,황**,소,5,"경기도 양평군 지평면 지평로 920, (옥현리)",경기도 양평군 지평면 옥현리 792-1,37.4318386975,127.6188194683,20230523,
양평군,황**,소,14,,경기도 양평군 개군면 부리 164-1,37.4305626334,127.5526685990,20230523,
양평군,황**,소,53,"경기도 양평군 개군면 내리길 71, (내리)",경기도 양평군 개군면 내리 327,37.4405249090,127.5646958378,20230523,
양평군,황금농장,소,68,"경기도 양평군 지평면 금의길134번길 23, (월산리)",경기도 양평군 지평면 월산리 382,37.4744730922,127.6578033660,20230523,
양평군,황우촌,소,19,,경기도 양평군 양동면 단석리 222-2,37.3942124653,127.7490653127,20230523,
양평군,황우축산,소,41,"경기도 양평군 단월면 양동로 42, (삼가리)",경기도 양평군 단월면 삼가리 279-7,37.5173784946,127.6641514733,20230523,
양평군,황우축산,소,250,"경기도 양평군 단월면 양동로 18-39, (삼가리)",경기도 양평군 단월면 삼가리 345,37.5143104306,127.6600824401,20230523,
양평군,황우축산,소,47,"경기도 양평군 단월면 양동로 30, (삼가리)",경기도 양평군 단월면 삼가리 283,37.5164160119,127.6627235549,20230523,
양평군,황정농장,소,12,,경기도 양평군 청운면 용두리 490-2,37.5538292442,127.7170658871,20230523,
양평군,회현농장,소,11,"경기도 양평군 양평읍 충신로164번길 5, (회현리)",경기도 양평군 양평읍 회현리 274-1,37.4615531403,127.5109345692,20230523,
양평군,흑염소 마을,염소,75,"경기도 양평군 개군면 내리길 56-8, (내리)",경기도 양평군 개군면 내리 323,37.4408413604,127.5628986831,20230523,
양평군,희망농장,소,15,"경기도 양평군 개군면 돌담3길 14, (석장리)",경기도 양평군 개군면 석장리 141,37.4543961176,127.5121659482,20230523,
양평군,희망농장,소,51,"경기도 양평군 용문면 은고갯길 81, (광탄리)",경기도 양평군 용문면 광탄리 404-3,37.5134393717,127.6278200705,20230523,
여주시,JK농장,소,130,경기도 여주시 가남읍 신해1길 127,경기도 여주시 가남읍 신해리 275-2,37.2322671278,127.5460178858,20250627,
여주시,OK목장,소,106,경기도 여주시 대신면 후포1길 114-182,경기도 여주시 대신면 하림리 587-2,37.3586501205,127.6323562972,20250627,
여주시,가나안농장,돼지,950,경기도 여주시 가남읍 금당3길 58,경기도 여주시 가남읍 금당리 23,37.2057879554,127.6180133797,20250627,
여주시,가나안목장,소,100,경기도 여주시 세종대왕면 여술길 170,경기도 여주시 세종대왕면 매류리 320-2,37.2736156336,127.5631991934,20250627,
여주시,가남농장,돼지,500,경기도 여주시 가남읍 설가로 708-70,경기도 여주시 가남읍 대신리 345-1,37.1906089577,127.5304213737,20250627,
여주시,가남농장,소,7,,경기도 여주시 가남읍 연대리 755-8,37.1953704064,127.5921995196,20250627,
여주시,가람목장,소,74,경기도 여주시 흥천면 안시랏길 94-26,경기도 여주시 흥천면 내사리 60-3,37.3606619554,127.4931567528,20250627,
여주시,가래뜰농장,소,26,경기도 여주시 여양로 571-53,경기도 여주시 오금동 334-2,37.3276643686,127.6443232080,20250627,
여주시,가래울목장,소,18,경기도 여주시 점동면 점동로 144,경기도 여주시 점동면 사곡리 375-2,37.2045981584,127.6760593487,20250627,
여주시,가야농장,염소,150,경기도 여주시 강천면 긴등길 147-10,경기도 여주시 강천면 가야리 39,37.2641372672,127.7034118909,20250627,
여주시,가원목장,소,70,경기도 여주시 세종대왕면 광대2길 89,경기도 여주시 세종대왕면 광대리 185-6,37.2559978146,127.5847007846,20250627,
여주시,가은농장,소,4,경기도 여주시 북내면 덕산길 100-15,경기도 여주시 북내면 덕산리 197,37.3541814359,127.6786777027,20250627,
여주시,가정농장,소,6,경기도 여주시 북내면 가정2길 10-10,경기도 여주시 북내면 가정리 220-9,37.3019166486,127.6858884086,20250627,
여주시,가정농장,소,15,경기도 여주시 북내면 여강로 3,경기도 여주시 북내면 가정리 367-5,37.3023826518,127.6818386706,20250627,
여주시,가현농장,돼지,800,경기도 여주시 가남읍 연삼로 261,경기도 여주시 가남읍 연대리 100-4,37.1797102611,127.6178263486,20250627,
여주시,강골목장,소,71,경기도 여주시 장여로 1451-42,경기도 여주시 삼교동 382,37.2262024462,127.6586823601,20250627,
여주시,강부농장,소,52,경기도 여주시 북내면 여강로 561,경기도 여주시 북내면 장암리 316,37.3474278888,127.6859215149,20250627,
여주시,강천농장,소,27,경기도 여주시 강천면 강천로 277-31,경기도 여주시 강천면 강천리 245,37.2373958381,127.7168463920,20250627,
여주시,강화농장,소,34,경기도 여주시 금사면 윗가마실길 10,경기도 여주시 금사면 도곡리 195-4,37.3794559368,127.5054556868,20250627,
여주시,거목농장,돼지,500,경기도 여주시 대신면 파사성2길 31,경기도 여주시 대신면 천서리 329-3,37.4087380093,127.5554365995,20250627,
여주시,거성농장,돼지,600,경기도 여주시 점동면 장여로 1407-20,경기도 여주시 점동면 처리 683,37.2251795569,127.6618590037,20250627,
여주시,거성농장,소,21,경기도 여주시 점동면 원부로 163,경기도 여주시 점동면 원부리 547-4,37.1548650198,127.6442643940,20250627,
여주시,거성목장,소,4,,경기도 여주시 흥천면 신근리 248-37,37.3180250087,127.5570767968,20250627,
여주시,거창목장,소,270,경기도 여주시 가남읍 삼정길 170,경기도 여주시 가남읍 송림리 64,37.1812939019,127.6447990681,20250627,
여주시,건우농장,소,6,경기도 여주시 북내면 도예로 385-18,경기도 여주시 북내면 신남리 131-2,37.3249849867,127.6728972356,20250627,
여주시,검한목장,소,31,경기도 여주시 금사면 발림길 16,경기도 여주시 금사면 궁리 116-1,37.3852140561,127.5209432194,20250627,
여주시,경만축산,소,40,경기도 여주시 금사면 소유실길 194-43,경기도 여주시 금사면 소유리 251-1,37.4172413514,127.4875689009,20250627,
여주시,경미농장,소,87,경기도 여주시 가남읍 일신로 156-49,경기도 여주시 가남읍 신해리 15-1,37.2161752975,127.5501670957,20250627,
여주시,경인목장,소,154,경기도 여주시 가남읍 금당5길 149,경기도 여주시 가남읍 금당리 5-37,37.2135197553,127.6203020750,20250627,
여주시,경화농장,돼지,1000,경기도 여주시 세종대왕면 매화1길 75-5,경기도 여주시 세종대왕면 매화리 207-2,37.2706876681,127.5385181084,20250627,
여주시,경희농장,소,8,경기도 여주시 강천면 원양1로 461-12,경기도 여주시 강천면 도전리 1083-2,37.3177470088,127.7571200499,20250627,
여주시,고성농장,소,22,경기도 여주시 가남읍 건은로 86,경기도 여주시 가남읍 대신리 109,37.1902982005,127.5440319271,20250627,
여주시,고성목장,소,42,경기도 여주시 흥천면 늪말길 58,경기도 여주시 흥천면 복대리 397-3,37.3632727762,127.5283678669,20250627,
여주시,고세환농장,돼지,329,경기도 여주시 강천면 강천로 515-11,경기도 여주시 강천면 굴암리 193-1,37.2467494887,127.6924617379,20250627,
여주시,고센목장,소,158,경기도 여주시 북내면 선돌로 190-20,경기도 여주시 북내면 덕산리 85,37.3577360473,127.6882731077,20250627,
여주시,고은목장,소,142,경기도 여주시 점동면 청안리길 84-1,경기도 여주시 점동면 청안리 453,37.2056666559,127.6531173529,20250627,
여주시,관우농장,소,11,경기도 여주시 세종대왕면 중부대로 2545-49,경기도 여주시 세종대왕면 번도리 469,37.3001765214,127.5831818968,20250627,
여주시,광구농장,소,2,경기도 여주시 금사면 소유실길 194-22,경기도 여주시 금사면 소유리 176,37.4190172032,127.4889247627,20250627,
여주시,광명목장,소,278,경기도 여주시 점동면 성주로 509-65,경기도 여주시 점동면 관한리 724,37.1606727899,127.6494112256,20250627,
여주시,광안목장,소,120,경기도 여주시 가남읍 가남로 112,경기도 여주시 가남읍 삼군리 427-7,37.2207448432,127.5692417429,20250627,
여주시,광정목장,소,36,경기도 여주시 대신면 천서2길 37,경기도 여주시 대신면 천서리 180,37.3973268040,127.5548293977,20250627,
여주시,광진축산,소,133,경기도 여주시 북내면 여양2로 769,경기도 여주시 북내면 외룡리 20-5,37.3700285603,127.6657837320,20250627,
여주시,광현농장,소,70,경기도 여주시 점동면 성주로 990-9,경기도 여주시 점동면 당진리 296-1,37.1848304618,127.6876289991,20250627,
여주시,광현목장,소,4,경기도 여주시 대신면 상구2길 25,경기도 여주시 대신면 상구리 354-1,37.3731668634,127.6440037393,20250627,
여주시,교훈이네 염소농장,염소,0,경기도 여주시 세종대왕면 여술길 5-1,경기도 여주시 세종대왕면 광대리 386-1,37.2620303032,127.5673961285,20250627,
여주시,구림목장,소,63,경기도 여주시 흥천면 청당길 108-15,경기도 여주시 흥천면 대당리 360-13,37.3192818531,127.5390620646,20250627,
여주시,구춘목장,소,44,경기도 여주시 흥천면 신근안터길 24-11,경기도 여주시 흥천면 신근리 706,37.3036192989,127.5527640238,20250627,
여주시,구터목장,소,23,경기도 여주시 흥천면 시광길 37-27,경기도 여주시 흥천면 신근리 858-1,37.3042265511,127.5642855056,20250627,
여주시,규림목장,소,2,,경기도 여주시 점동면 처리 산 53,,,20250627,
여주시,규성농장,소,24,경기도 여주시 흥천면 청당길 93-75,경기도 여주시 흥천면 대당리 43-9,37.3153207878,127.5495896200,20250627,
여주시,규원농장,소,128,경기도 여주시 세종대왕면 부능로 81-46,경기도 여주시 세종대왕면 용은리 509,37.2822882686,127.5398100327,20250627,
여주시,그랑프리목장,소,37,경기도 여주시 대신면 여양1로 111,경기도 여주시 대신면 천서리 26,37.4084760305,127.5566567750,20250627,
여주시,그린축산농원,소,41,,경기도 여주시 금사면 상호리 51,37.4035612339,127.4871106705,20250627,
여주시,근성농장,소,5,경기도 여주시 북내면 외룡길 83-26,경기도 여주시 북내면 외룡리 247-4,37.3663312056,127.6732405169,20250627,
여주시,금강목장,소,4,경기도 여주시 세종대왕면 안양동1길 112,경기도 여주시 세종대왕면 구양리 478-1,37.3136124639,127.5755112778,20250627,
여주시,금곡농장,소,40,경기도 여주시 가남읍 가남로 950-20,경기도 여주시 가남읍 금곡리 189-1,37.2010452349,127.6360359284,20250627,
여주시,금곡목장,소,103,경기도 여주시 점동면 장여로 643-22,경기도 여주시 점동면 덕평리 572-9,37.1667742220,127.6430480297,20250627,
여주시,금곡목장,소,65,경기도 여주시 가남읍 가남로 866-43,경기도 여주시 가남읍 금곡리 210-6,37.1981545928,127.6334953789,20250627,
여주시,금당목장,소,90,,경기도 여주시 가남읍 금당리 112-5,37.2011029828,127.6236652235,20250627,
여주시,금송농장,소,60,경기도 여주시 산북면 송현길 92-20,경기도 여주시 산북면 송현리 230-2,37.3846830951,127.4513362661,20250627,
여주시,금용정농장,소,16,경기도 여주시 세종대왕면 안양동1길 142,경기도 여주시 세종대왕면 구양리 459-19,37.3154429593,127.5744635325,20250627,
여주시,금인목장,소,20,경기도 여주시 금사면 점뜰길 16-8,경기도 여주시 금사면 금사리 279-1,37.4130857138,127.5148374591,20250627,
여주시,기대축산영농조합법인,돼지,3440,경기도 여주시 점동면 송삼로 72-43,경기도 여주시 점동면 원부리 162-3,37.1669541539,127.6356819464,20250627,
여주시,기도목장,소,75,경기도 여주시 가남읍 양화로 83-1,경기도 여주시 가남읍 삼군리 90-1,37.2305774592,127.5554411769,20250627,
여주시,기동목장,소,69,경기도 여주시 흥천면 안시랏길 67,경기도 여주시 흥천면 내사리 214-6,37.3620589340,127.4906383434,20250627,
여주시,기쁨목장,소,27,경기도 여주시 대신면 후포1길 204-10,경기도 여주시 대신면 후포리 165-3,37.3676132987,127.6207622487,20250627,
여주시,기승농장,돼지,3844,경기도 여주시 가남읍 설가로 708-48,경기도 여주시 가남읍 대신리 419-21,37.1907084830,127.5289454132,20250627,
여주시,기언농장2,돼지,2500,경기도 여주시 북내면 당전로 201-24,경기도 여주시 북내면 중암리 750-1,37.3347128821,127.7002831821,20250627,
여주시,기원농장,돼지,456,경기도 여주시 흥천면 능북로 214-5,경기도 여주시 흥천면 율극리 266-14,37.3420484503,127.5653338084,20250627,
여주시,기준농장,돼지,800,경기도 여주시 흥천면 가막지길 28-2,경기도 여주시 흥천면 율극리 150,37.3283892438,127.5707626525,20250627,
여주시,길목농장,돼지,5600,경기도 여주시 세종대왕면 부능로 46,경기도 여주시 세종대왕면 용은리 585-4,37.2772511191,127.5344606292,20250627,
여주시,김성대목장,소,32,경기도 여주시 대신면 여양1로 510-42,경기도 여주시 대신면 계림리 180-6,37.4111783875,127.6001303457,20250627,
여주시,김재기목장,소,40,경기도 여주시 가남읍 설가로 710,경기도 여주시 가남읍 대신리 417,37.1945037984,127.5274144490,20250627,
여주시,김정기농장,돼지,1000,경기도 여주시 점동면 성주로 784-39,경기도 여주시 점동면 당진리 136,37.1764266011,127.6776724472,20250627,
여주시,김포목장,소,60,경기도 여주시 가남읍 금당5길 70-36,경기도 여주시 가남읍 금당리 42,37.2091485163,127.6283193135,20250627,
여주시,까망목장,소,26,경기도 여주시 주내로 737-30,경기도 여주시 멱곡동 381-1,37.2486486173,127.6644349652,20250627,
여주시,꿀꿀이농장,돼지,4000,경기도 여주시 점동면 청안리길 84-40,경기도 여주시 점동면 청안리 472-1,37.2058035641,127.6517991083,20250627,
여주시,꿀벌농장,소,8,경기도 여주시 세종대왕면 새미실3길 18-7,경기도 여주시 세종대왕면 신지리 215-2,37.2901696675,127.5850662535,20250627,
여주시,꿈앤들농장,염소,0,경기도 여주시 가남읍 금당4길 20-1,경기도 여주시 가남읍 금당리 산 17-1,37.2031784096,127.6224155058,20250627,
여주시,나량목장,소,5,,경기도 여주시 흥천면 하다리 296,37.3414067537,127.5347416438,20250627,
여주시,나이테농장,돼지,2200,경기도 여주시 강천면 적금리길 72-42,경기도 여주시 강천면 적금리 170-5,37.2574079258,127.7062356207,20250627,
여주시,낙원목장,소,60,경기도 여주시 점동면 성주로 1034,경기도 여주시 점동면 현수리 495-1,37.1878820905,127.6902391662,20250627,
여주시,남상복목장,소,162,경기도 여주시 점동면 청안로 243-23,경기도 여주시 점동면 처리 607-11,37.2144514214,127.6628617160,20250627,
여주시,남양농장,돼지,1800,경기도 여주시 점동면 성주로 784-49,경기도 여주시 점동면 당진리 132,37.1759850782,127.6775587635,20250627,
여주시,남한강농장,돼지,2800,경기도 여주시 가남읍 가남로 700-116,경기도 여주시 가남읍 연대리 40,37.1892674362,127.6156103380,20250627,
여주시,남한강농장2,돼지,700,경기도 여주시 가남읍 가남로 700-116,경기도 여주시 가남읍 연대리 40-1,37.1892674362,127.6156103380,20250627,
여주시,내구목장,소,40,경기도 여주시 세종대왕면 중부대로2234번길 53-38,경기도 여주시 세종대왕면 용은리 58-6,37.2918543044,127.5565692049,20250627,
여주시,내양농장,소,23,경기도 여주시 세종대왕면 내양2길 17-22,경기도 여주시 세종대왕면 내양리 36-1,37.3527279690,127.5687756320,20250627,
여주시,노다지목장,소,130,경기도 여주시 점동면 한밭들길 45,경기도 여주시 점동면 관한리 355,37.1503163815,127.6487039166,20250627,
여주시,녹색목장,소,80,경기도 여주시 대신면 후포1길 104-25,경기도 여주시 대신면 후포리 364,37.3600447900,127.6176447000,20250627,
여주시,농업회사법인 (주) 안성 여주지점,돼지,3500,경기도 여주시 북내면 상교3길 102,경기도 여주시 북내면 상교리 388-1,37.3993454462,127.6563012032,20250627,
여주시,농업회사법인 성우농장 주식회사,돼지,2883,경기도 여주시 강천면 적금리길 83-63,경기도 여주시 강천면 적금리 76-4,37.2475545965,127.7068063726,20250627,
여주시,농업회사법인 유한회사 삼호한우농장,소,300,경기도 여주시 가남읍 대신리길 202-14,경기도 여주시 가남읍 대신리 318,37.1838479440,127.5319621257,20250627,
여주시,농업회사법인 훼미리파머스(주),소,120,경기도 여주시 가남읍 삼평길 62-25,경기도 여주시 가남읍 삼승리 16-2,37.1704718204,127.6415568654,20250627,
여주시,누리영농조합,돼지,4200,경기도 여주시 가남읍 건은로 250-34,경기도 여주시 가남읍 은봉리 387,37.1775613776,127.5435739249,20250627,
여주시,늘오름목장,소,45,경기도 여주시 강천면 긴등길 147-22,경기도 여주시 강천면 가야리 35,37.2641809197,127.7042353093,20250627,
여주시,늘찬목장,소,58,경기도 여주시 세종대왕면 구양1길 107,경기도 여주시 세종대왕면 구양리 111,37.3083052653,127.5857750469,20250627,
여주시,능서농장,소,8,경기도 여주시 세종대왕면 안양동1길 154,경기도 여주시 세종대왕면 구양리 419-4,37.3168942250,127.5744311061,20250627,
여주시,다산목장,소,37,경기도 여주시 대신면 여양1로 166-20,경기도 여주시 대신면 천서리 36,37.4067336372,127.5620904969,20250627,
여주시,다온목장,소,90,경기도 여주시 점동면 삼정길 100,경기도 여주시 점동면 덕평리 392,37.1749668754,127.6440547789,20250627,
여주시,다원목장,소,12,경기도 여주시 명성로 192-39,경기도 여주시 능현동 48,37.2688704055,127.6620201495,20250627,
여주시,다흥농축산,소,15,경기도 여주시 흥천면 효자로 252,경기도 여주시 흥천면 하다리 247-1,37.3375911969,127.5322416498,20250627,
여주시,달굼목장,소,41,경기도 여주시 흥천면 신율로 252-37,경기도 여주시 흥천면 율극리 60-8,37.3255948868,127.5708277558,20250627,
여주시,달봉 신해목장,소,180,경기도 여주시 가남읍 설가로 708-37,경기도 여주시 가남읍 대신리 419-17,37.1921057970,127.5284389142,20250627,
여주시,당남농장,소,5,경기도 여주시 대신면 당남2길 19,경기도 여주시 대신면 당남리 131,37.3922402364,127.5605082201,20250627,
여주시,당진농장,소,30,경기도 여주시 점동면 성주로 838,경기도 여주시 점동면 당진리 151-5,37.1789509080,127.6774417851,20250627,
여주시,대건농장,소,3,경기도 여주시 대신면 송촌3길 78,경기도 여주시 대신면 송촌리 137,37.4059853256,127.5776264635,20250627,
여주시,대건목장,소,170,경기도 여주시 가남읍 가남로 866-63,경기도 여주시 가남읍 금곡리 260-1,37.1976263358,127.6302830120,20250627,
여주시,대경농장,소,50,경기도 여주시 가남읍 정단길 102-33,경기도 여주시 가남읍 정단리 90-1,37.2497886971,127.5503585113,20250627,
여주시,대경농장,소,75,경기도 여주시 가남읍 가남로 833,경기도 여주시 가남읍 금당리 122,37.2024553102,127.6243075162,20250627,
여주시,대륙목장,소,418,경기도 여주시 점동면 가남로 950-11,경기도 여주시 점동면 청안리 555,37.2002209555,127.6394713673,20250627,
여주시,대만농장,소,9,경기도 여주시 점동면 가남로 988-30,경기도 여주시 점동면 청안리 578,37.2004623207,127.6411733730,20250627,
여주시,대명동농장,소,20,경기도 여주시 대신면 외재로 64-59,경기도 여주시 대신면 하림리 22-1,37.3522879117,127.6534259344,20250627,
여주시,대복농장,소,19,경기도 여주시 세종대왕면 중부대로 2545-47,경기도 여주시 세종대왕면 번도리 505-1,37.2998155251,127.5838020880,20250627,
여주시,대복농장,소,9,경기도 여주시 대신면 후포1길 114-12,경기도 여주시 대신면 후포리 352-1,37.3615411357,127.6176018652,20250627,
여주시,대부축산,돼지,750,경기도 여주시 가남읍 송삼로 459-12,경기도 여주시 가남읍 금곡리 353-3,37.1966150072,127.6234979083,20250627,
여주시,대성농장,돼지,2000,경기도 여주시 북내면 도예로 311,경기도 여주시 북내면 신남리 182-1,37.3213464240,127.6644239205,20250627,
여주시,대성농장,돼지,1335,경기도 여주시 북내면 운촌길 48-129,경기도 여주시 북내면 운촌리 623-56,37.3306445098,127.7073161087,20250627,
여주시,대성농장,소,10,경기도 여주시 강천면 말개미길 22-1,경기도 여주시 강천면 걸은리 697-3,37.2938358067,127.7100356879,20250627,
여주시,대성농장,소,16,경기도 여주시 점동면 가남로 988-26,경기도 여주시 점동면 청안리 592,37.2004340520,127.6421987643,20250627,
여주시,대성농장,소,66,경기도 여주시 점동면 가남로 988-23,경기도 여주시 점동면 청안리 542-7,37.2015867298,127.6431362359,20250627,
여주시,대성목장,소,200,경기도 여주시 명성로 114-32,경기도 여주시 능현동 166-4,37.2597908030,127.6638276464,20250627,
여주시,대성목장,소,186,경기도 여주시 가남읍 금당2길 89-17,경기도 여주시 가남읍 금당리 514-3,37.2062349330,127.6125821859,20250627,
여주시,대성목장,소,78,경기도 여주시 대신면 풍양1길 171,경기도 여주시 대신면 초현리 471-2,37.3624729423,127.5936286971,20250627,
여주시,대승농장,소,2,경기도 여주시 가남읍 매양로 353-6,경기도 여주시 가남읍 상활리 533,37.2484404365,127.5403109045,20250627,
여주시,대신목장,소,50,경기도 여주시 가남읍 대신리길 249,경기도 여주시 가남읍 대신리 234,37.1784477330,127.5345734135,20250627,
여주시,대신축산,소,7,,경기도 여주시 대신면 천남리 406,37.3398411544,127.6259132681,20250627,
여주시,대암농장,돼지,400,경기도 여주시 대신면 파사성2길 23,경기도 여주시 대신면 천서리 328-1,37.4089361322,127.5558209379,20250627,
여주시,대연농장,소,27,경기도 여주시 주내로 603-45,경기도 여주시 멱곡동 117-1,37.2458517518,127.6725358794,20250627,
여주시,대영농장,돼지,2800,경기도 여주시 세종대왕면 북성산로 87,경기도 여주시 세종대왕면 신지리 66,37.2937336593,127.5924603183,20250627,
여주시,대영농장,소,101,경기도 여주시 가남읍 건장1길 49,경기도 여주시 가남읍 건장리 102-1,37.1932427860,127.5515603636,20250627,
여주시,대왕농장,소,54,경기도 여주시 흥천면 부흥로 255,경기도 여주시 흥천면 대당리 414,37.3159395254,127.5329998372,20250627,
여주시,대왕농장2,소,67,경기도 여주시 금사면 금품1로 682,경기도 여주시 금사면 하호리 151-7,37.4045955825,127.5036722470,20250627,
여주시,대용금 목장,소,193,경기도 여주시 흥천면 신근안터길 102,경기도 여주시 흥천면 신근리 680-12,37.2989072306,127.5474801489,20250627,
여주시,대지농장2,돼지,580,경기도 여주시 흥천면 금대울로 214-49,경기도 여주시 흥천면 복대리 104,37.3591507211,127.5380325331,20250627,
여주시,대호농장,소,4,경기도 여주시 세종대왕면 양화로 769,경기도 여주시 세종대왕면 신지리 953,37.2860531010,127.5665827250,20250627,
여주시,대호목장,소,34,경기도 여주시 금사면 발림길 15,경기도 여주시 금사면 궁리 114-2,37.3846913753,127.5202427133,20250627,
여주시,대흥목장,소,86,경기도 여주시 점동면 청안로 243-28,경기도 여주시 점동면 처리 611-1,37.2155321153,127.6635853739,20250627,
여주시,대흥진목장,소,138,경기도 여주시 대신면 후포1길 148-33,경기도 여주시 대신면 후포리 210-2,37.3652975778,127.6199341320,20250627,
여주시,덕규농장,소,0,경기도 여주시 강천면 웃설만이길 127,경기도 여주시 강천면 강천리 16-7,37.2597576052,127.7275451002,20250627,
여주시,덕성농장,돼지,500,경기도 여주시 흥천면 신율로 193,경기도 여주시 흥천면 율극리 393-12,37.3217943139,127.5650679632,20250627,
여주시,덕성농장,소,4,경기도 여주시 점동면 장여로 987-77,경기도 여주시 점동면 덕평리 42,37.1891934412,127.6564979702,20250627,
여주시,덕수농장,소,8,경기도 여주시 흥천면 능북로 504-7,경기도 여주시 흥천면 상백리 167,37.3629394692,127.5537428381,20250627,
여주시,덕암농장,소,28,,경기도 여주시 북내면 덕산리 303-6,37.3531840029,127.6745646713,20250627,
여주시,덕재농장,소,39,경기도 여주시 세종대왕면 오리울길 31-14,경기도 여주시 세종대왕면 오계리 505-1,37.2764308240,127.5871488600,20250627,
여주시,덕호목장,소,183,경기도 여주시 가남읍 가여로 101-54,경기도 여주시 가남읍 본두리 231-4,37.2289174257,127.5876690661,20250627,
여주시,델타목장,소,83,경기도 여주시 가남읍 송림1길 2,경기도 여주시 가남읍 송림리 422,37.1866588223,127.6278193241,20250627,
여주시,도안농장,돼지,800,경기도 여주시 가남읍 양화로 405-50,경기도 여주시 가남읍 정단리 44-2,37.2553854910,127.5524935523,20250627,
여주시,도장골농장,소,31,경기도 여주시 금사면 도장길 3-2,경기도 여주시 금사면 도곡리 492-1,37.3795010358,127.4952333879,20250627,
여주시,동네농장,소,13,경기도 여주시 가남읍 화련2길 39,경기도 여주시 가남읍 화평리 318-2,37.2523240560,127.5640271307,20250627,
여주시,동두목장,소,300,경기도 여주시 세종대왕면 광대2길 55,경기도 여주시 세종대왕면 광대리 산 59-5,37.2581165693,127.5840603561,20250627,
여주시,동양목장,소,168,경기도 여주시 흥천면 신율로 210-62,경기도 여주시 흥천면 율극리 72,37.3233681823,127.5712658571,20250627,
여주시,동원농장,소,70,경기도 여주시 세종대왕면 능서로 116-13,경기도 여주시 세종대왕면 번도리 305-13,37.3088780158,127.5787678459,20250627,
여주시,동원농장,소,4,경기도 여주시 상거길 33-28,경기도 여주시 상거동 154,37.2531634839,127.6290028534,20250627,
여주시,동일농장,소,28,,경기도 여주시 강천면 걸은리 739,37.2931133777,127.7173844717,20250627,
여주시,동일축산,돼지,3000,경기도 여주시 강천면 말개미길 38-26,경기도 여주시 강천면 걸은리 749,37.2932820828,127.7171759313,20250627,
여주시,동천농장,돼지,2000,경기도 여주시 흥천면 시랏길 32,경기도 여주시 흥천면 외사리 28-1,37.3560470445,127.4996273995,20250627,
여주시,동천목장,소,35,경기도 여주시 대신면 옥촌3길 24-34,경기도 여주시 대신면 옥촌리 967-20,37.3941956668,127.6110098972,20250627,
여주시,동호목장,소,16,경기도 여주시 명성로 114-30,경기도 여주시 능현동 159-2,37.2607052376,127.6608974548,20250627,
여주시,두람농장,돼지,2368,경기도 여주시 세종대왕면 새미실1길 50,경기도 여주시 세종대왕면 신지리 406,37.2914556641,127.5762450346,20250627,
여주시,두리농원,소,19,경기도 여주시 대신면 상구1길 129-12,경기도 여주시 대신면 상구리 397-1,37.3731771786,127.6271412126,20250627,
여주시,두진농장,소,15,경기도 여주시 흥천면 부흥로 514-22,경기도 여주시 흥천면 효지리 246,37.3336656022,127.5459780697,20250627,
여주시,둥지농장,소,27,경기도 여주시 북내면 여양2로 796-3,경기도 여주시 북내면 외룡리 34-1,37.3717169684,127.6701470014,20250627,
여주시,등지농장,소,15,경기도 여주시 북내면 여양2로 735,경기도 여주시 북내면 외룡리 201-4,37.3661754707,127.6687341121,20250627,
여주시,뚝방농장,소,116,경기도 여주시 가남읍 상활2길 83-23,경기도 여주시 가남읍 상활리 423-1,37.2332278770,127.5295366087,20250627,
여주시,라반목장,소,99,경기도 여주시 가남읍 헌바디길 23-88,경기도 여주시 가남읍 상활리 469-5,37.2279816757,127.5295683806,20250627,
여주시,로뎀농장,소,142,경기도 여주시 점곡길 179,경기도 여주시 멱곡동 240-13,37.2516578360,127.6654901946,20250627,
여주시,르호봇농장,소,23,,경기도 여주시 단현동 294-1,37.2620720730,127.6684709002,20250627,
여주시,마그니농장,소,22,경기도 여주시 흥천면 금대울로 204-113,경기도 여주시 흥천면 복대리 141,37.3540584367,127.5362458993,20250627,
여주시,만덕축산,소,10,경기도 여주시 북벌로 99,경기도 여주시 상거동 296-1,37.2393713881,127.6295543406,20250627,
여주시,매류목장,소,15,경기도 여주시 세종대왕면 여술길 158,경기도 여주시 세종대왕면 매류리 334-2,37.2747872612,127.5635611231,20250627,
여주시,매류한우농장,소,61,경기도 여주시 세종대왕면 양화로 597-45,경기도 여주시 세종대왕면 마래리 32,37.2742247776,127.5525517487,20250627,
여주시,매화농원,소,121,경기도 여주시 세종대왕면 매양로 129-66,경기도 여주시 세종대왕면 매화리 226-2,37.2671370322,127.5356853823,20250627,
여주시,면근목장,소,48,경기도 여주시 흥천면 시광길 37-77,경기도 여주시 흥천면 신근리 862-3,37.3012810818,127.5602998696,20250627,
여주시,명산농장,돼지,2400,경기도 여주시 가남읍 삼승2길 42,경기도 여주시 가남읍 삼승리 140-5,37.1678735668,127.6275961958,20250627,
여주시,명성농장,소,11,경기도 여주시 명성로 190,경기도 여주시 능현동 114-5,37.2661928346,127.6623189297,20250627,
여주시,명승농장,돼지,500,경기도 여주시 세종대왕면 매화1길 157,경기도 여주시 세종대왕면 매화리 227-17,37.2739714696,127.5290562176,20250627,
여주시,명인축산,소,5,경기도 여주시 점동면 점동로 148,경기도 여주시 점동면 사곡리 317-4,37.2039694907,127.6744914785,20250627,
여주시,모리아목장,소,157,경기도 여주시 흥천면 이여로 934-20,경기도 여주시 흥천면 문장리 287-6,37.3647439859,127.5185433812,20250627,
여주시,모훈농장,소,7,경기도 여주시 대신면 천서2길 53,경기도 여주시 대신면 천서리 179,37.3973172074,127.5560721743,20250627,
여주시,목골농장,소,38,경기도 여주시 세종대왕면 마래1길 44-69,경기도 여주시 세종대왕면 마래리 385,37.2607707976,127.5629290746,20250627,
여주시,무궁목장,소,40,경기도 여주시 금사면 금품1로 802,경기도 여주시 금사면 금사리 543,37.4106524114,127.5109497665,20250627,
여주시,무궁화목장,소,70,경기도 여주시 강천면 마감로 231-49,경기도 여주시 강천면 걸은리 549-1,37.2969889404,127.7059035967,20250627,
여주시,미가엘목장,소,42,경기도 여주시 흥천면 남산로 323,경기도 여주시 흥천면 다대리 428-2,37.3385486942,127.5236848261,20250627,
여주시,미미축산,돼지,100,경기도 여주시 강천면 마감로 298,경기도 여주시 강천면 걸은리 462-7,37.2981760579,127.7175059299,20250627,
여주시,미소농장,돼지,3500,,경기도 여주시 북내면 장암리 172,37.3387038820,127.6928505483,20250627,
여주시,미진농장,소,3,경기도 여주시 대신면 상구1길 8-16,경기도 여주시 대신면 상구리 327,37.3723257613,127.6388180586,20250627,
여주시,민영목장,소,52,경기도 여주시 가남읍 삼정길 27-31,경기도 여주시 가남읍 송림리 121-13,37.1778310827,127.6384163233,20250627,
여주시,민주농장,소,114,경기도 여주시 흥천면 대왕이길 124-65,경기도 여주시 흥천면 신근리 671-34,37.3074165483,127.5471469618,20250627,
여주시,민희농장,소,41,경기도 여주시 북내면 지내길 20-4,경기도 여주시 북내면 지내리 360-3,37.3126163945,127.6857680408,20250627,
여주시,박가네오산목장,소,400,경기도 여주시 가남읍 오산2길 54,경기도 여주시 가남읍 오산리 160,37.2351889101,127.5629529002,20250627,
여주시,박재완농장,소,9,경기도 여주시 가남읍 흑석로 59-16,경기도 여주시 가남읍 심석리 143,37.1961040893,127.5623570337,20250627,
여주시,박종길목장,소,60,경기도 여주시 세종대왕면 능서로 246-19,경기도 여주시 세종대왕면 구양리 260,37.3169847194,127.5871166561,20250627,
여주시,반석2농장,돼지,600,경기도 여주시 흥천면 능북로 214-1,경기도 여주시 흥천면 율극리 272-1,37.3409490768,127.5647457977,20250627,
여주시,반석농장,돼지,400,경기도 여주시 흥천면 능북로 214,경기도 여주시 흥천면 율극리 266-6,37.3418048686,127.5657061579,20250627,
여주시,반야월축산,소,11,경기도 여주시 북내면 여강로 55-6,경기도 여주시 북내면 가정리 344-2,37.3054266566,127.6835950599,20250627,
여주시,반월농장,소,137,경기도 여주시 점동면 건장이길 57-28,경기도 여주시 점동면 장안리 산 18-11,37.2168198230,127.7101262992,20250627,
여주시,백군농장,소,12,경기도 여주시 북내면 선돌로 12,경기도 여주시 북내면 장암리 526-1,37.3452684184,127.6775388498,20250627,
여주시,백두농원,소,27,경기도 여주시 세종대왕면 중부대로2629번길 54-22,경기도 여주시 세종대왕면 번도리 894-7,37.3003515269,127.6014952268,20250627,
여주시,백두농장,소,48,경기도 여주시 금사면 소유실길 227,경기도 여주시 금사면 소유리 240-1,37.4158984744,127.4893998566,20250627,
여주시,백바우농장,소,12,,경기도 여주시 흥천면 신근리 472,37.3138386029,127.5629566297,20250627,
여주시,뱅이골농장,소,41,경기도 여주시 강천면 강천로 232-23,경기도 여주시 강천면 강천리 373-1,37.2463605533,127.7142336238,20250627,
여주시,번들농장,소,1,경기도 여주시 북벌로 185-81,경기도 여주시 상거동 321,37.2422098319,127.6219937854,20250627,
여주시,벌말목장,소,150,경기도 여주시 대신면 상구1길 42-30,경기도 여주시 대신면 상구리 293-7,37.3748244517,127.6372301173,20250627,
여주시,벧엘농장,소,25,경기도 여주시 대신면 대신로 300,경기도 여주시 대신면 하림리 289-1,37.3671760385,127.6411914999,20250627,
여주시,병기농장,소,10,경기도 여주시 흥천면 흥천로 606,경기도 여주시 흥천면 하다리 356,37.3392954458,127.5298829068,20250627,
여주시,병수목장,소,104,경기도 여주시 흥천면 남산로 428-27,경기도 여주시 흥천면 하다리 299-2,37.3419083376,127.5341063005,20250627,
여주시,보람축산,소,21,경기도 여주시 대신면 대신2로 214-26,경기도 여주시 대신면 도롱리 78,37.3939216311,127.5944247334,20250627,
여주시,보령목장,소,25,경기도 여주시 대신면 상구1길 128,경기도 여주시 대신면 상구리 394,37.3738251512,127.6280910445,20250627,
여주시,보은농장,돼지,1100,경기도 여주시 가남읍 연대2길 14,경기도 여주시 가남읍 연대리 559,37.1895719662,127.6081295112,20250627,
여주시,보현목장,소,45,경기도 여주시 흥천면 금대울로 184-59,경기도 여주시 흥천면 복대리 199-8,37.3572047335,127.5347455737,20250627,
여주시,복길농장,소,14,,경기도 여주시 능현동 51-1,37.2689870727,127.6626846268,20250627,
여주시,복성목장,소,75,경기도 여주시 점동면 처리2길 144-1,경기도 여주시 점동면 처리 산 49-1,37.2157718891,127.6785649069,20250627,
여주시,복영목장,소,100,경기도 여주시 대신면 천남3길 30-33,경기도 여주시 대신면 천남리 406-2,37.3396458954,127.6268137218,20250627,
여주시,봉규목장,소,37,경기도 여주시 세종대왕면 오리울길 27-39,경기도 여주시 세종대왕면 오계리 530,37.2746658567,127.5846991357,20250627,
여주시,부발농장,소,78,경기도 여주시 흥천면 흥천로 250-13,경기도 여주시 흥천면 신근리 3-4,37.3207174381,127.5556653332,20250627,
여주시,부사리목장,소,48,경기도 여주시 북내면 선돌로 152-13,경기도 여주시 북내면 덕산리 25,37.3555445325,127.6889903062,20250627,
여주시,부평농장,소,40,경기도 여주시 강천면 부평로 478,경기도 여주시 강천면 부평리 84-4,37.2935083057,127.7400574267,20250627,
여주시,부흥농장,소,35,,경기도 여주시 흥천면 효지리 281-2,37.3374837850,127.5485759882,20250627,
여주시,부흥농장2,소,15,경기도 여주시 흥천면 부흥로 553,경기도 여주시 흥천면 효지리 281-5,37.3377658030,127.5488028458,20250627,
여주시,북성농장,소,21,경기도 여주시 세종대왕면 북성산로 118-34,경기도 여주시 세종대왕면 신지리 35,37.2953415853,127.5879491814,20250627,
여주시,분당농장,돼지,800,경기도 여주시 흥천면 남산로 313-18,경기도 여주시 흥천면 다대리 442,37.3399279145,127.5232223925,20250627,
여주시,비전농장,소,52,경기도 여주시 점동면 처리2길 206,경기도 여주시 점동면 처리 66,37.2161026769,127.6803690368,20250627,
여주시,산디목장,소,161,경기도 여주시 가남읍 그랜드그린길 52,경기도 여주시 가남읍 안금리 19,37.2205248647,127.6098306052,20250627,
여주시,산성목장,소,67,경기도 여주시 대신면 참샘1길 9,경기도 여주시 대신면 천남리 170,37.3442947785,127.6289327839,20250627,
여주시,산정목장,소,182,경기도 여주시 가남읍 가여로 60-17,경기도 여주시 가남읍 양귀리 56-3,37.2219348711,127.5830057226,20250627,
여주시,산촌농장,염소,150,경기도 여주시 금사면 금품1로 419-6,경기도 여주시 금사면 상호리 112-1,37.4095244878,127.4799201658,20250627,
여주시,삼교리농장,소,100,경기도 여주시 장여로 1560-82,경기도 여주시 삼교동 36-1,37.2396218270,127.6670986720,20250627,
여주시,삼은목장,소,101,경기도 여주시 가남읍 댓절길 98,경기도 여주시 가남읍 대신리 542,37.1846330925,127.5283572482,20250627,
여주시,삼일농장,소,14,,경기도 여주시 점동면 현수리 181-4,37.1867970730,127.6898198974,20250627,
여주시,삼일목장,소,125,,경기도 여주시 북내면 장암리 523,37.3460034566,127.6753330095,20250627,
여주시,삼일목장,소,86,경기도 여주시 오금3길 127-3,경기도 여주시 오금동 314,37.3294104302,127.6389986829,20250627,
여주시,삼주농장,소,27,경기도 여주시 신단2길 151-43,경기도 여주시 우만동 24-4,37.2615875223,127.6743987575,20250627,
여주시,삼형제농원,소,89,경기도 여주시 세종대왕면 양거1길 136,경기도 여주시 세종대왕면 양거리 513-2,37.2614768732,127.5334610024,20250627,
여주시,삼형제농장,소,9,경기도 여주시 금사면 건넛말길 22-1,경기도 여주시 금사면 하호리 236,37.4027387121,127.5043952827,20250627,
여주시,삼화축산,소,144,경기도 여주시 점동면 모래실1길 25,경기도 여주시 점동면 사곡리 209-1,37.1994836449,127.6842959886,20250627,
여주시,상거목장,소,269,경기도 여주시 가남읍 삼정길 93-19,경기도 여주시 가남읍 송림리 135-1,37.1771138477,127.6427295675,20250627,
여주시,상교목장,소,130,경기도 여주시 북내면 상교3길 26,경기도 여주시 북내면 상교리 223,37.3954464412,127.6600665525,20250627,
여주시,상구농장,소,14,경기도 여주시 대신면 상구3길 44-34,경기도 여주시 대신면 상구리 179-2,37.3835066293,127.6356306165,20250627,
여주시,상구농장,염소,15,,경기도 여주시 대신면 상구리 374-1,37.3717293547,127.6405850711,20250627,
여주시,상신목장,소,50,경기도 여주시 가남읍 가남로 700-120,경기도 여주시 가남읍 연대리 41,37.1884923863,127.6154401538,20250627,
여주시,상일농장,소,143,경기도 여주시 점동면 장여로 1407-9,경기도 여주시 점동면 처리 368-1,37.2245743952,127.6627482144,20250627,
여주시,상활농장,돼지,1000,경기도 여주시 가남읍 상활2길 83-59,경기도 여주시 가남읍 신해리 559,37.2309196293,127.5320158034,20250627,
여주시,새마을농장,소,36,경기도 여주시 세종대왕면 월평로 176,경기도 여주시 세종대왕면 오계리 6,37.2756761320,127.5956078598,20250627,
여주시,새상주목장,소,63,경기도 여주시 북내면 선돌로 184,경기도 여주시 북내면 덕산리 61-1,37.3573608615,127.6861266855,20250627,
여주시,새턴목장,소,156,경기도 여주시 가남읍 연삼로 15,경기도 여주시 가남읍 연대리 732-3,37.1942112215,127.6013529747,20250627,
여주시,샘골한우농장,소,10,경기도 여주시 북내면 신남1길 137,경기도 여주시 북내면 신남리 24,37.3317840585,127.6647740233,20250627,
여주시,샘뜰농장,소,64,경기도 여주시 흥천면 남산로 152-57,경기도 여주시 흥천면 상대리 427-4,37.3393889833,127.5094266390,20250627,
여주시,샘물농원,소,100,경기도 여주시 가여로 728-22,경기도 여주시 삼교동 412,37.2356060939,127.6502579566,20250627,
여주시,샘실농원,소,15,경기도 여주시 흥천면 남산로 428-42,경기도 여주시 흥천면 하다리 324,37.3407825270,127.5307189234,20250627,
여주시,샛터목장,소,138,경기도 여주시 대신면 하림2길 70,경기도 여주시 대신면 하림리 440,37.3616094369,127.6378271471,20250627,
여주시,서울목장,소,4,경기도 여주시 대신면 상구2길 55-21,경기도 여주시 대신면 상구리 산 11-23,37.3749554110,127.6482200704,20250627,
여주시,서진목장,소,7,경기도 여주시 가남읍 금당4길 54-5,경기도 여주시 가남읍 금당리 57-4,37.2045454050,127.6254265976,20250627,
여주시,서현농장,소,26,경기도 여주시 가남읍 대신리길 263,경기도 여주시 가남읍 대신리 228-1,37.1773210648,127.5342236791,20250627,
여주시,석두목장,소,82,경기도 여주시 북내면 중암2길 121,경기도 여주시 북내면 중암리 268,37.3615935032,127.7099759417,20250627,
여주시,석우농장,소,2,경기도 여주시 북내면 선돌로 431,경기도 여주시 북내면 석우리 276,37.3785766612,127.6821467133,20250627,
여주시,석우농장,소,5,경기도 여주시 북내면 선돌로 376,경기도 여주시 북내면 석우리 329-1,37.3739662928,127.6849140158,20250627,
여주시,선규농장,소,4,경기도 여주시 연라4길 11,경기도 여주시 연라동 495-4,37.2580386628,127.6127268999,20250627,
여주시,선봉농장,돼지,4500,경기도 여주시 세종대왕면 매화1길 157,경기도 여주시 세종대왕면 매화리 227-14,37.2739714696,127.5290562176,20250627,
여주시,선일농장,소,7,경기도 여주시 세종대왕면 새미실2길 20,경기도 여주시 세종대왕면 신지리 136,37.2878732135,127.5820740317,20250627,
여주시,선재목장,소,90,경기도 여주시 점동면 장여로 679,경기도 여주시 점동면 덕평리 570,37.1677775373,127.6481524059,20250627,
여주시,선진농장,소,108,경기도 여주시 가남읍 일신로 156-49,경기도 여주시 가남읍 신해리 17,37.2161752975,127.5501670957,20250627,
여주시,선한우농장,소,103,경기도 여주시 가남읍 가여로 142,경기도 여주시 가남읍 안금리 597-4,37.2235062391,127.5912924034,20250627,
여주시,섬강농장,소,12,경기도 여주시 강천면 부평로 113,경기도 여주시 강천면 부평리 501-16,37.2662508754,127.7483845591,20250627,
여주시,성수농장,소,30,경기도 여주시 가남읍 가남로 835,경기도 여주시 가남읍 금당리 120-3,37.2022475239,127.6247466620,20250627,
여주시,성실농장,돼지,3000,경기도 여주시 가남읍 대신리길 309-22,경기도 여주시 가남읍 대신리 152-3,37.1745979064,127.5371512952,20250627,
여주시,성언목장,소,92,경기도 여주시 대신면 하림1길 35-35,경기도 여주시 대신면 가산리 3-1,37.3503468145,127.6337079282,20250627,
여주시,성열목장,소,114,경기도 여주시 흥천면 금대울로 204-87,경기도 여주시 흥천면 복대리 136-1,37.3550495414,127.5376013794,20250627,
여주시,성우2농장,돼지,800,경기도 여주시 세종대왕면 매양로 32-1,경기도 여주시 세종대왕면 매화리 40-2,37.2725072091,127.5422976198,20250627,
여주시,성우3농장,돼지,800,경기도 여주시 가남읍 송삼로 459-19,경기도 여주시 가남읍 금곡리 366-1,37.1951448351,127.6243293331,20250627,
여주시,성우농장,돼지,874,경기도 여주시 점동면 점동로 134,경기도 여주시 점동면 사곡리 324,37.2044146918,127.6720921633,20250627,
여주시,성원농장,소,30,경기도 여주시 세종대왕면 중부대로 2266,경기도 여주시 세종대왕면 용은리 11,37.2977044717,127.5563704896,20250627,
여주시,성원농장,소,73,경기도 여주시 세종대왕면 중부대로 2234번길 62,경기도 여주시 세종대왕면 용은리 394-1,37.2935694005,127.5512113016,20250627,
여주시,성원농장,소,51,경기도 여주시 대신면 후포1길 42-49,경기도 여주시 대신면 후포리 416-1,37.3550115617,127.6119458352,20250627,
여주시,성원농장,소,128,경기도 여주시 세종대왕면 중부대로 2259-49,경기도 여주시 세종대왕면 용은리 37-8,37.2964870262,127.5575317235,20250627,
여주시,성일축산,소,20,경기도 여주시 흥천면 흥천로 683-20,경기도 여주시 흥천면 다대리 69,37.3444892759,127.5215076996,20250627,
여주시,성자목장,소,100,경기도 여주시 가남읍 일신로 156-49,경기도 여주시 가남읍 신해리 21,37.2161752975,127.5501670957,20250627,
여주시,성환농장,소,2,경기도 여주시 대신면 대신로 610-19,경기도 여주시 대신면 장풍리 70-8,37.3918925800,127.6329117984,20250627,
여주시,성환농장,소,25,,경기도 여주시 대신면 송촌리 423-1,37.4049363719,127.5741685911,20250627,
여주시,세명농장,소,16,,경기도 여주시 하거동 217,37.2354579148,127.6462813890,20250627,
여주시,세영농장,돼지,600,경기도 여주시 점동면 성주로 798,경기도 여주시 점동면 당진리 542-8,37.1769638009,127.6740576006,20250627,
여주시,세원농장,소,3,경기도 여주시 흥천면 동이점길 66,경기도 여주시 흥천면 계신리 357-1,37.3712400032,127.5323915742,20250627,
여주시,세종농장,소,71,경기도 여주시 흥천면 신율로 320,경기도 여주시 흥천면 율극리 127-2,37.3321040648,127.5689261504,20250627,
여주시,세희목장,소,10,경기도 여주시 북내면 덕산길 75-55,경기도 여주시 북내면 덕산리 423,37.3505307991,127.6726170715,20250627,
여주시,소리목장,소,55,경기도 여주시 세종대왕면 양거1길 52,경기도 여주시 세종대왕면 양거리 579-1,37.2607625050,127.5406783538,20250627,
여주시,손순동농장,소,60,,경기도 여주시 세종대왕면 양거리 509,37.2596974083,127.5341370254,20250627,
여주시,송강농장,돼지,2200,경기도 여주시 북내면 선돌로 334-45,경기도 여주시 북내면 석우리 422,37.3702398913,127.6872540123,20250627,
여주시,송산목장,소,137,경기도 여주시 주내로 699-136,경기도 여주시 삼교동 14,37.2417163510,127.6647694216,20250627,
여주시,송야목장,소,112,경기도 여주시 가남읍 대신리길 309-1,경기도 여주시 가남읍 대신리 157,37.1763203192,127.5348202749,20250627,
여주시,송이농장,소,15,경기도 여주시 세종대왕면 중부대로 2702-20,경기도 여주시 세종대왕면 왕대리 992-21,37.2961928297,127.6052242751,20250627,
여주시,송이목장,소,110,경기도 여주시 점동면 장여로 1264,경기도 여주시 점동면 처리 571,37.2119718668,127.6697650972,20250627,
여주시,송촌농장,소,8,,경기도 여주시 대신면 송촌리 341-1,37.4047534964,127.5715696849,20250627,
여주시,수경목장,소,50,경기도 여주시 가남읍 삼정길 110,경기도 여주시 가남읍 송림리 151,37.1759125496,127.6447212077,20250627,
여주시,수란농장,돼지,3200,경기도 여주시 세종대왕면 매화1길 118,경기도 여주시 세종대왕면 용은리 594-1,37.2750694093,127.5355424896,20250627,
여주시,수란농장2,돼지,1372,경기도 여주시 세종대왕면 매화1길 120,경기도 여주시 세종대왕면 용은리 594-2,37.2745921659,127.5338390354,20250627,
여주시,수림농장,돼지,500,경기도 여주시 세종대왕면 북성산로 80,경기도 여주시 세종대왕면 신지리 64,37.2945177953,127.5925628217,20250627,
여주시,수목농장,소,50,경기도 여주시 금사면 점뜰길 27-26,경기도 여주시 금사면 금사리 450,37.4132213878,127.5104755227,20250627,
여주시,수영목장,소,112,경기도 여주시 대신면 천남3길 29-16,경기도 여주시 대신면 천남리 230-1,37.3415240595,127.6237235119,20250627,
여주시,수일목장,소,47,,경기도 여주시 가남읍 양귀리 46,37.2201668782,127.5825603776,20250627,
여주시,수정목장,소,75,경기도 여주시 세종대왕면 매양로 129-111,경기도 여주시 세종대왕면 양거리 104-3,37.2658852854,127.5314441248,20250627,
여주시,수현농장,소,70,경기도 여주시 흥천면 부흥로 557-11,경기도 여주시 흥천면 효지리 281-6,37.3372884712,127.5478091017,20250627,
여주시,수현농장,소,8,경기도 여주시 상거길 34-24,경기도 여주시 상거동 141,37.2522417376,127.6311099552,20250627,
여주시,수호농장,소,25,경기도 여주시 북내면 상교2길 94,경기도 여주시 북내면 상교리 297-4,37.3993700439,127.6647411076,20250627,
여주시,수희농장,소,22,,경기도 여주시 대신면 천서리 104,37.3991723399,127.5624907799,20250627,
여주시,수희목장,소,17,경기도 여주시 가남읍 가남로 312,경기도 여주시 가남읍 양귀리 383-1,37.2115604222,127.5818898698,20250627,
여주시,숙이농장,소,10,경기도 여주시 상거길 33-28,경기도 여주시 상거동 153,37.2531634839,127.6290028534,20250627,
여주시,순교농장,소,53,,경기도 여주시 세종대왕면 오계리 561-1,37.2709907603,127.5866512682,20250627,
여주시,순덕농장,소,65,경기도 여주시 세종대왕면 능여로 28,경기도 여주시 세종대왕면 매류리 299,37.2749219218,127.5645764107,20250627,
여주시,순미제일목장2,소,14,경기도 여주시 북내면 여양2로 727-72,경기도 여주시 북내면 외룡리 138,37.3686962955,127.6645046091,20250627,
여주시,순암농장,소,6,경기도 여주시 북내면 여강로 507,경기도 여주시 북내면 장암리 305-2,37.3427185830,127.6884839865,20250627,
여주시,스마트2농장,소,42,경기도 여주시 흥천면 신율로 143,경기도 여주시 흥천면 신근리 36-10,37.3175409494,127.5628183664,20250627,
여주시,스마트농장,소,38,,경기도 여주시 흥천면 신근리 236,37.3146120132,127.5600445106,20250627,
여주시,슬기로운목장,소,58,경기도 여주시 흥천면 군위실길 66-64,경기도 여주시 흥천면 다대리 517,37.3371616778,127.5171593381,20250627,
여주시,승덕농장,소,19,경기도 여주시 흥천면 은골길 24-15,경기도 여주시 흥천면 율극리 369-30,37.3252659869,127.5626442007,20250627,
여주시,승리목장,소,22,경기도 여주시 강천면 원심동2길 13,경기도 여주시 강천면 도전리 587-1,37.3490205834,127.7466020513,20250627,
여주시,승우목장,소,7,경기도 여주시 대신면 상구2길 34-18,경기도 여주시 대신면 상구리 11,37.3724611802,127.6461257180,20250627,
여주시,승정농장,소,17,경기도 여주시 세종대왕면 새미실2길 40-21,경기도 여주시 세종대왕면 신지리 107,37.2864823958,127.5858292406,20250627,
여주시,승진목장,소,22,경기도 여주시 흥천면 금대울로 127,경기도 여주시 흥천면 복대리 499-1,37.3598657516,127.5274293138,20250627,
여주시,승진목장,소,50,경기도 여주시 흥천면 부흥로 514-24,경기도 여주시 흥천면 효지리 247-1,37.3340799416,127.5467459440,20250627,
여주시,승훈목장,소,38,경기도 여주시 가남읍 금당4길 27,경기도 여주시 가남읍 금당리 145-2,37.2041162828,127.6220225997,20250627,
여주시,시연축산,소,100,,경기도 여주시 가남읍 대신리 232-1,37.1772061080,127.5349812105,20250627,
여주시,시정목장,소,76,경기도 여주시 흥천면 금대울로 214-94,경기도 여주시 흥천면 복대리 135-1,37.3545444511,127.5385722068,20250627,
여주시,신근목장,소,38,경기도 여주시 흥천면 신근안터길 84,경기도 여주시 흥천면 신근리 680-19,37.3009441920,127.5479666243,20250627,
여주시,신근한우목장,소,28,경기도 여주시 흥천면 오근동길 13,경기도 여주시 흥천면 신근리 197-4,37.3156389658,127.5628957842,20250627,
여주시,신남목장,소,0,경기도 여주시 북내면 도예로 361-13,경기도 여주시 북내면 신남리 169-2,37.3242156037,127.6624323604,20250627,
여주시,신달굼목장,소,6,경기도 여주시 흥천면 신율로 252-28,경기도 여주시 흥천면 율극리 359-2,37.3252978173,127.5701728170,20250627,
여주시,신미목장,소,104,경기도 여주시 흥천면 금대울로 204-106,경기도 여주시 흥천면 복대리 153-1,37.3544914674,127.5350379050,20250627,
여주시,신영농장,돼지,2000,경기도 여주시 세종대왕면 새미실1길 28,경기도 여주시 세종대왕면 신지리 674-1,37.2907902798,127.5736382018,20250627,
여주시,신용목장,소,170,경기도 여주시 금사면 점뜰길 12,경기도 여주시 금사면 금사리 471-1,37.4123105635,127.5145434988,20250627,
여주시,신원농장,돼지,2200,경기도 여주시 강천면 설경주길 142,경기도 여주시 강천면 간매리 34-1,37.2788287417,127.7193114926,20250627,
여주시,신율농장,소,3,경기도 여주시 흥천면 신율로 281,경기도 여주시 흥천면 율극리 156-17,37.3284555571,127.5651640088,20250627,
여주시,신은화목장,소,72,경기도 여주시 흥천면 금대울로 33,경기도 여주시 흥천면 복대리 667-2,37.3573526089,127.5185189786,20250627,
여주시,신재목장,소,35,경기도 여주시 흥천면 신근안터길 24-2,경기도 여주시 흥천면 신근리 727,37.3028978117,127.5535872440,20250627,
여주시,신중앙목장,소,72,경기도 여주시 금사면 점뜰길 14,경기도 여주시 금사면 금사리 276-1,37.4122653975,127.5153119091,20250627,
여주시,신지농장,소,25,경기도 여주시 세종대왕면 새미실1길 161-2,경기도 여주시 세종대왕면 신지리 92,37.2885003635,127.5874222581,20250627,
여주시,신진농장,소,150,경기도 여주시 매룡2길 9-33,경기도 여주시 매룡동 45-6,37.2790990335,127.6636664386,20250627,
여주시,신청봉농장,돼지,1855,경기도 여주시 가남읍 신해1길 75-8,경기도 여주시 가남읍 신해리 259-3,37.2274360666,127.5447524143,20250627,
여주시,신청봉농장 매화지점,돼지,1260,경기도 여주시 세종대왕면 매양로 126,경기도 여주시 세종대왕면 매화리 156-1,37.2662070731,127.5403993218,20250627,
여주시,신초원목장,소,84,경기도 여주시 대신면 현풍길 51,경기도 여주시 대신면 무촌리 152-1,37.3865390785,127.6053616983,20250627,
여주시,신푸른목장,소,4,경기도 여주시 가남읍 흑석로 216-57,경기도 여주시 가남읍 양귀리 산 81-5,37.1953546405,127.5795399149,20250627,
여주시,신해농장,소,8,경기도 여주시 가남읍 신해1길 127-1,경기도 여주시 가남읍 신해리 235,37.2327716111,127.5467960594,20250627,
여주시,쌍둥이목장,소,24,경기도 여주시 흥천면 부흥로 396-4,경기도 여주시 흥천면 대당리 94,37.3267905982,127.5386483150,20250627,
여주시,안산목장,소,15,경기도 여주시 점동면 처리2길 24,경기도 여주시 점동면 처리 160,37.2232516970,127.6737693934,20250627,
여주시,안양목장,소,145,경기도 여주시 북내면 여양2로 727-46,경기도 여주시 북내면 외룡리 139-1,37.3674964485,127.6652247766,20250627,
여주시,애농원,돼지,2100,경기도 여주시 가남읍 신해1길 128,경기도 여주시 가남읍 신해리 182-2,37.2306349068,127.5477191344,20250627,
여주시,야곱농장,염소,300,경기도 여주시 가남읍 본두3길 54-68,경기도 여주시 가남읍 본두리 71-6,37.2395152193,127.5913117067,20250627,
여주시,양산목장,소,8,경기도 여주시 대신면 대신2로 374-47,경기도 여주시 대신면 계림리 252,37.4094578281,127.5988511723,20250627,
여주시,양화목장,소,25,경기도 여주시 흥천면 내양1길 11-64,경기도 여주시 흥천면 귀백리 2-4,37.3510531442,127.5656803438,20250627,
여주시,억교목장,소,20,경기도 여주시 흥천면 효지2길 21,경기도 여주시 흥천면 효지리 384,37.3313872119,127.5401181295,20250627,
여주시,언남목장,소,46,경기도 여주시 흥천면 금대울로 204-115,경기도 여주시 흥천면 복대리 136-6,37.3535265061,127.5366069706,20250627,
여주시,에덴농장,소,21,경기도 여주시 점동면 선사길 221-1,경기도 여주시 점동면 흔암리 153-1,37.2409375137,127.6736183172,20250627,
여주시,여주 샘농장,돼지,2500,경기도 여주시 세종대왕면 양화로 452-58,경기도 여주시 세종대왕면 마래리 458-1,37.2578612250,127.5591262473,20250627,
여주시,여주농산,소,7,경기도 여주시 점곡길 158,경기도 여주시 멱곡동 356-1,37.2502185693,127.6633446026,20250627,
여주시,여주목장,소,70,경기도 여주시 흥천면 안시랏길 34,경기도 여주시 흥천면 내사리 63,37.3604185122,127.4920614023,20250627,
여주시,여주사슴목장,사슴,3,경기도 여주시 상동 주내로 98-71,경기도 여주시 상동 26,37.2875687265,127.6527641984,20250627,
여주시,여주자영농업고등학교,돼지,706,경기도 여주시 세종대왕면 농도원2길 223,경기도 여주시 세종대왕면 왕대리 산 136-72,37.2920988094,127.6070914309,20250627,
여주시,여주자영농업고등학교,소,64,경기도 여주시 세종대왕면 농도원1길 76,경기도 여주시 세종대왕면 왕대리 산 136-66,37.2953641005,127.6233206730,20250627,
여주시,여주자영농업고등학교,소,106,경기도 여주시 세종대왕면 농도원1길 76,경기도 여주시 세종대왕면 왕대리 산 136-66,37.2953641005,127.6233206730,20250627,
여주시,여흥농장,소,80,경기도 여주시 가남읍 신해1길 15-25,경기도 여주시 가남읍 신해리 344-6,37.2212620286,127.5431030951,20250627,
여주시,연대농장,돼지,1800,경기도 여주시 가남읍 연삼로 158-10,경기도 여주시 가남읍 연대리 223,37.1848755127,127.6082242124,20250627,
여주시,연순목장,소,60,경기도 여주시 흥천면 능북로 163-37,경기도 여주시 흥천면 율극리 232,37.3361084288,127.5650690195,20250627,
여주시,연암목장,소,50,경기도 여주시 점동면 처리2길 181,경기도 여주시 점동면 처리 59,37.2198447932,127.6795325844,20250627,
여주시,영덕농장,소,15,,경기도 여주시 세종대왕면 구양리 200,37.3148709005,127.5839068527,20250627,
여주시,영덕목장,소,60,경기도 여주시 오금2길 184,경기도 여주시 오금동 65,37.3349673127,127.6571611185,20250627,
여주시,영롱축산,소,16,경기도 여주시 강변유원지길 64,경기도 여주시 연양동 345-4,37.2919008417,127.6622500392,20250627,
여주시,영림목장,소,40,경기도 여주시 가남읍 양화로 110-22,경기도 여주시 가남읍 삼군리 41-7,37.2317568722,127.5584181871,20250627,
여주시,영원목장,소,79,경기도 여주시 북벌로 75,경기도 여주시 상거동 284,37.2378274358,127.6318629053,20250627,
여주시,영일농장,소,15,경기도 여주시 세종대왕면 새미실1길 167,경기도 여주시 세종대왕면 신지리 96,37.2879502435,127.5877826347,20250627,
여주시,영진농장,소,15,경기도 여주시 세종대왕면 새미실1길 161-35,경기도 여주시 세종대왕면 신지리 95-3,37.2878135190,127.5898018891,20250627,
여주시,영진목장,소,13,경기도 여주시 소지개길 101,경기도 여주시 천송동 99-2,37.3070504081,127.6707233924,20250627,
여주시,예당목장,소,69,경기도 여주시 흥천면 군위실길 66-68,경기도 여주시 흥천면 다대리 511-4,37.3379368711,127.5171820927,20250627,
여주시,예당목장2,소,40,경기도 여주시 흥천면 군위실길 66-62,경기도 여주시 흥천면 다대리 508,37.3376123155,127.5175545586,20250627,
여주시,예안목장,소,26,경기도 여주시 흥천면 흥천로 423-9,경기도 여주시 흥천면 효지리 181,37.3271856337,127.5432086774,20250627,
여주시,오계농장,돼지,2500,경기도 여주시 세종대왕면 월평로 269-39,경기도 여주시 세종대왕면 오계리 449-2,37.2727322073,127.5909683089,20250627,
여주시,오근농장,소,45,경기도 여주시 흥천면 방죽안길 81,경기도 여주시 흥천면 신근리 295-1,37.3056309859,127.5491093156,20250627,
여주시,오금농장,소,18,경기도 여주시 오금동 오금1길 45,경기도 여주시 오금동 188,37.3365640179,127.6492396247,20250627,
여주시,오금농장,소,33,경기도 여주시 오금2길 109-47,경기도 여주시 오금동 7-2번지,37.3442071217,127.6567400605,20250627,
여주시,오금영농조합법인,돼지,5559,경기도 여주시 오금3길 69 (오금동),경기도 여주시 오금동 296-1,37.3319060556,127.6400417972,20250627,
여주시,오대양목장,소,40,경기도 여주시 대신면 대신로 321,경기도 여주시 대신면 하림리 300-2,37.3690789403,127.6403706191,20250627,
여주시,오리온목장,소,35,경기도 여주시 점봉길 44-32,경기도 여주시 점봉동 202-2,37.2495336720,127.6422571513,20250627,
여주시,오성목장,소,25,경기도 여주시 흥천면 종다람길 46,경기도 여주시 흥천면 신근리 244-23,37.3160646096,127.5590363744,20250627,
여주시,오양골파나타,소,57,경기도 여주시 금사면 금품2로 871-8,경기도 여주시 금사면 도곡리 193,37.3792846167,127.5065739120,20250627,
여주시,오욱농장,소,20,경기도 여주시 가남읍 금곡길 32,경기도 여주시 가남읍 금곡리 132-3,37.2046870069,127.6359748489,20250627,
여주시,옥녀봉농장,소,2,경기도 여주시 북내면 여양2로 1251-1,경기도 여주시 북내면 주암리 51-3,37.4086605311,127.6848862572,20250627,
여주시,옥봉축산,소,2,경기도 여주시 북내면 여양2로 1264,경기도 여주시 북내면 주암리 21-3,37.4085675347,127.6867052817,20250627,
여주시,옥진농장,소,26,경기도 여주시 강천면 강천로 277-35,경기도 여주시 강천면 강천리 487-1,37.2377102028,127.7124954708,20250627,
여주시,옥터농장,염소,15,,경기도 여주시 산북면 주어리 650-2,37.4288059889,127.4137202857,20250627,
여주시,옥토농장,소,140,경기도 여주시 흥천면 부흥로 511,경기도 여주시 흥천면 효지리 325-1,37.3360458839,127.5443877925,20250627,
여주시,온방농장,소,162,"경기도 여주시 흥천면 남산로 54, 외 60",경기도 여주시 흥천면 외사리 171,37.3425171810,127.4989613670,20250627,
여주시,왕대목장,소,20,경기도 여주시 세종대왕면 왕터1길 91-48,경기도 여주시 세종대왕면 왕대리 560-4,37.3206831294,127.5953149595,20250627,
여주시,왕일목장,소,457,경기도 여주시 가남읍 가남로 237-29,경기도 여주시 가남읍 양귀리 43-1,37.2194743570,127.5825296254,20250627,
여주시,요한농장,소,15,경기도 여주시 가남읍 양화로 216-11,경기도 여주시 가남읍 오산리 280-1,37.2413653769,127.5594065020,20250627,
여주시,요한목장,소,123,경기도 여주시 가남읍 송삼로 363,경기도 여주시 가남읍 송림리 392-3,37.1899554388,127.6301684287,20250627,
여주시,요한목장,소,55,,경기도 여주시 가남읍 송림리 67,37.1803811167,127.6456258957,20250627,
여주시,용관목장,소,20,,경기도 여주시 가남읍 금당리 112-2,37.2014206566,127.6229543257,20250627,
여주시,용두농장,소,11,경기도 여주시 북내면 외룡길 72-71,경기도 여주시 북내면 외룡리 46-1,37.3706898289,127.6760062815,20250627,
여주시,용두농장,소,160,경기도 여주시 가남읍 건은로 82-36,경기도 여주시 가남읍 건장리 167-1,37.1928306967,127.5452953570,20250627,
여주시,용두목장,소,79,,경기도 여주시 가남읍 건장리 240-7,37.1905603927,127.5455620849,20250627,
여주시,용만농장,소,26,경기도 여주시 북내면 지내길 35,경기도 여주시 북내면 지내리 440,37.3137670217,127.6877684062,20250627,
여주시,용산농장,소,18,,경기도 여주시 북내면 내룡리 136,37.3736864670,127.6777831016,20250627,
여주시,용신목장,소,40,경기도 여주시 대신면 하림1길 62,경기도 여주시 대신면 하림리 498,37.3558785984,127.6361116042,20250627,
여주시,우두산목장,소,62,경기도 여주시 북내면 상교3길 108,경기도 여주시 북내면 상교리 386-2,37.4007254348,127.6556374557,20250627,
여주시,우람목장,소,22,경기도 여주시 가남읍 오산2길 55,경기도 여주시 가남읍 오산리 197,37.2360990176,127.5635399013,20250627,
여주시,우리농장,돼지,770,,경기도 여주시 흥천면 율극리 산 32,,,20250627,
여주시,우리농장,소,44,경기도 여주시 세종대왕면 중부대로 2268,경기도 여주시 세종대왕면 용은리 34-5,37.2959379843,127.5558388773,20250627,
여주시,우리목장,소,52,경기도 여주시 산북면 금품2로 101-24,경기도 여주시 산북면 송현리 350,37.3938481302,127.4466192789,20250627,
여주시,우리축산,돼지,6000,경기도 여주시 흥천면 웃다리실길 92,경기도 여주시 흥천면 상백리 79,37.3539906669,127.5491859683,20250627,
여주시,우림농장,소,6,경기도 여주시 세종대왕면 새미실2길 36,경기도 여주시 세종대왕면 신지리 120,37.2874482110,127.5839914394,20250627,
여주시,우만농장,소,45,,경기도 여주시 우만동 65-2,37.2588618100,127.6761616364,20250627,
여주시,우만리농장,소,6,,경기도 여주시 우만동 56-1,37.2599527727,127.6755862278,20250627,
여주시,우성농장,염소,90,경기도 여주시 점동면 선사길 73-5,경기도 여주시 점동면 처리 329,37.2274220544,127.6697320895,20250627,
여주시,우신목장,소,239,경기도 여주시 세종대왕면 중부대로 2259-43,경기도 여주시 세종대왕면 용은리 35-7,37.2967569586,127.5585248309,20250627,
여주시,우영농장,소,10,경기도 여주시 흥천면 방죽안길 28-6,경기도 여주시 흥천면 신근리 254-1,37.3096320231,127.5518315786,20250627,
여주시,우용농장,소,30,경기도 여주시 가남읍 건장1길 36-50,경기도 여주시 가남읍 건장리 22-2,37.1933410058,127.5536674658,20250627,
여주시,운경농장,돼지,6500,경기도 여주시 가남읍 광대2길 180-21,경기도 여주시 가남읍 본두리 546-7,37.2487229861,127.5853917413,20250627,
여주시,운길목장,소,100,경기도 여주시 대신면 여양1로 510-43,경기도 여주시 대신면 계림리 181-1,37.4108266485,127.6003671788,20250627,
여주시,원경농장,염소,0,경기도 여주시 점동면 처리2길 182-8,경기도 여주시 점동면 처리 71-2,37.2167300336,127.6767976129,20250627,
여주시,원근목장,소,60,경기도 여주시 가남읍 가남로 280,경기도 여주시 가남읍 양귀리 156-4,37.2138146894,127.5808103274,20250627,
여주시,원민목장,소,55,경기도 여주시 흥천면 금대울로 204-95,경기도 여주시 흥천면 복대리 143,37.3552392143,127.5363819678,20250627,
여주시,원비목장,소,9,경기도 여주시 세종대왕면 능서로 246-13,경기도 여주시 세종대왕면 구양리 261,37.3171291166,127.5868798163,20250627,
여주시,원심농장,소,8,경기도 여주시 강천면 원심동1길 15,경기도 여주시 강천면 도전리 641-15,37.3466924710,127.7478138022,20250627,
여주시,원용농장,돼지,1500,경기도 여주시 강천면 말개미길 38-42,경기도 여주시 강천면 걸은리 750-4,37.2921810992,127.7178722674,20250627,
여주시,원종은농장,소,40,경기도 여주시 강천면 말개미길 38-22,경기도 여주시 강천면 걸은리 722-5,37.2934193975,127.7160255154,20250627,
여주시,원희농장,소,20,경기도 여주시 대신면 서촌길 73-14,경기도 여주시 대신면 당산리 81,37.3520677024,127.5976128739,20250627,
여주시,월성목장,소,199,,경기도 여주시 가남읍 연대리 산 94,37.1932929036,127.5956007338,20250627,
여주시,유림농장,돼지,4400,경기도 여주시 가남읍 김대1길 76,경기도 여주시 가남읍 금당리 620-1,37.2017400643,127.5989289766,20250627,
여주시,유빈농장,소,6,경기도 여주시 가남읍 연삼로 158-57,경기도 여주시 가남읍 연대리 139-1,37.1816567231,127.6090307597,20250627,
여주시,유연농장,소,3,,경기도 여주시 북내면 외룡리 53,,,20250627,
여주시,유진농장,소,30,경기도 여주시 점동면 가남로 988-6,경기도 여주시 점동면 청안리 539,37.2009759629,127.6413095539,20250627,
여주시,육육농장,소,16,경기도 여주시 북내면 석우길 97-10,경기도 여주시 북내면 석우리 53-2,37.3914880492,127.6912947434,20250627,
여주시,육일농장,돼지,2000,경기도 여주시 세종대왕면 매화1길 144,경기도 여주시 세종대왕면 용은리 592-4,37.2741151126,127.5313347513,20250627,
여주시,윤희목장,소,50,경기도 여주시 가남읍 금당5길 26,경기도 여주시 가남읍 금당리 52-14,37.2052635772,127.6281887732,20250627,
여주시,율극목장,소,59,경기도 여주시 흥천면 부흥로 557-39,경기도 여주시 흥천면 효지리 257-1,37.3378214417,127.5448742694,20250627,
여주시,율산목장,소,132,경기도 여주시 대신면 천남3길 115,경기도 여주시 대신면 천남리 255-19,37.3382697255,127.6323431045,20250627,
여주시,율산목장2,소,100,경기도 여주시 강천면 가정긴골길 436,경기도 여주시 강천면 걸은리 410-2,37.3002552220,127.7040394427,20250627,
여주시,으뜸목장,소,100,경기도 여주시 흥천면 효자로 249,경기도 여주시 흥천면 다대리 570,37.3369423264,127.5317559461,20250627,
여주시,은아목장,소,61,경기도 여주시 가남읍 금당5길 139,경기도 여주시 가남읍 금당리 5-2,37.2125461768,127.6203568813,20250627,
여주시,은정농장,소,60,경기도 여주시 흥천면 부흥로 371-49,경기도 여주시 흥천면 대당리 245,37.3249447757,127.5318186198,20250627,
여주시,은지농장,소,59,경기도 여주시 가남읍 송삼로 416,경기도 여주시 가남읍 금곡리 293-15,37.1955831978,127.6274625271,20250627,
여주시,은혜농장,소,20,,경기도 여주시 단현동 261-24,37.2636924447,127.6689293927,20250627,
여주시,은홍목장,소,19,경기도 여주시 흥천면 방죽안길 18,경기도 여주시 흥천면 신근리 312-1,37.3100099677,127.5532763125,20250627,
여주시,은회목장,소,70,경기도 여주시 가남읍 금곡길 17,경기도 여주시 가남읍 금곡리 111,37.2039218404,127.6350719455,20250627,
여주시,은회목장2,소,420,경기도 여주시 가남읍 가남로 840,경기도 여주시 가남읍 금당리 75-3,37.2008134486,127.6255331092,20250627,
여주시,음촌목장,소,70,경기도 여주시 흥천면 금대울로 61,경기도 여주시 흥천면 복대리 612-1,37.3574153290,127.5207886962,20250627,
여주시,이건네농장,염소,56,,경기도 여주시 대신면 옥촌리 532-1,37.4107436582,127.6167352700,20250627,
여주시,이레농장,돼지,800,경기도 여주시 북벌로 174-43,경기도 여주시 상거동 90-1,37.2467404477,127.6335472090,20250627,
여주시,이레농장,소,85,경기도 여주시 흥천면 신율로 210-60,경기도 여주시 흥천면 율극리 72-1,37.3237383206,127.5703180980,20250627,
여주시,이레농장2,소,30,경기도 여주시 상거동 북벌로 174-38,경기도 여주시 상거동 96,37.2458746934,127.6339064933,20250627,
여주시,이레목장,소,60,경기도 여주시 가남읍 가여로 101-54,경기도 여주시 가남읍 본두리 230,37.2289174257,127.5876690661,20250627,
여주시,이만구농장,소,7,경기도 여주시 대신면 천서2길 49-69,경기도 여주시 대신면 천서리 109-2,37.3980084046,127.5618234410,20250627,
여주시,이반목장,소,111,경기도 여주시 대신면 대신로 186,경기도 여주시 대신면 하림리 234-3,37.3575390024,127.6422010232,20250627,
여주시,이상운 농장,염소,0,경기도 여주시 대신면 여양로 1813-35,경기도 여주시 대신면 당남리 290,37.3907211096,127.5516275231,20250627,
여주시,이슬농장,염소,0,경기도 여주시 북내면 선돌로 334-20,경기도 여주시 북내면 석우리 429-1,37.3691970115,127.6855234688,20250627,
여주시,이씨네농장,소,9,,경기도 여주시 산북면 용담리 95-3,37.4218543256,127.4764020876,20250627,
여주시,이원하농장,소,22,,경기도 여주시 가남읍 은봉리 566-2,37.1887006224,127.5470943214,20250627,
여주시,이종천목장,소,30,경기도 여주시 가남읍 가남로 433,경기도 여주시 가남읍 양귀리 521-3,37.2015034224,127.5904996207,20250627,
여주시,이진규농장,소,28,경기도 여주시 북내면 중암2길 32,경기도 여주시 북내면 중암리 350,37.3563031981,127.7145344087,20250627,
여주시,일산목장,소,54,경기도 여주시 북내면 선돌로 164,경기도 여주시 북내면 덕산리 63-4,37.3557739103,127.6864502288,20250627,
여주시,일심농장,돼지,1200,경기도 여주시 주내로 737-4,경기도 여주시 멱곡동 242-3,37.2501333943,127.6662536291,20250627,
여주시,일욱농장,소,99,경기도 여주시 가남읍 가남로 866-46,경기도 여주시 가남읍 금곡리 265-1,37.1989255884,127.6291696739,20250627,
여주시,일품농장,소,52,경기도 여주시 대신면 대신2로 419-51,경기도 여주시 대신면 계림리 582-6,37.4075824915,127.5880350179,20250627,
여주시,임마누엘목장,소,129,경기도 여주시 가남읍 가남로 700-36,경기도 여주시 가남읍 연대리 445-2,37.1934902616,127.6112111499,20250627,
여주시,임마누엘목장,소,70,경기도 여주시 가남읍 가남로 700-120,경기도 여주시 가남읍 연대리 42-3,37.1884923863,127.6154401538,20250627,
여주시,임원목장,소,50,경기도 여주시 대신면 풍양3길 8,경기도 여주시 대신면 당산리 산 3-2,37.3626013548,127.5907830649,20250627,
여주시,자연식품 양자산 약초농장,염소,45,경기도 여주시 산북면 주어로 394,경기도 여주시 산북면 주어리 산 70,37.4326091921,127.4181299684,20250627,
여주시,자영농장,돼지,1500,경기도 여주시 세종대왕면 양화로 20-43,경기도 여주시 세종대왕면 마래리 124,37.2705701738,127.5607603694,20250627,
여주시,자영농장,소,90,경기도 여주시 흥천면 신율로 283,경기도 여주시 흥천면 율극리 157-16,37.3285729241,127.5648254782,20250627,
여주시,장봉농장,염소,30,경기도 여주시 대신면 대신로 781-79,경기도 여주시 대신면 장풍리 257-1,37.3818217325,127.6181870176,20250627,
여주시,장선목장,소,32,경기도 여주시 금사면 소유실길 206,경기도 여주시 금사면 소유리 265,37.4171424749,127.4905410835,20250627,
여주시,장수농장,돼지,1100,경기도 여주시 세종대왕면 북성산로 82,경기도 여주시 세종대왕면 신지리 68,37.2945543085,127.5919761690,20250627,
여주시,장수농장,소,7,,경기도 여주시 세종대왕면 내양리 346-53,37.3381801412,127.5803045087,20250627,
여주시,장수복부발농장,소,44,경기도 여주시 흥천면 흥천로 250-13,경기도 여주시 흥천면 신근리 3-2,37.3207174381,127.5556653332,20250627,
여주시,장원농장,소,15,경기도 여주시 대신면 풍양3길 4,경기도 여주시 대신면 당산리 174,37.3628182830,127.5900041191,20250627,
여주시,장풍농장,소,12,경기도 여주시 대신면 장봉길 11,경기도 여주시 대신면 장풍리 146,37.3868904275,127.6241369130,20250627,
여주시,장풍농장,소,9,경기도 여주시 대신면 대신로 673-8,경기도 여주시 대신면 장풍리 98,37.3857791413,127.6265750809,20250627,
여주시,장현축산,돼지,2200,경기도 여주시 점동면 처리2길 132,경기도 여주시 점동면 처리 89,37.2156165619,127.6739096723,20250627,
여주시,장호원목장,소,189,경기도 여주시 가남읍 연삼로 275,경기도 여주시 가남읍 삼승리 415-3,37.1781500284,127.6186124969,20250627,
여주시,장호원목장,소,63,경기도 여주시 대신면 후포1길 137-36,경기도 여주시 대신면 후포리 332-1,37.3625454292,127.6137638758,20250627,
여주시,장휘농장,소,5,경기도 여주시 대신면 송촌2길 116-20,경기도 여주시 대신면 송촌리 261-2,37.4028345875,127.5711150695,20250627,
여주시,장희목장,소,123,경기도 여주시 점동면 장여로 680-7,경기도 여주시 점동면 덕평리 543-44,37.1661893077,127.6495347196,20250627,
여주시,재건농장,소,190,경기도 여주시 점동면 건장이길 57-28,경기도 여주시 점동면 장안리 산 18-11,37.2168198230,127.7101262992,20250627,
여주시,재명농장,소,23,경기도 여주시 명품로 280,경기도 여주시 상거동 350-4,37.2458468034,127.6177375555,20250627,
여주시,재상농장,소,19,경기도 여주시 가남읍 양화로 94-13,경기도 여주시 가남읍 삼군리 65,37.2317394438,127.5571893861,20250627,
여주시,재석농장,소,38,경기도 여주시 흥천면 방죽안길 83,경기도 여주시 흥천면 신근리 677-12,37.3043149850,127.5490181870,20250627,
여주시,재성농장,돼지,2000,경기도 여주시 북내면 도예로 336-10,경기도 여주시 북내면 신남리 210-3,37.3202594897,127.6681686630,20250627,
여주시,재우스팜농장,소,7,경기도 여주시 강천면 곱새기로 22-1,경기도 여주시 강천면 간매리 115-1,37.2831213552,127.7030568605,20250627,
여주시,재원농장,소,30,,경기도 여주시 대신면 계림리 315,37.4066942911,127.5915911657,20250627,
여주시,재헌농장,소,2,경기도 여주시 대신면 송촌2길 105,경기도 여주시 대신면 송촌리 355-1,37.4054847754,127.5709028883,20250627,
여주시,재훈농장,소,2,경기도 여주시 세종대왕면 새미실2길 40-2,경기도 여주시 세종대왕면 신지리 118,37.2876194366,127.5840480377,20250627,
여주시,적금농장,소,104,경기도 여주시 강천면 적금리길 72-19,경기도 여주시 강천면 적금리 240-2,37.2555627796,127.7046631139,20250627,
여주시,점뜰목장,소,100,경기도 여주시 금사면 함작골길 84,경기도 여주시 금사면 금사리 303,37.4152306957,127.5170754258,20250627,
여주시,점평목장,소,93,경기도 여주시 금사면 금품1로 876,경기도 여주시 금사면 금사리 254,37.4111651665,127.5190746231,20250627,
여주시,정담,소,26,경기도 여주시 흥천면 부흥로 546,경기도 여주시 흥천면 효지리 3,37.3362153587,127.5489260203,20250627,
여주시,정상목장,소,84,경기도 여주시 대신면 상구1길 140-26,경기도 여주시 대신면 상구리 산 65,37.3750146101,127.6284319075,20250627,
여주시,정성농장,소,9,경기도 여주시 삼교3길 64,경기도 여주시 삼교동 109-1,37.2313945620,127.6652655265,20250627,
여주시,정성목장,소,10,경기도 여주시 흥천면 금대울로 204-100,경기도 여주시 흥천면 복대리 150,37.3547349819,127.5345637690,20250627,
여주시,정오농장,돼지,500,경기도 여주시 점동면 청안리길 84-36,경기도 여주시 점동면 청안리 466,37.2075436428,127.6515208518,20250627,
여주시,정우농장,소,5,경기도 여주시 세종대왕면 독골2길 24,경기도 여주시 세종대왕면 번도리 27,37.3033529545,127.5906666602,20250627,
여주시,정원한우목장,소,40,경기도 여주시 명성로 164-42,경기도 여주시 능현동 85-1,37.2658284544,127.6650813431,20250627,
여주시,정재균농장,소,47,경기도 여주시 가남읍 흑석로 125,경기도 여주시 가남읍 심석리 11,37.1981100577,127.5698520879,20250627,
여주시,정향목장,소,30,경기도 여주시 가남읍 연삼로 158-27,경기도 여주시 가남읍 연대리 212,37.1826224822,127.6076689652,20250627,
여주시,정헌농장,돼지,950,,경기도 여주시 점동면 현수리 110-6,37.1932623575,127.6975189536,20250627,
여주시,제일농장,소,44,경기도 여주시 가남읍 금당3길 58,경기도 여주시 가남읍 금당리 234,37.2057879554,127.6180133797,20250627,
여주시,제일농장,소,120,,경기도 여주시 가남읍 금당리 13-4,37.2120016251,127.6246479914,20250627,
여주시,제일제일목장,소,0,경기도 여주시 금사면 점뜰길 16-24,경기도 여주시 금사면 금사리 280,37.4133108715,127.5162613585,20250627,
여주시,조령농장,소,60,경기도 여주시 점동면 장여로 1407-30,경기도 여주시 점동면 처리 689,37.2251899071,127.6608783362,20250627,
여주시,종광농장,소,30,경기도 여주시 흥천면 효자로 216,경기도 여주시 흥천면 다대리 624,37.3358235356,127.5355033625,20250627,
여주시,종성농장,소,14,경기도 여주시 북내면 외룡길 89,경기도 여주시 북내면 외룡리 88-3,37.3679340408,127.6743509763,20250627,
여주시,종영목장,소,68,경기도 여주시 점동면 장여로 1407-34,경기도 여주시 점동면 처리 731-1,37.2249753236,127.6595815701,20250627,
여주시,종인목장,소,52,경기도 여주시 가남읍 가남로 838,경기도 여주시 가남읍 금당리 75-2,37.2013805826,127.6262439801,20250627,
여주시,종현농장,소,40,경기도 여주시 신단2길 151-39,경기도 여주시 우만동 19-4,37.2626148676,127.6745702943,20250627,
여주시,종현목장,소,40,경기도 여주시 오금2길 178,경기도 여주시 오금동 64,37.3354548258,127.6565864079,20250627,
여주시,주광농장,소,66,경기도 여주시 흥천면 아래청당길 18-43,경기도 여주시 흥천면 대당리 99-1,37.3202987184,127.5439383566,20250627,
여주시,주선목장,소,115,경기도 여주시 세종대왕면 구양1길 38,경기도 여주시 세종대왕면 구양리 203-1,37.3131189084,127.5855096655,20250627,
여주시,주영농장,소,4,경기도 여주시 대신면 옥촌3길 76-24,경기도 여주시 대신면 옥촌리 303-10,37.3959197601,127.6177911313,20250627,
여주시,주원농장,돼지,2000,경기도 여주시 점동면 선사길 314-112,경기도 여주시 점동면 흔암리 261,37.2348149661,127.6749796707,20250627,
여주시,주희농장,소,17,경기도 여주시 대신면 대신1로 135-9,경기도 여주시 대신면 초현리 43,37.3863999355,127.5994986764,20250627,
여주시,준오농장,소,70,경기도 여주시 주내로 699-46,경기도 여주시 멱곡동 288,37.2464066480,127.6690417541,20250627,
여주시,준희목장,소,125,경기도 여주시 가남읍 안금2길 41-51,경기도 여주시 가남읍 안금리 416,37.2304618322,127.5954492846,20250627,
여주시,중암농장,소,8,,경기도 여주시 북내면 중암리 549-6,37.3391980652,127.7127854750,20250627,
여주시,증골목장,소,50,경기도 여주시 북내면 상교2길 90,경기도 여주시 북내면 상교리 296,37.3987207679,127.6649430546,20250627,
여주시,지니농장,염소,0,경기도 여주시 금사면 금품2로 871-8,경기도 여주시 금사면 도곡리 192-2,37.3792846167,127.5065739120,20250627,
여주시,지명목장,소,60,경기도 여주시 흥천면 군위실길 159-14,경기도 여주시 흥천면 다대리 113,37.3379082551,127.5258408488,20250627,
여주시,지산목장,염소,150,경기도 여주시 북내면 신남1길 52-146,경기도 여주시 북내면 신남리 10-2,37.3372687794,127.6681501322,20250627,
여주시,지우목장,소,21,경기도 여주시 흥천면 능북로 163-23,경기도 여주시 흥천면 율극리 226-2,37.3351975550,127.5659148880,20250627,
여주시,지은농장,소,10,경기도 여주시 단현동 신단2길 151-54,경기도 여주시 단현동 334-1,37.2593165639,127.6677624240,20250627,
여주시,진경목장,소,80,경기도 여주시 가남읍 금당5길 54-11,경기도 여주시 가남읍 금당리 51-1,37.2078607291,127.6271788912,20250627,
여주시,진덕농장,소,48,경기도 여주시 북내면 여강로 163,경기도 여주시 북내면 지내리 482-1,37.3145176944,127.6803556238,20250627,
여주시,진백목장,소,22,경기도 여주시 가남읍 금곡길 71-37,경기도 여주시 가남읍 금곡리 137,37.2052888546,127.6377902920,20250627,
여주시,진석목장,소,143,경기도 여주시 대신면 상구1길 87-33,경기도 여주시 대신면 상구리 386-1,37.3697024472,127.6311672654,20250627,
여주시,진성농장,소,36,경기도 여주시 북내면 당전로 503,경기도 여주시 북내면 중암리 423-3,37.3504543486,127.7138967602,20250627,
여주시,진아농장,소,7,경기도 여주시 가남읍 신해3길 142,경기도 여주시 가남읍 신해리 68,37.2296153959,127.5499505389,20250627,
여주시,진주목장,소,100,경기도 여주시 점동면 건장이길 57-26,경기도 여주시 점동면 장안리 543-6,37.2188196774,127.7108419406,20250627,
여주시,진호농장,소,10,경기도 여주시 세종대왕면 중부대로 2510-48,경기도 여주시 세종대왕면 신지리 7,37.2966011077,127.5911662886,20250627,
여주시,진희목장,소,100,경기도 여주시 가남읍 송삼로 365,경기도 여주시 가남읍 송림리 392,37.1906317696,127.6299217122,20250627,
여주시,짱구목장,소,20,경기도 여주시 가남읍 가남로 847,경기도 여주시 가남읍 금당리 127-2,37.2025806891,127.6250852784,20250627,
여주시,찬희농장,소,19,경기도 여주시 흥천면 부흥로 552,경기도 여주시 흥천면 효지리 4-1,37.3364945033,127.5496148253,20250627,
여주시,창근목장,소,11,경기도 여주시 대신면 현남길 290-21,경기도 여주시 대신면 천남리 374,37.3372331519,127.6239986990,20250627,
여주시,창대2농장,돼지,600,,경기도 여주시 대신면 하림리 273-9,37.3647807021,127.6411039072,20250627,
여주시,창도농장,소,70,경기도 여주시 북내면 선돌로 287,경기도 여주시 북내면 석우리 480-2,37.3661626295,127.6834154351,20250627,
여주시,창순농장,소,14,경기도 여주시 세종대왕면 능여로 291-10,경기도 여주시 세종대왕면 오계리 378-4,37.2684959617,127.5905233410,20250627,
여주시,창안농장,소,50,경기도 여주시 세종대왕면 중부대로 2234번길 25-7,경기도 여주시 세종대왕면 용은리 15-5,37.2969392598,127.5542825630,20250627,
여주시,창혁목장,소,23,경기도 여주시 가남읍 헌바디길 23-88,경기도 여주시 가남읍 상활리 469-4,37.2279816757,127.5295683806,20250627,
여주시,창혁목장,소,57,경기도 여주시 북내면 선돌로 190-19,경기도 여주시 북내면 덕산리 90,37.3587099366,127.6880271114,20250627,
여주시,창호농장,소,7,경기도 여주시 흥천면 종다람길 59,경기도 여주시 흥천면 신근리 250-46,37.3169586731,127.5555609873,20250627,
여주시,채골농장,소,47,경기도 여주시 점동면 선사길 144-42,경기도 여주시 점동면 처리 136-1,37.2315705965,127.6745099701,20250627,
여주시,채은농장,소,16,경기도 여주시 흥천면 능북로 168,경기도 여주시 흥천면 율극리 245-1,37.3358089802,127.5685908711,20250627,
여주시,천산목장,소,50,경기도 여주시 가남읍 연삼로 188,경기도 여주시 가남읍 연대리 산 74,37.1833216278,127.6119398005,20250627,
여주시,천수농장,소,3,경기도 여주시 대신면 대신2로 374-57,경기도 여주시 대신면 계림리 256,37.4089880173,127.6001500300,20250627,
여주시,천우목장,소,60,경기도 여주시 강천면 가정긴골길 36-1,경기도 여주시 강천면 이호리 338-9,37.2959672976,127.6859753137,20250627,
여주시,천우목장,소,150,경기도 여주시 가남읍 가남로 772,경기도 여주시 가남읍 금곡리 326-1,37.1976205590,127.6186204159,20250627,
여주시,천지한우농장,소,16,경기도 여주시 흥천면 늪말길 58,경기도 여주시 흥천면 복대리 396,37.3632727762,127.5283678669,20250627,
여주시,청룡목장,소,16,경기도 여주시 대신면 대신1로 22,경기도 여주시 대신면 초현리 197-4,37.3776423214,127.5948222388,20250627,
여주시,청목장,소,20,경기도 여주시 가남읍 건은로 250-33,경기도 여주시 가남읍 은봉리 378-1,37.1753613925,127.5449920388,20250627,
여주시,청산농장,돼지,800,경기도 여주시 가업길 54-3,경기도 여주시 가업동 82,37.2755829054,127.6189118315,20250627,
여주시,청솔농장,돼지,3500,경기도 여주시 가남읍 연삼로 261-1,경기도 여주시 가남읍 연대리 100,37.1800975885,127.6181085901,20250627,
여주시,청아농장,소,7,경기도 여주시 점동면 처리2길 193,경기도 여주시 점동면 처리 65,37.2168686827,127.6804948421,20250627,
여주시,청운농장,돼지,330,경기도 여주시 가남읍 광대2길 180-21,경기도 여주시 가남읍 본두리 546-8,37.2487229861,127.5853917413,20250627,
여주시,청지기 흑염소농장,염소,150,경기도 여주시 세종대왕면 능서로 94-40,경기도 여주시 세종대왕면 번도리 357-1,37.3053710446,127.5795766546,20250627,
여주시,청지기염소농장,염소,150,경기도 여주시 세종대왕면 능서로 82-40,경기도 여주시 세종대왕면 번도리 377-25,37.3039386984,127.5782661959,20250627,
여주시,초원목장,소,122,경기도 여주시 흥천면 군위실길 66-70,경기도 여주시 흥천면 다대리 514-1,37.3382616029,127.5155113677,20250627,
여주시,초정목장,소,10,경기도 여주시 대신면 후포1길 64-27,경기도 여주시 대신면 후포리 437-1,37.3572637389,127.6133042227,20250627,
여주시,초현목장,소,5,경기도 여주시 대신면 대신1로 168-14,경기도 여주시 대신면 무촌리 192-1,37.3874323486,127.6043462592,20250627,
여주시,최동희농장,소,13,경기도 여주시 흥천면 남산로 173-16,경기도 여주시 흥천면 상대리 200-1,37.3461852417,127.5119452409,20250627,
여주시,충북농장,돼지,5000,경기도 여주시 북내면 상교3길 78,경기도 여주시 북내면 상교리 397,37.3982822817,127.6559487520,20250627,
여주시,충실목장,소,37,경기도 여주시 금사면 점뜰길 39,경기도 여주시 금사면 금사리 390,37.4146362864,127.5131539703,20250627,
여주시,칠공칠목장,소,42,경기도 여주시 대신면 송촌3길 17,경기도 여주시 대신면 송촌리 66-2,37.4103644270,127.5800378799,20250627,
여주시,칠영농장,소,17,경기도 여주시 북내면 덕산길 133-28,경기도 여주시 북내면 덕산리 124,37.3593541500,127.6795030124,20250627,
여주시,큰시원목장,소,2,경기도 여주시 대신면 후포1길 260,경기도 여주시 대신면 후포리 69,37.3722693662,127.6247114124,20250627,
여주시,태기농장,돼지,1400,경기도 여주시 가남읍 연삼로 63-1,경기도 여주시 가남읍 연대리 498-1,37.1909634763,127.6044133155,20250627,
여주시,태동농장,소,50,경기도 여주시 가남읍 건은로 82-11,경기도 여주시 가남읍 건장리 207-3,37.1908927780,127.5449787176,20250627,
여주시,태산농장,돼지,937,경기도 여주시 금사면 금품1로 794,경기도 여주시 금사면 금사리 545-3,37.4100756197,127.5099100871,20250627,
여주시,태산농장,소,21,경기도 여주시 금사면 소유실길 194-9,경기도 여주시 금사면 소유리 154-3,37.4183412646,127.4899984755,20250627,
여주시,태석농장,소,40,경기도 여주시 세종대왕면 부능로 247-27,경기도 여주시 세종대왕면 매류리 586-7,37.2757654354,127.5541883968,20250627,
여주시,태성농장,소,36,경기도 여주시 대신면 여양1로 177-32,경기도 여주시 대신면 송촌리 50,37.4128618490,127.5642878261,20250627,
여주시,태승농장,소,12,,경기도 여주시 북내면 가정리 144-2,37.2973733328,127.6882160620,20250627,
여주시,태양농장,소,16,경기도 여주시 흥천면 금대울로 204-91,경기도 여주시 흥천면 복대리 136-7,37.3537156853,127.5369683903,20250627,
여주시,태양목장,소,135,경기도 여주시 세종대왕면 중부대로2234번길 53-65,경기도 여주시 세종대왕면 용은리 721-3,37.2899160219,127.5571431334,20250627,
여주시,태양목장,소,27,경기도 여주시 점동면 성주로 784-30,경기도 여주시 점동면 당진리 132-2,37.1757167227,127.6761725481,20250627,
여주시,태양목장,소,139,경기도 여주시 점동면 성주로 784-37,경기도 여주시 점동면 당진리 148,37.1765086050,127.6770868563,20250627,
여주시,태영농장,소,112,경기도 여주시 세종대왕면 월평로 481-16,경기도 여주시 세종대왕면 광대리 270,37.2611971934,127.5738011018,20250627,
여주시,태영목장,소,53,경기도 여주시 흥천면 대왕이길 124-17,경기도 여주시 흥천면 신근리 291-11,37.3112294108,127.5472509089,20250627,
여주시,태영목장,소,211,경기도 여주시 세종대왕면 월평로 471,경기도 여주시 세종대왕면 광대리 267-1,37.2615130204,127.5732600797,20250627,
여주시,태평양농장,소,70,경기도 여주시 점동면 성주로 721-15,경기도 여주시 점동면 성신리 269-3,37.1717515265,127.6692808243,20250627,
여주시,태흥농장,소,38,경기도 여주시 대신면 송촌2길 84,경기도 여주시 대신면 송촌리 379-4,37.4045124471,127.5689359265,20250627,
여주시,태흥목장,소,161,경기도 여주시 흥천면 종다람길 95,경기도 여주시 흥천면 신근리 250-36,37.3190413087,127.5546709021,20250627,
여주시,토성목장,소,31,경기도 여주시 흥천면 남산로 313-19,경기도 여주시 흥천면 다대리 467,37.3400542316,127.5225902222,20250627,
여주시,평촌농장,소,40,경기도 여주시 북내면 여양2로 932-17,경기도 여주시 북내면 내룡리 71-1,37.3810340816,127.6784364120,20250627,
여주시,평화농장,돼지,40,경기도 여주시 대신면 여양1로 510-30,경기도 여주시 대신면 계림리 180-7,37.4117195110,127.5997807600,20250627,
여주시,푸른감람나무,염소,50,경기도 여주시 가여로 435,경기도 여주시 하거동 산 71-5,37.2314942353,127.6199135165,20250627,
여주시,푸른농장,돼지,4000,경기도 여주시 북내면 연마루길 18,경기도 여주시 북내면 외룡리 320,37.3617293375,127.6639586439,20250627,
여주시,푸른들농장,소,64,경기도 여주시 강천면 적금리길 72-41,경기도 여주시 강천면 적금리 228-1,37.2566247295,127.7056470832,20250627,
여주시,풍산농장,소,80,경기도 여주시 흥천면 군위실길 156-22,경기도 여주시 흥천면 다대리 595-1,37.3352575303,127.5285943916,20250627,
여주시,플러스농장,소,2,경기도 여주시 점동면 선사길 314-81,경기도 여주시 점동면 흔암리 237,37.2352536378,127.6770099669,20250627,
여주시,하늘농원,염소,80,경기도 여주시 금사면 금사로 231-24,경기도 여주시 금사면 금사리 238,37.4132202280,127.5195949636,20250627,
여주시,하늘농장,소,34,경기도 여주시 점동면 도리길 37-57,경기도 여주시 점동면 도리 264-18,37.2113287196,127.6952118334,20250627,
여주시,하늘소목장,소,26,경기도 여주시 가남읍 송삼로 316-1,경기도 여주시 가남읍 송림리 340,37.1894257923,127.6362404221,20250627,
여주시,하니목장,소,74,경기도 여주시 가남읍 송삼로 376,경기도 여주시 가남읍 송림리 393-2,37.1910567367,127.6287281146,20250627,
여주시,하영농장,소,37,,경기도 여주시 가업동 213-9,37.2741618460,127.6127206437,20250627,
여주시,한결목장,소,136,경기도 여주시 강천면 적금리길 83-73,경기도 여주시 강천면 적금리 67,37.2473675993,127.7054866176,20250627,
여주시,한성목장,소,70,경기도 여주시 흥천면 금대울로 119-6,경기도 여주시 흥천면 복대리 497-1,37.3597938517,127.5265033103,20250627,
여주시,한우리 농장,소,97,경기도 여주시 세종대왕면 여주남로 390-73,경기도 여주시 세종대왕면 오계리 252-1,37.2585340449,127.5923608907,20250627,
여주시,한우리농장,돼지,1200,경기도 여주시 가남읍 정단길 133-9,경기도 여주시 가남읍 정단리 395 7,37.2468761492,127.5526793334,20250627,
여주시,한우리목장,소,70,경기도 여주시 북내면 여강로 628,경기도 여주시 북내면 장암리 436,37.3511009809,127.6830739270,20250627,
여주시,한우애농장,소,250,경기도 여주시 점동면 성주로 1020-30,경기도 여주시 점동면 현수리 191,37.1875361168,127.6923677029,20250627,
여주시,한일농장,소,40,경기도 여주시 가남읍 신해2길 27,경기도 여주시 가남읍 신해리 112-1,37.2236215531,127.5486953858,20250627,
여주시,한일농장2,소,70,경기도 여주시 가남읍 신해1길 119,경기도 여주시 가남읍 신해리 218-5,37.2335022907,127.5454098651,20250627,
여주시,항아골목장,소,55,경기도 여주시 가남읍 삼정길 27-61,경기도 여주시 가남읍 송림리 101-11,37.1801917021,127.6393444102,20250627,
여주시,햇님농장,돼지,4000,경기도 여주시 북내면 여강로 471-20,경기도 여주시 북내면 장암리 268-19,37.3413161742,127.6861096605,20250627,
여주시,행기식목장,소,75,경기도 여주시 세종대왕면 광대1길 59,경기도 여주시 세종대왕면 광대리 산 12-32,37.2683630702,127.5742366869,20250627,
여주시,행복농장,소,22,경기도 여주시 흥천면 청당길 7,경기도 여주시 흥천면 대당리 175,37.3257719316,127.5389299761,20250627,
여주시,행복한목장,소,87,경기도 여주시 흥천면 능북로 163-21,경기도 여주시 흥천면 율극리 201-7,37.3331604670,127.5658115124,20250627,
여주시,행복한목장,소,50,경기도 여주시 흥천면 부흥로 513-29,경기도 여주시 흥천면 효지리 322,37.3364430213,127.5429656236,20250627,
여주시,현구농장,돼지,3200,경기도 여주시 세종대왕면 부능로 48,경기도 여주시 세종대왕면 용은리 597-1,37.2772958419,127.5356337770,20250627,
여주시,현욱농장,소,134,경기도 여주시 가남읍 그랜드그린길 52,경기도 여주시 가남읍 안금리 17,37.2205248647,127.6098306052,20250627,
여주시,현지농장,소,31,경기도 여주시 점동면 청안로 226,경기도 여주시 점동면 처리 530-2,37.2136529005,127.6666581843,20250627,
여주시,현진농장,소,15,경기도 여주시 흥천면 남산로 411,경기도 여주시 흥천면 하다리 91-2,37.3431621011,127.5310924599,20250627,
여주시,현풍농장,소,5,경기도 여주시 대신면 현풍길 56-11,경기도 여주시 대신면 무촌리 170-1,37.3849782671,127.6069409793,20250627,
여주시,현필목장,소,54,경기도 여주시 가남읍 은봉길 88,경기도 여주시 가남읍 은봉리 549-6,37.1872565507,127.5534716267,20250627,
여주시,형은농장,소,9,,경기도 여주시 단현동 263,37.2632943209,127.6692776429,20250627,
여주시,혜란목장,소,54,경기도 여주시 흥천면 은골길 85-1,경기도 여주시 흥천면 신근리 7,37.3215095035,127.5580812659,20250627,
여주시,혜원농장,소,8,경기도 여주시 대신면 천남2길 22-34,경기도 여주시 대신면 천남리 323-1,37.3321393615,127.6248820989,20250627,
여주시,혜정목장,소,35,경기도 여주시 북내면 여양2로 727-2,경기도 여주시 북내면 외룡리 200,37.3659409982,127.6688126402,20250627,
여주시,혜지목장,소,59,경기도 여주시 흥천면 청당길 136,경기도 여주시 흥천면 대당리 362-1,37.3170831677,127.5368262960,20250627,
여주시,혜투목장,소,26,경기도 여주시 흥천면 방죽안길 93,경기도 여주시 흥천면 신근리 677-16,37.3047482083,127.5476643677,20250627,
여주시,호산나농장,돼지,2000,경기도 여주시 가남읍 이화길 147-32,경기도 여주시 가남읍 신해리 294-1,37.2257874249,127.5422038789,20250627,
여주시,호석농장,소,15,경기도 여주시 북내면 여양2로 1172-12,경기도 여주시 북내면 주암리 140-1,37.4012273721,127.6828116475,20250627,
여주시,호찬농장,소,23,,경기도 여주시 연라동 526,37.2548547714,127.6127206802,20250627,
여주시,홍욱농장,소,10,경기도 여주시 가남읍 가남로 866-44,경기도 여주시 가남읍 금곡리 255-1,37.1988717739,127.6289216777,20250627,
여주시,홍인목장,소,45,경기도 여주시 흥천면 방죽안길 28-14,경기도 여주시 흥천면 신근리 251-7,37.3094610721,127.5511092293,20250627,
여주시,홍통농장,염소,27,경기도 여주시 흥천면 대왕이길 83,경기도 여주시 흥천면 대당리 36-22,37.3136466111,127.5434379227,20250627,
여주시,홍평호농장,소,5,경기도 여주시 대신면 대신2로 419-27,경기도 여주시 대신면 계림리 360-4,37.4090420414,127.5889520089,20250627,
여주시,화영농장,소,14,경기도 여주시 가남읍 가남로 866-45,경기도 여주시 가남읍 금곡리 276-2,37.1992205001,127.6314914743,20250627,
여주시,화평농장,소,100,경기도 여주시 가남읍 화평길 69-10,경기도 여주시 가남읍 화평리 131,37.2433988591,127.5663647831,20250627,
여주시,황가네목장,소,6,경기도 여주시 대신면 여양로 1033,경기도 여주시 대신면 가산리 187-4,37.3505947098,127.6119957317,20250627,
여주시,황금농장,소,11,,경기도 여주시 가남읍 금곡리 368-1,37.1949231761,127.6262204162,20250627,
여주시,황두라니농장,소,54,경기도 여주시 신단2길 151-45,경기도 여주시 우만동 18,37.2630410731,127.6728344766,20250627,
여주시,황아농장,소,100,경기도 여주시 북벌로 185-12,경기도 여주시 상거동 219,37.2464477025,127.6292958423,20250627,
여주시,황우목장,소,65,경기도 여주시 가남읍 금당5길 70-30,경기도 여주시 가남읍 금당리 45,37.2087972474,127.6280595119,20250627,
여주시,황우축산,소,52,경기도 여주시 장여로 1560-94,경기도 여주시 삼교동 29-5,37.2398507926,127.6645173222,20250627,
여주시,효정목장,소,100,경기도 여주시 점동면 가남로 988-26,경기도 여주시 점동면 청안리 582-1,37.2004340520,127.6421987643,20250627,
여주시,흥문축산,소,55,경기도 여주시 흥천면 이여로 837-48,경기도 여주시 흥천면 문장리 320-2,37.3614280605,127.5080291062,20250627,
여주시,흥복목장,소,112,경기도 여주시 흥천면 금대울로 204-122,경기도 여주시 흥천면 복대리 139-2,37.3540946809,127.5356248814,20250627,
여주시,흥순농장,염소,80,경기도 여주시 흥천면 능북로 163-19,경기도 여주시 흥천면 율극리 201-10,37.3329625045,127.5651904783,20250627,
여주시,흥천목장,소,64,경기도 여주시 흥천면 시랏길 109,경기도 여주시 흥천면 내사리 60-4,37.3605808629,127.4937439714,20250627,
여주시,희정목장,소,70,경기도 여주시 북내면 상교2길 22,경기도 여주시 북내면 상교리 213,37.3935324837,127.6622880811,20250627,
여주시,豚村유전자,돼지,48,경기도 여주시 점동면 성주로 494,경기도 여주시 점동면 뇌곡리 321-1,37.1556082319,127.6553250490,20250627,
연천군,(주) 제이비팜 농업회사법인,돼지,,경기도 연천군 백학면 노곡리 67번지,경기도 연천군 백학면 노곡로286번길 6-70,38.0048897750,126.9408933895,20240306,운영
연천군,21C 2농장,돼지,,경기도 연천군 백학면 전동리 453번지,경기도 연천군 백학면 장백로 585,38.0077280510,126.8838035706,20240306,운영
연천군,21c농장,돼지,,경기도 연천군 백학면 전동리 448번지,경기도 연천군 백학면 전동리 448번지,38.0084860912,126.8832502251,20240306,운영
연천군,21세기 축산,돼지,,경기도 연천군 백학면 전동리 549번지 554,경기도 연천군 백학면 전동리 549번지 554,38.0103035449,126.8843741282,20240306,운영
연천군,DDfarm,돼지,,"경기도 연천군 신서면 장거리길 173-200, 도신리 968번지",경기도 연천군 신서면 도신리 954번지 도신리 968번지,38.1601123728,127.0860228511,20240306,운영
연천군,P&J 팜스,돼지,,경기도 연천군 연천읍 와초리 552번지 1호,경기도 연천군 연천읍 합내로 654-103,38.1498549818,127.0778920845,20240306,운영
연천군,가곡목장,소,,경기도 연천군 백학면 두일리 190번지,경기도 연천군 백학면 백두2길 113-55,38.0506091187,126.9114076717,20240306,운영
연천군,가산목장,소,,경기도 연천군 연천읍 와초리 143번지 2호,경기도 연천군 연천읍 합내로796번길 27-23,,,20240306,운영
연천군,가온농장,돼지,,경기도 연천군 신서면 대광리 466번지,경기도 연천군 신서면 연신로1375번길 261,38.2120486573,127.1197458356,20240306,운영
연천군,가을농장,소,,경기도 연천군 미산면 우정리 668번지,경기도 연천군 미산면 우정리 668번지,38.0365445889,127.0078629411,20240306,운영
연천군,각하목장,소,,경기도 연천군 백학면 두일리 127번지,경기도 연천군 백학면 백두1길 103,38.0457401705,126.9158859719,20240306,운영
연천군,갈울목장,소,,경기도 연천군 백학면 노곡리 273번지,경기도 연천군 백학면 노곡로 181,37.9987251596,126.9333889323,20240306,운영
연천군,갯보루목장,소,,"경기도 연천군 백학면 석장리 450번지 451, 452, 530, 906-18, 920-1","경기도 연천군 백학면 석장리 450번지 451, 452, 530, 906-18, 920-1",,,20240306,운영
연천군,거림목장,소,,경기도 연천군 백학면 학곡리 626번지,경기도 연천군 백학면 노아로 192,37.9863896166,126.9396559080,20240306,운영
연천군,검바위목장,소,,경기도 연천군 군남면 진상리 95번지,경기도 연천군 군남면 진상리 95번지,38.0767202751,127.0394207540,20240306,운영
연천군,경기유전자,돼지,,경기도 연천군 왕징면 북삼리 654번지 2호,경기도 연천군 왕징면 북삼리 654번지 2호,38.0800087979,126.9756343260,20240306,운영
연천군,경식목장,소,,경기도 연천군 신서면 대광리 1157번지 1호,경기도 연천군 신서면 대광리 1157번지 1호,,,20240306,운영
연천군,경인동물농장,산양,,경기도 연천군 신서면 대광리 91번지,경기도 연천군 신서면 평화로 3217,38.2294914520,127.1498640875,20240306,운영
연천군,경주농장,소,,경기도 연천군 군남면 진상리 708번지 8호,경기도 연천군 군남면 진상리 708번지 8호,,,20240306,운영
연천군,고능농장,돼지,,경기도 연천군 전곡읍 고능리 171번지,경기도 연천군 전곡읍 양연로1249번길 400,38.0113430022,127.0385265969,20240306,운영
연천군,고능농장,소,,경기도 연천군 전곡읍 고능리 113번지,경기도 연천군 전곡읍 양연로 1348,38.0063676974,127.0500966291,20240306,운영
연천군,공훈목장,소,,경기도 연천군 군남면 옥계리 144번지,경기도 연천군 군남면 옥계리 144번지,38.1279243154,127.0577262389,20240306,운영
연천군,관원목장,소,,경기도 연천군 미산면 우정리 710번지,경기도 연천군 미산면 우정리 710번지,38.0287841215,127.0056018358,20240306,운영
연천군,광주목장,소,,경기도 연천군 신서면 도신리 612번지,경기도 연천군 신서면 도신리 612번지,,,20240306,운영
연천군,교선목장,소,,경기도 연천군 군남면 옥계리 201번지,경기도 연천군 군남면 옥계13길 33-25,38.1281036188,127.0574741444,20240306,운영
연천군,구락목장,소,,경기도 연천군 신서면 도신리 665번지 2호,경기도 연천군 신서면 연신로849번길 58,,,20240306,운영
연천군,국향목장,소,,경기도 연천군 백학면 노곡리 452번지 1호,경기도 연천군 백학면 노곡리 452번지 1호,37.9960327989,126.9320315627,20240306,운영
연천군,궁말농장,소,,경기도 연천군 청산면 궁평리 739번지,경기도 연천군 청산면 궁평리 739번지,38.0281181494,127.1100797982,20240306,운영
연천군,그린웰빙,염소,,경기도 연천군 백학면 두일리 920번지,경기도 연천군 백학면 두일리 920번지,38.0205299412,126.8929618392,20240306,운영
연천군,근형목장,소,,"경기도 연천군 백학면 노곡리 172번지 1호 , 172-2, 172-3","경기도 연천군 백학면 노곡리 172번지 1호 , 172-2, 172-3",38.0043680736,126.9373321527,20240306,운영
연천군,근형목장2,소,,경기도 연천군 백학면 노곡리 266-1번지,경기도 연천군 백학면 노곡리 266-1번지,37.9991626918,126.9344106302,20240306,운영
연천군,금명목장,소,,경기도 연천군 미산면 백석리 21번지,경기도 연천군 미산면 마유로 215,38.0550866861,126.9792430744,20240306,운영
연천군,금성한우목장,소,,경기도 연천군 전곡읍 은대리 248번지 5호,경기도 연천군 전곡읍 평화로886번길 82,,,20240306,운영
연천군,금정농장,돼지,,경기도 연천군 신서면 대광리 460번지,경기도 연천군 신서면 연신로1375번길 277,38.2126537437,127.1201310649,20240306,운영
연천군,금호연천농장,돼지,,경기도 연천군 미산면 백석리 748번지 1호,경기도 연천군 미산면 청정로1003번길 131-17,38.0424183239,126.9600502419,20240306,운영
연천군,기주목장,소,,경기도 연천군 전곡읍 고능리 50번지,경기도 연천군 전곡읍 고능리 50번지,38.0176155295,127.0532845980,20240306,운영
연천군,길가목장,소,,"경기도 연천군 백학면 두일리 185-2,186.188,168-1,168-10번지(총5필지)","경기도 연천군 백학면 두일리 185-2,186.188,168-1,168-10번지(총5필지)",38.0513665427,126.9145647231,20240306,운영
연천군,길로목장,소,,경기도 연천군 미산면 백석리 67번지,경기도 연천군 미산면 마유로126번길 108,38.0472584109,126.9760389702,20240306,운영
연천군,길평목장,소,,경기도 연천군 연천읍 읍내리 98번지 1호,경기도 연천군 연천읍 연군로128번길 56,,,20240306,운영
연천군,길현목장,소,,경기도 연천군 신서면 도신리 938번지,경기도 연천군 신서면 장거리길 173-113,38.1600792910,127.0894360200,20240306,운영
연천군,김동일목장,소,,경기도 연천군 신서면 도신리 688번지 1호,경기도 연천군 신서면 도신리 688번지 1호,,,20240306,운영
연천군,김육채농장,소,,경기도 연천군 신서면 답곡리 1188번지,경기도 연천군 신서면 합내로 483-112,38.1617883736,127.0659573646,20240306,운영
연천군,꾸에스목장,소,,경기도 연천군 군남면 옥계리 501번지,경기도 연천군 군남면 군중로 57,38.1238308472,127.0478022902,20240306,운영
연천군,남송농원,사슴,,경기도 연천군 군남면 선곡리 741번지 8호,경기도 연천군 군남면 군남로 514,,,20240306,운영
연천군,남희농장,소,,경기도 연천군 연천읍 옥산리 127번지 4호,경기도 연천군 연천읍 옥산리 127번지 4호,,,20240306,운영
연천군,노곡리농장,돼지,,경기도 연천군 백학면 노곡리 30번지,경기도 연천군 백학면 노곡로286번길 124,38.0091238582,126.9442899690,20240306,운영
연천군,노른터농장,돼지,,경기도 연천군 미산면 아미리 294번지,경기도 연천군 미산면 숭의전로237번길 177,38.0311129347,126.9573529672,20240306,운영
연천군,농업회사법인 연천산양랜드 주식회사,산양,,경기도 연천군 군남면 왕림리 808번지,경기도 연천군 군남면 진은로 252-1,38.0689252118,127.0338671177,20240306,운영
연천군,농업회사법인 올랜드 주식회사,돼지,,경기도 연천군 신서면 대광리 597번지 1호,경기도 연천군 신서면 대광리 597번지 1호,,,20240306,운영
연천군,농업회사법인 주식회사 양지,돼지,,경기도 연천군 미산면 우정리 684번지,경기도 연천군 미산면 우정리 684번지,38.0344602169,127.0072843433,20240306,운영
연천군,농업회사법인 주식회사 에코팜,돼지,,경기도 연천군 미산면 유촌리 320번지 1호,경기도 연천군 미산면 유노로 268-62,38.0563170911,126.9947704839,20240306,운영
연천군,농업회사법인(주)동산농장,돼지,,경기도 연천군 전곡읍 양원리 122번지,경기도 연천군 전곡읍 양원로231번길 65,37.9787251977,127.0361461837,20240306,운영
연천군,늘목목장,소,,"경기도 연천군 전곡읍 늘목리 71번지 1호 ,늘목리 71-2, 늘목리 72, 늘목리 64-2","경기도 연천군 전곡읍 늘목리 71번지 1호 ,늘목리 71-2, 늘목리 72, 늘목리 64-2",37.9501554132,127.0011552806,20240306,운영
연천군,늘소랑목장,소,,경기도 연천군 신서면 도신리 227번지 2호,경기도 연천군 신서면 구시울길 22,,,20240306,운영
연천군,늘찬목장,소,,경기도 연천군 백학면 두일리 218번지,경기도 연천군 백학면 백두1길 40,38.0415737239,126.9171840455,20240306,운영
연천군,능골목장,소,,경기도 연천군 장남면 자작리 53번지,경기도 연천군 장남면 장남로 134-166,37.9955897877,126.8581657255,20240306,운영
연천군,다대농장,돼지,,경기도 연천군 미산면 백석리 748번지,경기도 연천군 미산면 청정로1003번길 131-14,38.0424183239,126.9600502419,20240306,운영
연천군,다올목장,소,,경기도 연천군 미산면 백석리 707번지,경기도 연천군 미산면 청정로1003번길 270-18,38.0485281117,126.9579082720,20240306,운영
연천군,담비농장,돼지,,경기도 연천군 백학면 노곡리 165번지,경기도 연천군 백학면 노곡로287번길 18,38.0076516577,126.9379449488,20240306,운영
연천군,대광골 목장,소,,"경기도 연천군 신서면 도신리 630-1, 630-2, 630-3번지","경기도 연천군 신서면 도신리 630-1, 630-2, 630-3번지",38.1608540988,127.0919429261,20240306,운영
연천군,대명농장,소,,경기도 연천군 신서면 마전리 289번지 1호,경기도 연천군 신서면 마전리 289번지 1호,38.2075451221,127.0944722068,20240306,운영
연천군,대발목장,소,,경기도 연천군 백학면 석장리 473번지,경기도 연천군 백학면 백왕로 194-23,38.0483729189,126.9307954094,20240306,운영
연천군,대산농장,돼지,,경기도 연천군 백학면 노곡리 156번지,경기도 연천군 백학면 노곡리 156번지,38.0089769195,126.9366578191,20240306,운영
연천군,대야곱목장,소,,경기도 연천군 미산면 백석리 117번지,경기도 연천군 미산면 마유로126번길 17-53,38.0525647590,126.9755566274,20240306,운영
연천군,대영목장,소,,경기도 연천군 미산면 아미리 407번지 2호,경기도 연천군 미산면 아미리 407번지 2호,38.0166413686,126.9498265113,20240306,운영
연천군,대오농장,산양,,경기도 연천군 전곡읍 전곡리 25번지 6호,경기도 연천군 전곡읍 선사로 314-1,,,20240306,운영
연천군,대진농장,돼지,,"경기도 연천군 군남면 왕림리 467, 467-5 번지","경기도 연천군 군남면 왕림리 467, 467-5 번지",,,20240306,운영
연천군,대흥목장,소,,경기도 연천군 미산면 우정리 213번지 1호,경기도 연천군 미산면 우정리 213번지 1호,,,20240306,운영
연천군,댕골농장,돼지,,경기도 연천군 군남면 황지리 521번지 1호,경기도 연천군 군남면 청정로 2027,38.0460641902,127.0331967281,20240306,운영
연천군,덕고목장,소,,경기도 연천군 백학면 두일리 181번지 2호,경기도 연천군 백학면 백두2길 156,,,20240306,운영
연천군,덕성목장,소,,경기도 연천군 미산면 동이리 575번지 1호,경기도 연천군 미산면 마동로127번길 153,38.0230858401,127.0007066448,20240306,운영
연천군,덕현목장,소,,경기도 연천군 연천읍 와초리 258번지,경기도 연천군 연천읍 와초리 258번지,38.1554639991,127.0832487756,20240306,운영
연천군,도경농장,소,,경기도 연천군 신서면 대광리 98번지,경기도 연천군 신서면 대광리 98번지,38.2258294270,127.1519038569,20240306,운영
연천군,독직골농장,소,,경기도 연천군 연천읍 동막리 342번지,경기도 연천군 연천읍 동막리 342번지,38.0904199712,127.0945538728,20240306,운영
연천군,돈앤돈스,돼지,,경기도 연천군 연천읍 고문리 507번지,경기도 연천군 연천읍 현문로245번길 107-36,38.0713687247,127.1002159425,20240306,운영
연천군,돈앤돈스,소,,경기도 연천군 연천읍 고문리 507번지,경기도 연천군 연천읍 고문리 507번지,38.0713687247,127.1002159425,20240306,운영
연천군,돈육당,돼지,,"경기도 연천군 연천읍 상리 503번지 2호 503-3, 503-4","경기도 연천군 연천읍 상리 503번지 2호 503-3, 503-4",38.1401992723,127.0673405584,20240306,운영
연천군,동기목장,소,,경기도 연천군 신서면 대광리 883번지 2호,경기도 연천군 신서면 샛대광길 8-26,,,20240306,운영
연천군,동녘목장,소,,경기도 연천군 백학면 학곡리 886번지,경기도 연천군 백학면 학곡리 886번지,37.9899020273,126.9494587345,20240306,운영
연천군,동물농장,염소,,경기도 연천군 신서면 답곡리 1124번지,경기도 연천군 신서면 답곡리 1124번지,38.1840954148,127.0667188880,20240306,운영
연천군,동민목장,소,,경기도 연천군 전곡읍 양원리 816번지 8호,경기도 연천군 전곡읍 양원리 816번지 8호,37.9835712583,127.0130693265,20240306,운영
연천군,동부축산,돼지,,경기도 연천군 백학면 노곡리 125번지,경기도 연천군 백학면 노곡로 344-41,38.0122301905,126.9417375764,20240306,운영
연천군,동산사슴목장,사슴,,경기도 연천군 미산면 백석리 646번지,경기도 연천군 미산면 백동로19번길 312,38.0553663474,126.9593396179,20240306,운영
연천군,동주남목장,소,,경기도 연천군 전곡읍 은대리 426번지 63호,경기도 연천군 전곡읍 평화로919번길 5-5,38.0501161401,127.0669937040,20240306,운영
연천군,동중농장,소,,경기도 연천군 왕징면 동중리 105번지,경기도 연천군 왕징면 백동로236번길 157,38.0710329240,126.9638188230,20240306,운영
연천군,동해농장,돼지,,"경기도 연천군 미산면 백석리 153,155,156-1,770번지","경기도 연천군 미산면 백석리 153,155,156-1,770번지",,,20240306,운영
연천군,두곡목장,소,,경기도 연천군 장남면 원당리 738번지 1호,경기도 연천군 장남면 장백로 291,37.9861011869,126.8837906724,20240306,운영
연천군,두리한우목장,소,,경기도 연천군 백학면 석장리 481번지,경기도 연천군 백학면 백왕로 124-85,38.0454834333,126.9296781039,20240306,운영
연천군,두일목장,소,,경기도 연천군 미산면 아미리 906번지,경기도 연천군 미산면 통아길 86,38.0264231006,126.9356139554,20240306,운영
연천군,두현목장,소,,경기도 연천군 백학면 두현리 24번지,경기도 연천군 백학면 두현리 24번지,38.0302282575,126.9085172286,20240306,운영
연천군,드림 백석리농장,돼지,,경기도 연천군 미산면 백석리 555번지 7호,경기도 연천군 미산면 백동로 104-40,38.0624771140,126.9651921994,20240306,운영
연천군,드림농장,돼지,,경기도 연천군 백학면 노곡리 87번지 3호,경기도 연천군 백학면 노곡로286번길 90,,,20240306,운영
연천군,디딤돌목장,소,,경기도 연천군 신서면 도신리 932번지 1호,경기도 연천군 신서면 장거리길 173-56,38.1601335425,127.0916972969,20240306,운영
연천군,또또목장,소,,경기도 연천군 왕징면 동중리 623번지,경기도 연천군 왕징면 백왕로575번길 14,38.0699718418,126.9487549951,20240306,운영
연천군,또와목장,소,,경기도 연천군 왕징면 북삼리 127번지,경기도 연천군 왕징면 북삼로98번길 73,38.0985905447,127.0041510415,20240306,운영
연천군,로하스팜,돼지,,경기도 연천군 청산면 대전리 545번지,경기도 연천군 청산면 청창로173번길 22,38.0101683688,127.0836095708,20240306,운영
연천군,마루농장,소,,경기도 연천군 청산면 장탄리 968번지 2호,경기도 연천군 청산면 장탄리 968번지 2호,38.0199800400,127.0877922125,20240306,운영
연천군,마포농원,소,,경기도 연천군 전곡읍 마포리 74번지,경기도 연천군 전곡읍 마포리 74번지,38.0008421120,127.0029078511,20240306,운영
연천군,말부리농장,소,,경기도 연천군 군남면 왕림리 475번지,경기도 연천군 군남면 진은로 317,38.0695694095,127.0464834474,20240306,운영
연천군,맑은물농장,소,,"경기도 연천군 신서면 답곡리 681, 682, 682-6번지","경기도 연천군 신서면 답곡리 681, 682, 682-6번지",,,20240306,운영
연천군,멱굴목장,소,,경기도 연천군 백학면 학곡리 642번지,경기도 연천군 백학면 노아로 191,37.9868121726,126.9394363280,20240306,운영
연천군,명찬한우농장,소,,경기도 연천군 미산면 백석리 204번지,경기도 연천군 미산면 백동로 62,38.0572498161,126.9691855629,20240306,운영
연천군,무내기농장,소,,경기도 연천군 미산면 삼화리 210번지 3호,경기도 연천군 미산면 삼화1길 40-27,38.0083164145,126.9743247231,20240306,운영
연천군,무화농장2,소,,경기도 연천군 미산면 아미리 613번지 1호,경기도 연천군 미산면 숭의전로 146-2,,,20240306,운영
연천군,무화목장,소,,경기도 연천군 미산면 아미리 30번지,경기도 연천군 미산면 숭의전로405번길 42,38.0286113271,126.9740866771,20240306,운영
연천군,묵현목장,소,,"경기도 연천군 신서면 대광리 901번지 3호 , 903-3, 904, 914-1, 1302-1",경기도 연천군 신서면 샛대광길 8-41,38.1926304402,127.1153817047,20240306,운영
연천군,문바위농장,소,,경기도 연천군 전곡읍 늘목리 498번지 1호,경기도 연천군 전곡읍 늘목리 498번지 1호,,,20240306,운영
연천군,문화목장,소,,경기도 연천군 백학면 백령리 58번지,경기도 연천군 백학면 백령리 58번지,38.0378419989,126.9116639732,20240306,운영
연천군,미라클팜,돼지,,경기도 연천군 연천읍 와초리 300번지,경기도 연천군 연천읍 합내로 663-160,38.1591990923,127.0826264889,20240306,운영
연천군,미랑목장,소,,경기도 연천군 연천읍 동막리 281번지 1호,경기도 연천군 연천읍 동막리 281번지 1호,,,20240306,운영
연천군,미산농원,돼지,,경기도 연천군 미산면 유촌리 320번지,경기도 연천군 미산면 유노로 268-60,38.0563170911,126.9947704839,20240306,운영
연천군,미정목장,소,,경기도 연천군 연천읍 와초리 87번지 12호,경기도 연천군 연천읍 합내로 836,,,20240306,운영
연천군,반딧불목장,소,,경기도 연천군 미산면 동이리 296번지,경기도 연천군 미산면 마동로127번길 130-12,38.0223514336,127.0019080837,20240306,운영
연천군,밤산농원,염소,,경기도 연천군 청산면 초성리 434번지 2호,경기도 연천군 청산면 초성리 434번지 2호,,,20240306,운영
연천군,배울목장,소,,경기도 연천군 미산면 동이리 48번지,경기도 연천군 미산면 마동로196번길 319,38.0217962933,127.0135442362,20240306,운영
연천군,배한농장,소,,경기도 연천군 군남면 선곡리 402번지,경기도 연천군 군남면 선곡리 402번지,38.0932444380,127.0338431761,20240306,운영
연천군,백노목장,소,,경기도 연천군 미산면 백석리 831번지,경기도 연천군 미산면 백동로19번길 133-85,38.0471020536,126.9633551754,20240306,운영
연천군,백두농장,소,,경기도 연천군 백학면 두일리 628번지,경기도 연천군 백학면 두일리 628번지,38.0219737635,126.9058856743,20240306,운영
연천군,백학농장,돼지,,"경기도 연천군 백학면 노곡리 101번지 , 104-2",경기도 연천군 백학면 노곡로 314,38.0097946231,126.9393980585,20240306,운영
연천군,번영목장,소,,경기도 연천군 신서면 도신리 688번지 3호,경기도 연천군 신서면 연신로873번길 6,,,20240306,운영
연천군,벗골목장,소,,경기도 연천군 백학면 석장리 420번지,경기도 연천군 백학면 백왕로225번길 18-25,38.0529768598,126.9286169446,20240306,운영
연천군,보성목장,소,,경기도 연천군 미산면 백석리 822번지,경기도 연천군 미산면 백석리 822번지,38.0523486500,126.9695742939,20240306,운영
연천군,복합목장,소,,경기도 연천군 신서면 도신리 1186번지,경기도 연천군 신서면 도신리 1186번지,38.1594405082,127.1021365033,20240306,운영
연천군,봉재목장,소,,경기도 연천군 미산면 동이리 276번지 277번지,경기도 연천군 미산면 동이리 276번지 277번지,,,20240306,운영
연천군,부농농장,소,,경기도 연천군 미산면 유촌리 1019번지 5호,경기도 연천군 미산면 유노로149번길 125,38.0455893212,126.9854518201,20240306,운영
연천군,부인축산,돼지,,"경기도 연천군 미산면 유촌리 483번지 , 485, 485-2, 485-4, 485-5, 산73",경기도 연천군 미산면 청정로1477번길 103-54,38.0382027373,126.9929830599,20240306,운영
연천군,부자목장,소,,경기도 연천군 신서면 대광리 735번지 9호,경기도 연천군 신서면 윗대광길 6-7,,,20240306,운영
연천군,북부유전자,돼지,,경기도 연천군 청산면 백의리 370번지,경기도 연천군 청산면 청창로 614,38.0210309333,127.1243808249,20240306,운영
연천군,불로초목장,소,,경기도 연천군 백학면 석장리 562번지,경기도 연천군 백학면 백왕로257번길 77,38.0534561485,126.9252508060,20240306,운영
연천군,비콤목장,소,,경기도 연천군 백학면 전동리 310번지,경기도 연천군 백학면 장백로683번길 91-49,38.0090833661,126.8888952136,20240306,운영
연천군,빼올농장,소,,경기도 연천군 왕징면 동중리 708번지,경기도 연천군 왕징면 동중리 708번지,38.0739637525,126.9409722189,20240306,운영
연천군,사랑농장,소,,경기도 연천군 미산면 백석리 101번지,경기도 연천군 미산면 마유로126번길 32,38.0496973781,126.9752579568,20240306,운영
연천군,산속목장,소,,"경기도 연천군 백학면 노곡리 47번지 ,백학면 노곡리 48-1","경기도 연천군 백학면 노곡리 47번지 ,백학면 노곡리 48-1",38.0012818878,126.9422078472,20240306,운영
연천군,산정목장,소,,경기도 연천군 백학면 노곡리 14번지 3호,경기도 연천군 백학면 노곡로286번길 180,38.0132367190,126.9468448541,20240306,운영
연천군,삼대 제2농장,소,,경기도 연천군 백학면 석장리 937번지 1호,경기도 연천군 백학면 백왕로295번길 137-5,38.0615285792,126.9245207370,20240306,운영
연천군,삼대농장 제4농장,소,,경기도 연천군 백학면 석장리 936번지 4호,경기도 연천군 백학면 백왕로295번길 137-28,38.0632751144,126.9227070789,20240306,운영
연천군,삼대제3농장,소,,경기도 연천군 백학면 석장리 939번지 5호,경기도 연천군 백학면 백왕로295번길 79-45,38.0599711612,126.9262657453,20240306,운영
연천군,삼부목장,소,,"경기도 연천군 왕징면 북삼리 233, 234, 235-3, 233-4","경기도 연천군 왕징면 북삼리 233, 234, 235-3, 233-4",,,20240306,운영
연천군,삼삼오오목장,소,,경기도 연천군 백학면 두일리 201번지 1호,경기도 연천군 백학면 백두2길 113-33,,,20240306,운영
연천군,삼우목장,소,,경기도 연천군 백학면 석장리 299번지,경기도 연천군 백학면 백왕로295번길 26,38.0584436504,126.9278107215,20240306,운영
연천군,삼우목장2,소,,"경기도 연천군 백학면 두일리 120번지 122-4, 943-18, 121","경기도 연천군 백학면 두일리 120번지 122-4, 943-18, 121",,,20240306,운영
연천군,삼종목장,소,,경기도 연천군 미산면 백석리 299번지,경기도 연천군 미산면 마유로 79,38.0456695312,126.9714231840,20240306,운영
연천군,삼천리목장,소,,"경기도 연천군 백학면 석장리 466번지 , 466-2, 465-5, 465-4, 465-8(5필지)",경기도 연천군 백학면 백왕로 180,38.0479671985,126.9289066225,20240306,운영
연천군,삼현농장,소,,경기도 연천군 신서면 도신리 977번지 2호,경기도 연천군 신서면 장거리길 173-106,38.1617645753,127.0911401730,20240306,운영
연천군,상훈농장,소,,경기도 연천군 미산면 유촌리 331번지,경기도 연천군 미산면 유노로 238,38.0535317680,126.9905039640,20240306,운영
연천군,새둥지목장,소,,"경기도 연천군 백학면 구미리 81,81-1,82,87,88,90,293-3,68-1번지","경기도 연천군 백학면 구미리 81,81-1,82,87,88,90,293-3,68-1번지",,,20240306,운영
연천군,새명목장,소,,경기도 연천군 신서면 도신리 285번지 82호 5통 1반,경기도 연천군 신서면 점말길 22-15,38.1842647476,127.1093054113,20240306,운영
연천군,새별목장,소,,경기도 연천군 백학면 석장리 941번지 4호,경기도 연천군 백학면 석장리 941번지 4호,38.0581970031,126.9272360980,20240306,운영
연천군,새초승목장,소,,경기도 연천군 왕징면 동중리 357번지 6호,경기도 연천군 왕징면 동중리 357번지 6호,,,20240306,운영
연천군,샘빛농장,소,,경기도 연천군 군남면 왕림리 362번지 1호,경기도 연천군 군남면 진은로 439,,,20240306,운영
연천군,서경목장,소,,경기도 연천군 신서면 도신리 61번지 5호,경기도 연천군 신서면 장거리길 360-52,,,20240306,운영
연천군,서울목장,소,,경기도 연천군 백학면 석장리 949번지 3호,경기도 연천군 백학면 백왕로 300,38.0573872533,126.9289118535,20240306,운영
연천군,서호농산,돼지,,경기도 연천군 왕징면 무등리 345번지,경기도 연천군 왕징면 유노로110번길 244,38.0504862916,127.0012046059,20240306,운영
연천군,서희농장,소,,경기도 연천군 미산면 백석리 399번지,경기도 연천군 미산면 청정로1003번길 106,38.0430728711,126.9632478277,20240306,운영
연천군,석명목장,소,,경기도 연천군 중면 삼곶리 350번지,경기도 연천군 중면 군중로 369,38.1347629049,127.0226769641,20240306,운영
연천군,석장목장,소,,경기도 연천군 백학면 석장리 573번지,경기도 연천군 백학면 석장리 573번지,38.0556089829,126.9235699742,20240306,운영
연천군,석준농장,소,,경기도 연천군 연천읍 고문리 414번지 16호,경기도 연천군 연천읍 고문리 414번지 16호,,,20240306,운영
연천군,선경농장,소,,경기도 연천군 미산면 삼화리 219번지 6호,경기도 연천군 미산면 삼화리 219번지 6호,,,20240306,운영
연천군,선곡목장,소,,경기도 연천군 군남면 선곡리 843번지,경기도 연천군 군남면 군남로 539-108,38.0953364706,127.0170145498,20240306,운영
연천군,선달목장,소,,경기도 연천군 연천읍 와초리 605번지,경기도 연천군 연천읍 합내로593번길 35-1,38.1578255092,127.0740735932,20240306,운영
연천군,선바위농장,소,,경기도 연천군 전곡읍 은대리 679번지 1호,경기도 연천군 전곡읍 선바위길 55-20,38.0370099281,127.0582529125,20240306,운영
연천군,선아농장,소,,경기도 연천군 미산면 우정리 676번지,경기도 연천군 미산면 청정로1632번길 215,38.0356590720,127.0073218929,20240306,운영
연천군,선우목장,소,,경기도 연천군 전곡읍 은대리 289번지,경기도 연천군 전곡읍 평화로940번길 71,38.0532520234,127.0717624059,20240306,운영
연천군,선진농장,소,,경기도 연천군 백학면 노곡리 451번지,경기도 연천군 백학면 노곡리 451번지,37.9952756421,126.9320146235,20240306,운영
연천군,설문목장,소,,경기도 연천군 미산면 백석리 96번지,경기도 연천군 미산면 마유로126번길 75,38.0486484605,126.9765077485,20240306,운영
연천군,성일농장,소,,경기도 연천군 왕징면 북삼리 141번지,경기도 연천군 왕징면 북삼리 141번지,,,20240306,운영
연천군,성재목장,소,,경기도 연천군 연천읍 상리 9번지 2호,경기도 연천군 연천읍 상리로4번길 66-44,,,20240306,운영
연천군,성진농장,소,,경기도 연천군 연천읍 상리 462번지 8호,경기도 연천군 연천읍 상리 462번지 8호,,,20240306,운영
연천군,성진농장2,소,,경기도 연천군 연천읍 상리 691번지 3호,경기도 연천군 연천읍 상합길 5-145,,,20240306,운영
연천군,성진축산농장,돼지,,"경기도 연천군 전곡읍 양원리 516번지 , 양원리 516-4",경기도 연천군 전곡읍 양연로1113번길 92,38.0000604523,127.0253168199,20240306,운영
연천군,성창목장,소,,경기도 연천군 연천읍 상리 351번지,경기도 연천군 연천읍 상리 351번지,38.1391045531,127.0711127780,20240306,운영
연천군,성혜2농장,돼지,,경기도 연천군 미산면 유촌리 90번지,경기도 연천군 미산면 유노로 83-67,38.0430784791,126.9971293557,20240306,운영
연천군,성혜농장,돼지,,경기도 연천군 미산면 유촌리 102번지,경기도 연천군 미산면 유노로 46,38.0444525349,127.0002084485,20240306,운영
연천군,성화농장,소,,경기도 연천군 군남면 왕림리 93번지 2호,경기도 연천군 군남면 군자로 175-44,,,20240306,운영
연천군,성효목장,소,,경기도 연천군 군남면 옥계리 206번지,경기도 연천군 군남면 옥계리 206번지,38.1262720673,127.0569174716,20240306,운영
연천군,세리목장,소,,경기도 연천군 미산면 유촌리 116번지,경기도 연천군 미산면 유촌리 116번지,38.0452842198,126.9984047707,20240306,운영
연천군,세븐목장,소,,경기도 연천군 신서면 도신리 107번지 1호,경기도 연천군 신서면 연신로 936,,,20240306,운영
연천군,세영목장,소,,경기도 연천군 백학면 석장리 364번지,경기도 연천군 백학면 백왕로250번길 70,38.0561136095,126.9305416878,20240306,운영
연천군,세풍농장,소,,경기도 연천군 신서면 도신리 737번지 9호,경기도 연천군 신서면 도신리 737번지 9호,,,20240306,운영
연천군,소마루목장,소,,경기도 연천군 연천읍 상리 653번지 1호,경기도 연천군 연천읍 상합길 5-90,,,20240306,운영
연천군,소소목장,소,,"경기도 연천군 연천읍 옥산리 578번지 ,578-2, 580-4,581-1",경기도 연천군 연천읍 합내로854번길 491,38.1205056746,127.0845467069,20240306,운영
연천군,솔너머농장,소,,경기도 연천군 군남면 선곡리 산 206번지,경기도 연천군 군남면 선곡리 산 206번지,38.1009136919,127.0216133694,20240306,운영
연천군,송실농장,돼지,,경기도 연천군 전곡읍 양원리 501번지,경기도 연천군 전곡읍 양원리 501번지,,,20240306,운영
연천군,송알찬농장,염소,,경기도 연천군 연천읍 와초리 320번지,경기도 연천군 연천읍 합내로593번길 196,38.1643227181,127.0788302251,20240306,운영
연천군,송영농장,소,,경기도 연천군 군남면 왕림리 87번지 1호,경기도 연천군 군남면 왕림리 87번지 1호,,,20240306,운영
연천군,수균목장,소,,"경기도 연천군 연천읍 상리 28번지 8호 ,28-22, 28-23, 31-6, 32-5, 32-10, 33-12",경기도 연천군 연천읍 상리로4번길 21,38.1376203676,127.0819164144,20240306,운영
연천군,수목장,소,,경기도 연천군 전곡읍 전곡리 642번지 1호,경기도 연천군 전곡읍 전곡리 642번지 1호,38.0090896485,127.0603384220,20240306,운영
연천군,수안목장,소,,경기도 연천군 백학면 노곡리 875번지 1호,경기도 연천군 백학면 청정로53번길 104-7,37.9913944661,126.9144638120,20240306,운영
연천군,순풍농장,돼지,,경기도 연천군 백학면 노곡리 64번지,경기도 연천군 백학면 노곡로286번길 6-100,38.0032491439,126.9427282858,20240306,운영
연천군,스타인목장,소,,경기도 연천군 연천읍 와초리 121번지 5호,경기도 연천군 연천읍 와초길 10,,,20240306,운영
연천군,승건농장,산양,,경기도 연천군 미산면 우정리 188번지,경기도 연천군 미산면 우정리 188번지,38.0351756281,127.0133726192,20240306,운영
연천군,승규농장,소,,경기도 연천군 청산면 대전리 330번지 5호,경기도 연천군 청산면 청창로 307,,,20240306,운영
연천군,승목장,소,,경기도 연천군 연천읍 와초리 87번지 1호,경기도 연천군 연천읍 와초리 87번지 1호,,,20240306,운영
연천군,승민농장,산양,,경기도 연천군 청산면 장탄리 385번지 1호,경기도 연천군 청산면 전영로215번길 44-3,,,20240306,운영
연천군,승밭농장,소,,경기도 연천군 백학면 노곡리 71번지,경기도 연천군 백학면 노곡로286번길 6-22,38.0058569943,126.9395989020,20240306,운영
연천군,승복목장,소,,경기도 연천군 백학면 석장리 340번지,경기도 연천군 백학면 백왕로257번길 16,38.0540531318,126.9277074973,20240306,운영
연천군,승우농장,소,,경기도 연천군 백학면 구미리 121번지 2호,경기도 연천군 백학면 노아로 609,38.0127272609,126.9620135429,20240306,운영
연천군,승의농장,소,,경기도 연천군 미산면 아미리 산 105번지,경기도 연천군 미산면 아미리 산 105번지,38.0332567870,126.9559311128,20240306,운영
연천군,승창농장,돼지,,"경기도 연천군 신서면 도신리 930번지 8호 ,931-3,931-5,931-8","경기도 연천군 신서면 도신리 930번지 8호 ,931-3,931-5,931-8",,,20240306,운영
연천군,승현농장,돼지,,"경기도 연천군 신서면 답곡리 1612번지 , 1613, 1614, 1616, 1617",경기도 연천군 신서면 천덕로 43-141,38.1928277561,127.0808701268,20240306,운영
연천군,승희목장,소,,경기도 연천군 연천읍 상리 679번지,경기도 연천군 연천읍 군남로 1071,38.1310032118,127.0616213301,20240306,운영
연천군,신거성목장,소,,경기도 연천군 연천읍 상리 646번지 1호,경기도 연천군 연천읍 상합길 5-134,,,20240306,운영
연천군,신도원농장,소,,경기도 연천군 신서면 도신리 688번지 1호,경기도 연천군 신서면 도신리 688번지 1호,,,20240306,운영
연천군,신망목장,소,,경기도 연천군 연천읍 상리 27번지 5호 외 13필지,경기도 연천군 연천읍 상리 27번지 5호 외 13필지,38.1396017242,127.0815171194,20240306,운영
연천군,신석장목장,소,,경기도 연천군 백학면 석장리 344번지,경기도 연천군 백학면 석장리 344번지,38.0535309831,126.9283004897,20240306,운영
연천군,신성뉴목장,소,,경기도 연천군 백학면 석장리 941번지 2호,경기도 연천군 백학면 백왕로295번길 31-25,38.0581970031,126.9272360980,20240306,운영
연천군,신소래한우목장,소,,경기도 연천군 중면 횡산리 386번지,경기도 연천군 중면 횡산리 386번지,38.1168865175,126.9834279052,20240306,운영
연천군,신에스농장,소,,경기도 연천군 청산면 대전리 563번지 14호,경기도 연천군 청산면 대전리 563번지 14호,,,20240306,운영
연천군,신이석목장,소,,경기도 연천군 신서면 도신리 182번지 13호,경기도 연천군 신서면 도신로 50-9,,,20240306,운영
연천군,신진목장,소,,경기도 연천군 전곡읍 양원리 265번지,경기도 연천군 전곡읍 양원리 265번지,37.9770327029,127.0320805671,20240306,운영
연천군,신천농장,돼지,,경기도 연천군 신서면 대광리 735번지 2호,경기도 연천군 신서면 윗대광길 4-36,,,20240306,운영
연천군,신초우목장,소,,경기도 연천군 신서면 도신리 172번지 8호,경기도 연천군 신서면 도신로 51-33,,,20240306,운영
연천군,신탄리목장,소,,경기도 연천군 연천읍 와초리 274번지,경기도 연천군 연천읍 합내로 663-85,38.1567644538,127.0848204664,20240306,운영
연천군,신황금목장,소,,경기도 연천군 백학면 두일리 112번지,경기도 연천군 백학면 두일리 112번지,38.0448445913,126.9170327541,20240306,운영
연천군,아름이농장,소,,"경기도 연천군 연천읍 상리 676번지 2호 67-3, 군남면 옥계리162-2, 922-1",경기도 연천군 연천읍 군남로 1061,38.1305794570,127.0615782244,20240306,운영
연천군,아미농장,돼지,,경기도 연천군 미산면 아미리 304번지,경기도 연천군 미산면 숭의전로227번길 117,38.0288594046,126.9553300274,20240306,운영
연천군,아버지목장,소,,경기도 연천군 백학면 석장리 398번지,경기도 연천군 백학면 백왕로234번길 33,38.0519224153,126.9304829786,20240306,운영
연천군,안산농장,돼지,,"경기도 연천군 백학면 노곡리 798번지 4호 798-6, 798-7, 802","경기도 연천군 백학면 노곡리 798번지 4호 798-6, 798-7, 802",37.9965471069,126.9137821094,20240306,운영
연천군,안산이농장,돼지,,경기도 연천군 미산면 우정리 679번지,경기도 연천군 미산면 청정로1632번길 239,38.0339997633,127.0092473730,20240306,운영
연천군,앙팡목장,소,,경기도 연천군 미산면 유촌리 573번지 1호,경기도 연천군 미산면 유노로149번길 79-2,38.0461221007,126.9860877345,20240306,운영
연천군,애심목장,소,,경기도 연천군 연천읍 와초리 81번지 2호,경기도 연천군 연천읍 와초길 10-45,,,20240306,운영
연천군,약산농장,돼지,,경기도 연천군 백학면 노곡리 117번지,경기도 연천군 백학면 노곡로 354,38.0129345920,126.9401373907,20240306,운영
연천군,양주축산,돼지,,경기도 연천군 군남면 왕림리 54번지 3호,경기도 연천군 군남면 군자로 127,38.0646125391,127.0607806369,20240306,운영
연천군,양지목장,소,,경기도 연천군 청산면 백의리 571번지 1호,경기도 연천군 청산면 청창로572번길 34,38.0208868642,127.1188217569,20240306,운영
연천군,어울림 농장,염소,,"경기도 연천군 군남면 남계리 996. 997, 997-1번지","경기도 연천군 군남면 남계리 996. 997, 997-1번지",,,20240306,운영
연천군,얼룩목장,소,,경기도 연천군 백학면 석장리 422번지,경기도 연천군 백학면 백왕로225번길 18-21,38.0525601848,126.9281870648,20240306,운영
연천군,에이라드목장,소,,경기도 연천군 전곡읍 양원리 298번지 2호,경기도 연천군 전곡읍 양원로 248,,,20240306,운영
연천군,연강마루목장,소,,경기도 연천군 군남면 진상리 159번지 2호,경기도 연천군 군남면 진은로66번길 256,38.0668937609,127.0308122628,20240306,운영
연천군,연꽃목장,소,,경기도 연천군 왕징면 북삼리 247번지 2호,경기도 연천군 왕징면 북삼로20번길 150,38.0868070463,127.0009213242,20240306,운영
연천군,연두목장,소,,경기도 연천군 백학면 두일리 38번지 2호,경기도 연천군 백학면 찬우물길 10-56,38.0359439304,126.9262680019,20240306,운영
연천군,연백농장,소,,경기도 연천군 연천읍 고문리 505번지 2호,경기도 연천군 연천읍 현문로245번길 147,,,20240306,운영
연천군,연사랑 목장,소,,경기도 연천군 백학면 석장리 463번지 2호,경기도 연천군 백학면 백왕로 158,38.0469179399,126.9281283809,20240306,운영
연천군,연서목장,소,,경기도 연천군 신서면 대광리 1085번지 3호,경기도 연천군 신서면 연신로 1225,,,20240306,운영
연천군,연수네농장,소,,경기도 연천군 백학면 통구리 488번지 3호,경기도 연천군 백학면 통구리 488번지 3호,38.0074517700,126.9185208237,20240306,운영
연천군,연수농장,소,,경기도 연천군 연천읍 고문리 118번지 7호,경기도 연천군 연천읍 고문리 118번지 7호,,,20240306,운영
연천군,연수사슴농장,사슴,,경기도 연천군 연천읍 고문리 118번지 7호,경기도 연천군 연천읍 고문리 118번지 7호,,,20240306,운영
연천군,연영준목장,소,,경기도 연천군 신서면 도신리 67번지 4호,경기도 연천군 신서면 장거리길 360-34,38.1748978818,127.1057704964,20240306,운영
연천군,연천목장,소,,경기도 연천군 신서면 도신리 728번지,경기도 연천군 신서면 연신로897번길 100,38.1644353211,127.1034067943,20240306,운영
연천군,연천한우농장,소,,경기도 연천군 연천읍 옥산리 173번지 8호,경기도 연천군 연천읍 옥산리 173번지 8호,,,20240306,운영
연천군,연포농장,소,,경기도 연천군 연천읍 상리 327번지 1호,경기도 연천군 연천읍 상리로86번길 187,38.1424341860,127.0697352709,20240306,운영
연천군,연합농장,돼지,,경기도 연천군 청산면 대전리 47번지,경기도 연천군 청산면 청창로320번길 224,38.0120751463,127.1087060196,20240306,운영
연천군,연희농장,소,,경기도 연천군 백학면 석장리 467번지 4호,경기도 연천군 백학면 백왕로 182-5,38.0482202648,126.9290528200,20240306,운영
연천군,열상목장,소,,경기도 연천군 군남면 옥계리 167번지 1호,경기도 연천군 군남면 옥계리 167번지 1호,,,20240306,운영
연천군,영농목장,소,,경기도 연천군 신서면 도신리 668번지 1호,경기도 연천군 신서면 연신로849번길 36,,,20240306,운영
연천군,영농법인 디엠지 소나라,소,,경기도 연천군 미산면 백석리 253번지,경기도 연천군 미산면 백석리 253번지,38.0519454091,126.9665376248,20240306,운영
연천군,영목장,소,,경기도 연천군 백학면 전동리 362번지,경기도 연천군 백학면 장백로683번길 66-134,38.0136445475,126.8925141203,20240306,운영
연천군,영변목장,소,,경기도 연천군 전곡읍 은대리 715번지,경기도 연천군 전곡읍 은대로 249-22,38.0559626229,127.0589689424,20240306,운영
연천군,영빈농장,돼지,,경기도 연천군 신서면 답곡리 1599번지,경기도 연천군 신서면 천덕로 43-153,38.1935122878,127.0807520049,20240306,운영
연천군,영산목장,소,,경기도 연천군 군남면 남계리 1035번지,경기도 연천군 군남면 남계로240번길 84,38.0158905416,127.0173427086,20240306,운영
연천군,영신농장,돼지,,경기도 연천군 군남면 왕림리 531번지,경기도 연천군 군남면 삼왕로 405-1,38.0733505719,127.0500856655,20240306,운영
연천군,영웅목장,소,,경기도 연천군 전곡읍 은대리 249번지 18호,경기도 연천군 전곡읍 평화로886번길 104,,,20240306,운영
연천군,영원목장,소,,경기도 연천군 신서면 도신리 214번지 1호,경기도 연천군 신서면 구시울길 12,,,20240306,운영
연천군,영진농장,산양,,경기도 연천군 군남면 남계리 1493번지 2호,경기도 연천군 군남면 남계리 1493번지 2호,38.0272384521,127.0446594222,20240306,운영
연천군,영해목장,소,,경기도 연천군 군남면 남계리 1347번지,경기도 연천군 군남면 남계로 214,38.0160635746,127.0221946749,20240306,운영
연천군,오봉산농원,소,,경기도 연천군 연천읍 고문리 473번지 13호,경기도 연천군 연천읍 현문로 246,,,20240306,운영
연천군,오주목장,소,,경기도 연천군 백학면 석장리 940번지 4호,경기도 연천군 백학면 백왕로295번길 31-30,38.0592312393,126.9266760972,20240306,운영
연천군,오합목장,소,,경기도 연천군 연천읍 옥산리 57번지 1호 외 2필지,경기도 연천군 연천읍 옥산리 57번지 1호 외 2필지,38.1337476670,127.0899772448,20240306,운영
연천군,옥계농장,돼지,,경기도 연천군 군남면 옥계리 309번지 3호,경기도 연천군 군남면 연군로 330,,,20240306,운영
연천군,옥계목장,소,,경기도 연천군 군남면 옥계리 502번지,경기도 연천군 군남면 군중로 73,38.1250082665,127.0469621576,20240306,운영
연천군,옥산농장,소,,경기도 연천군 연천읍 옥산리 709번지 1호,경기도 연천군 연천읍 연신로346번길 264,38.1278081152,127.0851670807,20240306,운영
연천군,옥산리목장,소,,"경기도 연천군 연천읍 옥산리 671번지 1호 , 671-2, 671-3, 671-4, 672, 673-5, 673-8, 686-1, 585-1",경기도 연천군 연천읍 합내로854번길 498-24,38.1215279238,127.0830806074,20240306,운영
연천군,옥산한우,소,,경기도 연천군 연천읍 차탄리 421번지,경기도 연천군 연천읍 지혜로91번길 25-82,38.0916623187,127.0663153665,20240306,운영
연천군,올리농장,소,,경기도 연천군 연천읍 동막리 267번지 12호,경기도 연천군 연천읍 동막리 267번지 12호,,,20240306,운영
연천군,와초리농장,돼지,,경기도 연천군 연천읍 와초리 332번지,경기도 연천군 연천읍 합내로593번길 122,38.1612174486,127.0774554799,20240306,운영
연천군,와초목장,소,,경기도 연천군 연천읍 와초리 119번지 2호,경기도 연천군 연천읍 와초리 119번지 2호,,,20240306,운영
연천군,왕림목장,소,,경기도 연천군 군남면 왕림리 515번지 9호,경기도 연천군 군남면 삼왕로 445,,,20240306,운영
연천군,용골농원,산양,,경기도 연천군 미산면 광동리 247번지,경기도 연천군 미산면 청정로771번길 203-43,38.0461883110,126.9451382110,20240306,운영
연천군,용현목장,소,,경기도 연천군 청산면 초성리 76번지,경기도 연천군 청산면 초성리 76번지,37.9854021521,127.0802513845,20240306,운영
연천군,용환목장,소,,경기도 연천군 연천읍 와초리 534번지 7호,경기도 연천군 연천읍 합내로796번길 27-20,,,20240306,운영
연천군,우리목장,소,,경기도 연천군 왕징면 무등리 295번지,경기도 연천군 왕징면 무등리 295번지,38.0583888280,127.0008204053,20240306,운영
연천군,우리목장,소,,경기도 연천군 전곡읍 은대리 389번지 6호,경기도 연천군 전곡읍 은대리 389번지 6호,,,20240306,운영
연천군,우리목장,소,,경기도 연천군 미산면 동이리 49번지,경기도 연천군 미산면 동이리 49번지,38.0210943535,127.0136211581,20240306,운영
연천군,우림목장,소,,"경기도 연천군 백학면 노곡리 1384번지 ,노곡리 1385",경기도 연천군 백학면 진목로 81-17,37.9969890869,126.9120474243,20240306,운영
연천군,우림목장(2),소,,경기도 연천군 백학면 노곡리 448번지 2호,경기도 연천군 백학면 노곡로 128,,,20240306,운영
연천군,우성농장,소,,"경기도 연천군 군남면 왕림리 787번지 1호 , 794, 795","경기도 연천군 군남면 왕림리 787번지 1호 , 794, 795",38.0706940281,127.0367282792,20240306,운영
연천군,우암농장,소,,경기도 연천군 미산면 아미리 170번지,경기도 연천군 미산면 아미리 170번지,38.0225574578,126.9627253171,20240306,운영
연천군,우원농장,염소,,경기도 연천군 신서면 도신리 698번지 2호,경기도 연천군 신서면 연신로887번길 37,,,20240306,운영
연천군,우유농장2,소,,경기도 연천군 연천읍 옥산리 153번지 4호,경기도 연천군 연천읍 합내로854번길 260,,,20240306,운영
연천군,우정농장,소,,경기도 연천군 미산면 우정리 744번지,경기도 연천군 미산면 우정리 744번지,38.0348722599,127.0066776393,20240306,운영
연천군,우정농장,소,,경기도 연천군 미산면 우정리 644번지,경기도 연천군 미산면 청정로1632번길 158,38.0385278179,127.0079636264,20240306,운영
연천군,우주목장,소,,경기도 연천군 신서면 대광리 875번지,경기도 연천군 신서면 샛대광길 39-50,38.1945137250,127.1208191578,20240306,운영
연천군,우현동물병원,염소,,경기도 연천군 군남면 진상리 132번지,경기도 연천군 군남면 진은로66번길 75-72,38.0733687711,127.0316727000,20240306,운영
연천군,웃음꽃목장,소,,경기도 연천군 백학면 두일리 189번지,경기도 연천군 백학면 백두2길 113-55,38.0506234584,126.9119492021,20240306,운영
연천군,원당사슴목장,사슴,,"경기도 연천군 백학면 노곡리 233번지 234, 235","경기도 연천군 백학면 노곡리 233번지 234, 235",,,20240306,운영
연천군,원미목장,소,,경기도 연천군 연천읍 와초리 136번지 10호,경기도 연천군 연천읍 와초리 136번지 10호,,,20240306,운영
연천군,웰빙,돼지,,경기도 연천군 군남면 왕림리 212번지 25호,경기도 연천군 군남면 군자로 71,,,20240306,운영
연천군,웰빙2,돼지,,경기도 연천군 군남면 왕림리 81번지 2호,경기도 연천군 군남면 군자로 168,38.0666925273,127.0629816016,20240306,운영
연천군,유송목장,소,,경기도 연천군 백학면 학곡리 522번지,경기도 연천군 백학면 노아로 163,37.9861189768,126.9358317368,20240306,운영
연천군,유유농장,돼지,,경기도 연천군 신서면 답곡리 921번지,경기도 연천군 신서면 답곡로 96,38.1888841302,127.0744294901,20240306,운영
연천군,유일농장,돼지,,경기도 연천군 미산면 우정리 752번지,경기도 연천군 미산면 청정로1632번길 198-40,38.0361019472,127.0054728787,20240306,운영
연천군,유진농장,소,,경기도 연천군 청산면 장탄리 417번지 1호,경기도 연천군 청산면 전영로215번길 206,,,20240306,운영
연천군,육이삼목장,소,,경기도 연천군 미산면 백석리 833번지,경기도 연천군 미산면 마유로143번길 191,38.0474716904,126.9653583664,20240306,운영
연천군,육일농장,소,,경기도 연천군 청산면 백의리 763번지,경기도 연천군 청산면 백의리 763번지,38.0250048871,127.1155533755,20240306,운영
연천군,윤농원,염소,,"경기도 연천군 군남면 왕림리 193번지 193-1, 194, 194-1, 194-2, 196, 197, 198, 198-1, 199-1","경기도 연천군 군남면 왕림리 193번지 193-1, 194, 194-1, 194-2, 196, 197, 198, 198-1, 199-1",,,20240306,운영
연천군,은행나무 농장,소,,"경기도 연천군 백학면 노곡리 89번지 2호 89-3, 89-4","경기도 연천군 백학면 노곡리 89번지 2호 89-3, 89-4",38.0089879228,126.9422292011,20240306,운영
연천군,이건목장,소,,경기도 연천군 전곡읍 은대리 714번지 2호,경기도 연천군 전곡읍 은대로 237-11,,,20240306,운영
연천군,이디엘목장,소,,경기도 연천군 연천읍 현가리 257번지,경기도 연천군 연천읍 연신로257번길 116,38.1155422543,127.0702239212,20240306,운영
연천군,이레목장,소,,경기도 연천군 미산면 동이리 357번지,경기도 연천군 미산면 마동로196번길 78,38.0151736682,127.0053287286,20240306,운영
연천군,이명록,소,,경기도 연천군 중면 삼곶리 197번지,경기도 연천군 중면 군중로 353-20,38.1345352018,127.0243101703,20240306,운영
연천군,이화목장,소,,"경기도 연천군 전곡읍 은대리 418번지 2호 ,은대리 271번지","경기도 연천군 전곡읍 은대리 418번지 2호 ,은대리 271번지",38.0509323845,127.0683794123,20240306,운영
연천군,인구농장,소,,경기도 연천군 왕징면 동중리 821번지 10호,경기도 연천군 왕징면 왕산로 655-17,,,20240306,운영
연천군,인성농장,소,,경기도 연천군 군남면 삼거리 950,경기도 연천군 군남면 삼거리 950,38.0858604432,127.0154543689,20240306,운영
연천군,인송농장,소,,경기도 연천군 청산면 장탄리 1091번지,경기도 연천군 청산면 전영로215번길 234-1,38.0412511298,127.0932229396,20240306,운영
연천군,일류목장,소,,경기도 연천군 백학면 학곡리 762번지,경기도 연천군 백학면 노아로 219-20,37.9882860536,126.9423404220,20240306,운영
연천군,일오삼농장,소,,"경기도 연천군 백학면 구미리 65, 65-2, 66, 67, 68, 68-3, 311-2","경기도 연천군 백학면 구미리 65, 65-2, 66, 67, 68, 68-3, 311-2",,,20240306,운영
연천군,일칠공목장,소,,경기도 연천군 연천읍 상리 209번지 2호,경기도 연천군 연천읍 상리로4번길 165,,,20240306,운영
연천군,일칠농장,소,,경기도 연천군 신서면 대광리 947번지,경기도 연천군 신서면 대광리 947번지,38.1933200113,127.1244077963,20240306,운영
연천군,일학농장,돼지,,경기도 연천군 군남면 왕림리 664번지,경기도 연천군 군남면 황지로 317-18,38.0538889292,127.0464277916,20240306,운영
연천군,일호농장,소,,경기도 연천군 신서면 답곡리 1605번지,경기도 연천군 신서면 답곡리 1605번지,38.1937335136,127.0796087462,20240306,운영
연천군,임마누엘,돼지,,경기도 연천군 전곡읍 양원리 428번지 1호,경기도 연천군 전곡읍 양원로 17,,,20240306,운영
연천군,자경목장,소,,경기도 연천군 청산면 대전리 268번지,경기도 연천군 청산면 순욱길 44-67,38.0092903601,127.0928300451,20240306,운영
연천군,자이언트목장,소,,경기도 연천군 백학면 석장리 941번지 8호,경기도 연천군 백학면 백왕로 281,38.0581970031,126.9272360980,20240306,운영
연천군,장거리농장,소,,경기도 연천군 군남면 옥계리 407번지 7호,경기도 연천군 군남면 옥계리 407번지 7호,,,20240306,운영
연천군,재궁농장,돼지,,경기도 연천군 연천읍 상리 560번지 1호,경기도 연천군 연천읍 상리 560번지 1호,38.1444468160,127.0631728412,20240306,운영
연천군,재란농장,소,,경기도 연천군 미산면 아미리 615번지 2호,경기도 연천군 미산면 숭의전로 128,38.0299743129,126.9485981892,20240306,운영
연천군,재범농장,소,,경기도 연천군 군남면 황지리 443번지 7호,경기도 연천군 군남면 황지리 443번지 7호,,,20240306,운영
연천군,재성목장,소,,경기도 연천군 연천읍 와초리 414번지,경기도 연천군 연천읍 합내로 654-33,38.1510095551,127.0809155235,20240306,운영
연천군,재형목장,소,,경기도 연천군 연천읍 와초리 61번지 22호,경기도 연천군 연천읍 와초길 74-1,,,20240306,운영
연천군,전동목장,소,,경기도 연천군 백학면 전동리 430번지,경기도 연천군 백학면 장백로631번길 59-95,38.0108812279,126.8828200677,20240306,운영
연천군,정우농장,염소,,경기도 연천군 장남면 판부리 113번지 6호,경기도 연천군 장남면 판부리 113번지 6호,,,20240306,운영
연천군,정은농장,소,,경기도 연천군 전곡읍 은대리 1309번지,경기도 연천군 전곡읍 은대로 256,38.0561137371,127.0608145890,20240306,운영
연천군,정인농장,소,,경기도 연천군 청산면 장탄리 968번지 4호,경기도 연천군 청산면 긴여울길 147,38.0199800400,127.0877922125,20240306,운영
연천군,정일농장,돼지,,경기도 연천군 백학면 노곡리 31번지,경기도 연천군 백학면 노곡로286번길 62-29,38.0083615850,126.9431907932,20240306,운영
연천군,정정농장,소,,경기도 연천군 왕징면 동중리 816번지 9호,경기도 연천군 왕징면 동중리 816번지 9호,,,20240306,운영
연천군,정현목장,소,,경기도 연천군 청산면 궁평리 540번지 4호,경기도 연천군 청산면 궁평리 540번지 4호,,,20240306,운영
연천군,조로목장,소,,"경기도 연천군 백학면 백령리 46번지 외2필지(46-1,48-3)","경기도 연천군 백학면 백령리 46번지 외2필지(46-1,48-3)",38.0373153970,126.9126937810,20240306,운영
연천군,조선목장,소,,경기도 연천군 전곡읍 간파리 84번지,경기도 연천군 전곡읍 양연로642번길 50,37.9634482665,127.0094554594,20240306,운영
연천군,조성진목장,소,,경기도 연천군 백학면 석장리 473번지 1호,경기도 연천군 백학면 백왕로 194-13,38.0483729189,126.9307954094,20240306,운영
연천군,조안목장,소,,경기도 연천군 연천읍 옥산리 42번지 1호,경기도 연천군 연천읍 합내로854번길 4-21,,,20240306,운영
연천군,종현산농장,소,,경기도 연천군 청산면 궁평리 328번지 2호,경기도 연천군 청산면 궁평리 328번지 2호,,,20240306,운영
연천군,좋은목장,소,,"경기도 연천군 백학면 전동리 389, 390-1번지","경기도 연천군 백학면 전동리 389, 390-1번지",,,20240306,운영
연천군,주니어목장,소,,경기도 연천군 신서면 도신리 174번지 1호,경기도 연천군 신서면 도신리 174번지 1호,,,20240306,운영
연천군,주현네농장,소,,경기도 연천군 백학면 통구리 488번지 6호,경기도 연천군 백학면 통구리 488번지 6호,38.0074517700,126.9185208237,20240306,운영
연천군,준수농장,소,,경기도 연천군 백학면 석장리 467번지 1호,경기도 연천군 백학면 석장리 467번지 1호,38.0482202648,126.9290528200,20240306,운영
연천군,준이농장,소,,경기도 연천군 군남면 황지리 586번지 1호,경기도 연천군 군남면 청정로1982번길 59,,,20240306,운영
연천군,지구리목장,소,,경기도 연천군 백학면 학곡리 493번지,경기도 연천군 백학면 노곡로110번길 173,37.9879875577,126.9345647615,20240306,운영
연천군,지노목장,소,,경기도 연천군 백학면 두일리 208번지 2호,경기도 연천군 백학면 두일리 208번지 2호,,,20240306,운영
연천군,지성농장,돼지,,경기도 연천군 미산면 백석리 714번지 4호,경기도 연천군 미산면 청정로1003번길 213,38.0471950951,126.9591234896,20240306,운영
연천군,지애목장,소,,경기도 연천군 왕징면 동중리 597번지,경기도 연천군 왕징면 백왕로575번길 98,38.0718744173,126.9451152378,20240306,운영
연천군,지윤농장,돼지,,경기도 연천군 미산면 백석리 561번지,경기도 연천군 미산면 백석리 561번지,38.0628743861,126.9653489005,20240306,운영
연천군,지행목장,소,,경기도 연천군 백학면 노곡리 247번지,경기도 연천군 백학면 노곡로206번길 36-2,37.9992478509,126.9371320946,20240306,운영
연천군,진국 농장,소,,경기도 연천군 왕징면 동중리 617번지,경기도 연천군 왕징면 동중리 617번지,38.0711648612,126.9456336326,20240306,운영
연천군,진남농장3,소,,경기도 연천군 백학면 전동리 172번지,경기도 연천군 백학면 장백로683번길 66-66,38.0108544754,126.8932661957,20240306,운영
연천군,진남목장,소,,경기도 연천군 백학면 전동리 165번지,경기도 연천군 백학면 전동리 165번지,38.0129802459,126.8929161787,20240306,운영
연천군,진남목장2,소,,경기도 연천군 백학면 전동리 592번지 4호,경기도 연천군 백학면 장백로683번길 66-87,38.0124487075,126.8929169728,20240306,운영
연천군,진명목장,소,,경기도 연천군 백학면 두일리 80번지,경기도 연천군 백학면 백두길 140-40,38.0396095843,126.9209602463,20240306,운영
연천군,진범목장,소,,"경기도 연천군 청산면 대전리 53번지 ,53-1",경기도 연천군 청산면 청창로320번길 125-22,38.0136169210,127.1061802114,20240306,운영
연천군,진성농장,돼지,,경기도 연천군 미산면 백석리 714-1번지,경기도 연천군 미산면 백석리 714-1번지,38.0470754458,126.9595145687,20240306,운영
연천군,진영농장,염소,,경기도 연천군 군남면 삼거리 377번지 4호,경기도 연천군 군남면 삼거리 377번지 4호,,,20240306,운영
연천군,진주목장,소,,경기도 연천군 미산면 유촌리 573번지 3호,경기도 연천군 미산면 유촌리 573번지 3호,38.0461221007,126.9860877345,20240306,운영
연천군,진주목장,소,,"경기도 연천군 군남면 옥계리 324, 325-3","경기도 연천군 군남면 옥계리 324, 325-3",38.1079659289,127.0541851044,20240306,운영
연천군,진천농장,소,,경기도 연천군 전곡읍 양원리 299번지 2호,경기도 연천군 전곡읍 양원로 222,,,20240306,운영
연천군,진천농장,소,,경기도 연천군 미산면 동이리 328-1번지,경기도 연천군 미산면 동이리 328-1번지,38.0174575826,127.0019298152,20240306,운영
연천군,차다목장,소,,경기도 연천군 전곡읍 간파리 86번지,경기도 연천군 전곡읍 양연로642번길 62,37.9638555902,127.0098739643,20240306,운영
연천군,참사랑목장,소,,경기도 연천군 백학면 석장리 365번지,경기도 연천군 백학면 백왕로250번길 66,38.0557447097,126.9306699283,20240306,운영
연천군,참조은 목장,소,,"경기도 연천군 군남면 선곡리 781, 782, 784번지 (3필지)","경기도 연천군 군남면 선곡리 781, 782, 784번지 (3필지)",38.0908620040,127.0226090763,20240306,운영
연천군,창윤농장,소,,경기도 연천군 군남면 진상리 548번지,경기도 연천군 군남면 진상리 548번지,38.0592854489,127.0235894185,20240306,운영
연천군,채수건농장,소,,경기도 연천군 전곡읍 늘목리 494번지,경기도 연천군 전곡읍 첫마을길 311-18,37.9529457626,126.9856562254,20240306,운영
연천군,채운목장,소,,경기도 연천군 전곡읍 간파리 374번지,경기도 연천군 전곡읍 간파리 374번지,37.9349308896,127.0039056587,20240306,운영
연천군,천둥목장,소,,경기도 연천군 전곡읍 양원리 587번지,경기도 연천군 전곡읍 양원로46번길 13-46,37.9902370545,127.0212892326,20240306,운영
연천군,철화농장,소,,경기도 연천군 전곡읍 은대리 246번지 1호,경기도 연천군 전곡읍 평화로886번길 87,,,20240306,운영
연천군,청기와농장,돼지,,"경기도 연천군 왕징면 무등리 351, 351-1, 351-2, 351-3, 352번지","경기도 연천군 왕징면 무등리 351, 351-1, 351-2, 351-3, 352번지",,,20240306,운영
연천군,청비목장,소,,경기도 연천군 미산면 백석리 439번지,경기도 연천군 미산면 마유로143번길 175,38.0476810488,126.9658127291,20240306,운영
연천군,청산농원,소,,경기도 연천군 청산면 궁평리 518번지,경기도 연천군 청산면 궁평리 518번지,,,20240306,운영
연천군,청산농장,염소,,경기도 연천군 청산면 궁평리 845번지,경기도 연천군 청산면 전영로518번길 115,38.0267265899,127.1158746530,20240306,운영
연천군,청산목장,소,,경기도 연천군 청산면 장탄리 산 9번지,경기도 연천군 청산면 전영로215번길 240,38.0418118817,127.0937896511,20240306,운영
연천군,청초목장,소,,경기도 연천군 신서면 도신리 167번지 3호,경기도 연천군 신서면 도신로 21,,,20240306,운영
연천군,청초목장,소,,"경기도 연천군 연천읍 와초리 272, 258, 275-3","경기도 연천군 연천읍 와초리 272, 258, 275-3",,,20240306,운영
연천군,청풍목장,소,,경기도 연천군 백학면 노곡리 221번지,경기도 연천군 백학면 노곡로 207-9,38.0009421422,126.9352284241,20240306,운영
연천군,초록농장,소,,경기도 연천군 미산면 아미리 187번지 1호,경기도 연천군 미산면 아미리 187번지 1호,38.0240065700,126.9616542232,20240306,운영
연천군,초원목장,소,,경기도 연천군 신서면 도신리 192번지 13호,경기도 연천군 신서면 도신리 192번지 13호,,,20240306,운영
연천군,최송식목장,소,,경기도 연천군 미산면 삼화리 209번지,경기도 연천군 미산면 삼화1길 40-23,38.0084186085,126.9751878119,20240306,운영
연천군,칸타빌레목장,소,,경기도 연천군 전곡읍 늘목리 69번지 2통 1반,경기도 연천군 전곡읍 양연로 489,37.9499150619,127.0018625914,20240306,운영
연천군,케논목장,소,,경기도 연천군 왕징면 북삼리 119번지,경기도 연천군 왕징면 북삼로98번길 74-18,38.0986387326,127.0048920447,20240306,운영
연천군,케이원(K-1)목장,소,,"경기도 연천군 전곡읍 간파리 73번지 2호 , 73-4, 82-1, 82","경기도 연천군 전곡읍 간파리 73번지 2호 , 73-4, 82-1, 82",37.9642377872,127.0090951694,20240306,운영
연천군,코리안목장,소,,경기도 연천군 신서면 도신리 620번지 14호,경기도 연천군 신서면 도신리 620번지 14호,,,20240306,운영
연천군,큰집목장,소,,경기도 연천군 백학면 노곡리 167번지,경기도 연천군 백학면 노곡로287번길 11,38.0064886155,126.9378627020,20240306,운영
연천군,태광농장,소,,경기도 연천군 전곡읍 전곡리 52번지 3호,경기도 연천군 전곡읍 전곡리 52번지 3호,,,20240306,운영
연천군,태성농장,소,,"경기도 연천군 미산면 동이리 278-2, 278번지","경기도 연천군 미산면 동이리 278-2, 278번지",38.0244221438,127.0035119488,20240306,운영
연천군,태성농장,소,,경기도 연천군 백학면 노곡리 39번지,경기도 연천군 백학면 노곡리 39번지,37.9990004032,126.9381590480,20240306,운영
연천군,태암농장,돼지,,"경기도 연천군 군남면 진상리 143번지 ,143-2, 143-3, 154, 154-2","경기도 연천군 군남면 진상리 143번지 ,143-2, 143-3, 154, 154-2",38.0701642162,127.0300955572,20240306,운영
연천군,태암농장,소,,경기도 연천군 군남면 진상리 154번지,경기도 연천군 군남면 진상리 154번지,38.0689577537,127.0307203843,20240306,운영
연천군,태암농장,염소,,경기도 연천군 군남면 진상리 156번지 2호,경기도 연천군 군남면 진상리 156번지 2호,38.0689577537,127.0307203843,20240306,운영
연천군,태양농장,소,,경기도 연천군 신서면 대광리 1337번지 3호,경기도 연천군 신서면 대광리 1337번지 3호,38.2292074804,127.1511578261,20240306,운영
연천군,태평농장,소,,경기도 연천군 전곡읍 은대리 249번지 2호,경기도 연천군 전곡읍 평화로886번길 120,,,20240306,운영
연천군,토산죽소농장,소,,경기도 연천군 신서면 도신리 20번지,경기도 연천군 신서면 구시울길 56,38.1783329542,127.1115635014,20240306,운영
연천군,토종농장,소,,경기도 연천군 전곡읍 늘목리 51번지,경기도 연천군 전곡읍 늘목리 51번지,37.9566328910,127.0026254208,20240306,운영
연천군,포동농장,돼지,,"경기도 연천군 백학면 노곡리 160, 160-1, 162-2, 162-3, 162-4, 158번지(6필지)","경기도 연천군 백학면 노곡리 160, 160-1, 162-2, 162-3, 162-4, 158번지(6필지)",,,20240306,운영
연천군,포시즌농장,소,,경기도 연천군 전곡읍 은대리 1985번지,경기도 연천군 전곡읍 은대리 1985번지,38.0352538359,127.0567822035,20240306,운영
연천군,풍성한 은혜농장,염소,,경기도 연천군 장남면 원당리 617번지 15호,경기도 연천군 장남면 원당리 617번지 15호,,,20240306,운영
연천군,하남목장,소,,경기도 연천군 연천읍 옥산리 67번지 1호,경기도 연천군 연천읍 합내로 874,,,20240306,운영
연천군,하늘농장,소,,경기도 연천군 전곡읍 늘목리 428번지 5호,경기도 연천군 전곡읍 늘목리 428번지 5호,,,20240306,운영
연천군,하늘목장,소,,경기도 연천군 백학면 석장리 473번지,경기도 연천군 백학면 백왕로 194-23,38.0483729189,126.9307954094,20240306,운영
연천군,하영목장,소,,"경기도 연천군 연천읍 상리 5번지 1호 외5필지(5-2,-3,6,7,764-10)","경기도 연천군 연천읍 상리 5번지 1호 외5필지(5-2,-3,6,7,764-10)",38.1410614834,127.0839737067,20240306,운영
연천군,학원목장,소,,"경기도 연천군 백학면 학곡리 680번지 ,학곡리 682",경기도 연천군 백학면 노아로 199,37.9877814430,126.9404652470,20240306,운영
연천군,한국1농장,돼지,,경기도 연천군 군남면 왕림리 212번지 7호,경기도 연천군 군남면 군자로 74,,,20240306,운영
연천군,한국2농장,돼지,,경기도 연천군 연천읍 와초리 356번지,경기도 연천군 연천읍 합내로593번길 8-60,38.1578623349,127.0792897166,20240306,운영
연천군,한별농장,돼지,,경기도 연천군 백학면 노곡리 101번지 3호,경기도 연천군 백학면 노곡로 312,38.0097946231,126.9393980585,20240306,운영
연천군,한빛피플,돼지,,경기도 연천군 미산면 백석리 290번지,경기도 연천군 미산면 마유로143번길 179-80,38.0442534129,126.9671824328,20240306,운영
연천군,한성목장,소,,"경기도 연천군 미산면 백석리 507, 507-2번지","경기도 연천군 미산면 백석리 507, 507-2번지",,,20240306,운영
연천군,한양뜰농장,돼지,,경기도 연천군 백학면 노곡리 802번지,경기도 연천군 백학면 노곡리 802번지,37.9964367997,126.9133501989,20240306,운영
연천군,한우농장,소,,경기도 연천군 백학면 전동리 213번지,경기도 연천군 백학면 전동리 213번지,38.0096198305,126.8929098120,20240306,운영
연천군,한우농장,소,,경기도 연천군 청산면 궁평리 630번지,경기도 연천군 청산면 궁평리 630번지,38.0264232862,127.1010798390,20240306,운영
연천군,한우농장,소,,경기도 연천군 연천읍 고문리 산 61번지 5호,경기도 연천군 연천읍 현문로 319-1,38.0625683339,127.0990554847,20240306,운영
연천군,함종민염소농장,염소,,경기도 연천군 왕징면 동중리 93번지,경기도 연천군 왕징면 동중리 93번지,38.0691974970,126.9656516082,20240306,운영
연천군,해오름목장,소,,경기도 연천군 신서면 도신리 1182번지 32호,경기도 연천군 신서면 도신리 1182번지 32호,38.1824579081,127.1025215361,20240306,운영
연천군,해오름팜,돼지,,경기도 연천군 백학면 전동리 388번지,경기도 연천군 백학면 장백로683번길 190-49,38.0152066322,126.8913278444,20240306,운영
연천군,행복농장,돼지,,경기도 연천군 연천읍 통현리 68번지,경기도 연천군 연천읍 통현길 165,38.0638386146,127.0888345843,20240306,운영
연천군,행복농장,돼지,,"경기도 연천군 백학면 노곡리 67번지 ,67-1,67-2,67-3,67-4,67-5,68,68-1,68-2,68-3,69,69-1,70","경기도 연천군 백학면 노곡리 67번지 ,67-1,67-2,67-3,67-4,67-5,68,68-1,68-2,68-3,69,69-1,70",38.0048897750,126.9408933895,20240306,운영
연천군,향명농장,소,,경기도 연천군 미산면 백석리 277번지 1호,경기도 연천군 미산면 마유로143번길 111-25,38.0471174865,126.9697412869,20240306,운영
연천군,향우목장,소,,경기도 연천군 군남면 삼거리 456번지 3호,경기도 연천군 군남면 삼거리 456번지 3호,,,20240306,운영
연천군,허윤회농장,소,,경기도 연천군 연천읍 읍내리 152번지 1호 152-2,경기도 연천군 연천읍 읍내리 152번지 1호 152-2,38.1021335037,127.0610411086,20240306,운영
연천군,현기농장,소,,"경기도 연천군 전곡읍 은대리 1703번지 , 1702",경기도 연천군 전곡읍 은대로 144-21,38.0475851331,127.0601361270,20240306,운영
연천군,현봉목장,소,,경기도 연천군 신서면 도신리 181번지 1호,경기도 연천군 신서면 도신로 50-32,,,20240306,운영
연천군,현상목장,소,,경기도 연천군 미산면 백석리 274번지,경기도 연천군 미산면 마유로143번길 111,38.0487078808,126.9676630258,20240306,운영
연천군,현성목장,소,,경기도 연천군 연천읍 상리 170번지 9호,경기도 연천군 연천읍 상리 170번지 9호,,,20240306,운영
연천군,현종농장,소,,경기도 연천군 신서면 도신리 263번지 1호,경기도 연천군 신서면 도신리 263번지 1호,,,20240306,운영
연천군,현지농장,소,,경기도 연천군 연천읍 와초리 586번지 1호,경기도 연천군 연천읍 합내로 569,,,20240306,운영
연천군,형경목장,소,,경기도 연천군 군남면 옥계리 325-1번지,경기도 연천군 군남면 옥계리 325-1번지,38.1088828178,127.0535521649,20240306,운영
연천군,형훈목장,소,,경기도 연천군 백학면 석장리 571번지,경기도 연천군 백학면 백왕로257번길 98,38.0547489085,126.9242148577,20240306,운영
연천군,형훈목장2,소,,경기도 연천군 백학면 석장리 947번지 5호,경기도 연천군 백학면 백왕로 354,38.0594177665,126.9346525578,20240306,운영
연천군,혜란농장,소,,경기도 연천군 전곡읍 은대리 725번지 173호,경기도 연천군 전곡읍 은대로 280-2,,,20240306,운영
연천군,혜영목장,소,,경기도 연천군 미산면 아미리 77번지,경기도 연천군 미산면 숭의전로405번길 108,38.0288666700,126.9707349513,20240306,운영
연천군,혜원농장,염소,,경기도 연천군 왕징면 작동리 548번지,경기도 연천군 왕징면 작동리 548번지,38.0732203855,126.9095218907,20240306,운영
연천군,호병목장,소,,경기도 연천군 백학면 석장리 940번지 13호,경기도 연천군 백학면 백왕로295번길 31-8,38.0592312393,126.9266760972,20240306,운영
연천군,호영농장,돼지,,"경기도 연천군 전곡읍 양원리 515번지 1호 , 515-7, 515-8","경기도 연천군 전곡읍 양원리 515번지 1호 , 515-7, 515-8",38.0005861633,127.0238213590,20240306,운영
연천군,홍명목장,소,,경기도 연천군 백학면 석장리 356번지,경기도 연천군 백학면 백왕로 280,38.0556169847,126.9284938338,20240306,운영
연천군,홍슬기농장,소,,경기도 연천군 백학면 전동리 548번지 1호,경기도 연천군 백학면 장백로631번길 59-93,38.0110616818,126.8840486888,20240306,운영
연천군,화옥목장,소,,경기도 연천군 신서면 도신리 625번지 1호,경기도 연천군 신서면 도신리 625번지 1호,,,20240306,운영
연천군,화이트목장,소,,경기도 연천군 미산면 백석리 826번지,경기도 연천군 미산면 백동로19번길 133-11,38.0497901651,126.9658429921,20240306,운영
연천군,황금목장,소,,경기도 연천군 신서면 답곡리 682번지,경기도 연천군 신서면 답곡로 82,38.1869045112,127.0752974206,20240306,운영
연천군,황우농장,소,,경기도 연천군 미산면 우정리 470번지 1호,경기도 연천군 미산면 청정로1671번길 73,38.0497257128,127.0070402737,20240306,운영
연천군,효성목장,소,,경기도 연천군 청산면 초성리 97번지,경기도 연천군 청산면 초성리 97번지,37.9889812688,127.0763961565,20240306,운영
연천군,희둘영목장,소,,경기도 연천군 장남면 원당리 647번지 1호,경기도 연천군 장남면 원당로51번길 8,,,20240306,운영
연천군,희재농장,소,,경기도 연천군 연천읍 읍내리 107번지 1호 107-7,경기도 연천군 연천읍 읍내리 107번지 1호 107-7,38.1042556062,127.0621461953,20240306,운영
연천군,힘찬한우농장,소,,"경기도 연천군 백학면 노곡리 52번지 , 56번지, 57번지, 58번지","경기도 연천군 백학면 노곡리 52번지 , 56번지, 57번지, 58번지",38.0016645576,126.9411798490,20240306,운영
오산시,권중목장,소,2,경기도 오산시 서동 223번지 1호,경기도 오산시 서동로 91-7 (서동),,,20250714,
오산시,삼양목장,소,50,경기도 오산시 갈곶동 9번지,경기도 오산시 남부대로 222-45 (갈곶동),37.1329387537,127.0610618509,20250714,
오산시,서랑목장,소,27,경기도 오산시 서랑동 128번지 1호,경기도 오산시 서랑로 38 (서랑동),,,20250714,
오산시,서촌목장,소,2,경기도 오산시 서동 511번지,경기도 오산시 서동로65번길 32 (서동),37.1474383438,127.0362946982,20250714,
오산시,선 목장,소,40,경기도 오산시 서랑동 201번지 1호,경기도 오산시 양산로 61 (서랑동),37.1793679295,127.0038115301,20250714,
오산시,세마사슴,사슴,49,경기도 오산시 지곶동 486번지,경기도 오산시 서랑로 99(서랑동),37.1753197620,127.0296358345,20250714,
오산시,이봉목장,소,2,경기도 오산시 지곶동 383번지 4호,경기도 오산시 서랑로 227 (지곶동),,,20250714,
오산시,탑리목장,소,38,경기도 오산시 두곡동 98번지 12호,경기도 오산시 황새로 9 (두곡동),37.1325459710,127.0500646070,20250714,
오산시,한국목장,소,0,경기도 오산시 서랑동 198번지 1호,경기도 오산시 양산로 86 (서랑동),,,20250714,
용인시,가애농장,돼지,7000,경기도 용인시 처인구 백암면 백봉로391번길 67-2,경기도 용인시 처인구 백암면 백봉리 443번지,37.1332926505,127.3903001178,20180907,
용인시,가야농장,소,10,경기도 용인시 처인구 백암면 삼백로 896,경기도 용인시 처인구 백암면 근삼리 193번지 1호,37.1496711111,127.3683887198,20180907,
용인시,가은목장,소,20,경기도 용인시 처인구 원삼면 원양로291번길 112-15,경기도 용인시 처인구 원삼면 사암리 1098번지 6호,37.1865337284,127.2930894004,20180907,
용인시,강촌농장,소,12,경기도 용인시 처인구 백암면 근삼로40번길 4-9,경기도 용인시 처인구 백암면 근삼리 899번지,37.1335650857,127.3698080216,20180907,
용인시,강촌농장,소,40,경기도 용인시 처인구 백암면 근삼로 18,경기도 용인시 처인구 백암면 근삼리 894번지,37.1329231224,127.3705251705,20180907,
용인시,강촌농장,소,55,경기도 용인시 처인구 백암면 삼백로724번길 41,경기도 용인시 처인구 백암면 근삼리 1516번지 외 1필지,37.1338416185,127.3764717345,20180907,
용인시,강촌농장,소,55,경기도 용인시 처인구 백암면 근삼로40번길 4-10,경기도 용인시 처인구 백암면 근삼리 853번지 2호,37.1331525951,127.3691645568,20180907,
용인시,강현농장,소,70,경기도 용인시 처인구 모현면 외개일로126번길 11,경기도 용인시 처인구 모현면 일산리 63번지 9호,37.3455087250,127.2415946186,20180907,
용인시,강호농장,돼지,600,경기도 용인시 처인구 백암면 한택로 330-48,경기도 용인시 처인구 백암면 장평리 1113번지,37.1173768010,127.3940783028,20180907,
용인시,건우농장,돼지,1740,경기도 용인시 처인구 포곡읍 옥현로 59,경기도 용인시 처인구 포곡읍 유운리 9번지 11호,37.3013757091,127.2283940283,20180907,
용인시,건우목장,소,30,,경기도 용인시 처인구 백암면 근삼리 783번지 1호,37.1339010640,127.3601086715,20180907,
용인시,건환목장,소,20,경기도 용인시 처인구 백암면 백봉로 537,경기도 용인시 처인구 백암면 백봉리 310번지,37.1287060634,127.3958583503,20180907,
용인시,경기도축산진흥센터,소,4705,경기도 용인시 처인구 남사면 천덕산로11번길 113,경기도 용인시 처인구 남사면 봉명리 638번지 3호,37.1268957909,127.1178544059,20180907,
용인시,경남목장,소,17,경기도 용인시 처인구 이동면 묘봉로23번길 80,경기도 용인시 처인구 이동면 묘봉리 산 39번지 1호 3통 4반,37.1290873328,127.2195206077,20180907,
용인시,경미농장,소,60,경기도 용인시 처인구 모현면 외개일로126번길 10-9,경기도 용인시 처인구 모현면 일산리 63번지 23호,37.3459517880,127.2408173124,20180907,
용인시,경석목장,소,45,경기도 용인시 처인구 양지면 평창로154번길 85,경기도 용인시 처인구 양지면 평창리 505번지 1호,37.2325564204,127.3252800394,20180907,
용인시,경식농장,소,80,경기도 용인시 처인구 백암면 근곡로 134-32,경기도 용인시 처인구 백암면 근곡리 512번지,37.1776976819,127.3581077047,20180907,
용인시,경제농장,소,3,경기도 용인시 처인구 백암면 삼백로769번길 16,경기도 용인시 처인구 백암면 근삼리 487번지,37.1397561048,127.3695340356,20180907,
용인시,경희농장,소,105,경기도 용인시 처인구 원삼면 원설로74번길 21,경기도 용인시 처인구 원삼면 두창리 1283번지 2호,37.1506194020,127.3434488613,20180907,
용인시,경희축산,돼지,800,경기도 용인시 처인구 포곡읍 양지촌로 78,경기도 용인시 처인구 포곡읍 신원리 307번지,37.3116775145,127.2219272183,20180907,
용인시,고란목장,소,52,경기도 용인시 처인구 원삼면 두창호수로144번길 5,경기도 용인시 처인구 원삼면 두창리 1662번지,37.1451745660,127.3348138336,20180907,
용인시,고산농장 1,소,150,경기도 용인시 처인구 이동면 묘봉로23번길 58,경기도 용인시 처인구 이동면 묘봉리 665번지 3호,37.1272599373,127.2185701406,20180907,
용인시,고안농장,돼지,964,,경기도 용인시 처인구 백암면 고안리 187번지 외1필지,37.1199878149,127.4107221256,20180907,
용인시,고안농장,소,36,경기도 용인시 처인구 백암면 고안로51번길 61-16,경기도 용인시 처인구 백암면 고안리 1141-1,37.1373968710,127.4051882824,20180907,
용인시,곡율농장,돼지,2000,경기도 용인시 처인구 백암면 삼백로636번길 10,경기도 용인시 처인구 백암면 용천리 378번지 4호,37.1279565472,127.3740008756,20180907,
용인시,공주농장,돼지,422,경기도 용인시 처인구 포곡읍 선장1로 1-5,경기도 용인시 처인구 포곡읍 신원리 357번지 1호 외 1필지,37.3090672738,127.2204532308,20180907,
용인시,공주농장,돼지,400,경기도 용인시 처인구 모현면 곡현로480번길 79,경기도 용인시 처인구 모현면 갈담리 622번지 3호,37.3257386978,127.2287037429,20180907,
용인시,광성목장,소,60,경기도 용인시 처인구 이동면 화산로 188,경기도 용인시 처인구 이동면 화산리 343번지,37.1465899279,127.2221031020,20180907,
용인시,광신농장,소,26,경기도 용인시 처인구 포곡읍 양지촌로 82,경기도 용인시 처인구 포곡읍 신원리 300번지,37.3116242253,127.2215096851,20180907,
용인시,광일농장,소,34,경기도 용인시 처인구 남사면 처인성로298번길 17-5,경기도 용인시 처인구 남사면 방아리 644번지,37.1151225549,127.1616604233,20180907,
용인시,광진축산,돼지,2000,경기도 용인시 처인구 포곡읍 곡현로170번길 14,경기도 용인시 처인구 포곡읍 유운리 166번지 2호,37.3006259300,127.2246472086,20180907,
용인시,교현농장,소,14,,경기도 용인시 처인구 백암면 장평리 367번지,37.1181001530,127.3878035868,20180907,
용인시,교현농장,소,54,경기도 용인시 처인구 백암면 삼백로466번길 40,경기도 용인시 처인구 백암면 장평리 732번지 9호,37.1149853202,127.3785055623,20180907,
용인시,구룡농장,소,11,경기도 용인시 처인구 이동면 백옥대로 287-30,경기도 용인시 처인구 이동면 덕성리 913번지 1호,37.1633914320,127.2034288252,20180907,
용인시,구봉농장,돼지,1000,경기도 용인시 처인구 백암면 삼백로 448-11,경기도 용인시 처인구 백암면 장평리 812번지,37.1121501981,127.3775014889,20180907,
용인시,구봉농장,소,70,경기도 용인시 처인구 원삼면 보개원삼로 1350,경기도 용인시 처인구 원삼면 목신리 70번지,37.1162089195,127.3103167752,20180907,
용인시,구암농장,돼지,1200,경기도 용인시 처인구 백암면 삼백로 455,경기도 용인시 처인구 백암면 석천리 362번지,37.1121214208,127.3751949330,20180907,
용인시,권병주농장,소,100,경기도 용인시 처인구 남사면 방아로37번길 59,경기도 용인시 처인구 남사면 방아리 161번지,37.1198733104,127.1666549796,20180907,
용인시,규석농장,소,128,경기도 용인시 처인구 백암면 백암로 143-37,경기도 용인시 처인구 백암면 박곡리 657번지 2호,37.1573114176,127.3772175979,20180907,
용인시,규태농장,소,33,경기도 용인시 처인구 모현면 외개일로126번길 15,경기도 용인시 처인구 모현면 일산리 64번지 2호,37.3451754200,127.2415597070,20180907,
용인시,그린농장,돼지,700,경기도 용인시 처인구 포곡읍 양지촌로 4-12,경기도 용인시 처인구 포곡읍 신원리 49번지 2호,37.3066254302,127.2253416100,20180907,
용인시,근삼농장,돼지,900,경기도 용인시 처인구 백암면 삼백로828번길 32,경기도 용인시 처인구 백암면 근삼리 513번지 2호,37.1424505274,127.3723383515,20180907,
용인시,근우농장,돼지,900,경기도 용인시 처인구 포곡읍 양지촌로26번길 36,경기도 용인시 처인구 포곡읍 신원리 63번지 2호,37.3061266151,127.2270659318,20180907,
용인시,근창목장,소,53,경기도 용인시 처인구 백암면 백원로439번길 55,경기도 용인시 처인구 백암면 근창리 245번지,37.1649516231,127.3598944652,20180907,
용인시,금성목장,소,20,,경기도 용인시 처인구 남사면 진목리 387번지 6호,37.0912071385,127.1248303321,20180907,
용인시,기영농장,소,3,경기도 용인시 처인구 백암면 장재로 18-5,경기도 용인시 처인구 백암면 장평리 284번지 3호,37.1177083657,127.3863613958,20180907,
용인시,기천농장,소,32,경기도 용인시 처인구 모현면 갈월로49번길 29,경기도 용인시 처인구 모현면 갈담리 278번지,37.3248444870,127.2479264054,20180907,
용인시,기홍목장,소,95,"경기도 용인시 처인구 양지면 반정로 40-25 (외 2필지(369,371))","경기도 용인시 처인구 양지면 송문리 365번지 외 2필지(369,371)",37.2199662647,127.2516766236,20180907,
용인시,길용2농장,소,92,경기도 용인시 처인구 모현면 곡현로480번길 82,경기도 용인시 처인구 모현면 갈담리 649번지 3호,37.3252349694,127.2282622168,20180907,
용인시,김장섭농장,소,0,경기도 용인시 수지구 동천로373번길 53 (동천동),경기도 용인시 수지구 동천동 568번지 24호,37.3393730359,127.0630856974,20180907,
용인시,김해농장,돼지,1800,경기도 용인시 처인구 백암면 가창로65번길 39,경기도 용인시 처인구 백암면 가창리 616번지 1호,37.1896152573,127.3621391057,20180907,
용인시,꼴미목장,소,97,경기도 용인시 처인구 백암면 삼백로636번길 91,경기도 용인시 처인구 백암면 용천리 999번지 외1필지(998-1),37.1287069461,127.3817467786,20180907,
용인시,꿈나무농장,소,20,경기도 용인시 처인구 원삼면 가재월로69번길 29,경기도 용인시 처인구 원삼면 가재월리 808번지 2호,37.1738417344,127.3198057980,20180907,
용인시,남곡목장,소,25,경기도 용인시 처인구 남사면 경기동로 387,경기도 용인시 처인구 남사면 아곡리 441번지 1호,37.1398680088,127.1663491629,20180907,
용인시,노다지농장,돼지,900,경기도 용인시 처인구 포곡읍 양지촌로 42-12,경기도 용인시 처인구 포곡읍 신원리 154번지 1호,37.3103721052,127.2261761104,20180907,
용인시,놀부농장,소,35,경기도 용인시 처인구 남사면 방아로37번길 59,경기도 용인시 처인구 남사면 방아리 170번지 1호,37.1198733104,127.1666549796,20180907,
용인시,농도원목장,소,110,경기도 용인시 처인구 원삼면 원양로377번길 1-34,경기도 용인시 처인구 원삼면 사암리 546번지 1호,37.1929151366,127.2995336168,20180907,
용인시,농업회사법인 성지팜(주),돼지,1100,경기도 용인시 처인구 백암면 삼백로 381,경기도 용인시 처인구 백암면 석천리 192번지 1호,37.1060164298,127.3767512874,20180907,
용인시,농업회사법인 주식회사 호돈팜,돼지,950,경기도 용인시 처인구 백암면 고안로62번길 33-9,경기도 용인시 처인구 백암면 고안리 352번지,37.1284015996,127.4060296699,20180907,
용인시,농업회사법인(주)둥지,돼지,10000,경기도 용인시 처인구 백암면 황새울로 96-9,경기도 용인시 처인구 백암면 석천리 396번지 4호 외 6필지,37.1131757600,127.3664468488,20180907,
용인시,뉴그린농장,돼지,650,경기도 용인시 처인구 백암면 삼백로 818,경기도 용인시 처인구 백암면 근삼리 447번지 1호,37.1429006637,127.3695604669,20180907,
용인시,능말사슴농장,사슴,27,경기도 용인시 처인구 원삼면 보개원삼로1684번길 24-29,경기도 용인시 처인구 원삼면 죽능리 산 4번지 55호,37.1433975612,127.3156492973,20180907,
용인시,다락원목장,소,120,,경기도 용인시 처인구 백암면 근창리 253번지 1호,37.1647554300,127.3592180263,20180907,
용인시,다미농장,염소,150,경기도 용인시 처인구 백암면 죽양대로912번길 30-9,경기도 용인시 처인구 백암면 백봉리 948번지 1호,37.1453424063,127.3894385953,20180907,
용인시,대건농장,소,62,경기도 용인시 처인구 백암면 덕평로1번길 37-28,경기도 용인시 처인구 백암면 근곡리 823번지,37.1725327277,127.3647267828,20180907,
용인시,대덕농장,돼지,600,경기도 용인시 처인구 백암면 원설로 711,경기도 용인시 처인구 백암면 고안리 559번지,37.1395076590,127.4097801798,20180907,
용인시,대덕축산,소,25,,경기도 용인시 처인구 백암면 박곡리 산 3번지,37.1703938265,127.4075812352,20180907,
용인시,대동농장,돼지,1000,경기도 용인시 처인구 포곡읍 곡현로195번길 41-6,경기도 용인시 처인구 포곡읍 유운리 283번지 1호,37.3030692108,127.2189583733,20180907,
용인시,대륭농장,돼지,1100,경기도 용인시 처인구 백암면 원설로270번길 78-16,경기도 용인시 처인구 백암면 근삼리 361번지 1호 9통 1반,37.1407030842,127.3573944215,20180907,
용인시,대림농장,돼지,800,경기도 용인시 처인구 포곡읍 선장1로37번길 11-20,경기도 용인시 처인구 포곡읍 신원리 441번지 2호,37.3099029929,127.2167331573,20180907,
용인시,대명농장,돼지,800,,경기도 용인시 처인구 포곡읍 신원리 465번지 2호,37.3127911451,127.2140114129,20180907,
용인시,대명농장,돼지,790,경기도 용인시 처인구 포곡읍 곡현로195번길 41-8,경기도 용인시 처인구 포곡읍 유운리 282번지,37.3029073365,127.2187887222,20180907,
용인시,대명목장,소,130,경기도 용인시 처인구 백암면 청강가창로 224-20,경기도 용인시 처인구 백암면 가창리 113번지,37.1993353470,127.3657782918,20180907,
용인시,대산1농장,소,150,경기도 용인시 처인구 백암면 마두로 70-11,경기도 용인시 처인구 백암면 근곡리 955번지 11호,37.1776448356,127.3636701517,20180907,
용인시,대산2농장,돼지,900,경기도 용인시 처인구 백암면 마두로 113,경기도 용인시 처인구 백암면 근곡리 187번지,37.1797310602,127.3620810354,20180907,
용인시,대성농장,돼지,1200,,경기도 용인시 처인구 원삼면 목신리 464번지 2호,37.1288161573,127.3062040414,20180907,
용인시,대성농장,돼지,800,경기도 용인시 처인구 모현면 곡현로 528-12,경기도 용인시 처인구 모현면 매산리 370번지 1호,37.3307600087,127.2225129204,20180907,
용인시,대성목장,소,83,경기도 용인시 처인구 남사면 어진로102번길 71,경기도 용인시 처인구 남사면 진목리 397번지 6호 외 4필지,37.0919022271,127.1235829322,20180907,
용인시,대승농장,돼지,600,경기도 용인시 처인구 포곡읍 곡현로93번길 22,경기도 용인시 처인구 포곡읍 유운리 384번지 2호,37.2957970098,127.2194789237,20180907,
용인시,대승농장,소,105,경기도 용인시 처인구 백암면 박곡로 154-9 (2필지),경기도 용인시 처인구 백암면 박곡리 392번지 2필지,37.1735875495,127.3929378785,20180907,
용인시,대왕농장,돼지,300,경기도 용인시 처인구 백암면 옥산로 133,경기도 용인시 처인구 백암면 옥산리 245번지 1호,37.1083770610,127.4096360924,20180907,
용인시,대원농장,돼지,700,경기도 용인시 처인구 포곡읍 선장1로 125,경기도 용인시 처인구 포곡읍 신원리 612번지 7호,37.3155369340,127.2102286452,20180907,
용인시,대지목장,소,90,경기도 용인시 처인구 모현면 갈담로 102-17,경기도 용인시 처인구 모현면 갈담리 190번지 1호,37.3185998625,127.2525090011,20180907,
용인시,대지성목장,소,64,경기도 용인시 처인구 백암면 삼백로 945,경기도 용인시 처인구 백암면 근삼리 88번지 1호,37.1534233045,127.3671347464,20180907,
용인시,대찬농장,돼지,600,,경기도 용인시 처인구 포곡읍 신원리 76번지 2호,37.3069011683,127.2272374280,20180907,
용인시,대풍농장,돼지,2500,"경기도 용인시 처인구 백암면 삼백로 774-4, EQB",경기도 용인시 처인구 백암면 근삼리 493번지 1호 EQB,37.1394235593,127.3721660644,20180907,
용인시,대한농장1,돼지,1400,경기도 용인시 처인구 포곡읍 곡현로170번길 20-1 (외 1필지(168-3)),경기도 용인시 처인구 포곡읍 유운리 164번지 3호 외 1필지(168-3),37.3000115657,127.2255364276,20180907,
용인시,대한농장2,돼지,900,경기도 용인시 처인구 포곡읍 옥현로 65,경기도 용인시 처인구 포곡읍 유운리 22번지 4호,37.3018997790,127.2276173385,20180907,
용인시,대호농장,돼지,800,경기도 용인시 처인구 포곡읍 곡현로170번길 10,경기도 용인시 처인구 포곡읍 유운리 190번지 8호,37.3007420255,127.2252002144,20180907,
용인시,대호농장,소,6,경기도 용인시 처인구 남사면 방아로 119-18,경기도 용인시 처인구 남사면 방아리 124번지 1호,37.1143668667,127.1737651213,20180907,
용인시,덕성농장,산양,4,경기도 용인시 처인구 이동면 백옥대로556번길 120-6,경기도 용인시 처인구 이동면 덕성리 470번지 5호,37.1795279973,127.2093158436,20180907,
용인시,덕성농장,소,300,,경기도 용인시 처인구 원삼면 가재월리 794번지 1호,37.1762511185,127.3184533622,20180907,
용인시,덕수농장,소,25,경기도 용인시 처인구 이동면 묘봉로63번길 36-27,경기도 용인시 처인구 이동면 묘봉리 498번지,37.1270964117,127.2241849534,20180907,
용인시,덕원농장,소,81,경기도 용인시 처인구 백암면 백원로439번길 9-11,경기도 용인시 처인구 백암면 근창리 259번지 9호,37.1616172115,127.3600814308,20180907,
용인시,덕인농장,돼지,663,경기도 용인시 처인구 원삼면 어현로 103-51,경기도 용인시 처인구 원삼면 죽능리 915번지,37.1342571518,127.2959845253,20180907,
용인시,도실목장,소,47,경기도 용인시 처인구 백암면 근창로41번길 36,경기도 용인시 처인구 백암면 근창리 52번지,37.1601722578,127.3700041191,20180907,
용인시,돈이농장,돼지,1100,,경기도 용인시 처인구 백암면 옥산리 1531번지,37.1161813925,127.4039733789,20180907,
용인시,동경농장,소,300,경기도 용인시 처인구 포곡읍 곡현로315번길 89,경기도 용인시 처인구 포곡읍 신원리 547번지 1호,37.3194035492,127.2146165525,20180907,
용인시,동경농장,소,200,경기도 용인시 처인구 포곡읍 곡현로315번길 89,경기도 용인시 처인구 포곡읍 신원리 547번지 1호,37.3194035492,127.2146165525,20180907,
용인시,동구축산,돼지,550,경기도 용인시 처인구 포곡읍 곡현로114번길 34,경기도 용인시 처인구 포곡읍 유운리 79번지 2호,37.2942639215,127.2250683723,20180907,
용인시,동림농장,돼지,1450,경기도 용인시 처인구 모현면 곡현로 605-20,경기도 용인시 처인구 모현면 매산리 270번지 2호,37.3378989874,127.2209313146,20180907,
용인시,동백농장,돼지,50,,경기도 용인시 처인구 양지면 주북리 723번지 1호,37.2573240521,127.2424320602,20180907,
용인시,동신농장,소,135,경기도 용인시 처인구 포곡읍 양지촌로 50-2,경기도 용인시 처인구 포곡읍 신원리 195번지 3호,37.3111778223,127.2241480146,20180907,
용인시,동우농장,소,52,경기도 용인시 처인구 모현면 외개일로 13,경기도 용인시 처인구 모현면 일산리 488번지 8호,37.3521482020,127.2330039927,20180907,
용인시,돼지꿈행운농장,소,12,경기도 용인시 처인구 남사면 방아로 71-46,경기도 용인시 처인구 남사면 방아리 224번지 5호,37.1177589715,127.1708585569,20180907,
용인시,두경농장,돼지,800,경기도 용인시 처인구 이동면 남북대로 3431-27,경기도 용인시 처인구 이동면 천리 854번지,37.2118591459,127.2029599374,20180907,
용인시,두집뫼농장,소,200,경기도 용인시 처인구 남사면 방아로37번길 74,경기도 용인시 처인구 남사면 방아리 180번지 1호,37.1208691748,127.1697402130,20180907,
용인시,두창농장,산양,40,경기도 용인시 처인구 원삼면 백원로262번길 60-35,경기도 용인시 처인구 원삼면 두창리 1544번지,37.1463381773,127.3438911567,20180907,
용인시,둘만농장,소,40,경기도 용인시 처인구 모현면 외개일로126번길 8,경기도 용인시 처인구 모현면 일산리 63번지 20호,37.3459237126,127.2413363627,20180907,
용인시,라온목장,소,20,경기도 용인시 처인구 백암면 고안로32번길 51,경기도 용인시 처인구 백암면 고안리 1188번지,37.1299008861,127.3996344250,20180907,
용인시,로이농장,돼지,2550,경기도 용인시 처인구 백암면 한택로 147-40 (외 1필지(1595)),경기도 용인시 처인구 백암면 옥산리 1594번지 외 1필지(1595),37.1031801953,127.3983363393,20180907,
용인시,마루농장,돼지,1500,경기도 용인시 처인구 백암면 옥산로175번길 89,경기도 용인시 처인구 백암면 옥산리 1799번지,37.1136523171,127.4188338807,20180907,
용인시,마루목장,소,65,경기도 용인시 처인구 백암면 마두로85번길 30-7,경기도 용인시 처인구 백암면 근곡리 247번지 4호,37.1758644746,127.3594728732,20180907,
용인시,마리아농장,돼지,750,경기도 용인시 처인구 백암면 백봉로 495,경기도 용인시 처인구 백암면 백봉리 1461번지,37.1259037729,127.3931431831,20180907,
용인시,마리아농장,돼지,1200,경기도 용인시 처인구 백암면 죽양대로801번길 147-17,경기도 용인시 처인구 백암면 백봉리 1391번지,37.1287035641,127.3883861801,20180907,
용인시,마리아농장2,돼지,1968,,경기도 용인시 처인구 백암면 옥산리 680-2번지 외1필지(680-3),37.1143433459,127.4012746670,20180907,
용인시,마재농장,돼지,750,경기도 용인시 처인구 백암면 한택로88번길 204-11,경기도 용인시 처인구 백암면 옥산리 122번지,37.1096505248,127.4191607585,20180907,
용인시,막내목장,소,55,경기도 용인시 처인구 남사면 천덕산로11번길 2-32,경기도 용인시 처인구 남사면 봉명리 654번지 1호,37.1189520152,127.1141967878,20180907,
용인시,만수농장,돼지,2000,경기도 용인시 처인구 백암면 삼백로770번길 16,경기도 용인시 처인구 백암면 근삼리 644번지 1호,37.1382057658,127.3726103323,20180907,
용인시,만영농장,소,33,경기도 용인시 처인구 백암면 덕평로1번길 47,경기도 용인시 처인구 백암면 근곡리 870번지,37.1733623645,127.3674443692,20180907,
용인시,맹골농장,소,40,경기도 용인시 처인구 이동읍 문화로70번길 114,경기도 용인시 처인구 이동면 묘봉리 580,37.1349518439,127.2250969107,20180907,
용인시,명기농장,소,49,경기도 용인시 처인구 남사면 천덕산로482번길 18,경기도 용인시 처인구 남사면 원암리 194번지 7호,37.0917585775,127.1473044138,20180907,
용인시,명농장,돼지,707,경기도 용인시 처인구 포곡읍 양지촌로 80-3,경기도 용인시 처인구 포곡읍 신원리 305번지 10호,37.3115677400,127.2228180589,20180907,
용인시,명농장2,돼지,1271,경기도 용인시 처인구 백암면 용천로71번길 7-10,경기도 용인시 처인구 백암면 용천리 250번지 1호 외 6필지,37.1240145026,127.3667237280,20180907,
용인시,명섭목장,소,64,경기도 용인시 처인구 원삼면 용수로18번길 49-7,경기도 용인시 처인구 원삼면 두창리 884번지,37.1604803200,127.3422209388,20180907,
용인시,명섭한우농장,소,150,경기도 용인시 처인구 원삼면 두창로174번길 75-13,경기도 용인시 처인구 원삼면 두창리 2173번지,37.1700610031,127.3475556860,20180907,
용인시,명성농장,소,5,경기도 용인시 처인구 남사면 당하로 78,경기도 용인시 처인구 남사면 북리 552-6,37.1467823681,127.1500541164,20180907,
용인시,명성목장,소,40,경기도 용인시 처인구 남사면 어진로102번길 77-5,경기도 용인시 처인구 남사면 진목리 949번지 80호,37.0921177682,127.1242806439,20180907,
용인시,명품농장,소,69,경기도 용인시 처인구 백암면 석실로54번길 11,경기도 용인시 처인구 백암면 가좌리 356번지 4호,37.1778094420,127.3414764060,20180907,
용인시,모리농장,소,116,경기도 용인시 처인구 백암면 옥산로 113,경기도 용인시 처인구 백암면 옥산리 513번지,37.1081230748,127.4074971968,20180907,
용인시,목교농장,소,60,경기도 용인시 처인구 원삼면 원양로357번길 54,경기도 용인시 처인구 원삼면 사암리 555번지 1호,37.1895842859,127.2983380457,20180907,
용인시,목신농장,돼지,1000,경기도 용인시 처인구 원삼면 보개원삼로1415번길 166-1,경기도 용인시 처인구 원삼면 목신리 465번지,37.1295092649,127.3064768889,20180907,
용인시,목신목장,소,40,경기도 용인시 처인구 원삼면 보개원삼로1517번길 86-16,경기도 용인시 처인구 원삼면 목신리 491번지 2호,37.1324537603,127.3036977003,20180907,
용인시,묵산목장,소,52,경기도 용인시 처인구 포곡읍 양지촌로 82,경기도 용인시 처인구 포곡읍 신원리 300번지,37.3116242253,127.2215096851,20180907,
용인시,문오목장,소,7,경기도 용인시 처인구 고진로 129-2,경기도 용인시 처인구 고림동 291번지 4호,37.2352200008,127.2248499181,20180907,
용인시,물밑목장,소,49,경기도 용인시 처인구 남사면 처인성로354번길 21,경기도 용인시 처인구 남사면 방아리 88번지 2호,37.1212545401,127.1647450798,20180907,
용인시,미동농장,소,99,경기도 용인시 처인구 포곡읍 두계로 47-15,경기도 용인시 처인구 포곡읍 삼계리 495번지 5호,37.2810423866,127.2362603362,20180907,
용인시,미진농장,사슴,40,"경기도 용인시 처인구 동부로359번길 38 (운학동, 미진사슴농장)",경기도 용인시 처인구 운학동 439번지 미진사슴농장,37.2087747968,127.2387637902,20180907,
용인시,민석흑염소농장,산양,20,경기도 용인시 처인구 백령로 34-1 (유방동),경기도 용인시 처인구 유방동 730번지,37.2637132314,127.1921844065,20180907,
용인시,민재농장,소,80,,경기도 용인시 처인구 백암면 근삼리 260번지 4호 외 1필지(260-5),37.1463417440,127.3727512321,20180907,
용인시,민화농장,소,60,경기도 용인시 처인구 남사면 천덕산로409번길 23,경기도 용인시 처인구 남사면 원암리 354번지 1호,37.0957346139,127.1453322345,20180907,
용인시,박석1농장,돼지,3409,경기도 용인시 처인구 백암면 청계로 176-12,경기도 용인시 처인구 백암면 박곡리 213번지,37.1614278569,127.3997766088,20180907,
용인시,박석3농장,돼지,1327,경기도 용인시 처인구 백암면 청계로 230-4,경기도 용인시 처인구 백암면 박곡리 201번지,37.1627316121,127.4032734942,20180907,
용인시,방인농장,소,80,경기도 용인시 처인구 남사면 처인성로398번길 76,경기도 용인시 처인구 남사면 방아리 194번지,37.1211718286,127.1723513857,20180907,
용인시,백근농장,돼지,500,경기도 용인시 처인구 백암면 백봉로 353,경기도 용인시 처인구 백암면 근삼리 1018번지 11호,37.1333998839,127.3850225638,20180907,
용인시,백동농장,돼지,1000,경기도 용인시 처인구 백암면 죽양대로912번길 115,경기도 용인시 처인구 백암면 백봉리 654번지 1호,37.1456167189,127.3991424506,20180907,
용인시,백봉농장,돼지,4633,"경기도 용인시 처인구 백암면 죽양대로801번길 116-4 (, 1376-1,2,4)","경기도 용인시 처인구 백암면 백봉리 439번지 1호 , 1376-1,2,4",37.1327088559,127.3897231958,20180907,
용인시,백암농장,돼지,850,경기도 용인시 처인구 백암면 근삼로102번길 39,경기도 용인시 처인구 백암면 근삼리 709번지,37.1375054831,127.3630067842,20180907,
용인시,백암무지개농장,돼지,900,경기도 용인시 처인구 백암면 백봉로391번길 67-26,경기도 용인시 처인구 백암면 백봉리 1713번지,37.1333681038,127.3920223553,20180907,
용인시,백암삼보농장,돼지,1728,경기도 용인시 처인구 백암면 근삼로 85,경기도 용인시 처인구 백암면 근삼리 806번지,37.1346193766,127.3639159459,20180907,
용인시,백암축산,소,150,경기도 용인시 처인구 백암면 대흥로 58,경기도 용인시 처인구 백암면 백봉리 93번지 1호 1245-33번지,37.1459787192,127.4040293580,20180907,
용인시,백암한우농장,소,89,경기도 용인시 처인구 백암면 백봉로253번길 23,경기도 용인시 처인구 백암면 백봉리 1050번지 1호,37.1429793048,127.3846092745,20180907,
용인시,베다니농장,돼지,1600,경기도 용인시 처인구 양지면 주북로73번길 105,경기도 용인시 처인구 양지면 주북리 750번지,37.2558239566,127.2445915679,20180907,
용인시,벧엘농장,돼지,1000,경기도 용인시 처인구 포곡읍 선장1로 48,경기도 용인시 처인구 포곡읍 신원리 472번지 5호,37.3125697144,127.2168986390,20180907,
용인시,병섭농장,소,21,경기도 용인시 처인구 남사면 처인성로398번길 90-10,경기도 용인시 처인구 남사면 방아리 50번지 8통 2반,37.1217831052,127.1733542013,20180907,
용인시,보은농장,돼지,350,경기도 용인시 처인구 포곡읍 곡현로295번길 20,경기도 용인시 처인구 포곡읍 신원리 346번지 5호,37.3119893753,127.2189274946,20180907,
용인시,복농장,돼지,900,경기도 용인시 처인구 백암면 근곡로 134-33,경기도 용인시 처인구 백암면 근곡리 228번지,37.1783087237,127.3586623356,20180907,
용인시,본호목장,소,54,경기도 용인시 처인구 백암면 율애길 46,경기도 용인시 처인구 백암면 장평리 733번지 0호,37.1155148248,127.3791720045,20180907,
용인시,봉담농장,돼지,700,경기도 용인시 처인구 백암면 삼백로 874-31,경기도 용인시 처인구 백암면 근삼리 261번지 1호,37.1465958568,127.3721671623,20180907,
용인시,봉천농장,돼지,1000,경기도 용인시 처인구 백암면 백봉로 395,경기도 용인시 처인구 백암면 백봉리 432번지 1호,37.1300364656,127.3858046475,20180907,
용인시,비손목장,소,16,경기도 용인시 처인구 백암면 한택로 199-24,경기도 용인시 처인구 백암면 옥산리 978번지,37.1073433746,127.3955229595,20180907,
용인시,사은농장,돼지,820,경기도 용인시 처인구 백암면 백봉로 583,경기도 용인시 처인구 백암면 백봉리 276번지,37.1318483491,127.3992732188,20180907,
용인시,산석골농장,소,37,경기도 용인시 처인구 백암면 삼백로798번길 45,경기도 용인시 처인구 백암면 근삼리 504번지,37.1398119556,127.3747453244,20180907,
용인시,삼가농장,소,10,,경기도 용인시 처인구 삼가동 458번지 2호,37.2322761638,127.1681823848,20180907,
용인시,삼부축산,돼지,0,경기도 용인시 처인구 포곡읍 양지촌로 50,경기도 용인시 처인구 포곡읍 신원리 148번지,37.3101222823,127.2248668594,20180907,
용인시,삼육영농조합법인,돼지,7000,경기도 용인시 처인구 백암면 박곡로208번길 64,경기도 용인시 처인구 백암면 박곡리 179번지 3호,37.1697038392,127.3984462462,20180907,
용인시,삼육영농조합법인 2농장,돼지,1100,경기도 용인시 처인구 백암면 청강가창로210번길 83,경기도 용인시 처인구 백암면 가창리 38번지,37.1952511663,127.3724152520,20180907,
용인시,삼인목장,소,9,경기도 용인시 처인구 남사면 삼인로120번길 9,경기도 용인시 처인구 남사면 북리 399번지 1호,37.1543083203,127.1407140467,20180907,
용인시,삼화목장,소,12,,경기도 용인시 처인구 백암면 박곡리 산 3번지,37.1703938265,127.4075812352,20180907,
용인시,상국농장,소,18,,경기도 용인시 처인구 남사면 방아리 산 71번지,37.1142353917,127.1834408272,20180907,
용인시,상영목장,소,50,경기도 용인시 처인구 이동면 염티로137번길 20,경기도 용인시 처인구 이동면 묵리 770번지 3호,37.1942802293,127.2325916123,20180907,
용인시,상원농장,돼지,1600,경기도 용인시 처인구 백암면 용천로 141,경기도 용인시 처인구 백암면 용천리,37.1248759342,127.3589972511,20180907,
용인시,상원농장,돼지,150,경기도 용인시 처인구 백암면 근곡로 164-11,경기도 용인시 처인구 백암면 근곡리 168번지 16호,37.1795567104,127.3601433525,20180907,
용인시,상진목장,소,30,,경기도 용인시 처인구 백암면 옥산리 산 26번지,37.0971828233,127.4079452046,20180907,
용인시,상철목장,소,67,경기도 용인시 처인구 원삼면 백원로278번길 27,경기도 용인시 처인구 원삼면 두창리 2808번지,37.1532042267,127.3469726040,20180907,
용인시,상혁농장,소,17,경기도 용인시 처인구 원삼면 백원로278번길 33-4,경기도 용인시 처인구 원삼면 두창리 1121번지 5호,37.1523656803,127.3471714265,20180907,
용인시,새대봉목장,소,62,경기도 용인시 처인구 양지면 신송로 210,경기도 용인시 처인구 양지면 송문리 522번지 7호,37.2274122383,127.2543152432,20180907,
용인시,새마을농장,돼지,1500,경기도 용인시 처인구 포곡읍 선장1로 72-12,경기도 용인시 처인구 포곡읍 신원리 482번지 10호,37.3140411747,127.2153460505,20180907,
용인시,새승태목장,소,40,경기도 용인시 처인구 원삼면 생안로 57-5,경기도 용인시 처인구 원삼면 미평리 495번지 3호,37.1874432688,127.3179818708,20180907,
용인시,새용원목장,소,20,경기도 용인시 처인구 원삼면 사암로6번길 43,경기도 용인시 처인구 원삼면 사암리 418번지 11호,37.1961172269,127.3053129413,20180907,
용인시,샘농장,돼지,700,경기도 용인시 처인구 포곡읍 곡현로195번길 84-15,경기도 용인시 처인구 포곡읍 신원리 산 90번지 1호,37.3047924935,127.2176774423,20180907,
용인시,서연농장,돼지,910,경기도 용인시 처인구 포곡읍 선장2로 46-1,경기도 용인시 처인구 포곡읍 신원리 261번지 3호,37.3131540259,127.2176448236,20180907,
용인시,서응목장,소,16,,경기도 용인시 처인구 원삼면 목신리 2번지,37.1056484114,127.3103978407,20180907,
용인시,서정농장,돼지,1900,경기도 용인시 처인구 백암면 고안로186번길 61,경기도 용인시 처인구 백암면 고안리 181번지,37.1204885928,127.4118275103,20180907,
용인시,석천농장,돼지,1500,경기도 용인시 처인구 백암면 삼백로 381,경기도 용인시 처인구 백암면 석천리 192번지 1호,37.1060164298,127.3767512874,20180907,
용인시,선덕농장,돼지,6800,경기도 용인시 처인구 백암면 박곡로208번길 61-5,경기도 용인시 처인구 백암면 박곡리 176번지 1호,37.1719809800,127.3991899931,20180907,
용인시,선미2농장,돼지,1863,,경기도 용인시 처인구 백암면 장평리 952번지,37.1240367771,127.3881937254,20180907,
용인시,선용농장,돼지,2500,경기도 용인시 처인구 백암면 청계로 176-12,경기도 용인시 처인구 백암면 박곡리 214번지 1호,37.1614278569,127.3997766088,20180907,
용인시,선희농장,소,24,경기도 용인시 처인구 백암면 두창로 216-27,경기도 용인시 처인구 백암면 가좌리 302번지,37.1726430755,127.3426694097,20180907,
용인시,섭우농장,소,45,,경기도 용인시 처인구 백암면 박곡리 340번지,37.1648991614,127.3963833989,20180907,
용인시,성근농장,소,80,경기도 용인시 처인구 모현면 외개일로126번길 1,경기도 용인시 처인구 모현면 일산리 62번지 4호,37.3462290310,127.2418451834,20180907,
용인시,성우농장,소,100,경기도 용인시 처인구 남사면 봉무로 63-3,경기도 용인시 처인구 남사면 봉무리 562번지,37.1191512588,127.1539950430,20180907,
용인시,성우농장,소,82,경기도 용인시 처인구 원삼면 원설로74번길 6-12,경기도 용인시 처인구 원삼면 두창리 1272번지,37.1523972423,127.3424774943,20180907,
용인시,성웅농장,돼지,2400,경기도 용인시 처인구 백암면 고안로48번길 103,경기도 용인시 처인구 백암면 고안리 898번지 7호,37.1240923743,127.4013595086,20180907,
용인시,성원농장,돼지,1170,경기도 용인시 처인구 원삼면 맹리로127번길 42,경기도 용인시 처인구 원삼면 맹리 67번지 4호,37.2004429417,127.3353034698,20180907,
용인시,성원목장,소,11,,경기도 용인시 처인구 백암면 장평리 648번지 8호,37.1202050287,127.3748069367,20180907,
용인시,성재농장,돼지,700,경기도 용인시 처인구 백암면 고안로181번길 60-8,경기도 용인시 처인구 백암면 고안리 29번지 1호,37.1287341082,127.4167445239,20180907,
용인시,성주농장,소,21,경기도 용인시 처인구 백암면 근곡로 78,경기도 용인시 처인구 백암면 근곡리 498번지 2호,37.1767035013,127.3561099637,20180907,
용인시,성진목장,소,17,경기도 용인시 처인구 백암면 근곡로 134-26,경기도 용인시 처인구 백암면 근곡리 515번지,37.1778975601,127.3575568734,20180907,
용인시,성하농장,소,7,경기도 용인시 처인구 백암면 삼백로578번길 42-7,경기도 용인시 처인구 백암면 장평리 654번지 3호,37.1212366652,127.3791103041,20180907,
용인시,성홍축산,돼지,1300,경기도 용인시 처인구 포곡읍 양지촌로 78 (외 2필지),경기도 용인시 처인구 포곡읍 신원리 303번지 1호 외 2필지,37.3116775145,127.2219272183,20180907,
용인시,성홍축산,돼지,800,경기도 용인시 처인구 포곡읍 선장1로37번길 16,경기도 용인시 처인구 포곡읍 신원리 459번지 5호,37.3120113906,127.2167278480,20180907,
용인시,세곡농장,돼지,15,경기도 용인시 처인구 백암면 원설로270번길 37,경기도 용인시 처인구 백암면 근삼리 388번지,37.1415631600,127.3620243075,20180907,
용인시,세원농장,돼지,950,경기도 용인시 처인구 포곡읍 선장1로37번길 11-9,경기도 용인시 처인구 포곡읍 신원리 369번지,37.3103518465,127.2176481339,20180907,
용인시,세진목장,소,50,경기도 용인시 처인구 백암면 삼백로 763,경기도 용인시 처인구 백암면 근삼리 684번지 3호,37.1388160360,127.3704974081,20180907,
용인시,소라농장,돼지,700,경기도 용인시 처인구 백암면 고안로186번길 3,경기도 용인시 처인구 백암면 고안리 126번지,37.1242942246,127.4135021118,20180907,
용인시,소리농장,돼지,450,경기도 용인시 처인구 모현면 능원로132번길 81,경기도 용인시 처인구 모현면 능원리 496번지,37.3221547787,127.1736590305,20180907,
용인시,소망농장,돼지,1300,경기도 용인시 처인구 모현면 곡현로480번길 69,경기도 용인시 처인구 모현면 갈담리 653번지 1호,37.3262629828,127.2278139793,20180907,
용인시,소슬농장,소,60,경기도 용인시 처인구 모현면 갈담로 103,경기도 용인시 처인구 모현면 갈담리 151번지,37.3198502908,127.2534495194,20180907,
용인시,소중농장,소,34,경기도 용인시 처인구 남사면 처인성로 339,경기도 용인시 처인구 남사면 방아리 109번지 2호,37.1195651450,127.1613546449,20180907,
용인시,소현농장,소,12,경기도 용인시 처인구 모현면 갈담로 17,경기도 용인시 처인구 모현면 갈담리 390번지,37.3196246991,127.2449536560,20180907,
용인시,소희목장,소,52,경기도 용인시 기흥구 마북로247번길 85 (마북동),경기도 용인시 기흥구 마북동 26번지 1호,37.3157871528,127.1284072664,20180907,
용인시,솔농장,돼지,360,경기도 용인시 처인구 포곡읍 선장2로 74,경기도 용인시 처인구 포곡읍 신원리 498번지 3호,37.3155652856,127.2145719442,20180907,
용인시,솔밭농장,돼지,330,,경기도 용인시 처인구 백암면 옥산리 697번지 1호,37.1125179528,127.4001625215,20180907,
용인시,솔밭농장,돼지,1258,경기도 용인시 처인구 원삼면 보개원삼로1806번길 35 (외 1필지(543-2)),경기도 용인시 처인구 원삼면 독성리 543번지 1호 외 1필지(543-2),37.1540112023,127.3158956317,20180907,
용인시,솔밭농장,소,200,경기도 용인시 처인구 원삼면 보개원삼로1806번길 35,경기도 용인시 처인구 원삼면 독성리 543번지 1호,37.1540112023,127.3158956317,20180907,
용인시,송강목장,소,77,경기도 용인시 처인구 원삼면 두창로113번길 31-35,경기도 용인시 처인구 원삼면 두창리 2453번지,37.1612027124,127.3353117048,20180907,
용인시,송림목장,돼지,450,,경기도 용인시 처인구 백암면 옥산리 491번지,37.1093163772,127.4036896674,20180907,
용인시,송원농장,돼지,500,경기도 용인시 처인구 백암면 청계로104번길 6,경기도 용인시 처인구 백암면 박곡리 277번지 1호,37.1557057831,127.3945008213,20180907,
용인시,송이농장,돼지,1000,경기도 용인시 처인구 포곡읍 곡현로295번길 15,경기도 용인시 처인구 포곡읍 신원리 336번지 1호,37.3115388057,127.2189600469,20180907,
용인시,송이농장,소,8,경기도 용인시 처인구 모현면 능원로132번길 117-8,경기도 용인시 처인구 모현면 능원리 614번지 1호,37.3185951921,127.1740458318,20180907,
용인시,송지목장,소,103,,경기도 용인시 처인구 백암면 박곡리 392번지 1호 외 4필지,37.1731710392,127.3935550289,20180907,
용인시,수역농장,소,120,경기도 용인시 처인구 이동면 어진로696번길 58,경기도 용인시 처인구 이동면 어비리 1324번지 1호,37.1033417642,127.1833812224,20180907,
용인시,수역농장,염소,100,,경기도 용인시 처인구 이동면 어비리 893번지,37.1009043555,127.1863564760,20180907,
용인시,수일농장,소,4,,경기도 용인시 처인구 백암면 박곡리 437번지,37.1757829509,127.3856074946,20180907,
용인시,수정농장,돼지,700,경기도 용인시 처인구 원삼면 죽양대로1626번길 68-10,경기도 용인시 처인구 원삼면 맹리 657번지 2호,37.1871968495,127.3388041803,20180907,
용인시,수정농장,소,65,경기도 용인시 처인구 백암면 가창로65번길 8,경기도 용인시 처인구 백암면 가창리 631번지 1호,37.1923058916,127.3603047705,20180907,
용인시,수지한우영농,소,88,경기도 용인시 수지구 동천로373번길 56 (동천동),경기도 용인시 수지구 동천동 568번지 22호,37.3400038340,127.0629169293,20180907,
용인시,순호농장,돼지,1000,경기도 용인시 처인구 백암면 삼백로770번길 26,경기도 용인시 처인구 백암면 근삼리 628번지 1호,37.1380936338,127.3738928163,20180907,
용인시,스마일농장,돼지,800,경기도 용인시 처인구 포곡읍 양지촌로 50-2,"경기도 용인시 처인구 포곡읍 신원리 195번지 1호 195, 195-2,3",37.3111778223,127.2241480146,20180907,
용인시,승모농장,소,40,경기도 용인시 처인구 백암면 백봉로 539,경기도 용인시 처인구 백암면 백봉리 308번지,37.1293998556,127.3958619374,20180907,
용인시,승진농장,돼지,600,경기도 용인시 처인구 포곡읍 선장1로 1-22,경기도 용인시 처인구 포곡읍 신원리 354번지 7호 외1필지,37.3102955480,127.2188775271,20180907,
용인시,승진농장,소,48,경기도 용인시 처인구 백암면 근곡로 134-21,경기도 용인시 처인구 백암면 근곡리 530번지,37.1784206602,127.3573904092,20180907,
용인시,승진농장2,소,30,경기도 용인시 처인구 백암면 고안로32번길 94,경기도 용인시 처인구 백암면 고안리 1219번지,37.1270912432,127.3964464113,20180907,
용인시,승호농장,소,6,경기도 용인시 처인구 이동읍 염티로 165-1,경기도 용인시 처인구 이동읍 묵리 776번지 5호,37.1937820113,127.2339529195,20180907,
용인시,승훈농장,돼지,600,경기도 용인시 처인구 이동면 이원로384번길 24,경기도 용인시 처인구 이동면 묵리 586번지,37.1730032164,127.2297122271,20180907,
용인시,시내산목장,소,19,경기도 용인시 처인구 백암면 백원로439번길 12,경기도 용인시 처인구 백암면 근창리 290번지 35호,37.1613943283,127.3622757124,20180907,
용인시,시영농장,소,120,경기도 용인시 처인구 백암면 죽양대로912번길 115,경기도 용인시 처인구 백암면 백봉리 651번지,37.1456167189,127.3991424506,20180907,
용인시,시온농장,돼지,750,경기도 용인시 처인구 포곡읍 선장1로 128,경기도 용인시 처인구 포곡읍 신원리 609번지 3호,37.3159057174,127.2105906547,20180907,
용인시,신도농장,돼지,904,경기도 용인시 처인구 포곡읍 곡현로 280,경기도 용인시 처인구 포곡읍 신원리 330번지 4호,37.3099044090,127.2208955724,20180907,
용인시,신산농장,돼지,300,경기도 용인시 처인구 백암면 옥이내로40번길 54,경기도 용인시 처인구 백암면 옥산리 1078번지 1호,37.1147361785,127.3969675234,20180907,
용인시,신성목장,소,40,경기도 용인시 처인구 모현면 초부로 67,경기도 용인시 처인구 모현면 초부리 131번지 1호,37.3136523424,127.2486458897,20180907,
용인시,신신농장,돼지,670,경기도 용인시 처인구 백암면 근삼로40번길 4-7,경기도 용인시 처인구 백암면 근삼리 900번지,37.1338447535,127.3696968317,20180907,
용인시,신영진축산,돼지,2200,경기도 용인시 처인구 포곡읍 양지촌로32번길 45,경기도 용인시 처인구 포곡읍 신원리 86번지 4호,37.3079354507,127.2282331364,20180907,
용인시,신옥산농장,돼지,460,경기도 용인시 처인구 백암면 옥산로 118,경기도 용인시 처인구 백암면 옥산리 산 55번지 4호,37.1070935177,127.4081892233,20180907,
용인시,신옥산영농조합법인,돼지,1200,경기도 용인시 처인구 백암면 한택로88번길 134,경기도 용인시 처인구 백암면 옥산리 1925번지,37.1043732487,127.4131695712,20180907,
용인시,신옥산영농조합법인,돼지,2500,,경기도 용인시 처인구 백암면 옥산리 271번지,37.1049301759,127.4110576268,20180907,
용인시,신우축산,돼지,400,경기도 용인시 처인구 포곡읍 곡현로 190,경기도 용인시 처인구 포곡읍 유운리 234번지 2호,37.3031304608,127.2248124711,20180907,
용인시,아곡농장,소,20,경기도 용인시 처인구 백암면 고안로181번길 79-17,경기도 용인시 처인구 백암면 고안리 437번지 4호,37.1313468087,127.4142491910,20180907,
용인시,아곡비육농장,돼지,700,경기도 용인시 처인구 백암면 고안로181번길 61,경기도 용인시 처인구 백암면 고안리 25번지,37.1295934970,127.4157701600,20180907,
용인시,아름다움 농장,돼지,600,경기도 용인시 처인구 포곡읍 곡현로295번길 5,경기도 용인시 처인구 포곡읍 신원리 338번지 5호,37.3109871626,127.2200639483,20180907,
용인시,안골목장,소,13,,경기도 용인시 처인구 남사면 방아리 산 89번지,37.1197034272,127.1843202127,20180907,
용인시,안말농장,소,3,경기도 용인시 처인구 백암면 삼백로901번길 40,경기도 용인시 처인구 백암면 근삼리 110번지,37.1506748748,127.3642736666,20180907,
용인시,안진훈목장,소,91,경기도 용인시 처인구 백암면 한택로 91,경기도 용인시 처인구 백암면 옥산리 844번지 3호,37.1010963677,127.4017452534,20180907,
용인시,야곱농장,소,97,,경기도 용인시 처인구 모현면 갈담리 654번지 6호,37.3266251216,127.2269011564,20180907,
용인시,양림농원,염소,15,,경기도 용인시 처인구 호동 402번지,37.1782800629,127.2661449145,20180907,
용인시,양산농장,돼지,1300,경기도 용인시 처인구 포곡읍 곡현로93번길 25,경기도 용인시 처인구 포곡읍 유운리 384번지 4호,37.2950402990,127.2193978082,20180907,
용인시,양우림농장,소,80,경기도 용인시 처인구 원삼면 죽양대로1650번길 37,경기도 용인시 처인구 원삼면 맹리 630번지 외 1필지,37.1880344006,127.3325349193,20180907,
용인시,양준한우1목장,소,100,경기도 용인시 처인구 백암면 원설로270번길 61-6,경기도 용인시 처인구 백암면 근삼리 374번지 1호,37.1394792618,127.3598647797,20180907,
용인시,양준한우목장,소,140,경기도 용인시 처인구 백암면 원설로270번길 61-11,경기도 용인시 처인구 백암면 근삼리 725번지,37.1390974683,127.3609772110,20180907,
용인시,양지농장,돼지,700,경기도 용인시 처인구 포곡읍 양지촌로 41-1,경기도 용인시 처인구 포곡읍 신원리 137번지,37.3097082803,127.2246174776,20180907,
용인시,언남목장,소,50,,경기도 용인시 기흥구 청덕동 424번지,37.2867626145,127.1389028572,20180907,
용인시,에덴농장,돼지,1200,경기도 용인시 처인구 포곡읍 곡현로195번길 41-9,경기도 용인시 처인구 포곡읍 유운리 280번지 9호,37.3028517500,127.2196232236,20180907,
용인시,에덴목장,소,12,경기도 용인시 처인구 백암면 청강가창로210번길 35 (가곡마을),경기도 용인시 처인구 백암면 가창리 72번지 2통 3반 가곡마을,37.1981426597,127.3697824091,20180907,
용인시,에이스팜,돼지,650,경기도 용인시 처인구 백암면 한택로88번길 136,경기도 용인시 처인구 백암면 옥산리 292번지 외4필지,37.1028747326,127.4139714480,20180907,
용인시,여명농장,소,90,경기도 용인시 처인구 원삼면 두창로174번길 87,경기도 용인시 처인구 원삼면 두창리 2187번지,37.1687570191,127.3497790859,20180907,
용인시,여아농장,돼지,1200,경기도 용인시 처인구 백암면 삼백로 825-7,경기도 용인시 처인구 백암면 근삼리 443번지,37.1429231665,127.3681086336,20180907,
용인시,연꽃농장,돼지,600,,경기도 용인시 처인구 백암면 근삼리 817번지,37.1345344361,127.3681133297,20180907,
용인시,연두농장,소,2,경기도 용인시 처인구 포곡읍 선장1로102번길 32,경기도 용인시 처인구 포곡읍 신원리 571번지 2호,37.3176798454,127.2110919180,20180907,
용인시,연철2농장,소,40,경기도 용인시 처인구 남사면 봉무로128번길 2-44,경기도 용인시 처인구 남사면 봉무리 346번지 3호,37.1235069227,127.1581896448,20180907,
용인시,연철농장,소,40,,경기도 용인시 처인구 남사면 봉무리 395번지,37.1220872944,127.1550811019,20180907,
용인시,영곡농장,돼지,650,경기도 용인시 처인구 백암면 삼백로 818,경기도 용인시 처인구 백암면 근삼리 449번지 2호,37.1429006637,127.3695604669,20180907,
용인시,영곡축산,소,70,경기도 용인시 처인구 백암면 삼백로835번길 2,경기도 용인시 처인구 백암면 근삼리 273번지 7호,37.1446449301,127.3678580321,20180907,
용인시,영규농장,소,40,경기도 용인시 처인구 포곡읍 선장1로 126,경기도 용인시 처인구 포곡읍 신원리 610번지 1호,37.3159322525,127.2108727564,20180907,
용인시,영농장,돼지,1250,경기도 용인시 처인구 원삼면 미평로106번길 69-9,경기도 용인시 처인구 원삼면 미평리 276번지,37.1856733225,127.3194498035,20180907,
용인시,영록농장,소,15,경기도 용인시 처인구 원삼면 백원로 257-8,경기도 용인시 처인구 원삼면 두창리 1060번지,37.1551201454,127.3450000219,20180907,
용인시,영선목장,소,10,경기도 용인시 처인구 백암면 삼백로901번길 26-5,경기도 용인시 처인구 백암면 근삼리 97번지 4호,37.1508146033,127.3657264244,20180907,
용인시,영수농장,소,7,,경기도 용인시 처인구 이동면 화산리 595번지 1호,37.1458700695,127.2115768129,20180907,
용인시,영식농장,소,18,,경기도 용인시 처인구 원삼면 사암리 613번지,37.1847229000,127.2966411335,20180907,
용인시,영진축산,소,9,경기도 용인시 처인구 백암면 용천로128번길 64,경기도 용인시 처인구 백암면 용천리 443번지 1호,37.1300685198,127.3611372297,20180907,
용인시,영호농장,소,44,경기도 용인시 처인구 백암면 용천로 167-4,경기도 용인시 처인구 백암면 용천리 614번지 3호,37.1243999025,127.3554729499,20180907,
용인시,영희목장,소,63,경기도 용인시 처인구 원삼면 백원로278번길 27,경기도 용인시 처인구 원삼면 두창리 2808번지 1호,37.1527265827,127.3470042103,20180907,
용인시,예밸농장,돼지,850,경기도 용인시 처인구 원삼면 원양로442번길 160,경기도 용인시 처인구 원삼면 미평리 374번지 2호,37.1811444243,127.3182034502,20180907,
용인시,예산농장,돼지,1200,경기도 용인시 처인구 모현면 독점로 162,경기도 용인시 처인구 모현면 갈담리 620번지 3호,37.3258970523,127.2307012431,20180907,
용인시,예성농장,돼지,2673,경기도 용인시 처인구 백암면 삼백로770번길 90-26,경기도 용인시 처인구 백암면 근삼리 1307번지,37.1379817747,127.3807801027,20180907,
용인시,예진농장,돼지,800,,경기도 용인시 처인구 포곡읍 신원리 334번지 1호 외 1필지(334-12),37.3109888976,127.2191163990,20180907,
용인시,오복농장,돼지,2300,경기도 용인시 처인구 백암면 용천로176번길 7-9,경기도 용인시 처인구 백암면 용천리 469번지,37.1251528679,127.3537547736,20180907,
용인시,옥산영농조합법인,돼지,12000,경기도 용인시 처인구 백암면 옥산로3번길 146,경기도 용인시 처인구 백암면 옥산리 592번지 10호 외24필지,37.1151212739,127.4083557685,20180907,
용인시,옥산영농조합법인2,돼지,2500,,경기도 용인시 처인구 백암면 옥산리 1532번지,37.1165139359,127.4042226646,20180907,
용인시,옥수농장,돼지,850,경기도 용인시 처인구 포곡읍 곡현로315번길 65,경기도 용인시 처인구 포곡읍 신원리 532번지 1호,37.3172118157,127.2158739152,20180907,
용인시,왕비농장,돼지,709,경기도 용인시 처인구 백암면 삼백로 392,경기도 용인시 처인구 백암면 석천리 178번지 3호,37.1069062882,127.3774419126,20180907,
용인시,외사목장,소,60,경기도 용인시 처인구 백암면 한택로88번길 184-54,경기도 용인시 처인구 백암면 옥산리 산 9번지 1호,37.1041230515,127.4177468103,20180907,
용인시,용남목장,소,95,경기도 용인시 처인구 원삼면 가재월로93번길 17,경기도 용인시 처인구 원삼면 가재월리 844번지,37.1747804965,127.3225346635,20180907,
용인시,용수사슴농장,사슴,6,,경기도 용인시 처인구 원삼면 두창리 646번지,37.1623409106,127.3406643583,20180907,
용인시,용우목장,소,9,경기도 용인시 처인구 백암면 삼백로901번길 19-12,경기도 용인시 처인구 백암면 근삼리 106번지,37.1501501482,127.3649690689,20180907,
용인시,용원농장,돼지,950,,경기도 용인시 처인구 백암면 옥산리 693번지,37.1107334213,127.4002994578,20180907,
용인시,용원축산영농법인조합,돼지,4000,경기도 용인시 처인구 이동면 묘봉로173번길 29,경기도 용인시 처인구 이동면 묘봉리 321번지,37.1312822387,127.2310731382,20180907,
용인시,용인 미래팜,돼지,620,경기도 용인시 처인구 포곡읍 선장1로 15,"경기도 용인시 처인구 포곡읍 신원리 354번지 5호 (354-3, 354-8번지)",37.3105117506,127.2189007062,20180907,
용인시,용인농장,돼지,494,경기도 용인시 처인구 포곡읍 곡현로 280,경기도 용인시 처인구 포곡읍 신원리 328번지 1호,37.3099044090,127.2208955724,20180907,
용인시,용인양돈영농조합법인,돼지,3000,,경기도 용인시 처인구 백암면 근삼리 198번지 1호 외 10필지,37.1476454599,127.3707540013,20180907,
용인시,용인축협 한우사육장,소,1073,경기도 용인시 처인구 백암면 옥산로 119 (외1필지),경기도 용인시 처인구 백암면 옥산리 224번지 1호 외1필지,37.1110165393,127.4098077165,20180907,
용인시,용인한우영농조합법인,소,200,경기도 용인시 처인구 백암면 백봉로187번길 65,경기도 용인시 처인구 백암면 백봉리 840번지,37.1493725096,127.3831105449,20180907,
용인시,용천농장,돼지,1000,경기도 용인시 처인구 백암면 용천로71번길 7-12 (외 4필지),경기도 용인시 처인구 백암면 용천리 251번지 2호 외 4필지,37.1239851556,127.3674775091,20180907,
용인시,용천농장,돼지,350,경기도 용인시 처인구 백암면 한택로 199-14,경기도 용인시 처인구 백암면 옥산리 955번지 2호 7통 1반,37.1081245131,127.3963595066,20180907,
용인시,용천목장,소,18,경기도 용인시 처인구 백암면 용천로109번길 49-8,경기도 용인시 처인구 백암면 용천리 600번지,37.1207061409,127.3613068996,20180907,
용인시,용천샘농장,소,60,,경기도 용인시 처인구 백암면 용천리 669번지 2호,37.1257372267,127.3511468157,20180907,
용인시,용필목장,소,30,경기도 용인시 처인구 남사면 처인성로 339,경기도 용인시 처인구 남사면 방아리 109번지 2호,37.1195651450,127.1613546449,20180907,
용인시,용혜농장,소,30,경기도 용인시 처인구 백암면 원설로270번길 61-1,경기도 용인시 처인구 백암면 근삼리 398번지 1호,37.1395131318,127.3605852499,20180907,
용인시,우리농장,돼지,1300,경기도 용인시 처인구 원삼면 보개원삼로1806번길 18,경기도 용인시 처인구 원삼면 독성리 546번지,37.1546214675,127.3133990678,20180907,
용인시,우리농장,소,79,경기도 용인시 처인구 모현면 갈담로 97,경기도 용인시 처인구 모현면 갈담리 150번지,37.3196806250,127.2527269274,20180907,
용인시,우리소 농장,소,97,,경기도 용인시 처인구 원삼면 미평리 293번지 1호,37.1856186495,127.3230307994,20180907,
용인시,우성농장,소,30,경기도 용인시 처인구 포곡읍 선장1로102번길 36,경기도 용인시 처인구 포곡읍 신원리 570번지,37.3174284730,127.2105722816,20180907,
용인시,우수농장,소,52,경기도 용인시 처인구 모현면 외개일로126번길 14,경기도 용인시 처인구 모현면 일산리 63번지 25호,37.3455643087,127.2408386611,20180907,
용인시,우정목장,소,167,,경기도 용인시 처인구 남사면 진목리 949번지 90호,37.0930110941,127.1230222890,20180907,
용인시,우진농장,돼지,300,경기도 용인시 처인구 포곡읍 선장1로 132-1,경기도 용인시 처인구 포곡읍 신원리 581번지,37.3163211139,127.2100615808,20180907,
용인시,우진농장,소,20,,경기도 용인시 처인구 백암면 옥산리 67번지 1호,37.1050381601,127.4163005845,20180907,
용인시,우진목장,소,41,경기도 용인시 처인구 모현읍 외개일로126번길 10-13,경기도 용인시 처인구 모현면 일산리 63-24,37.3461233881,127.2406147120,20180907,
용인시,우현목장,소,8,경기도 용인시 처인구 백암면 근창로35번길 116,경기도 용인시 처인구 백암면 근삼리 22번지,37.1562556134,127.3748596095,20180907,
용인시,원농목장,소,87,경기도 용인시 처인구 원삼면 보개원삼로2075번길 55,경기도 용인시 처인구 원삼면 두창리 115번지 1호,37.1720908925,127.3242010301,20180907,
용인시,원대축산,소,30,경기도 용인시 처인구 백암면 백암로95번길 42-5,경기도 용인시 처인구 백암면 박곡리 753번지 1호,37.1554208541,127.3795497780,20180907,
용인시,원삼농장,소,17,경기도 용인시 처인구 원삼면 원양로 185,경기도 용인시 처인구 원삼면 고당리 산 38번지 2호,37.1755585005,127.3076744510,20180907,
용인시,원암목장,소,15,경기도 용인시 처인구 남사면 원암로39번길 53,경기도 용인시 처인구 남사면 원암리 148번지,37.0913754326,127.1581578024,20180907,
용인시,원유철농장,소,82,경기도 용인시 처인구 백암면 백원로377번길 60,경기도 용인시 처인구 백암면 근창리 870번지,37.1646165669,127.3574497770,20180907,
용인시,월성농장,소,64,경기도 용인시 처인구 이동면 묘봉로23번길 59,경기도 용인시 처인구 이동면 묘봉리 665번지 5호,37.1279817334,127.2180432886,20180907,
용인시,유비목장,돼지,650,경기도 용인시 처인구 백암면 근창로35번길 150-14,경기도 용인시 처인구 백암면 근삼리 53번지,37.1529846022,127.3720518875,20180907,
용인시,유성농장,소,13,,경기도 용인시 처인구 원삼면 미평리 379번지 1호,37.1814445153,127.3238915487,20180907,
용인시,유성한우농장,소,150,경기도 용인시 처인구 원삼면 백원로 45-42 (외 6필지),경기도 용인시 처인구 원삼면 독성리 117번지 1호 외 6필지,37.1609222634,127.3259437844,20180907,
용인시,유수농장,소,66,,경기도 용인시 처인구 양지면 송문리 344번지,37.2194114059,127.2541534867,20180907,
용인시,유암농장,돼지,570,경기도 용인시 처인구 백암면 옥산로3번길 112,"경기도 용인시 처인구 백암면 옥산리 546번지 5호 2필지(1763,1764)",37.1133710914,127.4036885336,20180907,
용인시,유운1농장,돼지,1350,경기도 용인시 처인구 포곡읍 선장1로 71,경기도 용인시 처인구 포곡읍 신원리 467번지,37.3131228874,127.2149260795,20180907,
용인시,유인목장,소,0,경기도 용인시 처인구 양지면 주북로5번길 154-3,경기도 용인시 처인구 양지면 주북리 600번지,37.2575750247,127.2474829052,20180907,
용인시,유일농장,돼지,600,경기도 용인시 처인구 백암면 삼백로785번길 67,경기도 용인시 처인구 백암면 근삼리 410번지 1호,37.1407024312,127.3635846889,20180907,
용인시,유일농장2,돼지,600,,경기도 용인시 처인구 백암면 근삼리 410번지 5호,37.1407916092,127.3638889986,20180907,
용인시,윤미목장,소,50,,경기도 용인시 처인구 원삼면 목신리 15번지,37.1071806179,127.3102352832,20180907,
용인시,윤정목장,소,60,경기도 용인시 처인구 백암면 청계로126번길 64,경기도 용인시 처인구 백암면 박곡리,37.1566474211,127.4039168529,20180907,
용인시,율곡농장,소,75,경기도 용인시 처인구 원삼면 백원로278번길 27,경기도 용인시 처인구 원삼면 두창리 2811번지,37.1527265827,127.3470042103,20180907,
용인시,은실농장,돼지,3000,경기도 용인시 처인구 백암면 고안로48번길 39,경기도 용인시 처인구 백암면 고안리 802번지,37.1299315310,127.4012438251,20180907,
용인시,은진농장,돼지,900,경기도 용인시 처인구 원삼면 문촌로 210-8,경기도 용인시 처인구 원삼면 문촌리 273번지 1호,37.1613690990,127.2925090804,20180907,
용인시,은희농장,소,11,경기도 용인시 처인구 백암면 죽양대로1156번길 13-5,경기도 용인시 처인구 백암면 백암리 282번지 1호,37.1665642132,127.3803368945,20180907,
용인시,이수농장,돼지,750,경기도 용인시 처인구 백암면 고안로181번길 14-7,경기도 용인시 처인구 백암면 고안리 57번지 6호,37.1264577671,127.4157981388,20180907,
용인시,이엔농장,소,20,경기도 용인시 처인구 백암면 근곡로 86-10,경기도 용인시 처인구 백암면 근곡리 518번지,37.1778385585,127.3561940717,20180907,
용인시,이철목장,소,67,경기도 용인시 처인구 원삼면 백원로 244-15,경기도 용인시 처인구 원삼면 두창리 1307번지 1호,37.1531426435,127.3433363508,20180907,
용인시,익환농장,소,5,경기도 용인시 처인구 원삼면 원양로291번길 112-12,경기도 용인시 처인구 원삼면 사암리 1101번지 3호,37.1865318780,127.2938439376,20180907,
용인시,인곡농장,돼지,1800,경기도 용인시 처인구 백암면 근곡로 134-31,"경기도 용인시 처인구 백암면 근곡리 527-1 외 2필지(527,528)",37.1786720373,127.3576956218,20180907,
용인시,인영농장,소,66,경기도 용인시 처인구 백암면 덕평로1번길 57,경기도 용인시 처인구 백암면 근곡리 866번지 1호,37.1740849151,127.3668848412,20180907,
용인시,일등농장,소,91,,경기도 용인시 처인구 백암면 박곡리 189번지 2호,37.1630076605,127.3988842018,20180907,
용인시,일삼농장,돼지,500,경기도 용인시 처인구 백암면 고안로51번길 70,경기도 용인시 처인구 백암면 고안리 774번지,37.1370651871,127.4073361323,20180907,
용인시,일순목장,소,200,,경기도 용인시 처인구 백암면 박곡리 187번지 6호 2통 5반,37.1643168499,127.3980804176,20180907,
용인시,일오삼목장,소,23,경기도 용인시 처인구 남사면 방아로 188-18,경기도 용인시 처인구 남사면 방아리 808번지,37.1099241757,127.1802466939,20180907,
용인시,일진농장,돼지,300,경기도 용인시 기흥구 공세로47번길 13 (고매동),경기도 용인시 기흥구 고매동 393번지 9호,37.2311576483,127.1055495156,20180907,
용인시,임남농장,소,20,경기도 용인시 처인구 백암면 죽양대로797번길 21-7,경기도 용인시 처인구 백암면 백봉리 183번지 4호,37.1384563389,127.3982722577,20180907,
용인시,자연농장,염소,15,,경기도 용인시 처인구 남사면 창리 8번지 2호,37.1584195682,127.1968749662,20180907,
용인시,자유농장,소,50,경기도 용인시 처인구 백암면 대흥로 41-1,경기도 용인시 처인구 백암면 백봉리 723번지,37.1452078688,127.4028321842,20180907,
용인시,장미목장,소,25,경기도 용인시 처인구 백암면 율애길 76-1,경기도 용인시 처인구 백암면 장평리 672번지 3호,37.1182616161,127.3796131620,20180907,
용인시,장수농장,돼지,1000,경기도 용인시 처인구 백암면 고안로181번길 14-15,경기도 용인시 처인구 백암면 고안리 57번지 1호,37.1260948066,127.4165276027,20180907,
용인시,장평목장,소,70,경기도 용인시 처인구 백암면 삼백로602번길 38-18,경기도 용인시 처인구 백암면 장평리 556번지 1호,37.1246235763,127.3765839664,20180907,
용인시,재근목장,소,51,,경기도 용인시 처인구 남동 232번지,37.2227994564,127.2123744607,20180907,
용인시,재용목장,소,40,,경기도 용인시 처인구 백암면 근곡리 466번지 6호,37.1761175661,127.3561973184,20180907,
용인시,재정농장,돼지,840,경기도 용인시 처인구 백암면 삼백로841번길 42 (외 5필지),경기도 용인시 처인구 백암면 근삼리 180번지 2호 외 5필지,37.1476996269,127.3678051731,20180907,
용인시,재하목장,소,11,,경기도 용인시 처인구 백암면 장평리 296번지,37.1184051404,127.3854422682,20180907,
용인시,재홍농장,소,11,경기도 용인시 처인구 원삼면 백원로278번길 39,경기도 용인시 처인구 원삼면 두창리 1124번지,37.1520948152,127.3473615629,20180907,
용인시,잿마을목장,소,12,경기도 용인시 처인구 원삼면 백원로34번길 25,경기도 용인시 처인구 원삼면 독성리 412번지 1호,37.1579827222,127.3200660620,20180907,
용인시,정기농장,소,7,경기도 용인시 처인구 백암면 근곡로 225,경기도 용인시 처인구 백암면 가창리 521번지,37.1854792888,127.3592252646,20180907,
용인시,정우농장,소,35,경기도 용인시 처인구 이동읍 어진로670번길 72,경기도 용인시 처인구 이동면 어비리 899번지 2호 2통 3반,37.1023139334,127.1837950119,20180907,
용인시,정운농장,소,151,경기도 용인시 처인구 모현면 외개일로126번길 18-10,경기도 용인시 처인구 모현면 일산리 59번지 8호,37.3459528536,127.2402868911,20180907,
용인시,정일목장,소,42,경기도 용인시 처인구 남사면 어진로 130-68,경기도 용인시 처인구 남사면 진목리 914번지,37.0925398626,127.1256423207,20180907,
용인시,정진1농장,돼지,1500,경기도 용인시 처인구 원삼면 백원로278번길 33-24,경기도 용인시 처인구 원삼면 두창리 1143번지 1호,37.1521428724,127.3494217637,20180907,
용인시,정진농장,돼지,2500,경기도 용인시 처인구 양지면 주북로5번길 154-12,경기도 용인시 처인구 양지면 주북리 592번지 1호,37.2556587492,127.2460676915,20180907,
용인시,정한농장,돼지,1500,경기도 용인시 처인구 백암면 백봉로295번길 19-21,경기도 용인시 처인구 백암면 백봉리 1027번지 외1필지,37.1405102703,127.3846643990,20180907,
용인시,정해병목장,소,10,경기도 용인시 처인구 백암면 대흥로 41,경기도 용인시 처인구 백암면 백봉리 722번지,37.1453680772,127.4034183248,20180907,
용인시,정호목장,산양,100,경기도 용인시 처인구 남사면 화곡로 366,경기도 용인시 처인구 남사면 창리 76번지,37.1504255703,127.1923744512,20180907,
용인시,제원농장,소,15,,경기도 용인시 처인구 모현면 갈담리 662번지 1호,37.3222674514,127.2565375532,20180907,
용인시,조비농장,소,6,경기도 용인시 처인구 백암면 황새울로 96-27,경기도 용인시 처인구 백암면 석천리 437번지 2호,37.1126810655,127.3690884423,20180907,
용인시,조암농장,돼지,1071,경기도 용인시 처인구 백암면 삼백로 612,"경기도 용인시 처인구 백암면 용천리 368번지 2호 외 2필지(368-3, 368-7)",37.1257858008,127.3737539684,20180907,
용인시,조은농장,돼지,960,경기도 용인시 처인구 백암면 한택로 207,경기도 용인시 처인구 백암면 옥산리 975번지 1호,37.1090439389,127.3962517593,20180907,
용인시,조은농장,돼지,600,경기도 용인시 처인구 원삼면 보개원삼로1737번길 126,경기도 용인시 처인구 원삼면 문촌리 54번지 1호,37.1536482838,127.3029261046,20180907,
용인시,조은농장,소,25,경기도 용인시 처인구 모현면 외개일로126번길 6,경기도 용인시 처인구 모현면 일산리 63번지 19호,37.3460946768,127.2414497598,20180907,
용인시,종근목장,소,30,경기도 용인시 처인구 백암면 삼백로602번길 26,경기도 용인시 처인구 백암면 용천리 224번지 2호,37.1252081113,127.3769469275,20180907,
용인시,좌전목장,소,33,경기도 용인시 처인구 원삼면 좌전로86번길 32-7,경기도 용인시 처인구 원삼면 좌항리 33번지,37.2070034533,127.3218369080,20180907,
용인시,주선목장,소,30,경기도 용인시 처인구 포곡읍 금어로 333,경기도 용인시 처인구 포곡읍 금어리 367번지 1호,37.2770487308,127.2462605074,20180907,
용인시,주아목장,소,160,경기도 용인시 처인구 백암면 죽양대로912번길 30-3,경기도 용인시 처인구 백암면 백봉리 944번지,37.1454575195,127.3900582463,20180907,
용인시,준교농장,돼지,500,경기도 용인시 처인구 포곡읍 옥현로45번길 282,경기도 용인시 처인구 포곡읍 전대리 112번지 4호,37.2803516370,127.2253206459,20180907,
용인시,준농장,돼지,380,경기도 용인시 처인구 포곡읍 선장1로 60,경기도 용인시 처인구 포곡읍 신원리 477번지 1호,37.3132110843,127.2159867169,20180907,
용인시,준농장,소,38,경기도 용인시 처인구 백암면 대흥로 32,경기도 용인시 처인구 백암면 백봉리 98번지,37.1442585982,127.4037726525,20180907,
용인시,준석농장,돼지,900,경기도 용인시 처인구 백암면 죽양대로1436번길 82-24,경기도 용인시 처인구 백암면 가좌리 79번지 2호,37.1817830220,127.3508070979,20180907,
용인시,준용목장,소,60,경기도 용인시 처인구 모현면 갈담로 74,경기도 용인시 처인구 모현면 갈담리 210번지 2호,37.3190988822,127.2508635357,20180907,
용인시,준원농장,돼지,1500,경기도 용인시 처인구 백암면 삼백로 637-7,경기도 용인시 처인구 백암면 용천리 348번지 1호,37.1269275244,127.3717002411,20180907,
용인시,준호농장,소,60,경기도 용인시 처인구 남사면 천덕산로409번길 103,경기도 용인시 처인구 남사면 원암리 285번지 1호,37.0945080325,127.1535524106,20180907,
용인시,중앙농장,돼지,1000,경기도 용인시 처인구 백암면 근곡로 174,경기도 용인시 처인구 백암면 근곡리 168번지 1호,37.1811169420,127.3596664755,20180907,
용인시,지산한우,소,15,경기도 용인시 처인구 원삼면 맹리로127번길 13,경기도 용인시 처인구 원삼면 맹리 208번지 1호,37.1981393384,127.3374221834,20180907,
용인시,지연농장,돼지,1200,경기도 용인시 처인구 백암면 고안로51번길 46,경기도 용인시 처인구 백암면 고안리 780번지,37.1359007466,127.4053041588,20180907,
용인시,지혜농장,돼지,1800,경기도 용인시 처인구 포곡읍 곡현로 280 (1필지 외1필지(330-1)),경기도 용인시 처인구 포곡읍 신원리 330번지 2호 1필지 외1필지(330-1),37.3099044090,127.2208955724,20180907,
용인시,진농장,돼지,600,경기도 용인시 처인구 백암면 옥산로 103-51,경기도 용인시 처인구 백암면 옥산리 1769번지,37.1123148688,127.4042792607,20180907,
용인시,진문갑농장,소,7,경기도 용인시 처인구 남사면 방아로133번길 9-7,경기도 용인시 처인구 남사면 방아리 123번지 1호,37.1138428114,127.1747652923,20180907,
용인시,진선농장,돼지,600,경기도 용인시 처인구 백암면 백원로 338,경기도 용인시 처인구 백암면 근창리 593번지 1호,37.1579833200,127.3519138325,20180907,
용인시,진성농장,돼지,1500,경기도 용인시 처인구 원삼면 맹리로 12-21,경기도 용인시 처인구 원삼면 맹리 572번지,37.1925046990,127.3288601752,20180907,
용인시,진수농장,소,47,경기도 용인시 처인구 남사면 천덕산로482번길 18,경기도 용인시 처인구 남사면 원암리 194번지 7호,37.0917585775,127.1473044138,20180907,
용인시,진수농장,소,60,경기도 용인시 처인구 백암면 원설로 574-6,경기도 용인시 처인구 백암면 백봉리 625번지,37.1439809441,127.3951944894,20180907,
용인시,진영농장,소,56,경기도 용인시 처인구 백암면 백암로95번길 24,경기도 용인시 처인구 백암면 박곡리 775번지 1호,37.1571216814,127.3802224055,20180907,
용인시,진우농장,소,41,경기도 용인시 처인구 모현면 외개일로 132,경기도 용인시 처인구 모현면 일산리 63번지 28호,37.3458416656,127.2418100991,20180907,
용인시,진욱목장,소,30,경기도 용인시 처인구 백암면 한택로72번길 35-4,경기도 용인시 처인구 백암면 옥산리 406번지 2호,37.0992336882,127.4063362828,20180907,
용인시,진정1농장,돼지,950,경기도 용인시 처인구 백암면 죽양대로801번길 80,경기도 용인시 처인구 백암면 백봉리 1373번지 4호,37.1332320589,127.3950264551,20180907,
용인시,진정2농장,돼지,500,"경기도 용인시 처인구 백암면 죽양대로801번길 80-6, 3호",경기도 용인시 처인구 백암면 백봉리 1373번지 2호  3호,37.1331519710,127.3947221863,20180907,
용인시,진주목장,소,60,경기도 용인시 처인구 모현면 외개일로 163-20,경기도 용인시 처인구 모현면 일산리 99번지 26호,37.3445350802,127.2462862712,20180907,
용인시,진촌농원,돼지,300,경기도 용인시 처인구 백암면 백봉로 595,경기도 용인시 처인구 백암면 백봉리 274번지 4호,37.1325651770,127.4004698622,20180907,
용인시,찜찜이농장,소,40,경기도 용인시 처인구 남사면 방아로 19,경기도 용인시 처인구 남사면 방아리 675번지 3호,37.1165892813,127.1631374342,20180907,
용인시,찬균농장,소,80,경기도 용인시 처인구 원삼면 백원로278번길 27,경기도 용인시 처인구 원삼면 두창리 2807번지 1호,37.1527265827,127.3470042103,20180907,
용인시,찬희농장,돼지,943,경기도 용인시 처인구 백암면 옥산로3번길 105,경기도 용인시 처인구 백암면 옥산리 1543번지,37.1138482572,127.4038035589,20180907,
용인시,창순목장,소,115,,경기도 용인시 처인구 백암면 박곡리 74번지 4호 외 2필지,37.1762002402,127.4011600586,20180907,
용인시,창엽목장,소,210,경기도 용인시 처인구 남사면 화곡로 394,경기도 용인시 처인구 남사면 창리 72번지,37.1495014122,127.1899069974,20180907,
용인시,천곡농장,소,63,경기도 용인시 처인구 원삼면 가재월로69번길 17-14,경기도 용인시 처인구 원삼면 가재월리 산 64번지 3호,37.1730614445,127.3184513576,20180907,
용인시,천곡목장,소,98,경기도 용인시 처인구 원삼면 가재월로69번길 17-14,경기도 용인시 처인구 원삼면 가재월리 산 64번지 3호,37.1730614445,127.3184513576,20180907,
용인시,천리원체험농장,산양,2196,경기도 용인시 처인구 이동면 문화로70번길 70,경기도 용인시 처인구 이동읍 묘봉리 588번지,37.1336719531,127.2204565067,20180907,
용인시,천하제일농장,소,92,경기도 용인시 처인구 남사면 화곡로 297,경기도 용인시 처인구 남사면 창리 19번지 2호,37.1547805223,127.1961564682,20180907,
용인시,청계목장,소,343,경기도 용인시 처인구 백암면 청계로104번길 20,경기도 용인시 처인구 백암면 박곡리 270번지 3호,37.1532621267,127.4004656255,20180907,
용인시,청미농장,돼지,1200,경기도 용인시 처인구 백암면 옥이내로40번길 31-46,경기도 용인시 처인구 백암면 옥산리 1382번지,37.1179282557,127.3962527088,20180907,
용인시,청솔농장,돼지,1800,경기도 용인시 처인구 포곡읍 선장2로 39,경기도 용인시 처인구 포곡읍 신원리 487번지 3호,37.3141005831,127.2173767751,20180907,
용인시,청송흑염소농장,산양,40,경기도 용인시 처인구 포곡읍 금어로 451,경기도 용인시 처인구 포곡읍 금어리 280번지 4호,37.2845178811,127.2550350816,20180907,
용인시,초발심농장,소,63,경기도 용인시 처인구 백암면 옥산로 113,경기도 용인시 처인구 백암면 옥산리 514번지,37.1081230748,127.4074971968,20180907,
용인시,충선목장,소,12,,경기도 용인시 처인구 백암면 백봉리 1219번지,37.1534012659,127.3799450095,20180907,
용인시,충한목장,소,100,경기도 용인시 처인구 백암면 덕평로 120,경기도 용인시 처인구 백암면 가창리 435번지 3호,37.1807513280,127.3731103592,20180907,
용인시,충효농장,소,20,경기도 용인시 수지구 동천로373번길 32 (동천동),경기도 용인시 수지구 동천동 597번지 4호,37.3405344040,127.0649147693,20180907,
용인시,치선농장,소,50,경기도 용인시 처인구 백암면 고안로51번길 123-7,경기도 용인시 처인구 백암면 고안리 577번지,37.1415144325,127.4105225115,20180907,
용인시,칠천농장,돼지,600,,경기도 용인시 처인구 백암면 고안리 187번지,37.1199878149,127.4107221256,20180907,
용인시,큰골목장,소,37,경기도 용인시 처인구 백암면 삼백로602번길 54,경기도 용인시 처인구 백암면 용천리 172번지,37.1261187548,127.3796070862,20180907,
용인시,큰대광목장,소,60,경기도 용인시 처인구 백암면 청강가창로210번길 53-19,경기도 용인시 처인구 백암면 가창리 산 27번지 8호,37.1983397342,127.3730498023,20180907,
용인시,큰솔농장,돼지,791,경기도 용인시 처인구 백암면 백원로442번길 79,경기도 용인시 처인구 백암면 근창리 312번지 외 1필지(312-1번지),37.1578958465,127.3630809561,20180907,
용인시,큰신동목장,소,40,경기도 용인시 처인구 원삼면 두창호수로168번길 34,경기도 용인시 처인구 원삼면 두창리,37.1424802261,127.3348921037,20180907,
용인시,큰에덴농장,소,40,경기도 용인시 처인구 백암면 청강가창로210번길 35,경기도 용인시 처인구 백암면 가창리 70번지 1호,37.1981426597,127.3697824091,20180907,
용인시,큰영진목장,소,1,경기도 용인시 처인구 백암면 청강가창로210번길 51,경기도 용인시 처인구 백암면 가창리 60번지,37.1975873373,127.3716156679,20180907,
용인시,큰원성목장,소,83,경기도 용인시 처인구 원삼면 두창호수로124번길 25,경기도 용인시 처인구 원삼면 두창리 산 99번지 1호,37.1476777406,127.3322021056,20180907,
용인시,키주농장,소,20,경기도 용인시 처인구 백암면 삼백로602번길 37-23,경기도 용인시 처인구 백암면 용천리 194번지 1호,37.1269848459,127.3764155266,20180907,
용인시,태경농장,돼지,1800,경기도 용인시 처인구 백암면 삼백로724번길 45-46,경기도 용인시 처인구 백암면 근삼리 1466번지,37.1341747888,127.3793881750,20180907,
용인시,태산농장,돼지,550,경기도 용인시 처인구 포곡읍 양지촌로 49,경기도 용인시 처인구 포곡읍 신원리 136번지,37.3103488248,127.2241794264,20180907,
용인시,태성농장,돼지,2000,경기도 용인시 처인구 백암면 삼백로 446-8,경기도 용인시 처인구 백암면 석천리 130번지,37.1116207900,127.3768013362,20180907,
용인시,태양2농장,돼지,2000,경기도 용인시 처인구 백암면 고안로51번길 142-30,경기도 용인시 처인구 백암면 고안리 609번지,37.1410083549,127.4161585829,20180907,
용인시,태양농장,돼지,700,"경기도 용인시 처인구 백암면 옥산로3번길 38 (외 2필지(696-1,697))","경기도 용인시 처인구 백암면 옥산리 696번지 외 2필지(696-1,697)",37.1119861561,127.4002159975,20180907,
용인시,태양농장,돼지,800,경기도 용인시 처인구 포곡읍 선장2로 46-1,경기도 용인시 처인구 포곡읍 신원리 258번지 2호,37.3131540259,127.2176448236,20180907,
용인시,태우농장,소,26,경기도 용인시 처인구 원삼면 원양로291번길 72-3,경기도 용인시 처인구 원삼면 사암리 1310번지 17호 외 2필지,37.1863067831,127.2974243331,20180907,
용인시,태형농장,돼지,3500,경기도 용인시 처인구 백암면 고안로48번길 39,"경기도 용인시 처인구 백암면 고안리 802번지 2호 외 필지(802, 1194, 1195)",37.1299315310,127.4012438251,20180907,
용인시,토영목장,소,70,경기도 용인시 처인구 백암면 한택로88번길 204-13,경기도 용인시 처인구 백암면 옥산리 40번지,37.1100123043,127.4213340796,20180907,
용인시,토옥농장,돼지,1485,,경기도 용인시 처인구 백암면 옥산리 1549번지,37.1145967658,127.4062715082,20180907,
용인시,통산목장,소,110,경기도 용인시 처인구 남사면 어진로102번길 59,경기도 용인시 처인구 남사면 진목리 949번지 88호,37.0927854884,127.1233593729,20180907,
용인시,평촌농장,소,90,경기도 용인시 처인구 백암면 백봉로 121-6 (외 1필지(1512-1)),경기도 용인시 처인구 백암면 백봉리 1512번지 외 1필지(1512-1),37.1510114579,127.3748902059,20180907,
용인시,푸른농장,돼지,800,경기도 용인시 처인구 포곡읍 곡현로167번길 58,경기도 용인시 처인구 포곡읍 유운리 285번지 1호,37.3028187543,127.2179538090,20180907,
용인시,풀잎농장,소,60,경기도 용인시 처인구 남사면 처인성로398번길 81-18,경기도 용인시 처인구 남사면 방아리 61번지 1호,37.1232274515,127.1714895255,20180907,
용인시,피그랜드,돼지,700,경기도 용인시 처인구 포곡읍 양지촌로26번길 16,경기도 용인시 처인구 포곡읍 신원리 69번지,37.3073437765,127.2266521901,20180907,
용인시,하나농장,돼지,900,경기도 용인시 처인구 백암면 삼백로 665,경기도 용인시 처인구 백암면 용천리 409번지 2호,37.1303158926,127.3715591338,20180907,
용인시,하늘농장,소,108,경기도 용인시 처인구 원삼면 원양로 602-16,경기도 용인시 처인구 원삼면 좌항리 659번지,37.1998041749,127.3218404089,20180907,
용인시,하마비농장,소,209,경기도 용인시 처인구 남사면 화곡로 245-11,경기도 용인시 처인구 남사면 창리 137번지,37.1605888095,127.1927150386,20180907,
용인시,하영농장,돼지,750,경기도 용인시 처인구 포곡읍 선장1로 73-35,경기도 용인시 처인구 포곡읍 신원리 617번지,37.3144818948,127.2107108278,20180907,
용인시,한백농장,소,6,경기도 용인시 처인구 백암면 용천로71번길 2-9,경기도 용인시 처인구 백암면 용천리 259-1,37.1245070868,127.3647568741,20180907,
용인시,한별농장,돼지,1500,경기도 용인시 처인구 이동면 염티로137번길 50,경기도 용인시 처인구 이동면 묵리 766번지 1호,37.1965578941,127.2336009512,20180907,
용인시,한산농장,소,69,경기도 용인시 처인구 남사면 처인성로 355,경기도 용인시 처인구 남사면 방아리 105번지 2호,37.1214560484,127.1623262782,20180907,
용인시,한석농장,돼지,250,경기도 용인시 처인구 포곡읍 선장1로 141,경기도 용인시 처인구 포곡읍 신원리 618번지,37.3154838402,127.2096757264,20180907,
용인시,한아름농장,돼지,2000,경기도 용인시 처인구 원삼면 이원로 1167 (외 1필지(601-2)),경기도 용인시 처인구 원삼면 독성리 601번지 1호 외 1필지(601-2),37.1588970382,127.3081479260,20180907,
용인시,한영농장,돼지,600,경기도 용인시 처인구 백암면 한택로 199-8,경기도 용인시 처인구 백암면 옥산리 958번지 2호,37.1082677447,127.3966415030,20180907,
용인시,한일농장,돼지,500,경기도 용인시 처인구 포곡읍 선장1로 52,경기도 용인시 처인구 포곡읍 신원리 472번지 1호,37.3129844263,127.2167644460,20180907,
용인시,한일농장,돼지,1005,경기도 용인시 처인구 원삼면 생안로 51-1,경기도 용인시 처인구 원삼면 미평리 501번지 2호,37.1882000120,127.3180300630,20180907,
용인시,한택목장,소,100,경기도 용인시 처인구 백암면 한택로 15,경기도 용인시 처인구 백암면 옥산리 산 153번지 1호,37.0963444778,127.4027439552,20180907,
용인시,한터농원영농조합,소,5,,경기도 용인시 처인구 양지면 대대리 97번지,37.2702143710,127.2652808283,20180907,
용인시,한흥농장,소,9,경기도 용인시 처인구 원삼면 가재월로69번길 11,경기도 용인시 처인구 원삼면 가재월리 874번지,37.1726959201,127.3203640025,20180907,
용인시,해돈농장,돼지,800,경기도 용인시 처인구 포곡읍 곡현로170번길 19,경기도 용인시 처인구 포곡읍 유운리 167번지 1호,37.3003171257,127.2259546443,20180907,
용인시,해오름농장,소,80,경기도 용인시 처인구 백암면 삼백로841번길 42-5,경기도 용인시 처인구 백암면 근삼리 183번지 1호,37.1487571869,127.3667183999,20180907,
용인시,행복한농장,돼지,900,"경기도 용인시 처인구 원삼면 원양로246번길 136 (외 2필지(714-1,716-4))","경기도 용인시 처인구 원삼면 가재월리 716번지 1호 외 2필지(714-1,716-4)",37.1766697908,127.3202567647,20180907,
용인시,행운2농장,소,5,,경기도 용인시 처인구 원삼면 가재월리 140번지,37.1801057883,127.3224782728,20180907,
용인시,행운농장,돼지,500,경기도 용인시 처인구 원삼면 가재월로69번길 42,경기도 용인시 처인구 원삼면 가재월리 812번지 1호,37.1755359706,127.3197002719,20180907,
용인시,행운농장,돼지,800,경기도 용인시 처인구 백암면 근삼로102번길 23,경기도 용인시 처인구 백암면 근삼리 732번지,37.1370661638,127.3622844143,20180907,
용인시,혁신농장,돼지,1400,경기도 용인시 처인구 포곡읍 양지촌로 78,경기도 용인시 처인구 포곡읍 신원리 307번지 1호,37.3116775145,127.2219272183,20180907,
용인시,혁신농장,돼지,550,경기도 용인시 처인구 포곡읍 양지촌로 78,경기도 용인시 처인구 포곡읍 신원리 305번지 6호,37.3116775145,127.2219272183,20180907,
용인시,현대농장,돼지,800,경기도 용인시 처인구 포곡읍 선장1로 17,경기도 용인시 처인구 포곡읍 신원리 703번지 9통,37.3101499831,127.2196441700,20180907,
용인시,현대농장,돼지,1200,경기도 용인시 처인구 원삼면 이원로 1050-30,경기도 용인시 처인구 원삼면 학일리 181번지 2호,37.1514480023,127.2964223258,20180907,
용인시,현민농장,돼지,1200,경기도 용인시 처인구 백암면 고안로 136-8,경기도 용인시 처인구 백암면 고안리 402번지,37.1269551986,127.4100505670,20180907,
용인시,현주농장,돼지,250,경기도 용인시 처인구 포곡읍 선장1로 141,경기도 용인시 처인구 포곡읍 신원리 618번지,37.3154838402,127.2096757264,20180907,
용인시,협동농장,소,30,경기도 용인시 처인구 백암면 박곡로61번길 20,경기도 용인시 처인구 백암면 박곡리 588번지 2호,37.1716738492,127.3857218863,20180907,
용인시,형민목장,소,50,경기도 용인시 처인구 포곡읍 금어로202번길 42,경기도 용인시 처인구 포곡읍 금어리 484번지 3호,37.2677174416,127.2401763661,20180907,
용인시,형제농장,돼지,1800,경기도 용인시 처인구 포곡읍 선장2로 46-1,경기도 용인시 처인구 포곡읍 신원리 260번지,37.3131540259,127.2176448236,20180907,
용인시,형제축산,돼지,1030,경기도 용인시 처인구 포곡읍 선장1로 71-8,경기도 용인시 처인구 포곡읍 신원리 464번지 1호,37.3129897708,127.2137863541,20180907,
용인시,혜성농장,돼지,1300,경기도 용인시 처인구 백암면 삼백로578번길 81-15,경기도 용인시 처인구 백암면 장평리 313번지 1호,37.1216201963,127.3831629956,20180907,
용인시,혜성농장,소,18,경기도 용인시 처인구 모현면 외개일로 50-16,경기도 용인시 처인구 모현면 일산리 287번지,37.3511171274,127.2350098262,20180907,
용인시,혜인1농장,돼지,2200,경기도 용인시 처인구 백암면 백봉로 391,경기도 용인시 처인구 백암면 백봉리 1702번지,37.1307848654,127.3856396147,20180907,
용인시,호정농장,돼지,500,,경기도 용인시 처인구 백암면 옥산리 694번지,37.1111766976,127.3997729933,20180907,
용인시,홍기농장,소,44,경기도 용인시 처인구 백암면 삼백로724번길 86,경기도 용인시 처인구 백암면 용천리 947번지,37.1321252621,127.3806947113,20180907,
용인시,화랑낙농,소,6,경기도 용인시 처인구 남사면 전궁로16번길 27-3,경기도 용인시 처인구 남사면 전궁리 203-3,37.1048462264,127.1581290429,20180907,
용인시,황세울한우농장,소,15,경기도 용인시 처인구 백암면 황새울로135번길 49,경기도 용인시 처인구 백암면 석천리 697번지,37.1127879332,127.3576467880,20180907,
용인시,황소목장,소,130,경기도 용인시 처인구 백암면 한택로88번길 204-47,경기도 용인시 처인구 백암면 옥산리 44번지 1호,37.1081248998,127.4225274670,20180907,
용인시,효성농장,돼지,900,경기도 용인시 처인구 백암면 근삼로2번길 52,경기도 용인시 처인구 백암면 용천리 419번지,37.1307030412,127.3687476235,20180907,
용인시,효정농장,소,100,경기도 용인시 처인구 백암면 근곡로 64-3,경기도 용인시 처인구 백암면 근곡리 505번지 0호,37.1761679956,127.3574136653,20180907,
용인시,효진목장,소,12,경기도 용인시 처인구 백암면 청강가창로210번길 49,경기도 용인시 처인구 백암면 가창리 63번지 2호,37.1978678100,127.3712453360,20180907,
용인시,효철농장,소,60,경기도 용인시 처인구 모현면 외개일로 67-11,경기도 용인시 처인구 모현면 일산리 310번지 1호,37.3510921908,127.2385085341,20180907,
용인시,휘원농장,소,75,경기도 용인시 처인구 백암면 덕평로26번길 98,경기도 용인시 처인구 백암면 백암리 65번지,37.1778908619,127.3773078454,20180907,
용인시,희경농장,소,99,경기도 용인시 처인구 원삼면 원양로291번길 77,경기도 용인시 처인구 원삼면 사암리 629번지,37.1847563682,127.2976773294,20180907,
용인시,희선농장,소,170,경기도 용인시 처인구 백암면 근곡로 97-4,경기도 용인시 처인구 백암면 근곡리 471번지 1호,37.1779510704,127.3547194619,20180907,
의왕시,다원농장,사슴,0,경기도 의왕시 청계동 582번지,경기도 의왕시 옥박골동길28,37.3980276661,127.0059304885,20250714,
의왕시,박현농장,소,41,경기도 의왕시 왕곡동 399-4,경기도 의왕시 솔고개길 21-6,37.3407146273,126.9899512451,20250714,
의왕시,북두칠성,소,5,경기도 의왕시 이동 519-1,경기도 의왕시 이동 519-1,37.3335508579,126.9663259726,20250714,
의왕시,산용목장,소,5,경기도 의왕시 이동 456,경기도 의왕시 교동길 26,37.3349753701,126.9660131395,20250714,
의왕시,유현목장,소+염소,18,경기도 의왕시 오전동 산 157-3,경기도 의왕시 사나골길 35-20,37.3575300910,126.9848012677,20250714,
의왕시,잿말목장,소,6,경기도 의왕시 월암동 630,경기도 의왕시 잿말길 16,37.3053850301,126.9546110795,20250714,
의정부시,귀락목장,소,21,경기도 의정부시 자일동 65-7,경기도 의정부시 민락로560번길 36-24 (자일동),37.7694293586,127.1177431659,20230403,
의정부시,신기농장,사슴,6,경기도 의정부시 낙양동 332-2,경기도 의정부시 민락로 437 (낙양동),37.7601623291,127.1117851599,20230403,
의정부시,신기농장,염소,50,경기도 의정부시 낙양동 332-2,경기도 의정부시 민락로 437 (낙양동),37.7601623291,127.1117851599,20230403,
의정부시,신도휴,소,10,경기도 의정부시 고산동 420-3,경기도 의정부시 고산로125번길 67 (고산동),37.7331795346,127.1045039654,20230403,
의정부시,양정성,염소,35,경기도 의정부시 가능동 428-6,경기도 의정부시 가능동 428-6,37.7545329113,127.0176493187,20230403,
의정부시,우리농원,염소,60,경기도 의정부시 금오동 423-6,경기도 의정부시 천보로 558-1 (금오동),37.7518857261,127.0549906796,20230403,
의정부시,원예농장,사슴,2,경기도 의정부시 자일동 326,경기도 의정부시 호국로1718번길 82 (자일동),37.7599133369,127.0914534417,20230403,
의정부시,원예농장,염소,11,경기도 의정부시 자일동 326,경기도 의정부시 호국로1718번길 82 (자일동),37.7599133369,127.0914534417,20230403,
의정부시,이정부,염소,40,경기도 의정부시 자일동 237,경기도 의정부시 자일동 237,37.7613223868,127.0917290435,20230403,
의정부시,전통목장,소,2,경기도 의정부시 녹양동 49-19,경기도 의정부시 녹양로125번길 6 (녹양동),37.7620974712,127.0339487939,20230403,
의정부시,천보산한우농장,소,12,경기도 의정부시 자일동 239,경기도 의정부시 자일동 239,37.7595920265,127.0924305624,20230403,
의정부시,춘삼월목장,소,2,경기도 의정부시 가능동 428-6,경기도 의정부시 입석로81번길 3-20 (가능동),37.7545329113,127.0176493187,20230403,
의정부시,춘삼월목장,염소,7,경기도 의정부시 가능동 428-6,경기도 의정부시 입석로81번길 3-20 (가능동),37.7545329113,127.0176493187,20230403,
의정부시,해림목장,소,6,경기도 의정부시 산곡동 585,경기도 의정부시 송산로915번길 61 (산곡동),37.7115309267,127.1022024622,20230403,
이천시,365농장,소,30,경기도 이천시 백사면 송말리 595번지,경기도 이천시 백사면 송말리 595번지,37.3451260062,127.4803347779,20260423,
이천시,가꿀목장,소,91,경기도 이천시 백사면 상용리 382번지 1호,경기도 이천시 백사면 상용리 382번지 1호,,,20260423,
이천시,가나안농장,돼지,230,경기도 이천시 설성면 자석리 산 17번지,경기도 이천시 설성면 자석로76번길 40,37.1728769157,127.5578546586,20260423,
이천시,가보영농조합법인,돼지,5623,경기도 이천시 부발읍 산촌리 35번지 5호,경기도 이천시 부발읍 부발중앙로 143,37.2744797594,127.4962100673,20260423,
이천시,가야농장,돼지,0,"경기도 이천시 부발읍 신원리 194-1,194-3",경기도 이천시 부발읍 중부대로1899번길 57-31,37.2959951108,127.5162473537,20260423,
이천시,가좌농장,소,15,경기도 이천시 장록동 23번지,경기도 이천시 가좌로1번길 61-52 (장록동),37.2510474092,127.4657656158,20260423,
이천시,가현산농장,소,26,경기도 이천시 설성면 송계리 74번지 2호,경기도 이천시 설성면 송계리 74번지 2호,37.1773483789,127.5185314639,20260423,
이천시,각평농장,소,30,경기도 이천시 마장면 각평리 310번지 2호,경기도 이천시 마장면 덕이로154번길 287-6,,,20260423,
이천시,갈렙농장,소,100,경기도 이천시 호법면 단천리 231번지 1호,경기도 이천시 호법면 이섭대천로309번길 46,,,20260423,
이천시,갑진목장,소,50,경기도 이천시 장호원읍 이황리 63번지 1호,경기도 이천시 장호원읍 나래천로215번길 10-65,,,20260423,
이천시,강원목장,소,68,경기도 이천시 설성면 암산리 300번지 17호,경기도 이천시 설성면 설성로479번길 125,37.1711126890,127.5392696863,20260423,
이천시,개척농업회사법인 주식회사,돼지,1460,경기도 이천시 신둔면 지석리 12번지 2호,경기도 이천시 신둔면 석동로161번길 97,37.3312027320,127.4311763269,20260423,
이천시,개척농장,돼지,2400,경기도 이천시 신둔면 지석리 13번지 4호 외 5필지,경기도 이천시 신둔면 석동로161번길 116,37.3321497087,127.4320672361,20260423,
이천시,갱터목장,소,64,경기도 이천시 대월면 구시리 400번지 6호,경기도 이천시 대월면 대월로 505-11,37.2023503271,127.4984675989,20260423,
이천시,거북농장,소,22,경기도 이천시 설성면 암산리 247번지 7호,경기도 이천시 설성면 암산리 247번지 7호,,,20260423,
이천시,거성농장,돼지,2000,경기도 이천시 설성면 암산리 234번지 1호,경기도 이천시 설성면 설성로479번길 139-34,37.1687647523,127.5393721927,20260423,
이천시,건봉목장,소,110,경기도 이천시 신둔면 인후리 85번지,경기도 이천시 신둔면 황무로287번길 61-7,37.3060440785,127.3840419191,20260423,
이천시,경남축산,소,70,"경기도 이천시 설성면 자석리 172,173번지","경기도 이천시 설성면 자석리 172,173번지",,,20260423,
이천시,경빈농장,소,5,경기도 이천시 백사면 송말리 622번지,경기도 이천시 백사면 원적로801번길 234,37.3455706551,127.4769565751,20260423,
이천시,경사목장,소,94,경기도 이천시 신둔면 고척리 225번지 2호,경기도 이천시 신둔면 서이천로853번길 346-100,,,20260423,
이천시,경산목장,소,55,경기도 이천시 모가면 소고리 163번지,경기도 이천시 모가면 공원로 178,37.1825376793,127.4577751925,20260423,
이천시,경인농장,돼지,10000,경기도 이천시 모가면 서경리 122-5외5필지,경기도 이천시 모가면 진상미로1044번길 117,37.1532577386,127.4901010660,20260423,
이천시,고대미농장,소,93,경기도 이천시 장록동 36번지,경기도 이천시 장록동 36번지,37.2497178123,127.4617935313,20260423,
이천시,고들목,소,68,경기도 이천시 호법면 매곡리 947번지,경기도 이천시 호법면 장자터로 41-54,37.1943375673,127.3887651321,20260423,
이천시,고려농장,소,35,경기도 이천시 설성면 장능리 588번지 5호,경기도 이천시 설성면 장능리 588번지 5호,,,20260423,
이천시,고린도목장,소,126,경기도 이천시 호법면 후안리 407번지 외 13필지,경기도 이천시 호법면 이섭대천로527번길 164,37.2277776441,127.4193777441,20260423,
이천시,고봉목장,소,60,경기도 이천시 설성면 상봉리 502번지 2호,경기도 이천시 설성면 설가로139번길 230,37.1566835436,127.5006757577,20260423,
이천시,곡산목장,소,61,"경기도 이천시 호법면 매곡리 434번지 2호 , 399","경기도 이천시 호법면 매곡리 434번지 2호 , 399",37.2070532063,127.3751443219,20260423,
이천시,골밭농장,소,135,경기도 이천시 마장면 목리 358번지 1호 외 1필지,경기도 이천시 마장면 중부대로609번길 201-26,37.2622723123,127.4044204243,20260423,
이천시,관순농장,소,30,경기도 이천시 설성면 장능리 591번지 3호,경기도 이천시 설성면 진상미로451번길 127-10,,,20260423,
이천시,광골목장,소,0,경기도 이천시 모가면 두미리 514번지 12호,경기도 이천시 모가면 사실로579번길 130-16,,,20260423,
이천시,광대산 목장,소,140,경기도 이천시 율면 본죽리 398번지 3호,경기도 이천시 율면 주래본죽로 470-56,37.0806054635,127.5196151848,20260423,
이천시,광명목장,소,40,경기도 이천시 마장면 각평리 476번지,경기도 이천시 마장면 덕이로 126-7,37.2385734490,127.3744494590,20260423,
이천시,광일목장,소,23,경기도 이천시 호법면 매곡리 63번지 3호,경기도 이천시 호법면 덕평로 331-19,,,20260423,
이천시,구시목장,소,80,경기도 이천시 대월면 구시리 258번지,경기도 이천시 대월면 구시리 258번지,,,20260423,
이천시,구야목장,소,80,경기도 이천시 모가면 송곡리 203번지,경기도 이천시 모가면 진상미로 971-51,37.1458840987,127.4898317744,20260423,
이천시,군둘목장2,소,26,경기도 이천시 대월면 구시리 369번지 1호,경기도 이천시 대월면 대월로506번길 230-12,37.1959852554,127.5027719491,20260423,
이천시,군들목장,소,60,경기도 이천시 대월면 군량리 225번지 12호,경기도 이천시 대월면 군량리 225번지 12호,,,20260423,
이천시,굿모닝 농장,소,100,경기도 이천시 신둔면 마교리 24번지 26-15.26-21,경기도 이천시 신둔면 마교리 24번지 26-15.26-21,,,20260423,
이천시,권세목장,소,130,경기도 이천시 호법면 동산리 652번지 외 5필지,경기도 이천시 호법면 동산로 228-18,37.2046917117,127.4047726728,20260423,
이천시,규상목장,소,0,경기도 이천시 호법면 주미리 588번지 1호,경기도 이천시 호법면 대덕산로149번길 34-18,,,20260423,
이천시,그린농장,돼지,1500,경기도 이천시 설성면 장능리 484번지,경기도 이천시 설성면 진상미로531번길 209-72,37.1254309299,127.5088821943,20260423,
이천시,근덕목장,소,107,경기도 이천시 마장면 관리 872번지 외 6필지,경기도 이천시 마장면 마도로248번길 150-31,37.2841554538,127.3496005086,20260423,
이천시,금성농장,소,30,경기도 이천시 부발읍 송온리 64번지,경기도 이천시 부발읍 황무로1965번길 321,37.2510124600,127.5301637379,20260423,
이천시,금휴농장,소,78,경기도 이천시 설성면 제요리 151번지 4호,경기도 이천시 설성면 서동대로8293번길 25-40,37.1092003416,127.5582001143,20260423,
이천시,금휴제이농장,소,150,경기도 이천시 설성면 제요리 483번지 8호,경기도 이천시 설성면 제요리 483번지 8호,37.1105384357,127.5572160065,20260423,
이천시,기대축산,돼지,2000,경기도 이천시 율면 산양리 702번지,경기도 이천시 율면 일생로429번길 14-39,37.0644214594,127.5163103173,20260423,
이천시,기범농장,돼지,1750,경기도 이천시 장호원읍 방추리 66번지 7호,경기도 이천시 장호원읍 설장로572번길 66-11,37.1246014773,127.5741685493,20260423,
이천시,기봉농장,소,7,경기도 이천시 모가면 신갈리 437번지 1호,경기도 이천시 모가면 신갈리 437번지 1호,,,20260423,
이천시,기쁨목장,소,40,경기도 이천시 모가면 두미리 947번지,경기도 이천시 모가면 두미리 947번지,37.1698673586,127.4363057507,20260423,
이천시,길상농장,소,45,경기도 이천시 모가면 송곡리 561번지,경기도 이천시 모가면 진상미로1044번길 297,37.1579004237,127.4970155182,20260423,
이천시,길풍목장,소,190,경기도 이천시 백사면 도지리 506번지 16호,경기도 이천시 백사면 청백리로286번길 87,37.3105377907,127.4896858681,20260423,
이천시,김형제목장,소,47,경기도 이천시 대월면 도리리 327번지 2호,경기도 이천시 대월면 대월로667번길 379-23,37.2060913231,127.4804289532,20260423,
이천시,꿀꿀이농장,돼지,900,경기도 이천시 장호원읍 어석리 347번지 1호 외2필지,경기도 이천시 장호원읍 어석로182번길 105,37.1041951943,127.5905075236,20260423,
이천시,나성목장,소,105,경기도 이천시 장호원읍 나래리 489번지,경기도 이천시 장호원읍 나래천로509번길 206,37.1808003969,127.5872416595,20260423,
이천시,나성목장,소,6,경기도 이천시 장호원읍 나래리 491번지,경기도 이천시 장호원읍 나래천로509번길 199,37.1809452095,127.5864419595,20260423,
이천시,나유목장,소,149,경기도 이천시 장호원읍 나래리 556번지 3호,경기도 이천시 장호원읍 나래천로509번길 391,37.1862475114,127.5874226510,20260423,
이천시,낙현목장,소,16,경기도 이천시 부발읍 신원리 531번지 3호,경기도 이천시 부발읍 중부대로1857번길 52-1,,,20260423,
이천시,남선목장,소,26,경기도 이천시 마장면 작촌리 193번지 1호,경기도 이천시 마장면 작촌로197번길 46,,,20260423,
이천시,남원목장,소,64,경기도 이천시 모가면 신갈리 246번지,경기도 이천시 모가면 사실로1026번길 73-51,37.1997263051,127.4541822315,20260423,
이천시,남인목장,소,105,경기도 이천시 장호원읍 나래리 산 9번지 17호,경기도 이천시 장호원읍 나래천로416번길 291-91,37.1746636341,127.5964492031,20260423,
이천시,남주목장,소,110,경기도 이천시 모가면 소고리 46번지 1호,경기도 이천시 모가면 공원로249번길 170,37.1890936049,127.4659851408,20260423,
이천시,남촌농장,소,17,경기도 이천시 부발읍 대관리 267번지,경기도 이천시 부발읍 부흥로 199-54,37.3123435381,127.5308540572,20260423,
이천시,노승산목장,소,53,경기도 이천시 설성면 수산리 95번지 4호,경기도 이천시 설성면 진상미로813번길 204-6,37.1321441983,127.5034968295,20260423,
이천시,농업회사법인 유한회사 주영팜,돼지,0,경기도 이천시 부발읍 수정리 19번지 8호,경기도 이천시 부발읍 황무로1719번길 214-78,,,20260423,
이천시,농업회사법인 주식회사 대원,돼지,700,경기도 이천시 모가면 진가리 23번지 5호,경기도 이천시 모가면 대월로52번길 19-27,,,20260423,
이천시,농업회사법인 주식회사 월포,돼지,3000,경기도 이천시 율면 월포리 994번지 외 5필지,경기도 이천시 율면 고월로224번길 65,37.0838081602,127.5560204395,20260423,
이천시,농업회사법인 주식회사 제일,돼지,5057,경기도 이천시 율면 월포리 714번지 34호,경기도 이천시 율면 고월로179번길 120,37.0832908270,127.5673769434,20260423,
이천시,농업회사법인 주식회사 팜스월드 대덕팜,돼지,1800,경기도 이천시 호법면 주미리 604번지 14호,경기도 이천시 호법면 대덕산로149번길 111,37.2046778203,127.4261448952,20260423,
이천시,농업회사법인 주식회사 팜스코바이오인티,돼지,26230,경기도 이천시 부발읍 고백리 599번지 3호,경기도 이천시 부발읍 부흥로81번길 140-81,37.3041284370,127.5244633635,20260423,
이천시,농업회사법인 주식회사 해돈,돼지,0,"경기도 이천시 설성면 행죽리 720번지 , 828-1, 828-11",경기도 이천시 설성면 진상미로497번길 353-58,37.1084661619,127.5081373837,20260423,
이천시,농업회사법인(주)두미,돼지,7077,경기도 이천시 모가면 두미리 425번지 1호,경기도 이천시 모가면 사실로553번길 78-64,37.1585674806,127.4314331618,20260423,
이천시,농업회사법인(주)송암축산,소,599,경기도 이천시 설성면 암산리 2번지 25호,경기도 이천시 설성면 신암로258번길 10-17,,,20260423,
이천시,농업회사법인설성목장(주),소,1300,경기도 이천시 설성면 암산리 20번지 9호 20-7.20-8.20-11.20-17.20-18.20-21.22-2.22-3.22-6.22-8,경기도 이천시 설성면 신암로258번길 116-25,37.1529596667,127.5487626515,20260423,
이천시,농주목장,소,18,경기도 이천시 모가면 소고리 312번지 3호,경기도 이천시 모가면 소고리 312번지 3호,,,20260423,
이천시,누리농장,돼지,600,경기도 이천시 설성면 신필리 343번지 2호,경기도 이천시 설성면 신암로105번길 16,,,20260423,
이천시,뉴동남목장,소,45,경기도 이천시 대월면 구시리 626번지 1호,경기도 이천시 대월면 대월로 638-58,37.2144540774,127.4986412809,20260423,
이천시,뉴서울농장2,돼지,8000,경기도 이천시 율면 월포리 976번지 외 7필지,경기도 이천시 율면 고월로 171,37.0854746599,127.5583957499,20260423,
이천시,늘목장,소,54,경기도 이천시 백사면 현방리 205번지 7호,경기도 이천시 백사면 청백리로899번길 112,37.3345821383,127.4981654578,20260423,
이천시,늘푸른 농장,염소,0,경기도 이천시 설성면 상봉리 205번지,경기도 이천시 설성면 설가로351번길 10-50,37.1668963229,127.5083238624,20260423,
이천시,늘푸른농장,소,92,경기도 이천시 부발읍 대관리 136번지 9호,경기도 이천시 부발읍 부흥로200번길 153,37.3094990640,127.5383284253,20260423,
이천시,늘푸른목장,소,72,경기도 이천시 마장면 이치리 산 74번지 3호,경기도 이천시 마장면 서이천로228번길 32-20,37.2521983865,127.3789712122,20260423,
이천시,다미오목장,소,155,경기도 이천시 모가면 소사리 51번지 11호 외 1필지,경기도 이천시 모가면 소사리 51번지 11호 외 1필지,37.1878717406,127.4860292504,20260423,
이천시,다복농장,소,82,경기도 이천시 백사면 신대리 646번지,경기도 이천시 백사면 이여로253번길 33-51,37.3194548526,127.4666036637,20260423,
이천시,다산농장,소,32,경기도 이천시 설성면 장능리 800번지 5호,경기도 이천시 설성면 장능리 800번지 5호,37.1269210597,127.5267440432,20260423,
이천시,다솜농장,돼지,2900,경기도 이천시 장호원읍 와현리 202번지 4호 외 8필지,경기도 이천시 장호원읍 이풍로 302,37.1593324637,127.6047865097,20260423,
이천시,다온팜스,돼지,1000,경기도 이천시 모가면 송곡리 90번지 외 2필지,경기도 이천시 모가면 진상미로 988-60,37.1492735869,127.4917231735,20260423,
이천시,다우농장,돼지,800,경기도 이천시 모가면 서경리 384번지 다우농장,"경기도 이천시 모가면 진상미로 1077, 다우농장",37.1537165080,127.4819925909,20260423,
이천시,다하누농장,소,14,경기도 이천시 모가면 어농리 781번지,경기도 이천시 모가면 어농로 77-13,37.1843559277,127.4326392120,20260423,
이천시,단천리농장,돼지,700,경기도 이천시 호법면 단천리 119번지 6호,경기도 이천시 호법면 단천리 119번지 6호,,,20260423,
이천시,단촌목장,소,50,경기도 이천시 호법면 단천리 161번지 1호,경기도 이천시 호법면 단천리 161번지 1호,37.2290352134,127.4097483514,20260423,
이천시,달뜨는목장,소,105,경기도 이천시 장호원읍 나래리 166번지 2호,경기도 이천시 장호원읍 나래천로416번길 291-92,37.1745745309,127.5951649051,20260423,
이천시,달무리목장,소,112,경기도 이천시 모가면 두미리 180번지 2호 외 4필지,경기도 이천시 모가면 사실로659번길 129-4,37.1673742005,127.4343325799,20260423,
이천시,달성목장,소,129,경기도 이천시 모가면 두미리 33번지 7호,경기도 이천시 모가면 사실로 578-46,,,20260423,
이천시,담비네농장,소,18,경기도 이천시 율면 총곡리 48번지 1호 1통,경기도 이천시 율면 임오산로650번길 94,37.0709141905,127.6019086285,20260423,
이천시,당곡목장,소,190,경기도 이천시 설성면 상봉리 627번지 1호,경기도 이천시 설성면 상봉리 627번지 1호,37.1537493488,127.5053752491,20260423,
이천시,대건농장,돼지,700,경기도 이천시 장호원읍 이황리 394번지 1호 4통,경기도 이천시 장호원읍 경충대로718번길 88-34,37.1619563662,127.5807663525,20260423,
이천시,대경농장,돼지,1688,경기도 이천시 신둔면 장동리 514번지 2호 외 1필지,경기도 이천시 신둔면 원적로529번길 252,37.3339317102,127.4440201880,20260423,
이천시,대경농장,소,10,경기도 이천시 설성면 장천리 376번지,경기도 이천시 설성면 설성로181번길 92-46,37.1485234053,127.5276468097,20260423,
이천시,대덕목장,소,124,경기도 이천시 호법면 송갈리 513번지,경기도 이천시 호법면 송갈로 141-14,37.1939269622,127.4292391460,20260423,
이천시,대동축산,산양,80,경기도 이천시 설성면 행죽리 646번지 2호,경기도 이천시 설성면 진상미로497번길 253-204,,,20260423,
이천시,대림목장,소,102,경기도 이천시 모가면 어농리 531번지 1호,경기도 이천시 모가면 사실로785번길 197-36,37.1779147861,127.4307137116,20260423,
이천시,대명농장,돼지,1500,경기도 이천시 설성면 대죽리 402번지 1호,경기도 이천시 설성면 대죽로 215-14,,,20260423,
이천시,대박농장,소,94,경기도 이천시 설성면 신필리 465번지 3호 465-4.465-5,경기도 이천시 설성면 신필리 465번지 3호 465-4.465-5,37.1263249682,127.5427790168,20260423,
이천시,대성농장,소,30,경기도 이천시 장호원읍 대서리 634번지 3호,경기도 이천시 장호원읍 서동대로8295번길 128-17,37.1142905053,127.5638206764,20260423,
이천시,대영목장,소,11,경기도 이천시 율면 고당리 92번지 24호,경기도 이천시 율면 고월로50번길 92,37.0865133139,127.5470472248,20260423,
이천시,대용농장,소,130,경기도 이천시 호법면 단천리 164번지,경기도 이천시 호법면 중부대로798번길 242,37.2284724353,127.4079802118,20260423,
이천시,대원농장,돼지,2000,경기도 이천시 신둔면 도암리 66번지 1호 외 11필지,경기도 이천시 신둔면 석동로 212,37.3280608961,127.4384823053,20260423,
이천시,대이목장,소,103,경기도 이천시 대월면 구시리 301번지 4호,경기도 이천시 대월면 대월로506번길 72-28,37.2009971218,127.5022199656,20260423,
이천시,대일농장,소,69,경기도 이천시 설성면 신필리 367번지,경기도 이천시 설성면 신필리 367번지,37.1427844006,127.5442520927,20260423,
이천시,대죽목장,소,65,경기도 이천시 설성면 대죽리 438번지,경기도 이천시 설성면 대죽로 230-37,37.1355712645,127.4845414255,20260423,
이천시,대지농장(1),돼지,1000,경기도 이천시 모가면 소고리 126번지 1호,경기도 이천시 모가면 공원로 216-96,37.1789236022,127.4594895491,20260423,
이천시,대지대삼농장,돼지,1650,경기도 이천시 설성면 장능리 197번지 12호,경기도 이천시 설성면 설장로122번길 148,37.1263877501,127.5343374457,20260423,
이천시,대지영농 암산농장,돼지,1700,경기도 이천시 설성면 암산리 235번지 3호,경기도 이천시 설성면 설성로479번길 139-96,,,20260423,
이천시,대지영농조합법인,돼지,5508,경기도 이천시 설성면 장능리 66번지 3호,경기도 이천시 설성면 설장로 160-40,37.1286747767,127.5369523941,20260423,
이천시,대포리목장,소,21,경기도 이천시 모가면 원두리 388번지,경기도 이천시 모가면 진상미로 1417-93,37.1786212936,127.4744614050,20260423,
이천시,대풍농장,돼지,1300,경기도 이천시 모가면 소고리 344번지,경기도 이천시 모가면 진상미로1589번길 85,37.1940055228,127.4633463030,20260423,
이천시,대한농장,돼지,1900,경기도 이천시 마장면 이치리 251번지,경기도 이천시 마장면 서이천로 189-37,37.2534928523,127.3755410809,20260423,
이천시,대현목장,소,18,경기도 이천시 대월면 도리리 434번지,경기도 이천시 대월면 대장로278번길 384-12,37.2078821454,127.4794440391,20260423,
이천시,대호농장,소,135,경기도 이천시 설성면 장천리 30번지 28호 외 1필지,경기도 이천시 설성면 설성로221번길 318-12,37.1600508928,127.5306343767,20260423,
이천시,더드림 농장,돼지,800,경기도 이천시 대월면 도리리 785번지,경기도 이천시 대월면 대월로373번길 328-46,37.1984814978,127.4870865189,20260423,
이천시,덕기목장,소,45,경기도 이천시 호법면 매곡리 651번지 2호,경기도 이천시 호법면 매곡리 651번지 2호,37.2034696484,127.3791487977,20260423,
이천시,덕상농장,소,80,경기도 이천시 설성면 행죽리 828번지 3호,경기도 이천시 설성면 행죽리 828번지 3호,,,20260423,
이천시,덕평농장,소,22,경기도 이천시 마장면 덕평리 127번지,경기도 이천시 마장면 덕이로39번길 60,37.2343309116,127.3689774958,20260423,
이천시,덕평뜰한우목장,소,60,경기도 이천시 마장면 덕평리 600번지,경기도 이천시 마장면 덕이로42번길 165,37.2283508910,127.3738802249,20260423,
이천시,덕평목장,소,120,경기도 이천시 마장면 덕평리 314번지 1호,경기도 이천시 마장면 덕이로39번길 60,,,20260423,
이천시,데일리목장,소,70,경기도 이천시 설성면 대죽리 396번지 1호 외 3필지,경기도 이천시 설성면 대죽로223번길 48,37.1378607464,127.4835726567,20260423,
이천시,덴막목장,소,128,경기도 이천시 설성면 상봉리 338번지 3호,경기도 이천시 설성면 설가로219번길 326-26,,,20260423,
이천시,도니울목장,소,113,경기도 이천시 설성면 상봉리 59번지 23호,경기도 이천시 설성면 설가로278번길 96-98,37.1543807668,127.5167720421,20260423,
이천시,도리리목장,소,18,경기도 이천시 대월면 도리리 321번지,경기도 이천시 대월면 대월로667번길 379-34,37.2057098403,127.4800080987,20260423,
이천시,도봉목장,소,25,경기도 이천시 신둔면 도봉리 602번지 1호,경기도 이천시 신둔면 도봉리 602번지 1호,37.3190000441,127.4543017972,20260423,
이천시,도암농장,돼지,2124,경기도 이천시 신둔면 도암리 67번지 2호,경기도 이천시 신둔면 석동로 200-4,,,20260423,
이천시,도영농장,돼지,887,경기도 이천시 대월면 구시리 369번지,경기도 이천시 대월면 대월로506번길 210-18,37.1959852554,127.5027719491,20260423,
이천시,돈실목장,소,78,경기도 이천시 호법면 매곡리 788번지 외 1필지,경기도 이천시 호법면 덕평로357번길 105-9,37.2007467836,127.3797182588,20260423,
이천시,동균목장,소,38,경기도 이천시 설성면 행죽리 137번지 1호,경기도 이천시 설성면 서동대로8183번길 143-85,37.1159121600,127.5390609670,20260423,
이천시,동그라미,돼지,1400,경기도 이천시 대월면 도리리 177번지 17호,경기도 이천시 대월면 대월로 293-150,37.1895604828,127.4866800874,20260423,
이천시,동민농장(2),소,43,경기도 이천시 백사면 송말리 594번지 1호,경기도 이천시 백사면 원적로801번길 292-18,,,20260423,
이천시,동복목장,소,120,경기도 이천시 마장면 각평리 338번지 336.337-1.338.340-1.340-2,경기도 이천시 마장면 덕이로 180-177,37.2438882877,127.3798075831,20260423,
이천시,동복목장,소,97,경기도 이천시 마장면 관리 286번지 1호,경기도 이천시 마장면 마도로204번길 77,,,20260423,
이천시,동식농장,돼지,800,경기도 이천시 백사면 송말리 523번지,경기도 이천시 백사면 원적로801번길 147,37.3447224296,127.4726439971,20260423,
이천시,동양축산,돼지,300,경기도 이천시 장호원읍 선읍리 480번지 3통,경기도 이천시 장호원읍 경충대로307번길 423-114,37.1355472131,127.5770791006,20260423,
이천시,동연농장,돼지,650,경기도 이천시 신둔면 도암리 14번지 6호,경기도 이천시 신둔면 도암리 14번지 6호,37.3311949623,127.4386032724,20260423,
이천시,동연목장,소,60,경기도 이천시 설성면 상봉리 326번지 2호 4필지,경기도 이천시 설성면 설가로321번길 116-88,37.1675455883,127.5033566244,20260423,
이천시,동원농장,돼지,744,경기도 이천시 모가면 원두리 158번지 3호,경기도 이천시 모가면 공원로249번길 46,,,20260423,
이천시,동원농장,돼지,2200,경기도 이천시 장호원읍 송산리 95번지 4호,경기도 이천시 장호원읍 설장로812번길 142,37.1238857932,127.5974992081,20260423,
이천시,동희축산,소,30,경기도 이천시 대포동 807번지 1통,경기도 이천시 대장로59번길 49 (대포동),37.2169977905,127.4553552525,20260423,
이천시,돼지보러오면돼지,돼지,50,경기도 이천시 율면 월포리 64번지,경기도 이천시 율면 임오산로372번길 129-7,37.0857838483,127.5839371818,20260423,
이천시,두레영농조합법인,돼지,5422,경기도 이천시 대월면 도리리 177번지 1호 외 5필지,경기도 이천시 대월면 대월로 293-186,37.1913150141,127.4849807601,20260423,
이천시,두름농장,소,60,경기도 이천시 설성면 암산리 828번지,경기도 이천시 설성면 설성로377번길 75,37.1593279774,127.5368847835,20260423,
이천시,두성목장,소,258,경기도 이천시 설성면 신필리 76번지 6호,경기도 이천시 설성면 설장로 348-72,,,20260423,
이천시,두정목장,소,8,경기도 이천시 백사면 백우리 366번지 2호,경기도 이천시 백사면 백우리 366번지 2호,37.3326378096,127.5054410109,20260423,
이천시,디모데농장,소,130,경기도 이천시 호법면 송갈리 360번지,경기도 이천시 호법면 대덕산로 94-19,37.2026278856,127.4331864253,20260423,
이천시,뚝너머목장,소,71,경기도 이천시 모가면 어농리 521번지,경기도 이천시 모가면 어농리 521번지,37.1779037260,127.4296423156,20260423,
이천시,리치팜제2농장,돼지,610,경기도 이천시 율면 고당리 512번지 4호,경기도 이천시 율면 고월로 46,,,20260423,
이천시,마루목장,소,34,경기도 이천시 장호원읍 방추리 22번지,경기도 이천시 장호원읍 설장로572번길 51,37.1255874609,127.5755717503,20260423,
이천시,만골목장,소,80,경기도 이천시 신둔면 도암리 44번지 1호,경기도 이천시 신둔면 석동로207번길 37,,,20260423,
이천시,만발목장,소,113,경기도 이천시 장호원읍 와현리 17번지 1호,경기도 이천시 장호원읍 나래천로416번길 212-84,37.1705154745,127.6014234999,20260423,
이천시,만수농장,돼지,900,경기도 이천시 모가면 소사리 104번지 2호 외 1필지,경기도 이천시 모가면 대월로261번길 208-56,37.1844094749,127.4801827079,20260423,
이천시,매곡목장,소,97,경기도 이천시 호법면 매곡리 831번지,경기도 이천시 호법면 덕평로357번길 23,37.1989470124,127.3827635816,20260423,
이천시,매일R&D,돼지,2100,경기도 이천시 설성면 상봉리 21번지 7호,경기도 이천시 설성면 설가로 118-15,37.1488148706,127.5129966271,20260423,
이천시,매형목장,소,147,경기도 이천시 설성면 행죽리 12번지,경기도 이천시 설성면 서동대로8167번길 57-24,37.1097385815,127.5432424030,20260423,
이천시,멍에목장,소,61,경기도 이천시 호법면 주미리 559번지 2호,경기도 이천시 호법면 대덕산로116번길 127-21,37.2085204760,127.4335562443,20260423,
이천시,메일농장,소,80,"경기도 이천시 백사면 송말리 248-1,-3번지","경기도 이천시 백사면 송말리 248-1,-3번지",37.3458002825,127.4804224540,20260423,
이천시,명가목장,소,65,경기도 이천시 설성면 장능리 272번지 10호,경기도 이천시 설성면 진상미로420번길 285,,,20260423,
이천시,명성농장,소,32,경기도 이천시 호법면 송갈리 462번지 2호,경기도 이천시 호법면 송갈로 66-41,,,20260423,
이천시,명진농장,돼지,1000,경기도 이천시 백사면 송말리 470번지,경기도 이천시 백사면 원적로801번길 85-20,37.3442165751,127.4683313724,20260423,
이천시,명현농장,소,200,경기도 이천시 대월면 송라리 179번지 4호,경기도 이천시 대월면 다솔로163번길 120,,,20260423,
이천시,명현농장(2),소,19,경기도 이천시 대월면 송라리 183번지 2호,경기도 이천시 대월면 다솔로163번길 92,37.2071929872,127.5145178722,20260423,
이천시,명화,소,0,경기도 이천시 설성면 제요리 609번지 2호,경기도 이천시 설성면 제요리 609번지 2호,37.1087363887,127.5474512120,20260423,
이천시,모과목장,소,117,경기도 이천시 설성면 대죽리 294번지 8호,경기도 이천시 설성면 대죽로223번길 70-61,,,20260423,
이천시,모전목장,소,28,경기도 이천시 백사면 조읍리 497번지 6호,경기도 이천시 백사면 조읍리 497번지 6호,37.3162761399,127.4811413013,20260423,
이천시,모전영농조합법인,돼지,16646,경기도 이천시 백사면 모전리 260번지,경기도 이천시 백사면 이여로12번길 298-82,37.2948673489,127.4775474672,20260423,
이천시,목우당,소,137,경기도 이천시 설성면 암산리 359번지 15호,경기도 이천시 설성면 송암로 204,,,20260423,
이천시,뫼내들농원,소,104,경기도 이천시 율면 월포리 산 144번지,경기도 이천시 율면 고월로 375,37.0722546224,127.5679027981,20260423,
이천시,묵화목장,소,58,경기도 이천시 모가면 두미리 347번지 2호,경기도 이천시 모가면 사실로553번길 37-45,,,20260423,
이천시,문태식,돼지,500,경기도 이천시 신둔면 도암리 112번지 1호,경기도 이천시 신둔면 석동로 200-9,,,20260423,
이천시,미래목장,소,227,경기도 이천시 모가면 원두리 267번지,경기도 이천시 모가면 공원로 344,37.1819657403,127.4753840813,20260423,
이천시,미륵목장,소,120,경기도 이천시 모가면 두미리 543번지 4호,경기도 이천시 모가면 사실로659번길 150,,,20260423,
이천시,민규농장,소,38,경기도 이천시 장호원읍 이황리 170번지 5호,경기도 이천시 장호원읍 나래천로215번길 65-26,37.1480023963,127.5909499561,20260423,
이천시,민기농장,소,15,"경기도 이천시 설성면 암산리 94번지 3호 ,94-2,94-7","경기도 이천시 설성면 설성로396번길 2-15 (,94-2,94-7)",,,20260423,
이천시,민석농장,소,9,경기도 이천시 모가면 소고리 313-3,경기도 이천시 모가면 소고리 313-3,37.1924895937,127.4586259771,20260423,
이천시,민성목장,소,181,경기도 이천시 부발읍 수정리 450번지 4호,경기도 이천시 부발읍 황무로1833번길 531,37.2647776288,127.5308907376,20260423,
이천시,민식농장,소,6,경기도 이천시 설성면 장능리 516번지 1호,경기도 이천시 설성면 진상미로531번길 155-82,,,20260423,
이천시,민영목장,소,70,경기도 이천시 설성면 자석리 245번지 5호,경기도 이천시 설성면 설성로 523-16,,,20260423,
이천시,민찬목장,소,56,경기도 이천시 백사면 도지리 83번지,경기도 이천시 백사면 이여로12번길 428-55,37.2971490435,127.4848356301,20260423,
이천시,바다목장,소,45,경기도 이천시 설성면 송계리 362번지,경기도 이천시 설성면 설가로310번길 124-118,37.1621086624,127.5183698735,20260423,
이천시,바우목장,소,183,경기도 이천시 신둔면 도암리 557번지 3호,경기도 이천시 신둔면 증신로 472,,,20260423,
이천시,반석농장,돼지,700,경기도 이천시 설성면 송계리 171번지 25호,경기도 이천시 설성면 설가로 415,,,20260423,
이천시,밤골목장,소,3,경기도 이천시 율면 본죽리 404번지 6호,경기도 이천시 율면 본죽리 404번지 6호,,,20260423,
이천시,방목장,소,130,경기도 이천시 율면 월포리 978번지 2호,경기도 이천시 율면 고월로 149,37.0868281978,127.5554938282,20260423,
이천시,방아골농장,돼지,1500,경기도 이천시 대월면 도리리 81번지 1호,경기도 이천시 대월면 대월로667번길 242-10,,,20260423,
이천시,백두목장,소,95,경기도 이천시 부발읍 고백리 63번지 16호 외 3필지,경기도 이천시 부발읍 두무재로79번길 24-63,37.2971961686,127.5433269140,20260423,
이천시,백사농장,돼지,1200,경기도 이천시 백사면 조읍리 488번지 외 2필지,경기도 이천시 백사면 지읍로57번길 20,37.3151585559,127.4820782958,20260423,
이천시,백영목장,돼지,600,경기도 이천시 백사면 내촌리 17번지,경기도 이천시 백사면 청백리로499번길 73-39,37.3203875042,127.5108463654,20260423,
이천시,백우리목장,소,70,경기도 이천시 백사면 백우리 439번지,경기도 이천시 백사면 백우리 439번지,37.3306890312,127.5007581471,20260423,
이천시,백우목장,소,66,경기도 이천시 설성면 행죽리 155번지 38호,경기도 이천시 설성면 진상미로420번길 162-20,,,20260423,
이천시,백족산 흑염소,염소,25,경기도 이천시 장호원읍 진암리 687번지 20호,경기도 이천시 장호원읍 중원대로 1449-28,,,20260423,
이천시,번성농장,돼지,2200,경기도 이천시 설성면 대죽리 404번지,경기도 이천시 설성면 대죽로 213,37.1364366018,127.4843273261,20260423,
이천시,번성농장,소,128,경기도 이천시 설성면 장능리 590번지 1호,경기도 이천시 설성면 장능리 590번지 1호,,,20260423,
이천시,범윤목장,소,100,경기도 이천시 장호원읍 이황리 산 100번지 27호,경기도 이천시 장호원읍 경충대로597번길 158-88,37.1573882482,127.5776643797,20260423,
이천시,범하농장,소,2,경기도 이천시 백사면 우곡리 산 1번지 44호,경기도 이천시 백사면 청백리로474번길 260-61,37.3093007783,127.4960841869,20260423,
이천시,베들레헴목장,소,156,경기도 이천시 백사면 백우리 339번지 7호,경기도 이천시 백사면 청백리로499번길 316-65,37.3299194208,127.5055746740,20260423,
이천시,벧엘목장,소,30,경기도 이천시 설성면 제요리 442번지 2호,경기도 이천시 설성면 서동대로8293번길 99-274,,,20260423,
이천시,벧엘목장2,소,72,경기도 이천시 설성면 제요리 633번지 1통,경기도 이천시 설성면 진상미로 138-45,37.1059225876,127.5507132928,20260423,
이천시,별무리목장,소,150,경기도 이천시 모가면 두미리 503번지 2호,경기도 이천시 모가면 사실로579번길 153-19,,,20260423,
이천시,병수목장,소,10,경기도 이천시 호법면 유산리 700번지 135호,경기도 이천시 호법면 유산리 700번지 135호,,,20260423,
이천시,병준목장,소,75,"경기도 이천시 설성면 암산리 219-1,-9","경기도 이천시 설성면 암산리 219-1,-9",37.1652386314,127.5445918188,20260423,
이천시,보경농장,소,250,경기도 이천시 장호원읍 어석리 212번지,경기도 이천시 장호원읍 어석리 212번지,37.1101461152,127.5885111741,20260423,
이천시,보라농장,소,14,경기도 이천시 모가면 신갈리 63번지 1호,경기도 이천시 모가면 사실로 1099-109,,,20260423,
이천시,보람농장,돼지,900,경기도 이천시 호법면 동산리 65번지 2호,경기도 이천시 호법면 동산로256번길 115-76,37.2022280723,127.4142325071,20260423,
이천시,보은농장,돼지,1000,경기도 이천시 설성면 대죽리 891번지 2호,경기도 이천시 설성면 원설로109번길 248,,,20260423,
이천시,봉골목장,소,60,경기도 이천시 대월면 장평리 282번지,경기도 이천시 대월면 대평로540번길 25,37.2124154286,127.5248061939,20260423,
이천시,봉석농장,소,35,경기도 이천시 대월면 장평리 188번지 1호,경기도 이천시 대월면 대평로 525-101,37.2183405267,127.5233403478,20260423,
이천시,봉승목장,소,50,경기도 이천시 백사면 내촌리 227번지 7호,경기도 이천시 백사면 청백리로393번길 162,37.3233625955,127.4988487611,20260423,
이천시,부곡농장,소,2030,경기도 이천시 호법면 단천리 86번지 4호,경기도 이천시 호법면 이섭대천로263번길 221-5,37.2333161338,127.3993973903,20260423,
이천시,부발목장,소,40,경기도 이천시 부발읍 고백리 산 23번지 6호,경기도 이천시 부발읍 두무재로79번길 24-77,,,20260423,
이천시,부부농장,돼지,1400,경기도 이천시 마장면 관리 1052번지 6호,경기도 이천시 마장면 관리 1052번지 6호,,,20260423,
이천시,부부농장,소,0,경기도 이천시 백사면 송말리 573번지 1호,경기도 이천시 백사면 원적로801번길 281,,,20260423,
이천시,부부농장,소,18,경기도 이천시 율면 신추리 594번지,경기도 이천시 율면 신추로 164-2,37.0954743343,127.5245317064,20260423,
이천시,부자목장,소,25,경기도 이천시 호법면 동산리 412번지 1호,경기도 이천시 호법면 동산로 166,,,20260423,
이천시,북두농장,소,33,경기도 이천시 율면 북두리 36번지 5호,경기도 이천시 율면 주래본죽로612번길 108,,,20260423,
이천시,북성목장,소,75,경기도 이천시 모가면 어농리 511번지 1호,경기도 이천시 모가면 어농리 511번지 1호,,,20260423,
이천시,불샘이농장,소,5,경기도 이천시 모가면 소고리 915번지,경기도 이천시 모가면 공원로233번길 235,37.1923015550,127.4624006638,20260423,
이천시,비육단지,소,25,경기도 이천시 신둔면 소정리 148번지 3호,경기도 이천시 신둔면 마소로20번길 55,,,20260423,
이천시,빨월농장,소,17,경기도 이천시 설성면 상봉리 516번지 11호,경기도 이천시 설성면 상봉리 516번지 11호,,,20260423,
이천시,빨월농장(1),소,36,경기도 이천시 설성면 상봉리 536번지 2호,경기도 이천시 설성면 설가로219번길 133-76,37.1549274289,127.5024503976,20260423,
이천시,뿌리목장,소,155,경기도 이천시 모가면 두미리 559번지 5호,경기도 이천시 모가면 사실로659번길 157,,,20260423,
이천시,사동목장,소,30,경기도 이천시 대월면 사동리 210번지 4호,경기도 이천시 대월면 사동로77번길 113,37.2353780970,127.4885993142,20260423,
이천시,산들목장,소,90,경기도 이천시 백사면 백우리 산 13번지 15호,경기도 이천시 백사면 청백리로499번길 316-30,37.3288338771,127.5065469382,20260423,
이천시,산울림목장,소,48,경기도 이천시 장호원읍 이황리 59번지 6호,경기도 이천시 장호원읍 나래천로215번길 10-32,,,20260423,
이천시,삼덕축산,소,40,경기도 이천시 모가면 어농리 839번지 4호 외 1필지,경기도 이천시 모가면 어농리 839번지 4호 외 1필지,37.1796683233,127.4405342092,20260423,
이천시,삼보목장,소,85,경기도 이천시 율면 북두리 산 6번지 1호,경기도 이천시 율면 일생로429번길 196-85,37.0632463139,127.5245424286,20260423,
이천시,삼성농장,소,17,경기도 이천시 설성면 송계리 349번지 2통,경기도 이천시 설성면 설가로310번길 124-71,37.1635868796,127.5190572835,20260423,
이천시,삼일농장,돼지,2738,경기도 이천시 백사면 도립리 232번지 4호,경기도 이천시 백사면 원적로869번길 28,,,20260423,
이천시,삼일목장,소,96,경기도 이천시 신둔면 장동리 262번지 3호,경기도 이천시 신둔면 석동로277번길 38,,,20260423,
이천시,삼정농원,사슴,36,경기도 이천시 신둔면 남정리 362번지 1호,경기도 이천시 신둔면 남정리 362번지 1호,,,20260423,
이천시,상농목장,소,80,경기도 이천시 설성면 상봉리 501번지 3호,경기도 이천시 설성면 설가로219번길 159-92,37.1571593656,127.5007342537,20260423,
이천시,상대농원,염소,2,경기도 이천시 신둔면 고척리 141번지 3호,경기도 이천시 신둔면 서이천로853번길 153,,,20260423,
이천시,상록목장,소,0,경기도 이천시 호법면 매곡리 545번지 6호 외 1필지,경기도 이천시 호법면 덕평로470번길 37,37.2062978493,127.3872261995,20260423,
이천시,상봉목장,소,309,경기도 이천시 설성면 상봉리 126번지 4호,경기도 이천시 설성면 설가로 279,,,20260423,
이천시,상봉목장,소,20,"경기도 이천시 설성면 상봉리 123번지 외 124,126,127","경기도 이천시 설성면 설가로 279 (외 124,126,127)",37.1611900934,127.5113754546,20260423,
이천시,상순목장,소,55,경기도 이천시 대월면 구시리 468번지 2호,경기도 이천시 대월면 다솔로13번길 31,,,20260423,
이천시,상승농장,돼지,1908,경기도 이천시 모가면 소고리 117번지,경기도 이천시 모가면 공원로218번길 158-30,37.1775442892,127.4590622072,20260423,
이천시,상승농장2,돼지,1200,경기도 이천시 모가면 신갈리 213번지 외 1필지,경기도 이천시 모가면 사실로 1048-41,37.2024479081,127.4525015170,20260423,
이천시,상원목장,소,112,경기도 이천시 모가면 소사리 3번지 7호,경기도 이천시 모가면 대월로261번길 2,37.1854707788,127.4909717790,20260423,
이천시,상진농장,돼지,1500,경기도 이천시 백사면 모전리 47번지 1호,경기도 이천시 백사면 청백리로89번길 75-36,37.3082516231,127.4708065256,20260423,
이천시,새가산목장,소,60,경기도 이천시 부발읍 가산리 643번지,경기도 이천시 부발읍 황무로 1976-59,37.2508175590,127.5101372652,20260423,
이천시,새경기목장,소,90,경기도 이천시 설성면 신필리 381번지 6호 외 2필지,경기도 이천시 설성면 설장로211번길 159,37.1379000834,127.5403647746,20260423,
이천시,새보라목장,소,94,경기도 이천시 호법면 단천리 169번지 2호,경기도 이천시 호법면 이섭대천로309번길 160,,,20260423,
이천시,새봄농장,소,165,경기도 이천시 마장면 각평리 478번지 2호,경기도 이천시 마장면 덕이로 126-17,37.2384392108,127.3754091783,20260423,
이천시,새봄농장(2),소,30,경기도 이천시 마장면 각평리 492번지 35호,경기도 이천시 마장면 각평리 492번지 35호,,,20260423,
이천시,새서울농장,돼지,3484,경기도 이천시 율면 월포리 41번지 2호,경기도 이천시 율면 임오산로372번길 206,37.0821880857,127.5825943369,20260423,
이천시,새서울농장(2),돼지,800,경기도 이천시 장호원읍 진암리 558번지 3호,경기도 이천시 장호원읍 복숭아로 16-11,37.1128697872,127.6085606241,20260423,
이천시,새신원농장,돼지,3000,경기도 이천시 부발읍 죽당리 190번지 3호 외 5필지,경기도 이천시 부발읍 중부대로1928번길 22-11,37.2912890228,127.5212330566,20260423,
이천시,새욕골목장,소,0,경기도 이천시 호법면 동산리 78번지 13호 외 2필지,경기도 이천시 호법면 동산로256번길 115-74,37.2010473132,127.4143577989,20260423,
이천시,새우리농장,돼지,4500,경기도 이천시 백사면 내촌리 32번지 2호,경기도 이천시 백사면 청백리로 479,,,20260423,
이천시,새우영목장,소,74,경기도 이천시 설성면 제요리 274번지,경기도 이천시 설성면 진상미로 118,37.1104653378,127.5517292968,20260423,
이천시,새울목장,소,77,경기도 이천시 신둔면 수하리 280번지,경기도 이천시 신둔면 원적로322번길 69-5,37.3161755417,127.4295422918,20260423,
이천시,새은혜목장,소,14,경기도 이천시 모가면 서경리 99번지 1호,경기도 이천시 모가면 진상미로1044번길 271-19,37.1576840272,127.4952923984,20260423,
이천시,새이원목장,소,93,경기도 이천시 마장면 목리 405번지,경기도 이천시 마장면 중부대로 589-117,37.2606022123,127.4013663112,20260423,
이천시,새일민목장,소,150,경기도 이천시 설성면 자석리 69번지 4호 2통,경기도 이천시 설성면 경충대로961번길 130-42,37.1733467940,127.5554669218,20260423,
이천시,새재현농장,소,55,경기도 이천시 호법면 후안리 331번지,경기도 이천시 호법면 이섭대천로559번길 92-11,37.2256086608,127.4245540692,20260423,
이천시,새터말농장,소,80,경기도 이천시 호법면 유산리 744번지,경기도 이천시 호법면 이섭대천로709번길 13-6,37.2361336667,127.4338896730,20260423,
이천시,새한농장,소,26,경기도 이천시 대포동 797번지,경기도 이천시 대장로59번길 74 (대포동),37.2179625559,127.4560422290,20260423,
이천시,새한정목장,소,184,경기도 이천시 설성면 대죽리 114번지 3호,경기도 이천시 설성면 노성로 291-16,,,20260423,
이천시,샘덕목장,소,13,경기도 이천시 설성면 신필리 396번지 1호,경기도 이천시 설성면 설장로211번길 115-32,,,20260423,
이천시,샘뜰목장,소,97,경기도 이천시 백사면 백우리 164번지 2호,경기도 이천시 백사면 청백리로 811,,,20260423,
이천시,샛말농장,돼지,2000,경기도 이천시 설성면 대죽리 346번지 3호,경기도 이천시 설성면 대죽로195번길 245,,,20260423,
이천시,서광목장,소,0,경기도 이천시 모가면 소고리 570번지,경기도 이천시 모가면 공원로151번길 66,37.1841508214,127.4566927389,20260423,
이천시,서광성목장,소,72,경기도 이천시 백사면 모전리 616번지,경기도 이천시 백사면 청백리로20번길 216,37.3001395124,127.4727278532,20260423,
이천시,서원축산,소,50,"경기도 이천시 모가면 원두리 387번지 ,648번지","경기도 이천시 모가면 공원로320번길 43-7 (,648번지)",37.1800904134,127.4736047247,20260423,
이천시,서천목장,소,72,경기도 이천시 모가면 서경리 390번지,경기도 이천시 모가면 진상미로1163번길 107,37.1587364700,127.4765966952,20260423,
이천시,서해목장,소,145,경기도 이천시 호법면 단천리 155번지,경기도 이천시 호법면 이섭대천로309번길 111,37.2276790656,127.4078120857,20260423,
이천시,석강농장,돼지,4300,경기도 이천시 대월면 구시리 401번지 1호,경기도 이천시 대월면 대월로557번길 101,37.2028155188,127.4966384479,20260423,
이천시,석강양평농장,돼지,2300,경기도 이천시 대월면 구시리 401번지 20호,경기도 이천시 대월면 대월로557번길 101,37.2028155188,127.4966384479,20260423,
이천시,선경축산,소,264,경기도 이천시 율면 고당리 37번지,경기도 이천시 율면 고월로118번길 63-26,37.0841523446,127.5524315002,20260423,
이천시,선경희목장,소,60,경기도 이천시 호법면 매곡리 286번지,경기도 이천시 호법면 덕평로497번길 42,37.2093058633,127.3844267788,20260423,
이천시,선구목장,소,103,경기도 이천시 부발읍 고백리 210번지 4호,경기도 이천시 부발읍 중부대로2051번길 86-43,37.2987534151,127.5311732437,20260423,
이천시,선달농장,소,10,경기도 이천시 모가면 두미리 920번지 1호,경기도 이천시 모가면 사실로725번길 119-33,37.1725397822,127.4351729459,20260423,
이천시,선민농장,돼지,850,"경기도 이천시 대월면 구시리 207번지 2호 ,3,4","경기도 이천시 대월면 다솔로 66-13 (,3,4)",37.2059187619,127.5046205005,20260423,
이천시,선옥농장,돼지,720,경기도 이천시 대월면 도리리 177번지 34호,경기도 이천시 대월면 진상미로1458번길 267,37.1895604828,127.4866800874,20260423,
이천시,선진한마을 오름설성농장,돼지,11771,경기도 이천시 설성면 송계리 488번지 6호,경기도 이천시 설성면 설성로221번길 318-1,37.1596821208,127.5273230316,20260423,
이천시,선진한마을 오름율면농장,돼지,9653,경기도 이천시 율면 본죽리 496번지 6호 외 10필지,경기도 이천시 율면 일생로429번길 123-46,37.0693611492,127.5174475445,20260423,
이천시,선진한마을 제일종축(1),돼지,9084,경기도 이천시 부발읍 신원리 227번지,경기도 이천시 부발읍 중부대로1925번길 113,37.3001566610,127.5178391375,20260423,
이천시,선진한마을 제일종축(2),돼지,351,경기도 이천시 부발읍 고백리 555번지 2호,경기도 이천시 부발읍 중부대로2051번길 371-31,,,20260423,
이천시,선희농장,돼지,2800,"경기도 이천시 모가면 원두리 336번지 1호 , 335-1",경기도 이천시 모가면 공원로 255,37.1839374919,127.4659085900,20260423,
이천시,설봉영농조합법인,돼지,5000,경기도 이천시 대월면 도리리 177번지 12호,경기도 이천시 대월면 대월로 293-195,37.1895604828,127.4866800874,20260423,
이천시,설성농장,돼지,960,경기도 이천시 설성면 장천리 12번지 18호,경기도 이천시 설성면 장천리 12번지 18호,,,20260423,
이천시,설성농장,돼지,1530,경기도 이천시 설성면 송계리 261번지 5호,경기도 이천시 설성면 송계리 261번지 5호,37.1703884663,127.5167148663,20260423,
이천시,설성목장,소,60,경기도 이천시 장호원읍 이황리 83번지 12호,경기도 이천시 장호원읍 나래천로215번길 65-47,37.1494194099,127.5949382445,20260423,
이천시,설호농장,돼지,1800,경기도 이천시 설성면 신필리 370번지 3호,경기도 이천시 설성면 신암로 182,37.1434111110,127.5459093746,20260423,
이천시,성산농장,소,157,경기도 이천시 설성면 수산리 98번지,경기도 이천시 설성면 진상미로813번길 125-32,37.1329580938,127.5035577510,20260423,
이천시,성샘목장,소,73,경기도 이천시 모가면 소사리 266번지 1호 외2필지,경기도 이천시 모가면 대월로 223 (외2필지),37.1808773716,127.4928913614,20260423,
이천시,성아목장,소,35,경기도 이천시 모가면 두미리 304번지 1호,경기도 이천시 모가면 사실로553번길 84,,,20260423,
이천시,성용목장,소,102,경기도 이천시 설성면 신필리 171번지,경기도 이천시 설성면 설장로 260-19,37.1299274465,127.5437965609,20260423,
이천시,성우목장,소,74,경기도 이천시 설성면 제요리 736번지,경기도 이천시 설성면 제요리 736번지,37.1097779417,127.5567824039,20260423,
이천시,성원농장,소,61,경기도 이천시 설성면 암산리 478번지 6호 1통,경기도 이천시 설성면 설성로377번길 75-49,37.1608246704,127.5357817620,20260423,
이천시,성일목장,소,300,경기도 이천시 모가면 소사리 59번지 3호,경기도 이천시 모가면 진상미로1458번길 140,37.1878804616,127.4814497920,20260423,
이천시,성지농장,소,20,경기도 이천시 설성면 상봉리 326번지 2호,경기도 이천시 설성면 설가로321번길 116-88,,,20260423,
이천시,성지축산,돼지,2500,경기도 이천시 모가면 서경리 243번지 1호,경기도 이천시 모가면 진상미로1184번길 171-36,37.1656363474,127.4889499377,20260423,
이천시,성진농장,염소,50,경기도 이천시 설성면 신필리 370번지 4호,경기도 이천시 설성면 신암로 173,37.1434111110,127.5459093746,20260423,
이천시,성환엘크사슴농장,사슴,65,"경기도 이천시 율면 오성리 394번지 ,396번지","경기도 이천시 율면 오성리 394번지 ,396번지",37.0696667005,127.5516228304,20260423,
이천시,성훈농장,소,18,경기도 이천시 장호원읍 어석리 232번지 2호 외 1필지,경기도 이천시 장호원읍 어석로202번길 15-32,37.1087853484,127.5879918592,20260423,
이천시,세명농장,소,2,경기도 이천시 호법면 동산리 202번지 1호,경기도 이천시 호법면 동산리 202번지 1호,,,20260423,
이천시,세은농장,돼지,5000,경기도 이천시 장호원읍 방추리 185번지 1호,경기도 이천시 장호원읍 설장로459번길 163,37.1351745228,127.5673847779,20260423,
이천시,세인목장,소,20,경기도 이천시 호법면 송갈리 535번지 2호,경기도 이천시 호법면 송갈로 163-8,,,20260423,
이천시,세일목장,소,132,경기도 이천시 마장면 이평리 251번지 1호,경기도 이천시 마장면 덕평로692번길 44-79,,,20260423,
이천시,세필농장,소,80,경기도 이천시 설성면 신필리 344번지 3호,경기도 이천시 설성면 신암로105번길 4,,,20260423,
이천시,소고목장,소,120,경기도 이천시 대포동 35번지 1호 외 3필지,경기도 이천시 진상미로1588번길 81 (대포동),37.1971986035,127.4708268064,20260423,
이천시,소담농장,돼지,2000,경기도 이천시 대월면 대대리 265번지,경기도 이천시 대월면 대장로278번길 170-13,37.2136153009,127.4805244599,20260423,
이천시,소망농장,소,80,경기도 이천시 설성면 대죽리 519번지,경기도 이천시 설성면 대죽로50번길 70,37.1322350299,127.4783386686,20260423,
이천시,소망농장,소,31,경기도 이천시 설성면 대죽리 707번지 외 3필지,경기도 이천시 설성면 대죽리 707번지 외 3필지,37.1345898624,127.4695634199,20260423,
이천시,소원목장,소,62,"경기도 이천시 율면 오성리 251번지 , 261-1, 263-1","경기도 이천시 율면 오성리 251번지 , 261-1, 263-1",37.0668711323,127.5541519236,20260423,
이천시,소이목장,소,40,경기도 이천시 부발읍 대관리 82번지 14호,경기도 이천시 부발읍 부흥로144번길 133,,,20260423,
이천시,소희농장,돼지,800,경기도 이천시 모가면 서경리 386번지 외 2필지,경기도 이천시 모가면 진상미로 1077,37.1542424602,127.4821736329,20260423,
이천시,솔로몬목장,소,49,경기도 이천시 호법면 동산리 302번지 7호 외 2필지,경기도 이천시 호법면 동산리 302번지 7호 외 2필지,37.2135330538,127.4031189478,20260423,
이천시,송갈농장,돼지,600,경기도 이천시 호법면 송갈리 385번지,경기도 이천시 호법면 대덕산로 48,37.1980653573,127.4307790366,20260423,
이천시,송갈목장,소,85,경기도 이천시 호법면 송갈리 343번지 1호 외 3필지,경기도 이천시 호법면 송갈리 343번지 1호 외 3필지,37.2044522573,127.4339604745,20260423,
이천시,송갈한우농장,소,14,경기도 이천시 호법면 송갈리 272번지 2호,경기도 이천시 호법면 대덕산로116번길 114-84,,,20260423,
이천시,송계농장,돼지,950,경기도 이천시 설성면 송계리 361번지 1호,경기도 이천시 설성면 설가로310번길 124-85,37.1625012825,127.5190556039,20260423,
이천시,송곡목장,소,103,경기도 이천시 장호원읍 송산리 449번지 9호,경기도 이천시 장호원읍 서동대로 8613-7,37.1164589057,127.5913815315,20260423,
이천시,송라목장,소,70,경기도 이천시 대월면 송라리 217번지,경기도 이천시 대월면 다솔로 177-4,37.2021225169,127.5181541886,20260423,
이천시,송라목장2,소,32,경기도 이천시 대월면 송라리 209번지,경기도 이천시 대월면 다솔로 170,37.2027900429,127.5146835043,20260423,
이천시,송말농장,돼지,500,경기도 이천시 백사면 송말리 210번지 1호,경기도 이천시 백사면 원적로 951-13,37.3428960511,127.4815091221,20260423,
이천시,송미목장,소,65,경기도 이천시 설성면 암산리 300번지 8호,경기도 이천시 설성면 설성로479번길 169,37.1711126890,127.5392696863,20260423,
이천시,송산농장,돼지,1300,경기도 이천시 장호원읍 송산리 132번지 6호,경기도 이천시 장호원읍 서동대로8691번길 66,,,20260423,
이천시,송아지농장,소,250,경기도 이천시 백사면 우곡리 424번지 1호 400-12.400-13,경기도 이천시 백사면 청백리로474번길 260-3,37.3089312567,127.4981718933,20260423,
이천시,송암농장(1),돼지,4000,경기도 이천시 호법면 주박리 303번지 2호 외 7필지,경기도 이천시 호법면 주박리 303번지 2호 외 7필지,37.2058377910,127.4200547150,20260423,
이천시,송암농장(2),돼지,1500,경기도 이천시 호법면 주박리 279번지 5호 279.279-3,경기도 이천시 호법면 대덕산로207번길 83-123,37.2071564396,127.4239864219,20260423,
이천시,송원농장,돼지,1549,경기도 이천시 설성면 신필리 255번지 1호 2통,경기도 이천시 설성면 신암로105번길 94,37.1340669061,127.5462060423,20260423,
이천시,송원농장,소,113,경기도 이천시 모가면 원두리 264번지 3호,경기도 이천시 모가면 공원로320번길 33-14,,,20260423,
이천시,송학목장,소,210,"경기도 이천시 설성면 제요리 495번지 5호 -3,501-4,-5,497-4,714,496-3",경기도 이천시 설성면 서동대로8183번길 286-32,37.1180756054,127.5463201429,20260423,
이천시,수냅목장,소,120,경기도 이천시 율면 월포리 749번지 1호,경기도 이천시 율면 월포리 749번지 1호,,,20260423,
이천시,수산농장,돼지,2500,"경기도 이천시 설성면 수산리 453-3, 453-8, 453-18, 95-5",경기도 이천시 설성면 진상미로813번길 199,37.1306054241,127.5014861206,20260423,
이천시,수인농장,소,16,경기도 이천시 백사면 신대리 333번지 28호,경기도 이천시 백사면 이여로175번길 84-50,37.3185603099,127.4596630250,20260423,
이천시,수자목장,소,80,경기도 이천시 호법면 동산리 666번지 3호,경기도 이천시 호법면 동산로338번길 78-63,37.2081217368,127.4120958522,20260423,
이천시,수정농장,돼지,2000,경기도 이천시 설성면 대죽리 820번지,경기도 이천시 설성면 원설로109번길 53-17,37.1381531615,127.4616843580,20260423,
이천시,수지목장,소,26,경기도 이천시 모가면 송곡리 64번지 5호,경기도 이천시 모가면 진상미로1044번길 170-17,37.1534563048,127.4938511694,20260423,
이천시,수형농장,돼지,950,경기도 이천시 마장면 덕평리 605번지 1호,경기도 이천시 마장면 덕이로42번길 187,37.2273225428,127.3747631038,20260423,
이천시,순용목장,소,45,경기도 이천시 설성면 행죽리 131번지,경기도 이천시 설성면 진상미로264번길 231,37.1149777440,127.5377412238,20260423,
이천시,순풍농장,소,31,경기도 이천시 마장면 이평리 188번지,경기도 이천시 마장면 덕평로 670-47,37.2221240788,127.3756940884,20260423,
이천시,승구목장,소,5,경기도 이천시 대월면 송라리 15번지,경기도 이천시 대월면 다솔로 289-92,37.2011113463,127.5265716841,20260423,
이천시,승준농장,소,25,경기도 이천시 장호원읍 어석리 208번지 2호,경기도 이천시 장호원읍 어석로 236,,,20260423,
이천시,시붓목장,소,124,경기도 이천시 설성면 신필리 245번지,경기도 이천시 설성면 신암로105번길 52,37.1355448795,127.5471189195,20260423,
이천시,시아농장,소,65,경기도 이천시 율면 본죽리 297번지 1호,경기도 이천시 율면 주래본죽로546번길 14-21,,,20260423,
이천시,시온농장,돼지,2500,경기도 이천시 설성면 장능리 203번지 1호,경기도 이천시 설성면 장능리 203번지 1호,,,20260423,
이천시,시천목장,소,80,경기도 이천시 장호원읍 이황리 300번지 6호 외 1필지,경기도 이천시 장호원읍 이풍로63번길 3-59,37.1695541619,127.5824415149,20260423,
이천시,신갈농장,돼지,800,경기도 이천시 모가면 신갈리 231번지 1호 외 1필지,경기도 이천시 모가면 사실로1026번길 73-21,37.1998696380,127.4519284370,20260423,
이천시,신갈목장,소,300,경기도 이천시 모가면 신갈리 349번지,경기도 이천시 모가면 신갈리 349번지,37.1943244795,127.4514530487,20260423,
이천시,신다래목장,소,70,경기도 이천시 대월면 구시리 542번지,경기도 이천시 대월면 대월로557번길 64-15,37.2066488863,127.4949174637,20260423,
이천시,신대정목장,소,110,경기도 이천시 장호원읍 대서리 676번지 9호,경기도 이천시 장호원읍 서동대로 8329-15,,,20260423,
이천시,신림목장,소,34,경기도 이천시 대월면 초지리 278번지 3호,경기도 이천시 대월면 대평로 195-13,37.2254311060,127.4971625990,20260423,
이천시,신문농장,소,50,경기도 이천시 호법면 동산리 37번지 10호,경기도 이천시 호법면 동산로338번길 80-30,,,20260423,
이천시,신새실목장,소,100,경기도 이천시 대월면 부필리 437번지 1호,경기도 이천시 대월면 대평로 222,37.2235454309,127.5018624817,20260423,
이천시,신선한 목장,소,10,경기도 이천시 설성면 행죽리 12번지 8호 2통,경기도 이천시 설성면 서동대로8167번길 67,37.1106666890,127.5442221426,20260423,
이천시,신선한목장,소,80,경기도 이천시 율면 본죽리 496번지 13호,경기도 이천시 율면 일생로407번길 108,37.0692572427,127.5155453731,20260423,
이천시,신성농장,소,50,경기도 이천시 백사면 조읍리 713번지 1호,경기도 이천시 백사면 지읍로90번길 10,37.3172865914,127.4854402140,20260423,
이천시,신성희목장,소,162,경기도 이천시 장호원읍 선읍리 627번지 1호,경기도 이천시 장호원읍 경충대로519번길 142-32,37.1469430239,127.5741854081,20260423,
이천시,신세계농장,돼지,1200,경기도 이천시 설성면 대죽리 458번지 1호,경기도 이천시 설성면 대죽로50번길 156-40,,,20260423,
이천시,신세계농장(1),돼지,800,"경기도 이천시 설성면 대죽리 417,419",경기도 이천시 설성면 대죽로 183,37.1361296950,127.4814000284,20260423,
이천시,신송암농장,돼지,1100,경기도 이천시 율면 월포리 734번지 1호,경기도 이천시 율면 고월로289번길 225-8,37.0799128141,127.5687820680,20260423,
이천시,신영광목장,소,36,경기도 이천시 설성면 제요리 603번지 1호,경기도 이천시 설성면 서동대로8158번길 76,,,20260423,
이천시,신오성목장(1),소,118,경기도 이천시 설성면 암산리 829번지,경기도 이천시 설성면 설성로377번길 73,37.1591024034,127.5375829481,20260423,
이천시,신오성목장(2),소,149,경기도 이천시 설성면 암산리 37번지,경기도 이천시 설성면 신암로258번길 162,37.1549610751,127.5481332720,20260423,
이천시,신용수목장,소,26,경기도 이천시 백사면 상용리 432번지 18호,경기도 이천시 백사면 청백리로499번길 116,37.3252872392,127.5118656907,20260423,
이천시,신우목장,소,108,경기도 이천시 율면 산양리 178번지 4호,경기도 이천시 율면 일생로429번길 196-108,37.0599543489,127.5238454845,20260423,
이천시,신우목장,소,85,경기도 이천시 율면 고당리 17번지,경기도 이천시 율면 고월로118번길 162-16,37.0799710175,127.5493796620,20260423,
이천시,신청봉농장 선읍지점,돼지,2640,경기도 이천시 장호원읍 선읍리 940번지 1호,경기도 이천시 장호원읍 경충대로519번길 254-185,37.1415644302,127.5635953187,20260423,
이천시,신태인목장,소,100,경기도 이천시 모가면 두미리 392번지,경기도 이천시 모가면 사실로 499,37.1557658637,127.4379126715,20260423,
이천시,신필농장,소,59,경기도 이천시 설성면 신필리 213번지 1호,경기도 이천시 설성면 설장로 301,,,20260423,
이천시,신필목장,소,160,경기도 이천시 설성면 신필리 349번지 1호,경기도 이천시 설성면 신암로 163-53,37.1416844341,127.5448707466,20260423,
이천시,신하목장,소,9,경기도 이천시 부발읍 신하리 426번지 8호,경기도 이천시 부발읍 가좌로118번길 33,,,20260423,
이천시,실로암농장,돼지,1200,경기도 이천시 모가면 신갈리 319번지 3호,경기도 이천시 모가면 신갈리 319번지 3호,37.1972179286,127.4543418022,20260423,
이천시,쌍걸목장,소,14,경기도 이천시 대월면 송라리 208번지 1호,경기도 이천시 대월면 다솔로 165,,,20260423,
이천시,아람농장,소,12,경기도 이천시 백사면 송말리 123번지 2호,경기도 이천시 백사면 원적로970번길 129,,,20260423,
이천시,아람농장1,소,10,경기도 이천시 백사면 송말리 123번지 15호,경기도 이천시 백사면 원적로970번길 129 (아람농장),,,20260423,
이천시,아름농장,돼지,1719,경기도 이천시 부발읍 가산리 700번지 1호,경기도 이천시 부발읍 가산리 700번지 1호,,,20260423,
이천시,아프로목장,소,4,경기도 이천시 호법면 유산리 700번지 71호,경기도 이천시 호법면 이섭대천로 670-117,,,20260423,
이천시,안산목장,소,30,경기도 이천시 율면 고당리 137번지 5호,경기도 이천시 율면 고월로 99-17,37.0876377391,127.5522804219,20260423,
이천시,안식목장,소,50,경기도 이천시 대월면 구시리 367번지,경기도 이천시 대월면 대월로506번길 216,37.1961565113,127.5032677468,20260423,
이천시,안씨목장,소,82,경기도 이천시 모가면 두미리 557번지,경기도 이천시 모가면 사실로623번길 98,37.1666707630,127.4337362173,20260423,
이천시,알라딘목장,소,30,경기도 이천시 율면 고당리 92번지 20호,경기도 이천시 율면 고월로50번길 64-21,37.0865133139,127.5470472248,20260423,
이천시,야산목장,소,17,경기도 이천시 모가면 신갈리 419번지 3호,경기도 이천시 모가면 신갈리 419번지 3호,,,20260423,
이천시,양성농장(1),돼지,610,경기도 이천시 호법면 단천리 55번지 외 3필지,경기도 이천시 호법면 이섭대천로263번길 259,37.2354871644,127.3990991780,20260423,
이천시,양옥목장,소,103,경기도 이천시 장호원읍 나래리 282번지,경기도 이천시 장호원읍 나래천로 415-31,37.1681960923,127.5905837907,20260423,
이천시,양지농장,소,20,경기도 이천시 설성면 장능리 375번지 1호,경기도 이천시 설성면 진상미로 538-38,,,20260423,
이천시,어농목장,소,55,경기도 이천시 모가면 어농리 470번지 4호,경기도 이천시 모가면 어농로39번길 146,,,20260423,
이천시,엄목장,소,295,경기도 이천시 설성면 대죽리 367번지,경기도 이천시 설성면 대죽로195번길 168,37.1414032234,127.4827949602,20260423,
이천시,엄일농장,돼지,2211,경기도 이천시 대월면 도리리 177번지 5호,경기도 이천시 대월면 진상미로1458번길 267,37.1895604828,127.4866800874,20260423,
이천시,에덴농장,소,9,경기도 이천시 모가면 신갈리 96번지 3호,경기도 이천시 모가면 신갈리 96번지 3호,,,20260423,
이천시,에벤에셀목장,소,2,경기도 이천시 설성면 상봉리 59번지 1호,경기도 이천시 설성면 설가로278번길 96-56,37.1543807668,127.5167720421,20260423,
이천시,에벤에셀목장,소,100,경기도 이천시 호법면 주박리 270번지 10호,경기도 이천시 호법면 주박리 270번지 10호,37.2096618211,127.4244387613,20260423,
이천시,에벤에셀목장,소,70,경기도 이천시 설성면 대죽리 484번지 3호,경기도 이천시 설성면 노성로 273-52,,,20260423,
이천시,에벤에셀영농협동조합,소,150,경기도 이천시 호법면 동산리 520번지 5호,경기도 이천시 호법면 동산로190번길 176-19,,,20260423,
이천시,에스디팜,돼지,100,경기도 이천시 모가면 송곡리 65번지 외3필지,경기도 이천시 모가면 송곡리 65번지 외3필지,37.1522844563,127.4937949569,20260423,
이천시,에이스목장,소,95,경기도 이천시 모가면 소고리 43번지 3호 에이스목장,"경기도 이천시 모가면 공원로249번길 161, 에이스목장",37.1890389342,127.4640021856,20260423,
이천시,에이원농장,소,200,경기도 이천시 호법면 동산리 501번지 3호,경기도 이천시 호법면 동산로190번길 144-76,37.1968113064,127.4033668021,20260423,
이천시,에이치알 농장,돼지,504,경기도 이천시 호법면 주미리 394번지,경기도 이천시 호법면 대덕산로207번길 30-29,37.2129629112,127.4261783418,20260423,
이천시,엔도르핀농장,돼지,1200,경기도 이천시 백사면 내촌리 5번지 20호,경기도 이천시 백사면 청백리로499번길 121,37.3222894629,127.5106547632,20260423,
이천시,엘림농장,돼지,800,경기도 이천시 설성면 제요리 468번지 5호,경기도 이천시 설성면 서동대로8293번길 99-208,,,20260423,
이천시,엘림목장,소,53,경기도 이천시 모가면 신갈리 408번지,경기도 이천시 모가면 사실로1012번길 113-9,37.1948660292,127.4500724232,20260423,
이천시,엠목장,소,176,경기도 이천시 모가면 원두리 18번지 1호,경기도 이천시 모가면 진상미로1588번길 78-31,,,20260423,
이천시,여여흑염소농장,염소,45,경기도 이천시 모가면 원두리 산 17번지 1호,경기도 이천시 모가면 진상미로1458번길 163-71,37.1923960104,127.4802144231,20260423,
이천시,연기목장,소,50,경기도 이천시 대월면 구시리 449번지,경기도 이천시 대월면 대월로 549-4,37.2065498315,127.4985800688,20260423,
이천시,연농장,소,18,경기도 이천시 율면 고당리 92번지 32호,경기도 이천시 율면 고당리 92번지 32호,37.0865133139,127.5470472248,20260423,
이천시,염촌농장,소,18,경기도 이천시 모가면 원두리 304번지 외 2필지,경기도 이천시 모가면 공원로320번길 84-24,37.1800447288,127.4709798570,20260423,
이천시,영길농장,돼지,1500,경기도 이천시 대월면 군량리 181번지 1호,경기도 이천시 대월면 양녕로 121-37,,,20260423,
이천시,영림농장,소,33,경기도 이천시 호법면 유산리 379번지 1호,경기도 이천시 호법면 이섭대천로840번길 108-37,,,20260423,
이천시,영산목장,소,50,경기도 이천시 모가면 원두리 390번지,경기도 이천시 모가면 진상미로 1417-73,37.1793965762,127.4747653125,20260423,
이천시,영성농장,소,12,경기도 이천시 부발읍 대관리 84번지 30호,경기도 이천시 부발읍 부흥로200번길 160-51,37.3072724334,127.5375820974,20260423,
이천시,영성팜,돼지,1400,경기도 이천시 율면 본죽리 57번지 1호 외 1필지,경기도 이천시 율면 주래본죽로 585-105,37.0797505903,127.5356198670,20260423,
이천시,영신목장,소,71,경기도 이천시 대월면 초지리 494번지 5호 외 2필지,경기도 이천시 대월면 대월로 712-60,37.2179075985,127.4980839222,20260423,
이천시,영아목장,소,10,경기도 이천시 모가면 두미리 59번지 1호 외 6필지,경기도 이천시 모가면 사실로 660-35,37.1705057305,127.4412122825,20260423,
이천시,영진농장,돼지,4100,경기도 이천시 설성면 장능리 279번지 4호,경기도 이천시 설성면 진상미로 452-20,37.1142149462,127.5247966351,20260423,
이천시,영진농장,소,20,경기도 이천시 백사면 송말리 158번지 1호,경기도 이천시 백사면 원적로970번길 17-42,,,20260423,
이천시,영현농장,돼지,1470,경기도 이천시 장호원읍 선읍리 149번지 1호 149-2.108-3.108-4,경기도 이천시 장호원읍 선읍리 149번지 1호 149-2.108-3.108-4,37.1294394573,127.5964030399,20260423,
이천시,영훈 농장,소,20,경기도 이천시 대월면 군량리 204번지 1호,경기도 이천시 대월면 양녕로169번길 101,,,20260423,
이천시,영훈농장,소,98,경기도 이천시 설성면 제요리 410-3,경기도 이천시 설성면 제요리 410-3,37.1123209669,127.5546457475,20260423,
이천시,예은농장,소,0,경기도 이천시 호법면 유산리 700번지 133호,경기도 이천시 호법면 유산리 700번지 133호,,,20260423,
이천시,예천목장,소,99,경기도 이천시 설성면 상봉리 338번지 10호,경기도 이천시 설성면 설가로219번길 326-72,,,20260423,
이천시,오금영농조합법인,돼지,4500,경기도 이천시 설성면 자석리 77번지 1호 외 5필지,경기도 이천시 설성면 자석로76번길 43,37.1718766227,127.5572794125,20260423,
이천시,오뚜기농장,소,48,경기도 이천시 백사면 도립리 9번지 1호,경기도 이천시 백사면 이여로 431-45,,,20260423,
이천시,오미목장,소,73,경기도 이천시 호법면 유산리 664번지,경기도 이천시 호법면 이섭대천로 692-1,37.2357846785,127.4386475560,20260423,
이천시,오반목장,소,96,경기도 이천시 대월면 구시리 401번지 18호,경기도 이천시 대월면 대월로557번길 173,37.2028155188,127.4966384479,20260423,
이천시,오성농장,돼지,1900,경기도 이천시 모가면 소고리 49번지 4호 외 2필지,경기도 이천시 모가면 소고리 49번지 4호 외 2필지,37.1869843955,127.4663353522,20260423,
이천시,오성축산,소,40,경기도 이천시 율면 오성리 416번지 2호,경기도 이천시 율면 금율로828번길 198-15,,,20260423,
이천시,오세요목장,소,100,경기도 이천시 설성면 제요리 706번지 5호,경기도 이천시 설성면 서동대로8183번길 68,37.1132497560,127.5463211737,20260423,
이천시,오육달목장,소,74,경기도 이천시 모가면 두미리 500번지,경기도 이천시 모가면 사실로579번길 153-7,37.1637762248,127.4319929515,20260423,
이천시,옥야농장,돼지,2000,경기도 이천시 율면 월포리 901번지 5호,경기도 이천시 율면 고월로179번길 6-118,,,20260423,
이천시,옥황농장(1),돼지,5725,경기도 이천시 장호원읍 방추리 201번지 외 7필지,경기도 이천시 장호원읍 설장로459번길 163,37.1364189554,127.5665527065,20260423,
이천시,와우목장,소,170,경기도 이천시 설성면 금당리 278번지 2호,경기도 이천시 설성면 진상미로665번길 95-14,37.1312531160,127.5121987674,20260423,
이천시,와현농장,돼지,330,경기도 이천시 장호원읍 와현리 473번지 8호,경기도 이천시 장호원읍 나래천로 96-35,37.1427756428,127.6008934183,20260423,
이천시,왕우농장,소,67,경기도 이천시 모가면 소고리 127번지 외 1필지,경기도 이천시 모가면 공원로 216-108,37.1784549659,127.4597826987,20260423,
이천시,요셉농장,소,105,경기도 이천시 마장면 각평리 492번지 11호,경기도 이천시 마장면 덕이로154번길 164,,,20260423,
이천시,요셉목장,소,54,경기도 이천시 율면 월포리 452번지 1호,경기도 이천시 율면 고월로179번길 181,37.0925135808,127.5608654750,20260423,
이천시,용곡농장,소,11,경기도 이천시 백사면 우곡리 436번지 2호,경기도 이천시 백사면 청백리로 382-70,37.3115009598,127.4973773764,20260423,
이천시,용마목장,소,26,경기도 이천시 신둔면 소정리 137번지 11호,경기도 이천시 신둔면 마소로 73-8,37.3037021854,127.3955890564,20260423,
이천시,용분목장,소,200,경기도 이천시 율면 고당리 15번지 외 1필지,경기도 이천시 율면 고당리 15번지 외 1필지,37.0800874853,127.5479591402,20260423,
이천시,용분목장2,소,80,경기도 이천시 율면 고당리 843번지,경기도 이천시 율면 고월로118번길 162-15,37.0795470859,127.5499981760,20260423,
이천시,용수농장,돼지,1621,경기도 이천시 설성면 대죽리 421번지 외 4필지,경기도 이천시 설성면 대죽로 163,37.1363547793,127.4797448835,20260423,
이천시,용수농장1,돼지,0,경기도 이천시 설성면 대죽리 406번지 3호,경기도 이천시 설성면 대죽로 191,,,20260423,
이천시,용진목장,소,115,경기도 이천시 율면 월포리 706번지 1호,경기도 이천시 율면 임오산로 314-86,37.0896210706,127.5747483706,20260423,
이천시,용회농장,돼지,300,경기도 이천시 모가면 송곡리 243번지,경기도 이천시 모가면 송곡리 243번지,37.1500230212,127.4897162086,20260423,
이천시,우건목장,소,62,경기도 이천시 부발읍 신하리 348번지,경기도 이천시 부발읍 대산로532번길 93,37.2610750299,127.4850796960,20260423,
이천시,우리농장,돼지,1960,경기도 이천시 모가면 소고리 16번지,경기도 이천시 모가면 공원로249번길 192,,,20260423,
이천시,우리농장,소,121,경기도 이천시 호법면 매곡리 296번지 3호,경기도 이천시 호법면 덕평로497번길 44-28,37.2107705197,127.3831261837,20260423,
이천시,우리들목장,소,60,경기도 이천시 백사면 백우리 산 13번지 12호,경기도 이천시 백사면 청백리로499번길 316-31,37.3293566343,127.5074048602,20260423,
이천시,우리목장,소,10,경기도 이천시 마장면 각평리 168번지 1호 외 3필지,경기도 이천시 마장면 각평리 168번지 1호 외 3필지,37.2352024988,127.3835755459,20260423,
이천시,우리목장,소,0,경기도 이천시 모가면 어농리 517번지,경기도 이천시 모가면 사실로785번길 218,37.1783865930,127.4292649084,20260423,
이천시,우리목장,소,25,경기도 이천시 설성면 수산리 744번지 14호,경기도 이천시 설성면 진상미로 749-36,,,20260423,
이천시,우리목장(1),소,107,경기도 이천시 마장면 각평리 436번지,경기도 이천시 마장면 각평리 436번지,37.2394384381,127.3741097917,20260423,
이천시,우림농장,소,85,경기도 이천시 백사면 도지리 1번지 15호,경기도 이천시 백사면 청백리로286번길 128,37.3089670683,127.4921796628,20260423,
이천시,우림목장,소,141,경기도 이천시 율면 고당리 34번지,경기도 이천시 율면 고월로118번길 153-36,37.0811505179,127.5525756951,20260423,
이천시,우승목장,소,47,경기도 이천시 호법면 단천리 203번지,경기도 이천시 호법면 이섭대천로309번길 56-17,37.2263640216,127.4091212938,20260423,
이천시,우신축산,소,5,경기도 이천시 대포동 794번지 1호,경기도 이천시 대장로59번길 42-15 (대포동),37.2170249302,127.4556144716,20260423,
이천시,우하랑농장,소,85,"경기도 이천시 모가면 신갈리 436, 436-5","경기도 이천시 모가면 신갈리 436, 436-5",37.2006892392,127.4502714240,20260423,
이천시,우형목장,소,90,경기도 이천시 장호원읍 대서리 560번지 1호,경기도 이천시 장호원읍 서동대로8369번길 177-30,,,20260423,
이천시,울안농장,돼지,4200,경기도 이천시 장호원읍 선읍리 419번지 2호 외 6필지,경기도 이천시 장호원읍 설장로 665-46,37.1303137576,127.5847068631,20260423,
이천시,원덕목장,소,78,경기도 이천시 모가면 두미리 301번지 2호,경기도 이천시 모가면 사실로553번길 37-20,37.1595862977,127.4362894450,20260423,
이천시,원영목장,소,99,경기도 이천시 설성면 신필리 379번지 2호,경기도 이천시 설성면 설장로211번길 207,,,20260423,
이천시,원일농장2,소,50,경기도 이천시 백사면 모전리 58번지,경기도 이천시 백사면 청백리로 125-76,37.3071615862,127.4735829417,20260423,
이천시,원재농장,돼지,1000,경기도 이천시 신둔면 도봉리 337번지 3호,경기도 이천시 신둔면 이여로101번길 101-168,,,20260423,
이천시,월산목장,소,100,경기도 이천시 모가면 송곡리 162번지 외 4필지,경기도 이천시 모가면 진상미로 930-3,37.1462359840,127.4950115936,20260423,
이천시,월산목장(2),소,81,경기도 이천시 모가면 송곡리 108번지,경기도 이천시 모가면 진상미로924번길 17,37.1476151781,127.4955294990,20260423,
이천시,월성농장,소,27,경기도 이천시 백사면 백우리 366번지 5호,경기도 이천시 백사면 현방로66번길 231-97,37.3326378096,127.5054410109,20260423,
이천시,월정축산,염소,45,경기도 이천시 율면 산양리 520번지 2호,경기도 이천시 율면 산양리 520번지 2호,37.0551069191,127.4981522752,20260423,
이천시,웰빙농장,소,70,경기도 이천시 신둔면 도암리 665번지 2호,경기도 이천시 신둔면 증신로416번길 200,,,20260423,
이천시,유광목장,소,90,경기도 이천시 대월면 군량리 621번지 3호,경기도 이천시 대월면 양녕로51번길 29,37.1813563478,127.4954843743,20260423,
이천시,유다원목장,소,100,경기도 이천시 율면 북두리 277번지 1호,경기도 이천시 율면 주래본죽로612번길 114-11,,,20260423,
이천시,유대목장,소,45,경기도 이천시 모가면 두미리 176번지 2호,경기도 이천시 모가면 사실로623번길 62-26,,,20260423,
이천시,유목장,소,75,경기도 이천시 모가면 두미리 170번지 1호,경기도 이천시 모가면 사실로623번길 26-17,,,20260423,
이천시,유아름목장,소,165,경기도 이천시 호법면 송갈리 370번지 1호,경기도 이천시 호법면 대덕산로 72,37.1995516638,127.4335250012,20260423,
이천시,유원Farmland,돼지,3300,경기도 이천시 호법면 단천리 575번지 외 17필지,경기도 이천시 호법면 이섭대천로 322,37.2219557130,127.4085742638,20260423,
이천시,유원농장,돼지,1600,경기도 이천시 설성면 장능리 170번지 27호,경기도 이천시 설성면 진상미로582번길 103-49,,,20260423,
이천시,유진농장,소,88,경기도 이천시 모가면 신갈리 94번지 3호 94-2,경기도 이천시 모가면 신갈리 94번지 3호 94-2,37.2022826829,127.4455937859,20260423,
이천시,유진농장(2),소,40,경기도 이천시 모가면 신갈리 218번지,경기도 이천시 모가면 사실로 1048-52,37.2015282362,127.4519273852,20260423,
이천시,윤기목장,소,135,경기도 이천시 설성면 제요리 151번지,경기도 이천시 설성면 진상미로102번길 100,37.1092003416,127.5582001143,20260423,
이천시,윤우농장,소,150,경기도 이천시 율면 북두리 287번지 2호,경기도 이천시 율면 주래본죽로612번길 114-27,,,20260423,
이천시,윤정목장,소,160,경기도 이천시 율면 산양리 677번지,경기도 이천시 율면 일생로429번길 156,37.0665031877,127.5201016023,20260423,
이천시,율면농장,돼지,1700,경기도 이천시 율면 고당리 505번지 3호,경기도 이천시 율면 고당로 82-23,37.0905397951,127.5444159681,20260423,
이천시,으뜸농장,돼지,500,경기도 이천시 설성면 제요리 727번지 28호,경기도 이천시 설성면 서동대로8183번길 143-32,,,20260423,
이천시,으뜸농축원,소,500,경기도 이천시 백사면 백우리 288번지 1호,경기도 이천시 백사면 청백리로609번길 71-56,37.3285132365,127.5121698759,20260423,
이천시,으뜸목장,소,30,경기도 이천시 신둔면 마교리 93번지,경기도 이천시 신둔면 황무로347번길 52,37.3012647234,127.3914851791,20260423,
이천시,은경농장,돼지,900,경기도 이천시 호법면 송갈리 402번지 1호,경기도 이천시 호법면 송갈로 108-70,37.1968412184,127.4322134422,20260423,
이천시,은경목장,소,34,경기도 이천시 장호원읍 나래리 166번지,경기도 이천시 장호원읍 나래천로 468-88,37.1745745309,127.5951649051,20260423,
이천시,은설농장,소,18,경기도 이천시 모가면 두미리 311번지 7호,경기도 이천시 모가면 사실로553번길 29-12,,,20260423,
이천시,은영목장,소,128,경기도 이천시 설성면 상봉리 150번지 1호,경기도 이천시 설성면 설가로301번길 120,,,20260423,
이천시,은찬목장,소,40,경기도 이천시 율면 오성리 821번지,경기도 이천시 율면 금율로828번길 261,37.0685036959,127.5519820126,20260423,
이천시,은혜흑염소,염소,40,경기도 이천시 율면 월포리 1306번지,경기도 이천시 율면 임오산로 286-53,37.0908753913,127.5726003979,20260423,
이천시,이강농장,소,30,경기도 이천시 백사면 송말리 650번지 4호,경기도 이천시 백사면 송말리 650번지 4호,,,20260423,
이천시,이드로농장,돼지,700,경기도 이천시 모가면 신갈리 229번지,경기도 이천시 모가면 사실로1026번길 73-21,37.1998696380,127.4519284370,20260423,
이천시,이슬목장,소,98,경기도 이천시 율면 월포리 706번지 2호 외 3필지,경기도 이천시 율면 임오산로 314-98,37.0891701857,127.5750179789,20260423,
이천시,이시돌목장,소,98,경기도 이천시 모가면 소고리 341번지,경기도 이천시 모가면 진상미로1589번길 93,37.1938431422,127.4629407463,20260423,
이천시,이천 에이스 은하 농장,소,150,경기도 이천시 백사면 도립리 247번지 2호,경기도 이천시 백사면 원적로869번길 31-13,37.3421442459,127.4717643307,20260423,
이천시,이천농장,돼지,3164,경기도 이천시 대월면 대대리 268번지 3호,경기도 이천시 대월면 대장로278번길 150-32,37.2148020564,127.4793016226,20260423,
이천시,이천미래팜,돼지,695,경기도 이천시 호법면 단천리 119번지 3호,경기도 이천시 호법면 이섭대천로263번길 113,,,20260423,
이천시,이천제이농장,염소,156,경기도 이천시 설성면 장천리 173번지 1호,경기도 이천시 설성면 설성로254번길 79,37.1464743266,127.5393606903,20260423,
이천시,이천축산,돼지,1000,경기도 이천시 신둔면 도암리 920번지 1호 외 6필지,경기도 이천시 신둔면 증신로371번길 106-32,37.3060281080,127.4334787180,20260423,
이천시,이천축협 생장물사업소,소,866,경기도 이천시 설성면 암산리 산 40번지 5호,경기도 이천시 설성면 신암로258번길 172,37.1560879218,127.5479537937,20260423,
이천시,이천흑염소,염소,20,경기도 이천시 백사면 백우리 285번지 2호 외 1필지,경기도 이천시 백사면 백우리 285번지 2호 외 1필지,37.3292235700,127.5129020735,20260423,
이천시,이철주목장,소,250,경기도 이천시 장호원읍 선읍리 625번지 1호 외 4필지,경기도 이천시 장호원읍 경충대로519번길 174-80,37.1469430239,127.5741854081,20260423,
이천시,이호목장,소,101,"경기도 이천시 모가면 송곡리 63-2, 64","경기도 이천시 모가면 송곡리 63-2, 64",37.1534563048,127.4938511694,20260423,
이천시,인기농장,소,47,경기도 이천시 마장면 각평리 421번지,경기도 이천시 마장면 덕이로154번길 142,37.2388847715,127.3791052446,20260423,
이천시,인우목장,소,0,경기도 이천시 장호원읍 이황리 220번지 16호,경기도 이천시 장호원읍 경충대로718번길 213,,,20260423,
이천시,일광성목장,소,50,경기도 이천시 신둔면 인후리 253번지 1호,경기도 이천시 신둔면 황무로287번길 61-37,37.3078373133,127.3829642143,20260423,
이천시,일심농장,돼지,1500,경기도 이천시 호법면 후안리 420번지 2호,경기도 이천시 호법면 이섭대천로527번길 156,,,20260423,
이천시,일우농장,돼지,1900,경기도 이천시 모가면 신갈리 217번지 3호,경기도 이천시 모가면 사실로 1048-40,37.2016813477,127.4516117614,20260423,
이천시,일화농장,돼지,1700,경기도 이천시 부발읍 죽당리 256번지,경기도 이천시 부발읍 중부대로1840번길 33-128,37.2851334123,127.5150717691,20260423,
이천시,임마누엘목장,소,99,경기도 이천시 설성면 장능리 699번지 19호,경기도 이천시 설성면 진상미로451번길 253-82,,,20260423,
이천시,임마누엘목장,소,200,경기도 이천시 대월면 송라리 169번지 3호 외 2필지,경기도 이천시 대월면 다솔로163번길 58-70,37.2052592651,127.5192029887,20260423,
이천시,자가울목장,소,21,"경기도 이천시 호법면 동산리 450번지 3호 ,450-1, 540-4, 451-2",경기도 이천시 호법면 동산로 154,37.1999271578,127.3998001040,20260423,
이천시,자석목장,소,107,경기도 이천시 설성면 자석리 107번지 1호 외 5필지,경기도 이천시 설성면 자석로 142,37.1757953360,127.5621375696,20260423,
이천시,자연목장,소,97,경기도 이천시 율면 고당리 36번지 1호,경기도 이천시 율면 고월로118번길 99-23,,,20260423,
이천시,자월농장,소,18,경기도 이천시 대포동 794번지,경기도 이천시 대장로59번길 48 (대포동),37.2170249302,127.4556144716,20260423,
이천시,자유농장,돼지,1500,경기도 이천시 마장면 관리 976번지 외 1필지,경기도 이천시 마장면 마도로223번길 219-94,37.2717750663,127.3463541598,20260423,
이천시,자은목장,소,223,경기도 이천시 설성면 자석리 530번지,경기도 이천시 설성면 설성로 542-42,37.1700865211,127.5489876724,20260423,
이천시,작은골한우,소,91,경기도 이천시 백사면 조읍리 235번지 1호,경기도 이천시 백사면 이여로428번길 43-28,,,20260423,
이천시,장군농장,돼지,2100,경기도 이천시 설성면 장능리 197번지 1호,경기도 이천시 설성면 설장로122번길 146 (장군농장),37.1263877501,127.5343374457,20260423,
이천시,장산농장,돼지,5300,경기도 이천시 신둔면 도암리 124번지 48호,경기도 이천시 신둔면 원적로449번길 109,,,20260423,
이천시,장수목장,소,55,경기도 이천시 장호원읍 이황리 306번지 5호 외 2필지,경기도 이천시 장호원읍 이황리 306번지 5호 외 2필지,37.1714639124,127.5842233518,20260423,
이천시,장원농장,돼지,1800,경기도 이천시 장호원읍 와현리 276번지 1호 외 6필지,경기도 이천시 장호원읍 이풍로 308-60,37.1577734489,127.6042888175,20260423,
이천시,장훈목장,소,27,경기도 이천시 호법면 송갈리 514번지 1호,경기도 이천시 호법면 송갈로 141-36,,,20260423,
이천시,재원목장,소,30,경기도 이천시 설성면 수산리 453번지 4호,경기도 이천시 설성면 진상미로813번길 212,37.1311076723,127.5005656590,20260423,
이천시,재윤목장,소,72,경기도 이천시 호법면 매곡리 549번지 4호,경기도 이천시 호법면 덕평로 456,,,20260423,
이천시,재춘목장,소,35,경기도 이천시 신둔면 용면리 225번지 1호,경기도 이천시 신둔면 황무로336번길 175,,,20260423,
이천시,정광목장,소,150,경기도 이천시 모가면 소고리 834번지,경기도 이천시 모가면 소고리 834번지,37.1863839399,127.4505850015,20260423,
이천시,정규농장,소,4,경기도 이천시 대월면 초지리 493번지,경기도 이천시 대월면 대월로 712-59,37.2182140785,127.4981289995,20260423,
이천시,정근농장,소,23,경기도 이천시 대월면 부필리 203번지,경기도 이천시 대월면 부필리 203번지,37.2221309469,127.5068867264,20260423,
이천시,정록목장,소,70,경기도 이천시 호법면 송갈리 219번지,경기도 이천시 호법면 송갈로100번길 133,37.1978065079,127.4353091022,20260423,
이천시,정록목장2,소,130,경기도 이천시 호법면 송갈리 707번지,경기도 이천시 호법면 송갈로100번길 124,37.1980410776,127.4356807548,20260423,
이천시,정림목장,소,60,경기도 이천시 대월면 구시리 345번지,경기도 이천시 대월면 대월로506번길 173,37.1985813200,127.5029636059,20260423,
이천시,정수목장,소,65,경기도 이천시 호법면 유산리 715번지 1호 715-4.715-5.716-1,경기도 이천시 호법면 이섭대천로691번길 67-21,37.2365558453,127.4312850110,20260423,
이천시,정아농장,소,42,경기도 이천시 호법면 단천리 607번지 7호,경기도 이천시 호법면 이섭대천로 306,,,20260423,
이천시,정안농장,소,50,경기도 이천시 모가면 서경리 10번지,경기도 이천시 모가면 서경리 10번지,37.1621883233,127.4948559901,20260423,
이천시,정오농장,소,120,경기도 이천시 대월면 구시리 329번지 9호,경기도 이천시 대월면 대월로506번길 20,,,20260423,
이천시,정창화목장,소,203,경기도 이천시 모가면 어농리 317번지 1호,경기도 이천시 모가면 어농로62번길 68-54,,,20260423,
이천시,정환농장,소,2,경기도 이천시 대월면 구시리 323번지 1호,경기도 이천시 대월면 대월로506번길 137,37.2000116962,127.5027321953,20260423,
이천시,정훈농장,돼지,800,경기도 이천시 대월면 장평리 267번지 2호,경기도 이천시 대월면 대평로 548-35,37.2124146937,127.5280971521,20260423,
이천시,제승목장,소,90,경기도 이천시 설성면 대죽리 406번지 6호,경기도 이천시 설성면 대죽로195번길 14,,,20260423,
이천시,제이에스목장,소,17,경기도 이천시 설성면 수산리 230번지 2호,경기도 이천시 설성면 진상미로862번길 86,,,20260423,
이천시,제일목장,소,100,경기도 이천시 율면 월포리 452번지,경기도 이천시 율면 고월로179번길 191,37.0925135808,127.5608654750,20260423,
이천시,제일목장(2),소,43,경기도 이천시 호법면 단천리 157번지,경기도 이천시 호법면 이섭대천로309번길 114,37.2278507790,127.4083867843,20260423,
이천시,조나단목장,소,97,경기도 이천시 설성면 송계리 490번지 1호,경기도 이천시 설성면 설성로181번길 423-21,37.1580483956,127.5270938211,20260423,
이천시,종국목장,소,50,경기도 이천시 백사면 신대리 333번지 3호,경기도 이천시 백사면 원적로618번길 300-43,37.3185603099,127.4596630250,20260423,
이천시,종선목장,소,78,경기도 이천시 신둔면 수광리 606번지 1호 외 3필지,경기도 이천시 신둔면 경충대로3251번길 21-15,37.3148879095,127.3949190181,20260423,
이천시,종인목장,소,61,경기도 이천시 호법면 단천리 239-2번지,경기도 이천시 호법면 단천리 239-2번지,37.2236510783,127.4095077996,20260423,
이천시,주미목장,소,98,경기도 이천시 호법면 주미리 589번지 6호,경기도 이천시 호법면 대덕산로149번길 37,,,20260423,
이천시,주민농장,돼지,2200,경기도 이천시 장호원읍 와현리 52번지 4호,경기도 이천시 장호원읍 나래천로352번길 259-7,37.1674110552,127.6062714773,20260423,
이천시,주바구니목장,소,53,경기도 이천시 호법면 주미리 71번지 2호,경기도 이천시 호법면 주미리 71번지 2호,37.2134852653,127.4321294105,20260423,
이천시,주박목장,소,135,경기도 이천시 호법면 주박리 334번지 4호,경기도 이천시 호법면 동산로338번길 94-45,,,20260423,
이천시,주식회사 엠젠솔루션,돼지,20,경기도 이천시 장호원읍 진암리 360번지 90호,경기도 이천시 장호원읍 경충대로141번길 92,,,20260423,
이천시,주영농장,소,32,경기도 이천시 율면 월포리 153번지,경기도 이천시 율면 임오산로384번길 88,37.0881276824,127.5837709868,20260423,
이천시,주영목장,소,76,경기도 이천시 장호원읍 대서리 548번지 2호,경기도 이천시 장호원읍 서동대로8369번길 270,37.1166708614,127.5650508912,20260423,
이천시,주은목장,소,129,경기도 이천시 호법면 동산리 667번지,경기도 이천시 호법면 동산로338번길 78-9,37.2098538504,127.4140097466,20260423,
이천시,주환농장,소,80,경기도 이천시 백사면 백우리 12번지 6호,경기도 이천시 백사면 청백리로 800-56,37.3376575980,127.5123749536,20260423,
이천시,주희농장,소,22,경기도 이천시 설성면 신필리 416번지 2호,경기도 이천시 설성면 설장로211번길 115-49,,,20260423,
이천시,준곤목장,소,56,경기도 이천시 대월면 군량리 431번지,경기도 이천시 대월면 대월로506번길 277,37.1946961724,127.5047324942,20260423,
이천시,준행목장,소,73,경기도 이천시 설성면 장능리 442번지 2호,경기도 이천시 설성면 진상미로531번길 103,,,20260423,
이천시,준행목장2,소,50,경기도 이천시 설성면 장능리 467번지,경기도 이천시 설성면 진상미로531번길 218-6,37.1266475059,127.5126874310,20260423,
이천시,중섭목장,소,30,경기도 이천시 모가면 양평리 139번지 3호,경기도 이천시 모가면 진상미로1178번길 395,37.1629592289,127.4997261470,20260423,
이천시,지구농장,돼지,2012,경기도 이천시 모가면 원두리 339번지,경기도 이천시 모가면 원두리 339번지,37.1838630200,127.4647658514,20260423,
이천시,지민한우농장,소,200,경기도 이천시 백사면 백우리 433번지,경기도 이천시 백사면 청백리로899번길 129-11,37.3341432590,127.5003725531,20260423,
이천시,지성농장,돼지,3000,경기도 이천시 설성면 상봉리 581번지,경기도 이천시 설성면 설가로 230-5,37.1570974833,127.5130191210,20260423,
이천시,직영목장,소,120,경기도 이천시 설성면 송계리 520번지 17호,경기도 이천시 설성면 설성로181번길 260,37.1532878807,127.5216423747,20260423,
이천시,진개울목장,소,90,경기도 이천시 모가면 송곡리 산 2번지 17호,경기도 이천시 모가면 진상미로1044번길 142-9,37.1522663274,127.4921057374,20260423,
이천시,진기농장,돼지,900,경기도 이천시 백사면 신대리 684번지,경기도 이천시 백사면 이여로175번길 46,37.3141812716,127.4651388713,20260423,
이천시,진목장,소,128,경기도 이천시 대월면 도리리 산 93번지,경기도 이천시 대월면 대월로373번길 396-33,37.1927570906,127.4835833065,20260423,
이천시,진배농장,돼지,850,경기도 이천시 장호원읍 선읍리 855번지 외1필지,경기도 이천시 장호원읍 선읍리 855번지 외1필지,37.1447760903,127.5661429061,20260423,
이천시,진성농장,소,50,경기도 이천시 율면 신추리 937번지 15호,경기도 이천시 율면 신추리 937번지 15호,,,20260423,
이천시,진성목장,소,40,경기도 이천시 설성면 수산리 425번지 3호,경기도 이천시 설성면 수산리 425번지 3호,37.1378837629,127.5007695369,20260423,
이천시,진영농장,돼지,1300,"경기도 이천시 부발읍 가산리 427번지 59호 ,61",경기도 이천시 부발읍 황무로1996번길 179-23,37.2501328432,127.5052886129,20260423,
이천시,진우목장,소,76,경기도 이천시 대월면 군량리 620번지 9호,경기도 이천시 대월면 양녕로51번길 31,,,20260423,
이천시,진원농장,소,40,경기도 이천시 백사면 송말리 313번지,경기도 이천시 백사면 원적로967번길 141-41,37.3469781178,127.4850062627,20260423,
이천시,진한 제1농장,소,51,경기도 이천시 백사면 도립리 904-18,경기도 이천시 백사면 도립리 904-18,37.3357727791,127.4782464928,20260423,
이천시,진한농장,소,54,경기도 이천시 백사면 도립리 195번지 1호,경기도 이천시 백사면 원적로926번길 88,,,20260423,
이천시,진호목장,소,45,경기도 이천시 대월면 부필리 257번지 1호,경기도 이천시 대월면 대평로 310,,,20260423,
이천시,진환농장,돼지,800,경기도 이천시 율면 신추리 937번지 14호 외 3필지,경기도 이천시 율면 신추리 937번지 14호 외 3필지,37.0999917715,127.5172519992,20260423,
이천시,차원목장,소,29,경기도 이천시 설성면 장천리 179번지 1호,경기도 이천시 설성면 설성로254번길 82,,,20260423,
이천시,찬석목장,소,40,경기도 이천시 모가면 두미리 산 140번지,경기도 이천시 모가면 두미리 산 140번지,37.1619602062,127.4410386944,20260423,
이천시,참살이 농장,돼지,1200,경기도 이천시 대월면 도리리 784번지,경기도 이천시 대월면 대월로373번길 328-48,37.1989050810,127.4863652694,20260423,
이천시,참존농장,돼지,5995,경기도 이천시 설성면 대죽리 7번지 7호,경기도 이천시 설성면 대죽로283번길 154-31,37.1424137327,127.4911384004,20260423,
이천시,참좋은목장,소,0,경기도 이천시 설성면 장능리 595번지 3호,경기도 이천시 설성면 진상미로497번길 167-9,37.1163972810,127.5144692454,20260423,
이천시,창명목장,소,40,경기도 이천시 설성면 대죽리 440번지 2호,경기도 이천시 설성면 대죽로 230-37,,,20260423,
이천시,창봉농장,소,51,경기도 이천시 율면 북두리 288번지,경기도 이천시 율면 주래본죽로612번길 114-26,37.0715761897,127.5298900327,20260423,
이천시,창진목장,소,117,경기도 이천시 모가면 소고리 342번지 2호,경기도 이천시 모가면 공원로233번길 286,,,20260423,
이천시,처남목장,소,106,경기도 이천시 율면 고당리 483번지 3호 외 2필지,경기도 이천시 율면 고당로 90-56,37.0898610372,127.5460666694,20260423,
이천시,천안목장,소,16,경기도 이천시 설성면 암산리 108번지 1호,경기도 이천시 설성면 신암로258번길 278,37.1582619038,127.5439232415,20260423,
이천시,천호농장,돼지,2000,경기도 이천시 설성면 대죽리 429번지 6호,경기도 이천시 설성면 대죽로 174-7,,,20260423,
이천시,철환목장,소,103,경기도 이천시 모가면 신갈리 223번지 3호 외 3필지,경기도 이천시 모가면 사실로 1048-70,37.2014294676,127.4529939046,20260423,
이천시,청결목장,소,27,경기도 이천시 대월면 군량리 235번지,경기도 이천시 대월면 양녕로169번길 143-16,37.1851952302,127.5056106774,20260423,
이천시,청마목장,소,80,경기도 이천시 모가면 신갈리 420번지 2호 1통,경기도 이천시 모가면 신갈리 420번지 2호 1통,37.1975971859,127.4497776514,20260423,
이천시,청명농장,돼지,1025,"경기도 이천시 부발읍 신원리 194-2,167,168,168-1",경기도 이천시 부발읍 중부대로1899번길 57-31,37.2959951108,127.5162473537,20260423,
이천시,청성목장,소,45,경기도 이천시 모가면 소고리 134번지 1호,경기도 이천시 모가면 공원로 216-72,,,20260423,
이천시,청솔목장,소,87,경기도 이천시 설성면 암산리 304번지 2호,경기도 이천시 설성면 설성로479번길 199,37.1722227063,127.5378866151,20260423,
이천시,청우목장,소,25,경기도 이천시 율면 월포리 291번지,경기도 이천시 율면 임오산로200번길 78-22,37.0935998085,127.5690808758,20260423,
이천시,청정농장,소,30,경기도 이천시 장호원읍 노탑리 619번지 1호,경기도 이천시 장호원읍 장여로189번길 147-6,,,20260423,
이천시,청지기농장,돼지,5000,경기도 이천시 모가면 소고리 508번지 1호,경기도 이천시 모가면 소고리 508번지 1호,37.1928827679,127.4497131690,20260423,
이천시,청초롱,소,100,경기도 이천시 백사면 도지리 630번지 3호,경기도 이천시 백사면 지읍로53번길 101-40,37.3124150401,127.4784563879,20260423,
이천시,청화목장,소,88,경기도 이천시 백사면 도지리 480번지,경기도 이천시 백사면 이여로12번길 642-18,37.2992321502,127.4953061579,20260423,
이천시,초막농장,소,38,경기도 이천시 설성면 대죽리 514번지 7호,경기도 이천시 설성면 대죽로 33-10,37.1299108827,127.4752614362,20260423,
이천시,초막농장,소,59,경기도 이천시 설성면 행죽리 828번지 5호,경기도 이천시 설성면 진상미로497번길 353-63,,,20260423,
이천시,초성 농장,소,100,경기도 이천시 설성면 상봉리 330번지,경기도 이천시 설성면 설가로321번길 116-122,37.1657337586,127.5025681014,20260423,
이천시,초우농장,소,120,경기도 이천시 신둔면 장동리 266번지 외 2필지,경기도 이천시 신둔면 원적로567번길 86,37.3278401374,127.4480543887,20260423,
이천시,초원한우농장,소,53,경기도 이천시 율면 신추리 798번지 1호,경기도 이천시 율면 신추로95번길 248,,,20260423,
이천시,초월농장,돼지,5000,경기도 이천시 대월면 장평리 314번지 2호,경기도 이천시 대월면 대평로490번길 39-112,,,20260423,
이천시,초월농장(2),돼지,800,경기도 이천시 대월면 장평리 313번지,경기도 이천시 대월면 대평로490번길 39-111,37.2094507983,127.5193843702,20260423,
이천시,초헌흑염소,염소,120,경기도 이천시 설성면 금당리 232번지,경기도 이천시 설성면 금당리 232번지,37.1304453603,127.5159669544,20260423,
이천시,최신농장,소,76,경기도 이천시 신둔면 도봉리 566번지,경기도 이천시 신둔면 이여로101번길 214-93,37.3151521829,127.4572271294,20260423,
이천시,최신농장2호,소,35,경기도 이천시 신둔면 도봉리 928번지 1호,경기도 이천시 신둔면 이여로101번길 80-155,37.3150175499,127.4588523473,20260423,
이천시,충남목장,소,43,경기도 이천시 설성면 장천리 37번지 18호,경기도 이천시 설성면 설성로221번길 242-30,,,20260423,
이천시,케이엘목장,소,90,경기도 이천시 모가면 원두리 75번지 5호,경기도 이천시 모가면 원두리 75번지 5호,37.1911952004,127.4804563821,20260423,
이천시,콘테이너목장,소,35,경기도 이천시 장호원읍 이황리 436번지 49호,경기도 이천시 장호원읍 경충대로597번길 158-93,37.1578958127,127.5758163013,20260423,
이천시,크로바황우농장,소,48,경기도 이천시 모가면 어농리 808번지,경기도 이천시 모가면 사실로785번길 89,37.1809141102,127.4354924961,20260423,
이천시,큰고개목장,소,16,경기도 이천시 모가면 진가리 436번지 9호,경기도 이천시 모가면 마국산로 88,37.1666139915,127.4725281064,20260423,
이천시,태기농장,돼지,1300,경기도 이천시 설성면 대죽리 805번지,경기도 이천시 설성면 원설로109번길 64,37.1390278318,127.4625959372,20260423,
이천시,태백목장,소,180,경기도 이천시 장호원읍 방추리 75번지 11호,경기도 이천시 장호원읍 방추리 75번지 11호,37.1216860017,127.5730094727,20260423,
이천시,태산농장,소,164,경기도 이천시 모가면 원두리 162번지 1호,경기도 이천시 모가면 공원로 265-6,37.1839374919,127.4659085900,20260423,
이천시,태석목장,소,379,경기도 이천시 설성면 수산리 95번지 3호,경기도 이천시 설성면 진상미로813번길 148,37.1321441983,127.5034968295,20260423,
이천시,태성목장,소,25,경기도 이천시 설성면 상봉리 909번지,경기도 이천시 설성면 상봉리 909번지,37.1669931057,127.5037269347,20260423,
이천시,태성목장,소,110,경기도 이천시 장호원읍 방추리 512번지,경기도 이천시 장호원읍 방추리 512번지,37.1225032043,127.5738720027,20260423,
이천시,태송농장,돼지,2200,경기도 이천시 백사면 송말리 471번지 1호,경기도 이천시 백사면 원적로801번길 91-15,,,20260423,
이천시,태양농장,소,50,경기도 이천시 장호원읍 이황리 443번지 4호,경기도 이천시 장호원읍 경충대로518번길 210,37.1563145331,127.5856275553,20260423,
이천시,태영농장,돼지,3484,경기도 이천시 대월면 부필리 417번지,경기도 이천시 대월면 대평로 301-30,37.2251998057,127.5070339505,20260423,
이천시,태정목장,소,26,경기도 이천시 모가면 두미리 531번지 3호,경기도 이천시 모가면 사실로579번길 208,,,20260423,
이천시,태진농장,돼지,1000,경기도 이천시 모가면 어농리 94번지 2호,경기도 이천시 모가면 사실로 804-40,,,20260423,
이천시,태평목장,소,0,"경기도 이천시 대월면 군량리 44번지 1호 44-4, 45-1, 266-54, 266-54, 266-56, 266-59, 735-16",경기도 이천시 대월면 양녕로 203-31,37.1831757560,127.5101845485,20260423,
이천시,태현농장,돼지,600,경기도 이천시 호법면 주미리 604번지 8호,경기도 이천시 호법면 대덕산로149번길 133,37.2046778203,127.4261448952,20260423,
이천시,태현준목장,소,35,경기도 이천시 설성면 암산리 300번지 25호,경기도 이천시 설성면 설성로479번길 182,37.1711126890,127.5392696863,20260423,
이천시,태화농장,돼지,2200,경기도 이천시 대월면 송라리 172번지 13호,경기도 이천시 대월면 다솔로163번길 58-202,,,20260423,
이천시,택민목장,소,86,경기도 이천시 대월면 도리리 141번지 18호 외 2필지,경기도 이천시 대월면 대월로557번길 210-90,37.1987432492,127.4907374273,20260423,
이천시,토끼실목장,소,130,경기도 이천시 호법면 단천리 151번지 3호,경기도 이천시 호법면 이섭대천로309번길 137-9,,,20260423,
이천시,토평목장,소,217,경기도 이천시 백사면 현방리 214번지 1호,경기도 이천시 백사면 현방로66번길 224-81,37.3310514314,127.4964668538,20260423,
이천시,통뫼목장,소,60,경기도 이천시 마장면 양촌리 242번지,경기도 이천시 마장면 오천로12번길 113,37.2552307828,127.3436362337,20260423,
이천시,통미농장,돼지,1160,경기도 이천시 장호원읍 나래리 262번지 1호,경기도 이천시 장호원읍 나래천로 382-71,37.1672033570,127.5948617879,20260423,
이천시,파머스,소,67,경기도 이천시 백사면 백우리 산 13번지 13호,경기도 이천시 백사면 청백리로499번길 316-79,37.3298613447,127.5084433990,20260423,
이천시,팔사일이,소,1,경기도 이천시 마장면 이치리 산 74번지 8호,경기도 이천시 마장면 이치리 산 74번지 8호,37.2528115443,127.3799126916,20260423,
이천시,펠릭스팜,돼지,0,경기도 이천시 대월면 군량리 195번지 1호,경기도 이천시 대월면 군량리 195번지 1호,37.1822837483,127.5032446172,20260423,
이천시,편안농장,돼지,250,경기도 이천시 모가면 송곡리 70번지,경기도 이천시 모가면 진상미로 992-113,37.1513198991,127.4931080944,20260423,
이천시,평신흥목장,소,67,경기도 이천시 설성면 행죽리 122번지 3호,경기도 이천시 설성면 진상미로264번길 183-19,37.1116451238,127.5365734929,20260423,
이천시,평화목장,소,14,경기도 이천시 모가면 소사리 90번지 1호,경기도 이천시 모가면 소사리 90번지 1호,,,20260423,
이천시,푸른농장,소,25,경기도 이천시 모가면 소고리 142번지 2호,경기도 이천시 모가면 공원로 216-60,,,20260423,
이천시,푸른들목장,소,100,경기도 이천시 설성면 자석리 273번지 8호 외 1필지,경기도 이천시 설성면 자석로14번길 31,37.1718156860,127.5526159165,20260423,
이천시,푸른목장,소,28,경기도 이천시 대월면 초지리 339번지 외 2필지,경기도 이천시 대월면 대장로 367-16,37.2206563431,127.4883789774,20260423,
이천시,푸마2농장,소,0,경기도 이천시 대월면 구시리 120번지 1호,경기도 이천시 대월면 다솔로53번길 149,37.2122375303,127.5075806403,20260423,
이천시,푸마농장,소,257,경기도 이천시 대월면 구시리 490번지 10호,경기도 이천시 대월면 대월로 592,37.2107447746,127.4982093480,20260423,
이천시,풍운농장,소,72,경기도 이천시 부발읍 신하리 326번지,경기도 이천시 부발읍 대산로532번길 109-15,37.2606605626,127.4865684197,20260423,
이천시,풍진목장,소,39,경기도 이천시 설성면 행죽리 844번지,경기도 이천시 설성면 진상미로264번길 146,37.1121742497,127.5379311765,20260423,
이천시,플라자농장,소,64,경기도 이천시 모가면 소사리 181번지 2호,경기도 이천시 모가면 대월로261번길 141-8,,,20260423,
이천시,피그넷,돼지,7020,경기도 이천시 설성면 장능리 304번지 5호,경기도 이천시 설성면 진상미로451번길 45,37.1132498041,127.5196691966,20260423,
이천시,피그애플,돼지,1905,경기도 이천시 신둔면 도암리 29번지 2호,경기도 이천시 신둔면 석동로 207,,,20260423,
이천시,하경농장,돼지,900,경기도 이천시 백사면 내촌리 21번지,경기도 이천시 백사면 내촌리 21번지,37.3198794400,127.5097768457,20260423,
이천시,하나농장,돼지,1500,경기도 이천시 대월면 도리리 375번지 1호 외 3필지,경기도 이천시 대월면 대월로667번길 359-73,37.2061791941,127.4840987956,20260423,
이천시,하나농장,돼지,1350,경기도 이천시 설성면 대죽리 320번지,경기도 이천시 설성면 진상미로 989-147,37.1429091408,127.4870734517,20260423,
이천시,하나멜목장,소,88,경기도 이천시 모가면 어농리 821번지 2호 외 4필지,경기도 이천시 모가면 사실로 784-16,37.1805289605,127.4401793404,20260423,
이천시,하나목장,소,103,경기도 이천시 모가면 소고리 548번지 2호,경기도 이천시 모가면 사실로1012번길 294-9,,,20260423,
이천시,하나목장,소,45,경기도 이천시 마장면 관리 754번지 외 2필지,경기도 이천시 마장면 마도로248번길 86-25,37.2810752533,127.3516484312,20260423,
이천시,하늘 농장,소,26,경기도 이천시 백사면 송말리 521번지 4호,경기도 이천시 백사면 송말리 521번지 4호,37.3449120863,127.4742697139,20260423,
이천시,하늘농장,돼지,630,경기도 이천시 설성면 대죽리 432번지 3호,경기도 이천시 설성면 대죽리 432번지 3호,,,20260423,
이천시,하늘농장,소,50,경기도 이천시 설성면 수산리 158번지,경기도 이천시 설성면 진상미로 825-38,37.1379159449,127.5024433079,20260423,
이천시,하늘목장,소,60,경기도 이천시 모가면 신갈리 250번지,경기도 이천시 모가면 사실로1026번길 73-51,37.2002670781,127.4539903385,20260423,
이천시,하늘소농장,소,70,경기도 이천시 모가면 원두리 96번지 2호,경기도 이천시 모가면 진상미로1458번길 57-26,37.1882040296,127.4779170882,20260423,
이천시,하늘염소농장,염소,200,"경기도 이천시 설성면 신필리 267번지 ,267-1",경기도 이천시 설성면 설장로245번길 52-16,37.1343562009,127.5439994900,20260423,
이천시,하람농장,돼지,1790,경기도 이천시 율면 고당리 505번지 1호 외 2필지,경기도 이천시 율면 고당로 82-21,37.0901500663,127.5445702918,20260423,
이천시,한가족목장,소,5,경기도 이천시 호법면 후안리 405번지 1호 외 2필지,경기도 이천시 호법면 이섭대천로527번길 195,37.2276958535,127.4184083810,20260423,
이천시,한강수목장,소,30,경기도 이천시 설성면 상봉리 150번지 2호,경기도 이천시 설성면 설가로301번길 119,,,20260423,
이천시,한규목장,소,97,경기도 이천시 설성면 신필리 63번지 2호,경기도 이천시 설성면 설장로 306,,,20260423,
이천시,한돈농장,소,39,경기도 이천시 장호원읍 와현리 산 49번지 10호,경기도 이천시 장호원읍 나래천로352번길 283,37.1677950866,127.6066792425,20260423,
이천시,한들목장,소,77,경기도 이천시 율면 북두리 334번지,경기도 이천시 율면 주래본죽로608번길 195-33,37.0691796802,127.5241857598,20260423,
이천시,한빛농장,소,13,경기도 이천시 마장면 표교리 261번지,경기도 이천시 마장면 중부대로644번길 45-16,37.2522762756,127.4050758042,20260423,
이천시,한사랑목장,소,145,경기도 이천시 장호원읍 송산리 673번지 7호,경기도 이천시 장호원읍 서동대로 8489-28,,,20260423,
이천시,한사랑목장2,소,4,경기도 이천시 장호원읍 송산리 673-5,경기도 이천시 장호원읍 송산리 673-5,37.1161155786,127.5787255598,20260423,
이천시,한아름농장,돼지,3600,경기도 이천시 율면 월포리 966번지 34호,경기도 이천시 율면 임오산로200번길 56-222,37.0857990040,127.5612726992,20260423,
이천시,한얼농장,돼지,1000,경기도 이천시 율면 신추리 405번지 4호,경기도 이천시 율면 신추리 405번지 4호,,,20260423,
이천시,한우농장,소,38,경기도 이천시 호법면 단천리 178번지 2호,경기도 이천시 호법면 이섭대천로309번길 176,,,20260423,
이천시,한우목장,소,30,경기도 이천시 설성면 신필리 62번지 1호,경기도 이천시 설성면 설장로 307,,,20260423,
이천시,한우목장,소,50,경기도 이천시 신둔면 마교리 225번지 2호,경기도 이천시 신둔면 황무로 293-26,,,20260423,
이천시,한울농장,돼지,900,경기도 이천시 율면 본죽리 498번지 2호,경기도 이천시 율면 일생로407번길 65,,,20260423,
이천시,한울소농장,소,3,경기도 이천시 호법면 동산리 451번지,경기도 이천시 호법면 동산리 451번지,37.1999271578,127.3998001040,20260423,
이천시,한일목장,소,43,경기도 이천시 대월면 송라리 219번지 5호,경기도 이천시 대월면 다솔로211번길 21-18,37.2009910861,127.5181577296,20260423,
이천시,해경농장,소,15,경기도 이천시 대월면 송라리 226번지 8호 외 4필지,경기도 이천시 대월면 다솔로 200-44,37.1997432512,127.5148294049,20260423,
이천시,해오름목장,소,38,경기도 이천시 백사면 백우리 339번지 5호,경기도 이천시 백사면 청백리로499번길 316-65,37.3299194208,127.5055746740,20260423,
이천시,해일목장,소,38,경기도 이천시 호법면 매곡리 331번지 1호,경기도 이천시 호법면 덕평로581번길 178-15,,,20260423,
이천시,해진농장,돼지,1350,경기도 이천시 호법면 단천리 77번지,경기도 이천시 호법면 이섭대천로263번길 136-19,37.2315059127,127.4026442816,20260423,
이천시,해혁농장,소,40,경기도 이천시 설성면 신필리 283번지 1호,경기도 이천시 설성면 설장로211번길 35-7,,,20260423,
이천시,햇사레목장,소,30,경기도 이천시 장호원읍 나래리 343번지,경기도 이천시 장호원읍 나래천로467번길 45,37.1736329515,127.5888442616,20260423,
이천시,행두농장,소,160,경기도 이천시 대월면 송라리 172번지 24호,경기도 이천시 대월면 다솔로163번길 58-176,,,20260423,
이천시,행복한농장,소,7,경기도 이천시 설성면 자석리 587번지,경기도 이천시 설성면 경충대로961번길 25-19,37.1784189649,127.5611596328,20260423,
이천시,행죽목장,소,87,경기도 이천시 설성면 행죽리 128번지,경기도 이천시 설성면 행죽리 128번지,37.1136169168,127.5367050198,20260423,
이천시,행진농장,돼지,2500,경기도 이천시 장호원읍 이황리 436번지 9호,경기도 이천시 장호원읍 경충대로597번길 158-65,37.1578958127,127.5758163013,20260423,
이천시,행진농장2농장,돼지,800,경기도 이천시 장호원읍 이황리 436번지 34호,경기도 이천시 장호원읍 경충대로597번길 158-65,37.1578958127,127.5758163013,20260423,
이천시,향유목장1,소,0,경기도 이천시 대월면 초지리 494-1.494-8,경기도 이천시 대월면 대월로 690-45,37.2175109800,127.4981966439,20260423,
이천시,향유목장2,소,0,경기도 이천시 대월면 초지리 494-7.494-9,경기도 이천시 대월면 대월로 690-45,37.2172838801,127.4981670703,20260423,
이천시,혁돈목장,소,56,경기도 이천시 설성면 상봉리 306번지 2호,경기도 이천시 설성면 설가로321번길 116-26,,,20260423,
이천시,현대농장,돼지,500,경기도 이천시 마장면 관리 1044번지 4호,경기도 이천시 마장면 마도로223번길 473,,,20260423,
이천시,현덕농장,돼지,4500,경기도 이천시 설성면 장능리 41번지 6호 외 13필지,경기도 이천시 설성면 설장로122번길 148-66,37.1229827445,127.5366307415,20260423,
이천시,현수농장,소,13,경기도 이천시 백사면 송말리 219번지 11호,경기도 이천시 백사면 송말리 219번지 11호,,,20260423,
이천시,현이네농장,소,2,경기도 이천시 장호원읍 어석리 253번지 1호,경기도 이천시 장호원읍 어석로 214,,,20260423,
이천시,현전목장,소,47,경기도 이천시 대포동 269번지 1호,경기도 이천시 대장로 85-41 (대포동),,,20260423,
이천시,현하목장,소,120,경기도 이천시 율면 월포리 451번지 9호,경기도 이천시 율면 고월로179번길 174,37.0925135808,127.5608654750,20260423,
이천시,현희목장,소,35,경기도 이천시 부발읍 신원리 48번지 1호,경기도 이천시 부발읍 중부대로1949번길 7-74,37.2952444659,127.5211883351,20260423,
이천시,형원목장,소,90,경기도 이천시 모가면 소고리 198번지,경기도 이천시 모가면 공원로175번길 33-18,37.1849985656,127.4578414206,20260423,
이천시,형제농장,돼지,0,경기도 이천시 설성면 대죽리 391번지 9호,경기도 이천시 설성면 대죽로223번길 61,,,20260423,
이천시,형제농장,돼지,700,경기도 이천시 율면 본죽리 200번지 5호,경기도 이천시 율면 주래본죽로590번길 240-26,37.0716542663,127.5182208926,20260423,
이천시,형제농장,돼지,1200,경기도 이천시 설성면 대죽리 392번지 1호,경기도 이천시 설성면 대죽로223번길 52,,,20260423,
이천시,형제농장,소,70,경기도 이천시 백사면 도립리 216번지,경기도 이천시 백사면 원적로926번길 30,37.3409198960,127.4792046227,20260423,
이천시,형제사슴목장,사슴,20,경기도 이천시 부발읍 아미리 23번지 11호,경기도 이천시 부발읍 황무로1852번길 121-28,37.2600297064,127.5122699465,20260423,
이천시,혜성농장,돼지,1000,경기도 이천시 설성면 송계리 200번지,경기도 이천시 설성면 송계리 200번지,37.1656740308,127.5143191567,20260423,
이천시,혜인목장,소,40,경기도 이천시 장호원읍 이황리 299번지 4호,경기도 이천시 장호원읍 이풍로63번길 3-33,37.1683645036,127.5821360984,20260423,
이천시,호광,소,0,경기도 이천시 모가면 소고리 523번지,경기도 이천시 모가면 사실로1012번길 248-27,37.1897562629,127.4531291544,20260423,
이천시,호광목장,소,75,경기도 이천시 모가면 소고리 193번지,경기도 이천시 모가면 공원로175번길 33-12,37.1843226125,127.4581459845,20260423,
이천시,호민목장,소,15,경기도 이천시 대월면 초지리 541번지 10호,경기도 이천시 대월면 대월로667번길 61-42,,,20260423,
이천시,호법목장,소,42,경기도 이천시 호법면 동산리 295번지,경기도 이천시 호법면 관진로 123-13,37.2123259019,127.4050695228,20260423,
이천시,호산나농장,돼지,2000,경기도 이천시 부발읍 죽당리 25번지 1호,경기도 이천시 부발읍 죽당로360번길 156,37.2762064792,127.5282328098,20260423,
이천시,호영농장,소,70,경기도 이천시 마장면 각평리 420번지 1호,경기도 이천시 마장면 덕이로154번길 140,,,20260423,
이천시,호태목장,소,22,경기도 이천시 대월면 도리리 136번지 14호,경기도 이천시 대월면 대월로557번길 186-47,,,20260423,
이천시,홍우농장,염소,3,경기도 이천시 대포동 599,경기도 이천시 대포동 599,37.2075688890,127.4549663685,20260423,
이천시,환진농장,소,120,경기도 이천시 백사면 송말리 640번지 외 4필지,경기도 이천시 백사면 원적로869번길 36-45,37.3430283780,127.4751961281,20260423,
이천시,환희농장,소,13,경기도 이천시 모가면 소고리 149번지 24호 외 1필지,경기도 이천시 모가면 공원로 208-22,37.1823132169,127.4603552157,20260423,
이천시,황돈농장,돼지,800,경기도 이천시 설성면 송계리 179번지,경기도 이천시 설성면 설가로 400-20,37.1699698422,127.5119850319,20260423,
이천시,황새울목장,소,18,경기도 이천시 백사면 백우리 324번지 1호,경기도 이천시 백사면 현방로66번길 337,,,20260423,
이천시,황우농장,소,210,경기도 이천시 장호원읍 와현리 64번지 9호,경기도 이천시 장호원읍 나래천로352번길 216,37.1662849466,127.6031866078,20260423,
이천시,황토농장,소,47,경기도 이천시 백사면 조읍리 621번지 3호,경기도 이천시 백사면 조읍리 621번지 3호,37.3195761192,127.4720383730,20260423,
이천시,효광목장,소,90,경기도 이천시 마장면 각평리 14번지,경기도 이천시 마장면 덕이로100번길 92-81,37.2299534913,127.3807428182,20260423,
이천시,후안목장,소,233,경기도 이천시 호법면 후안리 445번지,경기도 이천시 호법면 이섭대천로527번길 110,37.2252372028,127.4216574553,20260423,
이천시,훈이농장,소,45,경기도 이천시 신둔면 수광리 46번지,경기도 이천시 신둔면 황무로 572-11,37.3053925115,127.4125243984,20260423,
이천시,훈혁목장,소,58,경기도 이천시 부발읍 가산리 210번지,경기도 이천시 부발읍 황무로2065번길 189,37.2421896035,127.5214334971,20260423,
이천시,흥농목장,소,135,경기도 이천시 대월면 송라리 179번지 3호,경기도 이천시 대월면 다솔로163번길 134-19,,,20260423,
이천시,흥원농장,소,40,경기도 이천시 대월면 부필리 397번지 2호,경기도 이천시 대월면 경충대로1687번길 264,37.2285438790,127.5092437311,20260423,
이천시,흥천목장,소,60,경기도 이천시 설성면 장천리 12번지 12호,경기도 이천시 설성면 신암로 273,,,20260423,
이천시,흥천목장,소,300,경기도 이천시 설성면 장천리 산 118번지 6호,경기도 이천시 설성면 신암로 273,37.1494560979,127.5409564906,20260423,
이천시,희아목장,소,177,경기도 이천시 율면 북두리 320번지 1호,경기도 이천시 율면 주래본죽로612번길 198-10,,,20260423,
이천시,희연농장,산양,9,경기도 이천시 율면 월포리 803번지 4호,경기도 이천시 율면 고월로312번길 76,,,20260423,
파주시,JB행복농장,돼지,,경기도 파주시 적성면 배우니안길 187,경기도 파주시 적성면 객현리 138번지,37.9747603267,126.9563562660,20250715,
파주시,JC농장,사슴,,경기도 파주시 법원읍 초리골길 76-42,경기도 파주시 법원읍 법원리 396번지 1호,37.8492548703,126.8883071836,20250715,
파주시,가나안농장,염소,,,경기도 파주시 하지석동 459번지 4호,37.7576481310,126.7355204084,20250715,
파주시,각우농장,소,,경기도 파주시 광탄면 혜음로 1300-281,경기도 파주시 광탄면 창만리 544번지 1호,37.8008102796,126.8529713871,20250715,
파주시,갈곡흑염소농장,염소,,,경기도 파주시 법원읍 갈곡리 335번지 3호,,,20250715,
파주시,갈현농장,소,,경기도 파주시 탄현면 장릉로 157,경기도 파주시 탄현면 갈현리 1185번지,37.7652147402,126.7065144336,20250715,
파주시,감악산 그린농원,염소,,경기도 파주시 적성면 술이홀로 2095-66,경기도 파주시 적성면 식현리 299번지 7호,37.9412982633,126.8976851809,20250715,
파주시,감천목장,소,,경기도 파주시 적성면 배우니안길 171,경기도 파주시 적성면 객현리 136번지,37.9741051465,126.9569531568,20250715,
파주시,강씨농장,소,,경기도 파주시 법원읍 술이홀로1584번길 63-10,경기도 파주시 법원읍 웅담리 255번지 9호,37.9004204739,126.8898517029,20250715,
파주시,객현목장,소,,,경기도 파주시 적성면 객현리 117번지,37.9688414252,126.9591890690,20250715,
파주시,거진축산,돼지,,경기도 파주시 법원읍 술이홀로1131번길 67,경기도 파주시 법원읍 법원리 656번지,37.8690415048,126.8802873004,20250715,
파주시,건국목장,소,,경기도 파주시 파평면 자장로 61-13,경기도 파주시 파평면 장파리 563번지,37.9521866120,126.8406847267,20250715,
파주시,경기농장,염소,,경기도 파주시 월롱면 도감로 225-172,경기도 파주시 월롱면 도내리 725번지 29호,37.7979665706,126.8092997261,20250715,
파주시,경문목장,소,,"경기도 파주시 파평면 금마루4길 41, 경문목장",경기도 파주시 파평면 금파리 401번지 1호 경문목장,37.9322827339,126.8352525801,20250715,
파주시,경복농장,소,,경기도 파주시 법원읍 술이홀로 1638-38,경기도 파주시 법원읍 웅담리 333번지 2호,37.9079408241,126.8940326670,20250715,
파주시,경성목장,소,,경기도 파주시 파평면 장마루1길 91,경기도 파주시 파평면 장파리 1050번지,37.9378427158,126.8414956906,20250715,
파주시,경성목장,소,,경기도 파주시 파평면 장마루1길 215-17,경기도 파주시 파평면 덕천리 579번지 4호,37.9387185202,126.8450043643,20250715,
파주시,경성목장,소,,경기도 파주시 파평면 장마루1길 127-50,경기도 파주시 파평면 덕천리 630번지 1호,37.9388061729,126.8445597572,20250715,
파주시,경수농장,소,,,경기도 파주시 광탄면 용미리 250번지 1호,37.7340920171,126.8878462281,20250715,
파주시,경승목장,소,,,경기도 파주시 적성면 장현리 39번지 3호,,,20250715,
파주시,경업목장,소,,경기도 파주시 법원읍 가좌울길 135,경기도 파주시 법원읍 가야리 146번지 1호,37.8576446565,126.8592500710,20250715,
파주시,경영목장,소,,"경기도 파주시 법원읍 만월로 876-5, 윤경영목장",경기도 파주시 법원읍 웅담리 364번지 2호 윤경영목장,37.9101784369,126.8962553566,20250715,
파주시,경운목장,소,,경기도 파주시 탄현면 평화로574번길 132-8,경기도 파주시 탄현면 갈현리 1823번지,37.7781150242,126.7217745723,20250715,
파주시,경지양돈,돼지,,경기도 파주시 적성면 산덕골길 395 (장현리 153등 20필지),경기도 파주시 적성면 장현리 153번지 2호 (장현리 153등 20필지),37.9787220746,126.9773692170,20250715,
파주시,경진목장,소,,,경기도 파주시 파평면 두포리 197번지 5호,,,20250715,
파주시,경찬목장,소,,경기도 파주시 적성면 구읍로106번길 194 (외 1필지(91-3)),경기도 파주시 적성면 구읍리 91번지 2호 외 1필지(91-3),37.9679887779,126.9365852821,20250715,
파주시,경춘목장,소,,"경기도 파주시 적성면 구읍로106번길 55, 경춘목장",경기도 파주시 적성면 구읍리 57번지 1호 외 1필지(산1-13),37.9735006538,126.9338789149,20250715,
파주시,고구려목장,소,,경기도 파주시 적성면 어못내길 150-45,경기도 파주시 적성면 어유지리 136번지,38.0014216767,126.9929946550,20250715,
파주시,고도농장,돼지,,경기도 파주시 파평면 듸링거리길 117-204,"경기도 파주시 파평면 덕천리 199번지 , 338, 338-3, 339-1",37.9407144836,126.8654943727,20250715,
파주시,고령목장,소,,경기도 파주시 법원읍 둔방이길 147,경기도 파주시 법원읍 삼방리 251번지 2호,37.8339336259,126.8781491793,20250715,
파주시,골샘목장,소,,경기도 파주시 탄현면 방촌로 1098,경기도 파주시 탄현면 낙하리 606번지,37.8279582165,126.7413186362,20250715,
파주시,곰소농장,염소,,경기도 파주시 법원읍 술이홀로1584번길 70-6,경기도 파주시 법원읍 웅담리 255번지 18호,37.9011931340,126.8893789708,20250715,
파주시,곰시목장,소,,경기도 파주시 법원읍 만월로 813,경기도 파주시 법원읍 웅담리 197번지 2호 곰시목장,37.9080739866,126.9024494653,20250715,
파주시,관정목장,소,,,경기도 파주시 적성면 구읍리 254번지 9호,,,20250715,
파주시,광만목장,소,,경기도 파주시 파주읍 여울길 310-160,경기도 파주시 파주읍 부곡리 1번지 3호,37.8132769119,126.8386500693,20250715,
파주시,광연목장,소,,경기도 파주시 법원읍 못말길 371-35,경기도 파주시 법원읍 동문리 324번지,37.8700365600,126.8574259483,20250715,
파주시,광탄농장,소,,경기도 파주시 광탄면 보광로 1432-50,경기도 파주시 광탄면 창만리 348번지 11호,37.8032838875,126.8636390143,20250715,
파주시,광탄목장,소,,경기도 파주시 광탄면 부흥로 194-24,경기도 파주시 광탄면 방축리 549번지,37.8022497790,126.8674305200,20250715,
파주시,광해목장,소,,경기도 파주시 법원읍 보광로1987번길 137-15,경기도 파주시 법원읍 가야리 242번지 1호,37.8448827287,126.8560303342,20250715,
파주시,교하목장,소,,,경기도 파주시 교하동 597번지,37.7546306797,126.7417507127,20250715,
파주시,교하축산한우단지(7),소,,경기도 파주시 산남로132번길 49-191,경기도 파주시 산남동 720번지 1호,37.6898751749,126.6907359153,20250715,
파주시,교하축산한우단지1,소,,경기도 파주시 산남로132번길 49-184,경기도 파주시 산남동 712번지 1호,37.6905856813,126.6905126941,20250715,
파주시,교하축산한우단지3,소,,경기도 파주시 산남로132번길 49-180,경기도 파주시 산남동 711번지,37.6909986198,126.6902700200,20250715,
파주시,교하축산한우단지4,소,,경기도 파주시 산남로132번길 49-173,경기도 파주시 산남동 721번지,37.6903842304,126.6913655385,20250715,
파주시,교하축산한우단지5,소,,경기도 파주시 산남로132번길 49-173,경기도 파주시 산남동 721번지 1호,37.6903842304,126.6913655385,20250715,
파주시,교하축산한우단지6,소,,경기도 파주시 산남로132번길 49-173,경기도 파주시 산남동 721번지 2호,37.6903842304,126.6913655385,20250715,
파주시,교하축산한우단지8,소,,경기도 파주시 산남로132번길 49-191,경기도 파주시 산남동 720번지,37.6898751749,126.6907359153,20250715,
파주시,굿모닝농장2,소,,,"경기도 파주시 법원읍 동문리 214번지 1호 외 3필지(-2,-3,216)",37.8725193229,126.8603425945,20250715,
파주시,규현목장,소,,경기도 파주시 광탄면 보광로 762-17,경기도 파주시 광탄면 마장리 17번지 20호,37.7725244338,126.8983756619,20250715,
파주시,그날농장,돼지,,,경기도 파주시 파평면 마산리 306번지 2호,,,20250715,
파주시,근배목장,소,,경기도 파주시 파주읍 오봉골길 103,"경기도 파주시 파주읍 부곡리 240번지 1호 외 2필지(-18,-23)",37.8266777066,126.8256562263,20250715,
파주시,근환목장,소,,경기도 파주시 적성면 배우니안길 112-20,경기도 파주시 적성면 객현리 131번지 10호,37.9718879166,126.9588936236,20250715,
파주시,금곡목장,소,,경기도 파주시 파평면 장마루1길 101,경기도 파주시 파평면 장파리 1048번지,37.9374765175,126.8420907194,20250715,
파주시,금곡목장,소,,경기도 파주시 파평면 장마루1길 127-12,경기도 파주시 파평면 덕천리 657번지 외 1필지(658),37.9372244356,126.8437544449,20250715,
파주시,금교농장,소,,경기도 파주시 금물다리길 98-5(맥금동),경기도 파주시 맥금동 235번지 1호,37.7675569845,126.7308093694,20250715,
파주시,금산농장,염소,,,경기도 파주시 탄현면 금산리 91번지,37.7943043246,126.7102790977,20250715,
파주시,금산목장,소,,경기도 파주시 탄현면 방촌로649번길 191,"경기도 파주시 탄현면 금산리 97번지 , 97-9",37.7977109672,126.7098357297,20250715,
파주시,금산목장,소,,,경기도 파주시 파평면 덕천리 74번지 19호,37.9413240020,126.8831724205,20250715,
파주시,금산목장2,소,,경기도 파주시 파평면 청송로652번길 176,"경기도 파주시 파평면 덕천리 76번지 3호 외 3필지(74-33,-12,-11)",37.9387258488,126.8847668342,20250715,
파주시,금성농장,돼지,,경기도 파주시 파주읍 여울길 148,경기도 파주시 파주읍 부곡리 74번지,37.8112321835,126.8324767723,20250715,
파주시,금소농장,염소,,경기도 파주시 적성면 장마루16길 315,경기도 파주시 적성면 답곡리 268번지 1호,37.9517382656,126.8540970021,20250715,
파주시,금승목장,소,,경기도 파주시 탄현면 월롱산로 412-39,경기도 파주시 탄현면 금승리 229번지 5호,37.8111423989,126.7515561886,20250715,
파주시,금신목장,소,,,경기도 파주시 맥금동 373번지 1호,,,20250715,
파주시,기쁜목장,소,,경기도 파주시 적성면 아랫배우니길 156-7,경기도 파주시 적성면 객현리 28번지,37.9657436843,126.9614091445,20250715,
파주시,기택목장,소,,,경기도 파주시 파평면 율곡리 167번지,,,20250715,
파주시,기홍농장,소,,경기도 파주시 광탄면 광탄천로 479,경기도 파주시 광탄면 방축리 818번지,37.8075289571,126.8455287295,20250715,
파주시,꿀이농장,돼지,,경기도 파주시 파평면 파산서원길 307-239,"경기도 파주시 파평면 장파리 1094번지 ,1096",37.9425643926,126.8526750415,20250715,
파주시,나무네농장,소,,,경기도 파주시 하지석동 459번지 2호,37.7576481310,126.7355204084,20250715,
파주시,나영목장,소,,"경기도 파주시 적성면 장뜰길 117, 나영목장",경기도 파주시 적성면 장현리 395번지 2호 나영목장,37.9795488925,126.9707932914,20250715,
파주시,낙하목장,소,,경기도 파주시 탄현면 동오리길 171,경기도 파주시 탄현면 낙하리 223번지 2호,37.8375799790,126.7365037868,20250715,
파주시,내유목장,소,,경기도 파주시 조리읍 둑방길 295-31,경기도 파주시 조리읍 대원리 1185번지,37.7330181138,126.8264157907,20250715,
파주시,노영목장,소,,,경기도 파주시 법원읍 가야리 120번지 4호,,,20250715,
파주시,놀뫼목장,소,,경기도 파주시 조리읍 둑방길 371,경기도 파주시 조리읍 대원리 7번지 9호,37.7293298912,126.8324296429,20250715,
파주시,농업회사법인 주식회사 장강축산,돼지,,"경기도 파주시 적성면 듸링거리길 525-34 (답곡리 144,143,144-1,142-2)","경기도 파주시 적성면 답곡리 144번지 등4(답곡리 143,144-1,142-2)",37.9554769651,126.8587425994,20250715,
파주시,농업회사법인 파주그랜드팜 주식회사,소,,경기도 파주시 적성면 어못내길 53-60,"경기도 파주시 적성면 어유지리 180번지 1호 외 4필지(180-3, 180-6, 184, 185-1)",38.0050480069,126.9874908353,20250715,
파주시,농지목장,소,,,경기도 파주시 법원읍 대능리 184번지,37.8410886448,126.8699169526,20250715,
파주시,높은골목장,소,,경기도 파주시 광탄면 만장산로 390-56,경기도 파주시 광탄면 창만리 206번지 3호,37.7981475049,126.8790399526,20250715,
파주시,높은골목장2,소,,"경기도 파주시 광탄면 만장산로 408-64 (창만리 836, 837)","경기도 파주시 광탄면 창만리 836번지 , 837",37.7986110407,126.8797743882,20250715,
파주시,누엘목장,소,,경기도 파주시 파평면 듸링거리길 117-32 (누엘목장),경기도 파주시 파평면 덕천리 210번지 1호,37.9449662267,126.8734701760,20250715,
파주시,늘벗목장,소,,경기도 파주시 적성면 윗배우니길 101-41,경기도 파주시 적성면 객현리 176번지,37.9739795904,126.9512612220,20250715,
파주시,다복농장,염소,,경기도 파주시 광탄면 혜음로1401번길 169-22,경기도 파주시 광탄면 창만리 705번지 1호,37.8026862861,126.8385968485,20250715,
파주시,다사랑목장,소,,"경기도 파주시 적성면 어삼로182번길 100, 90","경기도 파주시 적성면 어유지리 460번지 (어유지리 460,460-1,494,494-3,494-4,495,495-1)",38.0057827661,126.9783162478,20250715,
파주시,다시원목장,소,,경기도 파주시 적성면 아랫배우니길 55 (동두천목장),"경기도 파주시 적성면 객현리 114번지 1호 외 3필지((114, 108-1, 108-26)",37.9685167946,126.9568690894,20250715,
파주시,다아름목장,소,,,경기도 파주시 적성면 답곡리 439번지 7호,,,20250715,
파주시,다우팜,소,,경기도 파주시 적성면 어못내길 177-39,"경기도 파주시 적성면 어유지리 180번지 8호 외 8필지(180-11, 180-13, 180-18, 182, 183, 183-1, 188, 190)",38.0053211609,126.9881268064,20250715,
파주시,다은목장,소,,,경기도 파주시 탄현면 금승리 525번지 1호,,,20250715,
파주시,단양농장,소,,"경기도 파주시 법원읍 화합로 166-60, 단양농장",경기도 파주시 법원읍 법원리 411번지 3호 단양농장,37.8444202237,126.8858693898,20250715,
파주시,담안농장,소,,,"경기도 파주시 적성면 장현리 419번지 , 420",37.9782730836,126.9671357898,20250715,
파주시,답곡목장,소,,"경기도 파주시 적성면 듸링거리길 294, 답곡목장","경기도 파주시 적성면 답곡리 752 외 2필지(753, 766)",37.9498340827,126.8669069798,20250715,
파주시,당지농장,돼지,,"경기도 파주시 파평면 청송로266번길 39-107, 당지농장",경기도 파주시 파평면 금파리 81번지 당지농장,37.9250005807,126.8498138504,20250715,
파주시,대선형목장,소,,,경기도 파주시 광탄면 영장리 324번지,37.7695653741,126.9013744572,20250715,
파주시,대양농장,돼지,,경기도 파주시 파평면 파산서원길 130,경기도 파주시 파평면 눌노리 280번지 8호,37.9345494101,126.8522104971,20250715,
파주시,대종목장,소,,경기도 파주시 적성면 장뜰길 311,경기도 파주시 적성면 장현리 207번지 5호,37.9730780187,126.9748930215,20250715,
파주시,대한농장,돼지,,,경기도 파주시 적성면 객현리 113번지,37.9692115031,126.9566033677,20250715,
파주시,대혁목장,염소,,,경기도 파주시 법원읍 삼방리 288번지 5호,,,20250715,
파주시,덕수농장,소,,경기도 파주시 문산읍 율곡로123번길 101,경기도 파주시 문산읍 당동리 406번지,37.8738702652,126.7713087240,20250715,
파주시,덕암목장,소,,경기도 파주시 월롱면 도감로 225-38,경기도 파주시 월롱면 도내리 490번지 5호,37.7919094656,126.8092425413,20250715,
파주시,덕암목장,소,,경기도 파주시 법원읍 못말길 392-51,"경기도 파주시 법원읍 동문리 386번지 7호 , 386-8",37.8728704396,126.8515457385,20250715,
파주시,덕암목장,염소,,경기도 파주시 조리읍 전지미말길 134,"경기도 파주시 조리읍 뇌조리 477번지 (478, 476-30, 476-6, 476-27)",37.7693787525,126.8204316973,20250715,
파주시,덕은 사슴목장,사슴,,경기도 파주시 월롱면 통일로642번길 127,경기도 파주시 월롱면 영태리 400번지 2호,37.7673770330,126.7972426686,20250715,
파주시,덕은목장,소,,경기도 파주시 월롱면 휴암로 116-72,경기도 파주시 월롱면 덕은리 348번지,37.8018569007,126.7860680969,20250715,
파주시,덕은사슴목장,사슴,,,경기도 파주시 월롱면 영태리 408번지,37.7671913520,126.7991421845,20250715,
파주시,덕이농장,소,,경기도 파주시 파평면 청송로266번길 39-139,"경기도 파주시 파평면 금파리 78번지 3호 외 2필지(78-4,78-5)",37.9255034343,126.8527449949,20250715,
파주시,도곡농장,소,,경기도 파주시 탄현면 오금로80번길 169,"경기도 파주시 탄현면 오금리 42번지 9호 , 42-23 , 44-2",37.8251879374,126.7160422884,20250715,
파주시,도내리농장,소,,경기도 파주시 월롱면 도감로 225-16,경기도 파주시 월롱면 도내리 492-4,37.7911037911,126.8101813586,20250715,
파주시,도담이농장,돼지,,경기도 파주시 파평면 파산서원길 434-26,"경기도 파주시 파평면 덕천리 154번지 외 3필지(154-1, -2, -3)",37.9368658448,126.8637977083,20250715,
파주시,도상목장,소,,경기도 파주시 탄현면 열살미길 81-12,경기도 파주시 탄현면 축현리 603번지 4호,37.8079559904,126.7229723753,20250715,
파주시,도희목장,소,,경기도 파주시 적성면 장마루16길 255-11,경기도 파주시 적성면 답곡리 439번지 8호,37.9509013130,126.8494149033,20250715,
파주시,돈우리농장,돼지,,"경기도 파주시 적성면 율곡로 2951-49 (어유지리 7, 10)","경기도 파주시 적성면 어유지리 10번지 (어유지리 7, 10)",37.9952796619,126.9961916991,20250715,
파주시,돌풍목장,소,,경기도 파주시 광탄면 보광로 1239,경기도 파주시 광탄면 창만리 395번지 1호,37.7902678348,126.8634212963,20250715,
파주시,동녘농장,소,,,경기도 파주시 적성면 율포리 242번지 1호,,,20250715,
파주시,동서목장,소,,경기도 파주시 적성면 율곡로 2734-36,경기도 파주시 적성면 장현리 274번지 1호,37.9854212821,126.9759438134,20250715,
파주시,동우농장,돼지,,경기도 파주시 파평면 파산서원길 434-122,경기도 파주시 파평면 덕천리 144번지,37.9369877777,126.8613499650,20250715,
파주시,동이목장,소,,,경기도 파주시 적성면 객현리 95번지 1호,37.9638201602,126.9598541928,20250715,
파주시,동적성목장,소,,,경기도 파주시 적성면 장현리 72번지 1호,,,20250715,
파주시,두산농장,염소,,,경기도 파주시 군내면 정자리 549번지,37.9142238156,126.7491658483,20250715,
파주시,두산목장,소,,,경기도 파주시 군내면 백연리 480번지 69호,,,20250715,
파주시,두원농장,소,,경기도 파주시 탄현면 가시내길 126-104,경기도 파주시 탄현면 법흥리 1107번지 1호,37.7811904288,126.7220716499,20250715,
파주시,두지목장,소,,"경기도 파주시 적성면 말굽두리길 68-22, 두지목장",경기도 파주시 적성면 마지리 201번지 4호 두지목장,37.9597408295,126.9087928625,20250715,
파주시,두희목장,소,,"경기도 파주시 적성면 어못내길 53-78 (어유지리 193,193-2)","경기도 파주시 적성면 어유지리 193번지 (어유지리 193,193-2)",38.0034582703,126.9846315475,20250715,
파주시,마일농장,사슴,,,경기도 파주시 광탄면 마장리 267번지 4호,,,20250715,
파주시,마장목장,소,,경기도 파주시 광탄면 보광로 762-17,경기도 파주시 광탄면 마장리 17번지 13호,37.7725244338,126.8983756619,20250715,
파주시,마하연목장,소,,경기도 파주시 광탄면 쇠장이길 39,경기도 파주시 광탄면 기산리 663번지 3호,37.7771528805,126.9082060274,20250715,
파주시,만나농장,돼지,,경기도 파주시 적성면 듸링거리길 525-32,"경기도 파주시 적성면 답곡리 205번지 외 4필지(205-1, 205-2, 206, 206-1)",37.9556858721,126.8573862244,20250715,
파주시,만성목장,소,,,경기도 파주시 탄현면 축현리 236번지 4호,,,20250715,
파주시,명광농장,소,,경기도 파주시 법원읍 술이홀로 1574,경기도 파주시 법원읍 웅담리 275번지 2호,37.9030755148,126.8891245470,20250715,
파주시,명기목장,소,,경기도 파주시 적성면 배우니안길 152,경기도 파주시 적성면 객현리 132번지,37.9743157440,126.9576689089,20250715,
파주시,명문목장,염소,,경기도 파주시 조리읍 봉천로 125-90,경기도 파주시 조리읍 봉일천리 300번지 44호,37.7453898189,126.7980408578,20250715,
파주시,명산사슴농장,사슴,,경기도 파주시 광탄면 호주골길 171,경기도 파주시 광탄면 용미리 545번지 47호 명산사슴농장,37.7339957324,126.8746166884,20250715,
파주시,모산목장,소,,경기도 파주시 탄현면 검산로519번길 6-36,경기도 파주시 탄현면 축현리 349번지,37.8015656665,126.7243229041,20250715,
파주시,목림목장,소,,경기도 파주시 검산로 297 (검산동),경기도 파주시 검산동 446번지,37.7972835467,126.7407805952,20250715,
파주시,목진목장,소,,경기도 파주시 법원읍 술이홀로 1012-22,경기도 파주시 법원읍 법원리 561번지,37.8601337418,126.8814418675,20250715,
파주시,문바위목장,소,,경기도 파주시 적성면 율곡로3064번길 102-1 (문바위목장),경기도 파주시 적성면 적암리 106번지 1호,37.9833702551,127.0017276034,20250715,
파주시,문안목장,소,,경기도 파주시 적성면 율곡로3064번길 218,경기도 파주시 적성면 적암리 230번지 1호,37.9841054290,126.9986936089,20250715,
파주시,문평목장,소,,경기도 파주시 법원읍 자운서원로 292-37,경기도 파주시 법원읍 동문리 산 16번지 7호,37.8683418671,126.8590323815,20250715,
파주시,미성농장,소,,경기도 파주시 법원읍 술이홀로1584번길 70-37,경기도 파주시 법원읍 웅담리 261번지 5호,37.8999437933,126.8883087374,20250715,
파주시,미현목장,소,,경기도 파주시 법원읍 칡울길 274,경기도 파주시 법원읍 갈곡리 91번지 5호,37.8566440951,126.9164378253,20250715,
파주시,민둘이목장,소,,경기도 파주시 광탄면 검전말길 3-74,경기도 파주시 광탄면 방축리 446번지,37.8070031323,126.8449767316,20250715,
파주시,민영농장,소,,,경기도 파주시 적성면 객현리 396번지 1호,37.9753709369,126.9462049592,20250715,
파주시,민이목장,소,,경기도 파주시 법원읍 둔방이길 477,경기도 파주시 법원읍 삼방리 109번지 1호,37.8347896362,126.8954156654,20250715,
파주시,민희낙농,소,,,경기도 파주시 문산읍 임진리 60번지 20호,,,20250715,
파주시,바산목장,소,,,경기도 파주시 법원읍 동문리 437번지 1호,,,20250715,
파주시,박찬목장,소,,"경기도 파주시 적성면 아랫배우니길 200, 박찬목장",경기도 파주시 적성면 객현리 24번지 박찬목장,37.9658449903,126.9638560649,20250715,
파주시,박필목장,소,,경기도 파주시 광탄면 토란길 157,경기도 파주시 광탄면 발랑리 254번지 1호,37.7975181838,126.8949358250,20250715,
파주시,반달농장,돼지,,경기도 파주시 법원읍 파평산로 36,경기도 파주시 법원읍 금곡리 291번지,37.8898399049,126.8762121671,20250715,
파주시,밤고지목장,소,,,경기도 파주시 파평면 마산리 269번지 4호,,,20250715,
파주시,방죽골농장,소,,"경기도 파주시 적성면 율곡로2663번길 131, 방죽골농장",경기도 파주시 적성면 장현리 285번지 방죽골농장,37.9881888932,126.9720636204,20250715,
파주시,방호목장,소,,경기도 파주시 탄현면 배나무길 133,경기도 파주시 탄현면 축현리 200번지 3호,37.8132461012,126.7297561687,20250715,
파주시,배울안농장,소,,경기도 파주시 월롱면 도감로172번길 122,경기도 파주시 월롱면 위전리 58번지 5호,37.7886253971,126.8010391898,20250715,
파주시,백산목장,소,,경기도 파주시 적성면 관고개길 16-14,"경기도 파주시 적성면 가월리 116번지 14호 외 4필지(1803,1804,129-13,1799-1)",37.9775286029,126.9171101820,20250715,
파주시,백호목장,소,,,경기도 파주시 법원읍 금곡리 457번지 1호,,,20250715,
파주시,백호목장,소,,경기도 파주시 법원읍 파평산로 58,경기도 파주시 법원읍 금곡리 460번지 1호,37.8915830284,126.8751966373,20250715,
파주시,버드네농장,소,,,경기도 파주시 광탄면 용미리 369번지 2호,,,20250715,
파주시,버드네농장2,소,,경기도 파주시 광탄면 양천말길 5-76,경기도 파주시 광탄면 용미리 492번지,37.7439669780,126.8751230147,20250715,
파주시,버들목장,소,,경기도 파주시 적성면 장뜰길 314,경기도 파주시 적성면 장현리 204번지,37.9728664567,126.9739381419,20250715,
파주시,범준목장,소,,경기도 파주시 검산로 215 (검산동),경기도 파주시 검산동 417번지,37.7914690535,126.7420099236,20250715,
파주시,베테랑목장,소,,경기도 파주시 적성면 배우니안길 112-19,경기도 파주시 적성면 객현리 131번지 4호,37.9723748032,126.9589355914,20250715,
파주시,베텔목장,소,,"경기도 파주시 적성면 청송로699번길 52-21, 베델목장",경기도 파주시 적성면 식현리 201번지 4호 베델목장,37.9465415800,126.8833472755,20250715,
파주시,변산농장,돼지,,경기도 파주시 적성면 말굽두리길 170,경기도 파주시 적성면 마지리 228번지 6호,37.9557455632,126.9064913976,20250715,
파주시,변산농장2,소,,경기도 파주시 적성면 말굽두리길 199,경기도 파주시 적성면 마지리 230번지 1호,37.9546467291,126.9066368320,20250715,
파주시,보람목장,소,,경기도 파주시 적성면 담안길 67-32,경기도 파주시 적성면 장현리 433번지,37.9753109597,126.9663832077,20250715,
파주시,보리농장,염소,,,경기도 파주시 탄현면 만우리 238번지,37.8209536682,126.6976375005,20250715,
파주시,보막목장,소,,경기도 파주시 적성면 배우니안길 64,경기도 파주시 적성면 객현리 125번지,37.9698837167,126.9601265393,20250715,
파주시,보성농장,염소,,,경기도 파주시 광탄면 방축리 100번지 9호,,,20250715,
파주시,보현산2농장,소,,경기도 파주시 탄현면 열살미길 81-57,경기도 파주시 탄현면 축현리 569번지 15호,37.8074929190,126.7210914723,20250715,
파주시,보현산농장,소,,경기도 파주시 탄현면 열살미길 81-59,경기도 파주시 탄현면 축현리 569번지 1호,37.8075180780,126.7208072086,20250715,
파주시,복순농장,소,,경기도 파주시 파주읍 정문로 695-176,경기도 파주시 파주읍 백석리 225번지 1호,37.8177844093,126.8089901258,20250715,
파주시,봉서농장,소,,경기도 파주시 파주읍 우계로 109-64,경기도 파주시 파주읍 파주리 322번지,37.8381683982,126.8130276859,20250715,
파주시,봉석목장,소,,경기도 파주시 조리읍 둑방길 296-35,경기도 파주시 조리읍 대원리 1249번지 번지 외 1필지(1250),37.7303217569,126.8277452637,20250715,
파주시,봉석목장2,소,,경기도 파주시 조리읍 둑방길 296-23,경기도 파주시 조리읍 대원리 1247번지,37.7307672598,126.8284221344,20250715,
파주시,부곡농장,돼지,,"경기도 파주시 파주읍 혜음로 1614-55, 보은농장","경기도 파주시 파주읍 연풍리 20번지 , 19, 20-1, 21, 23, 24, 24-1",37.8224538659,126.8486579462,20250715,
파주시,부곡농장2,소,,경기도 파주시 파주읍 혜음로 1614-87,경기도 파주시 파주읍 연풍리 22번지,37.8224246575,126.8498966980,20250715,
파주시,부삼목장,소,,"경기도 파주시 월롱면 정문로488번길 206-19 (도내리 44, 44-29, 53-2, 53-4)","경기도 파주시 월롱면 도내리 44번지 , 44-29, 53-2, 53-4",37.7980873725,126.8302211318,20250715,
파주시,부승농장,돼지,,경기도 파주시 파평면 장마루1길 253,경기도 파주시 파평면 덕천리 580번지 2호,37.9396123628,126.8469083316,20250715,
파주시,부원농장,돼지,,경기도 파주시 문산읍 화석정로37번길 98,경기도 파주시 문산읍 선유리 348번지 3호,37.8779159836,126.8008557507,20250715,
파주시,부원농장,돼지,,,경기도 파주시 광탄면 분수리 64번지 2호,,,20250715,
파주시,부일농장,소,,"경기도 파주시 문산읍 마정로162번길 21, 부일농장",경기도 파주시 문산읍 마정리 496번지 2호 부일농장,37.8928926222,126.7562793409,20250715,
파주시,부흥농장,돼지,,경기도 파주시 조리읍 둑방길 360,경기도 파주시 조리읍 대원리 1290번지,37.7305812441,126.8305799874,20250715,
파주시,불빛목장,소,,,경기도 파주시 광탄면 영장리 67번지 1호,,,20250715,
파주시,산승목장,소,,경기도 파주시 법원읍 술이홀로584번길 49,경기도 파주시 법원읍 대능리 552번지 3호,37.8311886511,126.8521379971,20250715,
파주시,삼거리농장,소,,경기도 파주시 조리읍 능안로265번길 25-44,경기도 파주시 조리읍 능안리 1524번지,37.7346918193,126.7831613505,20250715,
파주시,삼남목장,소,,,경기도 파주시 적성면 객현리 108번지 7호,,,20250715,
파주시,삼마농장,돼지,,경기도 파주시 적성면 듸링거리길 326-80,경기도 파주시 적성면 답곡리 2번지,37.9535847698,126.8705171985,20250715,
파주시,삼성농장,소,,,경기도 파주시 탄현면 낙하리 197번지 2호,,,20250715,
파주시,삼성목장,소,,경기도 파주시 탄현면 엘지로583번길 83-67,경기도 파주시 탄현면 금승리 539번지,37.8196255020,126.7391883780,20250715,
파주시,삼양종축,소,,경기도 파주시 법원읍 술이홀로1494번길 110,경기도 파주시 법원읍 웅담리 268번지 3호,37.9018146748,126.8875766549,20250715,
파주시,삼포농장,염소,,,경기도 파주시 법원읍 직천리 440번지 2호,,,20250715,
파주시,상골목장,소,,경기도 파주시 방촌로396번길 83-4 (맥금동),경기도 파주시 맥금동 1213번지,37.7836482450,126.7271335205,20250715,
파주시,상민농장,염소,,,경기도 파주시 법원읍 갈곡리 147번지 1호,,,20250715,
파주시,상신축산,소,,경기도 파주시 파평면 청송로266번길 50-43,"경기도 파주시 파평면 금파리 113번지 , 113-1, 113-2, 112-2, 112-3, 48, 48-2, 48-6",37.9236121287,126.8448539365,20250715,
파주시,상원목장,소,,,경기도 파주시 법원읍 법원리 152번지,37.8586409104,126.8984080007,20250715,
파주시,상지농장,염소,,경기도 파주시 조리읍 솔아래길 162-144,경기도 파주시 조리읍 능안리 1575번지,37.7442411145,126.7794485000,20250715,
파주시,상현농장,소,,,경기도 파주시 탄현면 오금리 42번지 14호,,,20250715,
파주시,상훈농장,소,,경기도 파주시 문산읍 당동1로 115-46,경기도 파주시 문산읍 당동리 159번지,37.8634183344,126.7674440189,20250715,
파주시,상훈농장2,소,,경기도 파주시 적성면 어삼로182번길 76,"경기도 파주시 적성면 어유지리 458번지 , 459",38.0049870862,126.9777409690,20250715,
파주시,새기운목장,소,,경기도 파주시 파평면 자장로17번길 106,경기도 파주시 파평면 장파리 544번지,37.9537995147,126.8390084585,20250715,
파주시,새대성목장,소,,경기도 파주시 파평면 자장로17번길  78,경기도 파주시 파평면 장파리 567번지,37.9521120266,126.8386365821,20250715,
파주시,새대한목장,소,,,경기도 파주시 광탄면 방축리 20번지 2호,37.8102360319,126.8670971160,20250715,
파주시,새땅농장,소,,"경기도 파주시 적성면 청송로661번길 90-17, 새땅목장",경기도 파주시 적성면 식현리 40번지 1호 새땅목장,37.9466242120,126.8802053017,20250715,
파주시,새론목장,소,,,"경기도 파주시 적성면 객현리 10번지 등 7(11-1,11-2,11-3,29-2,105-3,105-5)",37.9670145000,126.9614508697,20250715,
파주시,새만복목장,소,,"경기도 파주시 법원읍 술이홀로998번길 81, 새만복목장",경기도 파주시 법원읍 법원리 296번지 2호 새만복목장,37.8598069905,126.8844457758,20250715,
파주시,새말농장,돼지,,경기도 파주시 문산읍 방촌로1294번길 83,경기도 파주시 문산읍 내포리 765번지,37.8386338846,126.7546992752,20250715,
파주시,새벽2목장,소,,경기도 파주시 조리읍 둑방길 390,경기도 파주시 조리읍 대원리 1311번지 1호,37.7291238925,126.8310697252,20250715,
파주시,새벽농장,돼지,,경기도 파주시 적성면 듸링거리길 257-46,경기도 파주시 적성면 답곡리 31번지 2호,37.9490954915,126.8653198613,20250715,
파주시,새벽목장,소,,경기도 파주시 조리읍 둑방길 296-53,"경기도 파주시 조리읍 대원리 1251번지 , 1252",37.7296275207,126.8277061473,20250715,
파주시,새선영목장,소,,경기도 파주시 파주읍 봉암길 304,경기도 파주시 파주읍 봉암리 37번지 1호,37.8285419433,126.8067762493,20250715,
파주시,새신한목장,소,,"경기도 파주시 적성면 구읍로 62, 새신한목장",경기도 파주시 적성면 구읍리 254번지 10호 새신한목장,37.9717424935,126.9300100087,20250715,
파주시,새실농장,소,,경기도 파주시 탄현면 월롱산로 555,경기도 파주시 탄현면 금승리 503번지 7호,37.8216959431,126.7443937195,20250715,
파주시,새영랑목장,소,,경기도 파주시 파평면 장마루1길 127-44,경기도 파주시 파평면 덕천리 631번지 1호,37.9385780727,126.8440610542,20250715,
파주시,새용성목장,소,,경기도 파주시 적성면 술이홀로 2052-51,경기도 파주시 적성면 마지리 358번지 3호,37.9409951176,126.9036397101,20250715,
파주시,새우리농장,소,,경기도 파주시 탄현면 새오리로 318-54,경기도 파주시 탄현면 대동리 269번지,37.8101817028,126.6934007134,20250715,
파주시,새일목장,소,,,경기도 파주시 파평면 율곡리 281번지,37.8804315643,126.8155714846,20250715,
파주시,샘말목장,소,,경기도 파주시 파주읍 정문로642번길 30,경기도 파주시 파주읍 부곡리 429번지,37.8124648386,126.8195030006,20250715,
파주시,서부목장,소,,경기도 파주시 적성면 듸링거리길 320-60,경기도 파주시 적성면 답곡리 59번지 2호,37.9503264692,126.8696458222,20250715,
파주시,서울농장,돼지,,경기도 파주시 파주읍 여울길 273,경기도 파주시 파주읍 부곡리 147번지 2호,37.8146430492,126.8284128572,20250715,
파주시,서울농장,소,,경기도 파주시 적성면 장뜰길 384-120,"경기도 파주시 적성면 장현리 184번지 1호 외 3필지(184-2, 185-2, 185-3)",37.9670510040,126.9774974987,20250715,
파주시,서울농장,소,,경기도 파주시 탄현면 방촌로 1104,경기도 파주시 탄현면 낙하리 604번지,37.8284022376,126.7416890751,20250715,
파주시,서울농장,소,,경기도 파주시 탄현면 새오리로427번길 148-188,"경기도 파주시 탄현면 만우리 664번지 , 663, 289-8",37.8240172815,126.6987836784,20250715,
파주시,서재목장,소,,경기도 파주시 적성면 배우니안길 163,경기도 파주시 적성면 객현리 133번지 11호,37.9732585989,126.9570960209,20250715,
파주시,서희목장,소,,경기도 파주시 적성면 솥뒤로123번길 51-11,경기도 파주시 적성면 두지리 2번지 5호,37.9609056334,126.9056416293,20250715,
파주시,석청목장,소,,"경기도 파주시 적성면 청송로661번길 106, 석청목장",경기도 파주시 적성면 식현리 19번지 5호 석청목장,37.9461330400,126.8793558239,20250715,
파주시,선국농장,소,,,경기도 파주시 광탄면 용미리 322번지,37.7338645048,126.8792056165,20250715,
파주시,선망목장,소,,"경기도 파주시 파평면 장마루1길 127-38, 선망목장",경기도 파주시 파평면 덕천리 633번지 선망목장,37.9382720950,126.8441434347,20250715,
파주시,선여울농장,소,,,경기도 파주시 조리읍 뇌조리 533번지 3호,37.7712583746,126.8156516118,20250715,
파주시,선유농장,돼지,,경기도 파주시 광탄면 소라울1길 56,경기도 파주시 광탄면 창만리 419번지 1호,37.7886309503,126.8657408450,20250715,
파주시,선진농장,소,,경기도 파주시 법원읍 웅담천길 154,경기도 파주시 법원읍 웅담리 373번지 15호,37.9127553433,126.8978610999,20250715,
파주시,선환목장,소,,경기도 파주시 적성면 아랫배우니길 70-19,경기도 파주시 적성면 객현리 108번지 18호,37.9666600003,126.9568372297,20250715,
파주시,설순목장,소,,,경기도 파주시 탄현면 금승리 229번지 2호,,,20250715,
파주시,설악목장,소,,경기도 파주시 파평면 배머리길 811-15,경기도 파주시 파평면 마산리 299번지,37.8842711993,126.8514344048,20250715,
파주시,설연주목장,소,,경기도 파주시 법원읍 칡울길 128,경기도 파주시 법원읍 갈곡리 144번지 2호,37.8529089188,126.9102494916,20250715,
파주시,설연주목장,소,,,경기도 파주시 법원읍 갈곡리 295번지 1호,,,20250715,
파주시,설연주목장,소,,경기도 파주시 적성면 장마루16길 315-100,경기도 파주시 적성면 답곡리 231번지 1호,37.9544979038,126.8560534203,20250715,
파주시,성우농장,소,,경기도 파주시 탄현면 엘지로583번길 87,"경기도 파주시 탄현면 금승리 527번지 외 4필지(533,-1,-2,528)",37.8215426889,126.7373962042,20250715,
파주시,성우목장,소,,경기도 파주시 탄현면 방촌로1076번길 19,경기도 파주시 탄현면 낙하리 609번지,37.8267622849,126.7403536683,20250715,
파주시,성은목장,소,,경기도 파주시 검산로 288 (검산동),경기도 파주시 검산동 438번지 3호,37.7966071590,126.7421164412,20250715,
파주시,성좌목장,소,,경기도 파주시 탄현면 검산로 423-10,경기도 파주시 탄현면 축현리 210번지 6호,37.8058286088,126.7325481934,20250715,
파주시,성준농장,소,,경기도 파주시 법원읍 술이홀로 1724,경기도 파주시 법원읍 웅담리 392번지 1호,37.9152200590,126.8969195016,20250715,
파주시,성준염소농장,염소,,,경기도 파주시 문산읍 운천리 19번지 4호,37.8801853450,126.7878049560,20250715,
파주시,성지목장,소,,경기도 파주시 법원읍 대경터길 76,경기도 파주시 법원읍 법원리 583번지,37.8620002418,126.8764696315,20250715,
파주시,성현목장,소,,,경기도 파주시 법원읍 웅담리 154번지 1호,,,20250715,
파주시,성훈농장,소,,경기도 파주시 광탄면 광탄천로 419,경기도 파주시 광탄면 방축리 782번지 2호,37.8052677963,126.8376650489,20250715,
파주시,세동농장,염소,,,경기도 파주시 법원읍 법원리 338번지 1호,,,20250715,
파주시,세실리아목장,염소,,경기도 파주시 적성면 동서로 262,경기도 파주시 적성면 장현리 473번지 1호,37.9777925642,126.9630973682,20250715,
파주시,세일농장,소,,경기도 파주시 조리읍 둑방길 413,경기도 파주시 조리읍 대원리 17번지 2호,37.7285471995,126.8326863245,20250715,
파주시,세일농장,소,,경기도 파주시 조리읍 둑방길 190,경기도 파주시 조리읍 대원리 1176번지,37.7326430537,126.8238771041,20250715,
파주시,세일농장1,소,,,경기도 파주시 조리읍 대원리 17번지,37.7288679292,126.8320252613,20250715,
파주시,세환농장,소,,,경기도 파주시 문산읍 이천리 산 57번지,37.8759930749,126.8387876970,20250715,
파주시,세훈농장,소,,,경기도 파주시 탄현면 축현리 561번지 22호,,,20250715,
파주시,소라농장,소,,,경기도 파주시 송촌동 187번지 1호,,,20250715,
파주시,소라지농장,소,,,경기도 파주시 송촌동 520번지 1호,,,20250715,
파주시,소령목장,소,,경기도 파주시 광탄면 기산로 84-3,경기도 파주시 광탄면 영장리 246번지,37.7750596950,126.9077798637,20250715,
파주시,소화목장,소,,,경기도 파주시 광탄면 방축리 688번지,37.8086465246,126.8554666498,20250715,
파주시,솔빈목장,소,,,경기도 파주시 광탄면 용미리 429번지 1호,,,20250715,
파주시,송도목장,염소,,경기도 파주시 법원읍 칡울길 101-72,경기도 파주시 법원읍 갈곡리 304번지,37.8561198616,126.9071205713,20250715,
파주시,송정목장,소,,경기도 파주시 적성면 양연로845번길 140,경기도 파주시 적성면 적암리 116번지,37.9829317785,127.0067522906,20250715,
파주시,솥배미농장,돼지,,경기도 파주시 파평면 배머리길 857-129,"경기도 파주시 파평면 마산리 374번지 1호 외 6필지(-2,-3,-4,375,376,365-1)",37.8832688525,126.8462008495,20250715,
파주시,수민목장,소,,"경기도 파주시 적성면 배우니안길 76, 수민목장",경기도 파주시 적성면 객현리 127번지 수민목장,37.9705545317,126.9590058778,20250715,
파주시,수색목장,소,,경기도 파주시 탄현면 열살미길 81-51,경기도 파주시 탄현면 축현리 809번지,37.8077601342,126.7206115448,20250715,
파주시,수양목장,소,,경기도 파주시 탄현면 방촌로 494-24,경기도 파주시 탄현면 법흥리 13번지 1호,37.7893771449,126.7211453939,20250715,
파주시,수옥목장,소,,,경기도 파주시 적성면 객현리 110번지 1호,,,20250715,
파주시,수한목장,소,,경기도 파주시 조리읍 둑방길 140-87,경기도 파주시 조리읍 대원리 1191번지,37.7315035165,126.8247726425,20250715,
파주시,수현목장,소,,,경기도 파주시 적성면 객현리 6번지,37.9672391638,126.9622480605,20250715,
파주시,숙정목장,소,,경기도 파주시 적성면 장뜰길 392,경기도 파주시 적성면 장현리 192번지 2호,37.9706488907,126.9778932515,20250715,
파주시,순만농장,돼지,,,경기도 파주시 적성면 장현리 375번지 5호,,,20250715,
파주시,순일농장,소,,경기도 파주시 적성면 어삼로182번길 87,경기도 파주시 적성면 어유지리 492번지,38.0061614447,126.9763201911,20250715,
파주시,순택목장,소,,경기도 파주시 탄현면 동오리길 212-20,"경기도 파주시 탄현면 낙하리 201번지 3호 외 2필지(-7, -8)",37.8397201995,126.7357543698,20250715,
파주시,술이홀농장,돼지,,경기도 파주시 적성면 배우니안길 115,경기도 파주시 적성면 객현리 130번지,37.9720905921,126.9578902180,20250715,
파주시,승록목장,소,,"경기도 파주시 적성면 율곡로 2533-45, 승록목장",경기도 파주시 적성면 율포리 188번지 11호 승록목장,37.9805327012,126.9533645207,20250715,
파주시,승일사슴목장,사슴,,,경기도 파주시 광탄면 용미리 산 85번지,37.7333894517,126.8861634529,20250715,
파주시,승진농장,염소,,경기도 파주시 적성면 율곡로 2951-52,경기도 파주시 적성면 어유지리 9번지,37.9950405630,126.9971841771,20250715,
파주시,시티즌랜드,염소,,,경기도 파주시 법원읍 직천리 721번지,37.9024358150,126.9100804109,20250715,
파주시,식현2농장,소,,경기도 파주시 적성면 장마루16길 417-10,경기도 파주시 적성면 답곡리 805번지,37.9523272109,126.8596122739,20250715,
파주시,신곡목장,소,,,경기도 파주시 법원읍 가야리 261번지 2호,,,20250715,
파주시,신그린목장,소,,경기도 파주시 광탄면 보광로 795,경기도 파주시 광탄면 마장리 30번지 3호,37.7712382057,126.8936171822,20250715,
파주시,신방축농장,소,,경기도 파주시 광탄면 검전윗길 27,경기도 파주시 광탄면 방축리 407번지 3호,37.8099299615,126.8477909822,20250715,
파주시,신백설목장,소,,경기도 파주시 법원읍 둔방이길 108-9,경기도 파주시 법원읍 삼방리 214번지,37.8328475480,126.8772946350,20250715,
파주시,신사목장,소,,경기도 파주시 월롱면 정문로488번길 162-41,경기도 파주시 월롱면 도내리 118번지 2호,37.7973561490,126.8284330931,20250715,
파주시,신성농장,소,,경기도 파주시 월롱면 외화산길 439-96,경기도 파주시 월롱면 도내리 100번지 4호,37.7998121958,126.8339880594,20250715,
파주시,신안주목장,소,,경기도 파주시 문산읍 문현말길 314-85,경기도 파주시 문산읍 내포리 688번지 2호,37.8356755955,126.7629681714,20250715,
파주시,신영진목장,소,,경기도 파주시 광탄면 부흥로 194-20,경기도 파주시 광탄면 방축리 548번지,37.8026213709,126.8678135674,20250715,
파주시,심경목장,소,,경기도 파주시 적성면 아랫배우니길 80-33,경기도 파주시 적성면 객현리 92번지 4호,37.9656879590,126.9571290016,20250715,
파주시,아람농장,소,,경기도 파주시 적성면 동서로 416,"경기도 파주시 적성면 장현리 298번지 14호 , 300-3",37.9870050639,126.9774129546,20250715,
파주시,아사비목장,소,,경기도 파주시 적성면 배우니안길 219-34 (아사비목장),경기도 파주시 적성면 객현리 185번지,37.9739128833,126.9543586314,20250715,
파주시,아세아목장,소,,경기도 파주시 적성면 윗배우니길 256,경기도 파주시 적성면 객현리 226번지 1호,37.9668482944,126.9527373798,20250715,
파주시,안나목장,소,,경기도 파주시 광탄면 장지산로432번길 88,경기도 파주시 광탄면 분수리 265번지,37.7666581581,126.8626132438,20250715,
파주시,안드레아목장,소,,경기도 파주시 적성면 담안길 10-31,경기도 파주시 적성면 장현리 474번지,37.9779879279,126.9624583098,20250715,
파주시,앞동산목장,소,,경기도 파주시 광탄면 보광로553번길 58-1,경기도 파주시 광탄면 영장리 69번지 6호,37.7574462110,126.9038447858,20250715,
파주시,애축목장,소,,,경기도 파주시 파주읍 부곡리 266번지 27호,,,20250715,
파주시,애축목장,소,,,경기도 파주시 파주읍 부곡리 248번지 16호,,,20250715,
파주시,야당목장,소,,경기도 파주시 적성면 배우니안길 219-114,경기도 파주시 적성면 객현리 193번지,37.9706066035,126.9546677345,20250715,
파주시,양지농장,염소,,,경기도 파주시 상지석동 151번지 4호,,,20250715,
파주시,양지목장,소,,경기도 파주시 광탄면 양지말길 172-25,경기도 파주시 광탄면 용미리 664번지 1호,37.7520673777,126.8628860001,20250715,
파주시,양천말한우 목장,소,,경기도 파주시 광탄면 양천말길 43-95,경기도 파주시 광탄면 용미리 426번지 4호,37.7456648231,126.8791722575,20250715,
파주시,에덴농장,돼지,,경기도 파주시 법원읍 못말길 392-93,경기도 파주시 법원읍 동문리 383번지,37.8741568488,126.8511023913,20250715,
파주시,엘지농장,염소,,경기도 파주시 법원읍 자운서원로 109-1,경기도 파주시 법원읍 가야리 18번지 3호,37.8594080973,126.8720579378,20250715,
파주시,여명농장,소,,경기도 파주시 파주읍 약수골길 5,경기도 파주시 파주읍 연풍리 336번지 17호,37.8244021437,126.8376076990,20250715,
파주시,여명목장2,소,,,경기도 파주시 월롱면 도내리 73번지,37.7965496958,126.8285026127,20250715,
파주시,여문목장,소,,경기도 파주시 법원읍 가좌울길 260,경기도 파주시 법원읍 가야리 129번지 1호,37.8593051723,126.8629644024,20250715,
파주시,여송목장,소,,경기도 파주시 적성면 양연로845번길 98,경기도 파주시 적성면 적암리 115번지 3호,37.9817439777,127.0072043322,20250715,
파주시,여정목장,소,,경기도 파주시 법원읍 술이홀로1584번길 88,경기도 파주시 법원읍 웅담리 255번지 12호,37.9001095044,126.8889784493,20250715,
파주시,여흥목장,소,,경기도 파주시 적성면 장뜰길 430,경기도 파주시 적성면 장현리 182번지 6호,37.9692515035,126.9798385982,20250715,
파주시,연준목장,소,,경기도 파주시 법원읍 사임당로530번길 63,경기도 파주시 법원읍 동문리 672번지 1호,37.8554153529,126.8407291326,20250715,
파주시,연풍사슴농장,사슴,,경기도 파주시 파주읍 술이홀로 559,경기도 파주시 파주읍 연풍리 3번지 4호,37.8305900276,126.8481887011,20250715,
파주시,영민농장,소,,경기도 파주시 파평면 자장로17번길 84,경기도 파주시 파평면 장파리 551번지,37.9525791359,126.8399641298,20250715,
파주시,영복농장,염소,,,경기도 파주시 광탄면 방축리 583번지,37.8104579166,126.8620837576,20250715,
파주시,영상농장,소,,,경기도 파주시 파평면 덕천리 582번지 10호,,,20250715,
파주시,영신농장,소,,,경기도 파주시 월롱면 도내리 490번지 1호,37.7928635448,126.8096362832,20250715,
파주시,영신농장,염소,,경기도 파주시 광탄면 토란길 160-11,경기도 파주시 광탄면 발랑리 258번지 1호,37.7964724338,126.8931383709,20250715,
파주시,영일사슴,사슴,,"경기도 파주시 광탄면 장지산로118번길 56, 영일사슴",경기도 파주시 광탄면 용미리 93번지 1호 영일사슴,37.7475920208,126.8874763724,20250715,
파주시,영창목장,소,,경기도 파주시 적성면 아랫배우니길 132-23,경기도 파주시 적성면 객현리 103번지 3호,37.9651799497,126.9603317478,20250715,
파주시,영하목장,소,,,경기도 파주시 법원읍 갈곡리 272번지 3호,,,20250715,
파주시,예형목장,소,,경기도 파주시 탄현면 방촌로 732-157,경기도 파주시 탄현면 축현리 567번지,37.8136132034,126.7225268135,20250715,
파주시,오뚜기목장,소,,"경기도 파주시 적성면 배우니안길 112-8, 오뚜기목장","경기도 파주시 적성면 객현리 131번지 6호 , 131-11",37.9719942858,126.9585057387,20250715,
파주시,오봉농장,소,,,경기도 파주시 월롱면 덕은리 689번지,37.8206982960,126.7658887132,20250715,
파주시,오현농장,소,,경기도 파주시 법원읍 만월로675번길 112-98,경기도 파주시 법원읍 직천리 856번지,37.9022947900,126.9038497809,20250715,
파주시,옥석목장,소,,경기도 파주시 적성면 산덕골길 69,경기도 파주시 적성면 장현리 62번지 2호,37.9893667447,126.9856639696,20250715,
파주시,완호목장,소,,경기도 파주시 광탄면 보광로553번길 58,"경기도 파주시 광탄면 영장리 67번지 3호 외 4필지 (68,70-1,70-2,70-4)",37.7561827494,126.9053080103,20250715,
파주시,왕근목장,소,,경기도 파주시 법원읍 술이홀로 1027-24,경기도 파주시 법원읍 법원리 574번지,37.8604127552,126.8796547301,20250715,
파주시,왕솔방울목장,소,,경기도 파주시 파평면 장마루1길 199,경기도 파주시 파평면 덕천리 646번지,37.9375674653,126.8454697814,20250715,
파주시,왕증목장,소,,"경기도 파주시 적성면 배우니안길 45-14, 왕증목장",경기도 파주시 적성면 객현리 115번지 왕증목장,37.9699901455,126.9577918133,20250715,
파주시,용미농장,소,,경기도 파주시 광탄면 명봉산로352번길 111,"경기도 파주시 광탄면 용미리 809번지 6호 , 812-4",37.7431303066,126.8636209281,20250715,
파주시,용미농장,소,,경기도 파주시 광탄면 혜음로601번길 144,경기도 파주시 광탄면 용미리 608번지 2호,37.7448542334,126.8690997992,20250715,
파주시,용미농장,소,,,경기도 파주시 광탄면 용미리 286번지 3호,,,20250715,
파주시,용미축산,소,,,경기도 파주시 광탄면 용미리 225번지 1호,,,20250715,
파주시,용소농장,소,,,경기도 파주시 탄현면 금승리 270번지,37.8111366093,126.7494497991,20250715,
파주시,우리농장,소,,경기도 파주시 법원읍 바리골길 536-137,경기도 파주시 법원읍 동문리 711번지,37.8534310412,126.8324715618,20250715,
파주시,우성목장,염소,,경기도 파주시 광탄면 혜음로1401번길 87-3,경기도 파주시 광탄면 창만리 1227번지,37.8045753286,126.8443847573,20250715,
파주시,울타리목장,소,,경기도 파주시 파평면 장마루5길 53-62,경기도 파주시 파평면 장파리 321번지,37.9406446387,126.8429160149,20250715,
파주시,웅담농장,소,,경기도 파주시 법원읍 술이홀로1494번길 116,경기도 파주시 법원읍 웅담리 276번지 4호,37.9022681410,126.8881188791,20250715,
파주시,원광농장,소,,경기도 파주시 광탄면 보광로 1237,경기도 파주시 광탄면 창만리 423번지,37.7897486574,126.8640844763,20250715,
파주시,원일목장,소,,경기도 파주시 조리읍 봉천로 125-74,경기도 파주시 조리읍 능안리 300번지 4호,37.7466183218,126.7954753447,20250715,
파주시,원진목장,소,,경기도 파주시 광탄면 보광로553번길 36,경기도 파주시 광탄면 영장리 71번지,37.7573693188,126.9064678101,20250715,
파주시,원축산,소,,,경기도 파주시 광탄면 분수리 34번지 6호,,,20250715,
파주시,원해목장,소,,경기도 파주시 광탄면 만장산로 408-56,경기도 파주시 광탄면 창만리 835번지,37.7988077047,126.8794660579,20250715,
파주시,웰빙농장,돼지,,경기도 파주시 파평면 듸링거리길 87-15,경기도 파주시 파평면 덕천리 329번지 2호,37.9447942095,126.8750194763,20250715,
파주시,유기농장,소,,경기도 파주시 월롱면 정문로394번길 212,경기도 파주시 월롱면 도내리 156번지,37.7911742916,126.8270466427,20250715,
파주시,유니나목장,소,,경기도 파주시 광탄면 만장산로 390-44,경기도 파주시 광탄면 창만리 205번지,37.7982426308,126.8782781266,20250715,
파주시,유명농장,소,,경기도 파주시 파평면 술이홀로 1993-161,경기도 파주시 파평면 덕천리 15번지 32호,37.9316341935,126.8990043676,20250715,
파주시,유원농장,소,,경기도 파주시 광탄면 외화산길 439-69,경기도 파주시 광탄면 신산리 397번지 5호,37.7979149206,126.8363790370,20250715,
파주시,유한농장,돼지,,"경기도 파주시 파평면 배머리길 857-153, 유한농장",경기도 파주시 파평면 마산리 366번지 유한농장,37.8822612212,126.8465281606,20250715,
파주시,윤섭목장,소,,,경기도 파주시 조리읍 대원리 102번지 3호,,,20250715,
파주시,은잔듸목장,소,,경기도 파주시 파평면 술이홀로 2003-238,경기도 파주시 파평면 덕천리 53번지 1호,37.9395423642,126.8892552740,20250715,
파주시,은창목장,소,,경기도 파주시 파평면 청송로402번길 123-10,경기도 파주시 파평면 눌노리 121번지,37.9257013540,126.8576131381,20250715,
파주시,은행농장(염소),염소,,경기도 파주시 파주읍 봉서산로 306,경기도 파주시 파주읍 봉암리 39번지 10호,37.8292242297,126.8078493850,20250715,
파주시,은행목장,소,,경기도 파주시 적성면 듸링거리길 272-17,경기도 파주시 적성면 답곡리 747번지,37.9492913603,126.8682205516,20250715,
파주시,은희네목장,소,,경기도 파주시 탄현면 방촌로 159-4,경기도 파주시 탄현면 갈현리 1488번지,37.7586325608,126.7250779582,20250715,
파주시,이가농장,소,,"경기도 파주시 적성면 서녘놀길 33-283 (어유지리 586,588-1,606-2)","경기도 파주시 적성면 어유지리 586번지 등3(588-1,606-2)",37.9975135665,126.9732723925,20250715,
파주시,이명목장,소,,경기도 파주시 적성면 아랫배우니길 131-17,경기도 파주시 적성면 객현리 107번지 5호,37.9675184033,126.9592672364,20250715,
파주시,이정목장,소,,경기도 파주시 조리읍 둑방길 295-106,경기도 파주시 조리읍 대원리 7번지 4호,37.7312147097,126.8310282196,20250715,
파주시,이정목장2농장,소,,경기도 파주시 조리읍 둑방길 144,경기도 파주시 조리읍 대원리 1192번지,37.7309368872,126.8249820579,20250715,
파주시,이천농장,소,,,경기도 파주시 광탄면 분수리 64번지 1호,,,20250715,
파주시,인규목장,소,,경기도 파주시 탄현면 월롱산로 464-1,경기도 파주시 탄현면 금승리 240번지 4호,37.8139896147,126.7485849489,20250715,
파주시,인왕축산한우,소,,,경기도 파주시 파주읍 연풍리 52번지 1호,37.8209662124,126.8389436690,20250715,
파주시,일포목장,소,,경기도 파주시 적성면 배우니안길 267,경기도 파주시 적성면 객현리 148번지 12호,37.9763229538,126.9532021814,20250715,
파주시,일포목장,소,,경기도 파주시 적성면 배우니안길 219-30,경기도 파주시 적성면 객현리 146번지,37.9750003343,126.9536902003,20250715,
파주시,일품농장,소,,경기도 파주시 파평면 자장로17번길 82,경기도 파주시 파평면 장파리 554번지,37.9530500169,126.8387533789,20250715,
파주시,임마누엘농장,돼지,,경기도 파주시 법원읍 만월로 824-10,경기도 파주시 법원읍 웅담리 195번지 1호,37.9091673316,126.9012234228,20250715,
파주시,임진강목장,소,,경기도 파주시 파평면 파산서원길 133-72,경기도 파주시 파평면 눌노리 619번지,37.9369409790,126.8478878862,20250715,
파주시,임천농장,소,,"경기도 파주시 적성면 장뜰길 407, 임천목장","경기도 파주시 적성면 장현리 179번지 1호 ,-2,-3,-8,-10",37.9706264972,126.9789408497,20250715,
파주시,자명농장,소,,,경기도 파주시 광탄면 방축리 365번지 2호,,,20250715,
파주시,자장목장,소,,경기도 파주시 적성면 국사로398번길 33,"경기도 파주시 적성면 자장리 262번지 3호 외 3(262-1, 262-2, 263-2)",37.9691823933,126.8631546048,20250715,
파주시,장군농장,소,,"경기도 파주시 파평면 자장로 61-23 (장파리 565,566)","경기도 파주시 파평면 장파리 565번지 (장파리 565,566)",37.9517500614,126.8399829303,20250715,
파주시,장성목장,소,,"경기도 파주시 적성면 배우니안길 114, 장성목장",경기도 파주시 적성면 객현리 131번지 1호 장성목장,37.9720918510,126.9581634591,20250715,
파주시,장수농장,소,,,경기도 파주시 당하동 240번지 6호,,,20250715,
파주시,장현목장,소,,경기도 파주시 적성면 장뜰길 225,경기도 파주시 적성면 장현리 222번지 35호,37.9767921078,126.9750715116,20250715,
파주시,재용농장,소,,,경기도 파주시 산남동 507번지,37.7006758315,126.6890915470,20250715,
파주시,재종목장,소,,"경기도 파주시 적성면 달빛길 167, 재종목장",경기도 파주시 적성면 가월리 358번지 2호 재종목장,37.9795405429,126.9120955689,20250715,
파주시,재호농장,돼지,,경기도 파주시 파평면 술이홀로 2003-234,경기도 파주시 파평면 덕천리 53번지,37.9397292815,126.8905397125,20250715,
파주시,재호농장,소,,경기도 파주시 파평면 파산서원길 307-61,경기도 파주시 파평면 덕천리 521번지 1호,37.9402419901,126.8548463203,20250715,
파주시,재환목장,소,,경기도 파주시 문산읍 율곡로123번길 38,경기도 파주시 문산읍 당동리 666번지 1호,37.8712917310,126.7726302793,20250715,
파주시,적암목장,소,,경기도 파주시 적성면 율곡로3064번길 168,경기도 파주시 적성면 적암리 209번지 2호,37.9824364044,127.0004244078,20250715,
파주시,적암목장2,염소,,경기도 파주시 적성면 율곡로3064번길 168,경기도 파주시 적성면 적암리 209번지 2호,37.9824364044,127.0004244078,20250715,
파주시,전나무목장,소,,경기도 파주시 조리읍 둑방길 295-33,경기도 파주시 조리읍 대원리 1184번지,37.7334552583,126.8256287691,20250715,
파주시,전진농장,돼지,,경기도 파주시 파평면 파산서원길 241,경기도 파주시 파평면 덕천리 508번지 3호,37.9383066275,126.8552843048,20250715,
파주시,전진농장,염소,,,경기도 파주시 광탄면 신산리 421번지 3호,,,20250715,
파주시,정선농장,소,,,경기도 파주시 법원읍 동문리 562번지,37.8524047787,126.8459459307,20250715,
파주시,정선목장,소,,,경기도 파주시 법원읍 동문리 555번지 1호,,,20250715,
파주시,정선목장,소,,,"경기도 파주시 문산읍 이천리 496번지 2호 , -6, -7",,,20250715,
파주시,정우 흑염소 농장,염소,,경기도 파주시 적성면 장뜰안길 199-1,경기도 파주시 적성면 장현리 166번지,37.9755281764,126.9806824105,20250715,
파주시,정우성목장,소,,경기도 파주시 적성면 윗배우니길 101-42,경기도 파주시 적성면 객현리 177번지,37.9725319703,126.9520006704,20250715,
파주시,정원농장,소,,경기도 파주시 적성면 윗배우니길 195-12,경기도 파주시 적성면 객현리 194번지 1호,37.9698167007,126.9534212193,20250715,
파주시,정인목장,소,,,"경기도 파주시 법원읍 웅담리 254번지 7호 , 262",37.8993855415,126.8888631915,20250715,
파주시,정진농장,염소,,,경기도 파주시 법원읍 동문리 8번지,37.8729147984,126.8708895978,20250715,
파주시,정진목장,소,,경기도 파주시 조리읍 둑방길 252-3,경기도 파주시 조리읍 대원리 1189번지,37.7324637333,126.8256150649,20250715,
파주시,제일목장,소,,"경기도 파주시 법원읍 파평산로 64, 제일목장",경기도 파주시 법원읍 금곡리 462번지 6호 제일목장,37.8925344908,126.8744607160,20250715,
파주시,조규목장,소,,경기도 파주시 탄현면 월롱산로 470,경기도 파주시 탄현면 금승리 240번지 5호,37.8148731205,126.7486214381,20250715,
파주시,조민목장,소,,경기도 파주시 조리읍 둑방길 254,경기도 파주시 조리읍 대원리 1190번지,37.7319140244,126.8256313992,20250715,
파주시,조산목장,소,,,경기도 파주시 조리읍 뇌조리 89번지 49호,,,20250715,
파주시,종남목장,소,,경기도 파주시 파주읍 섬다리길 53,"경기도 파주시 파주읍 연풍리 329번지 2호 , 329-3",37.8238928899,126.8416232346,20250715,
파주시,종식목장,소,,경기도 파주시 파주읍 정문로 695-205,경기도 파주시 파주읍 백석리 233번지,37.8158910498,126.8073490234,20250715,
파주시,종식목장,소,,경기도 파주시 파주읍 오봉골길 159,경기도 파주시 파주읍 부곡리 220번지 2호,37.8241366250,126.8257588876,20250715,
파주시,종훈농장,돼지,,경기도 파주시 파평면 파산서원길 307-59,"경기도 파주시 파평면 덕천리 513번지 외 2필지(511-2, 514)",37.9394987263,126.8540789544,20250715,
파주시,좋은날목장,소,,경기도 파주시 탄현면 가시내길 192,경기도 파주시 탄현면 법흥리 251번지 1호,37.7829119591,126.7166366947,20250715,
파주시,좋은농장,돼지,,경기도 파주시 능안로231번길 51-28 (상지석동),경기도 파주시 상지석동 1537번지,37.7329094077,126.7850056609,20250715,
파주시,주원농장,소,,경기도 파주시 법원읍 만월로675번길 112-31,경기도 파주시 법원읍 직천리 825번지 1호,37.9021271665,126.9081393634,20250715,
파주시,주현목장,소,,경기도 파주시 파주읍 오봉골길 119-20,경기도 파주시 파주읍 부곡리 223번지,37.8250298423,126.8259212017,20250715,
파주시,준건축산,소,,경기도 파주시 적성면 듸링거리길 494,경기도 파주시 적성면 답곡리 643번지,37.9559226886,126.8611518955,20250715,
파주시,중부농장,소,,경기도 파주시 적성면 듸링거리길 489,경기도 파주시 적성면 답곡리 637번지 2호,37.9555500263,126.8605745992,20250715,
파주시,중앙농장,소,,,경기도 파주시 적성면 장현리 248번지 4호,,,20250715,
파주시,증환목장,소,,경기도 파주시 적성면 배우니안길 150 (증환목장),경기도 파주시 적성면 객현리 132번지 1호,37.9733090680,126.9582683678,20250715,
파주시,지용농장,소,,경기도 파주시 조리읍 둑방길 338-22,경기도 파주시 조리읍 대원리 1270번지,37.7305654590,126.8293885605,20250715,
파주시,지원목장,소,,경기도 파주시 파평면 장마루1길 283-6,경기도 파주시 파평면 덕천리 581번지 1호,37.9400079092,126.8483501447,20250715,
파주시,지원목장,소,,"경기도 파주시 파평면 장마루1길 127-18, 지원목장",경기도 파주시 파평면 덕천리 655번지 지원목장,37.9375219718,126.8437745594,20250715,
파주시,지은농장,돼지,,경기도 파주시 적성면 어못내길 53-66,경기도 파주시 적성면 어유지리 175번지,38.0062158598,126.9866170112,20250715,
파주시,지훈농장,소,,경기도 파주시 적성면 장뜰길 160,"경기도 파주시 적성면 장현리 236번지 7호 ,-8,-11",37.9785386567,126.9726223749,20250715,
파주시,진따배기농장,소,,경기도 파주시 광탄면 장지산로31번길 55,경기도 파주시 광탄면 용미리 214번지 2호,37.7379799381,126.8832427928,20250715,
파주시,진배목장,소,,경기도 파주시 파주읍 오봉골길 119-12,경기도 파주시 파주읍 부곡리 222번지 1호,37.8253443058,126.8257478997,20250715,
파주시,진일목장,소,,경기도 파주시 탄현면 새오리로427번길 156,경기도 파주시 탄현면 만우리 630번지,37.8224637426,126.6956531306,20250715,
파주시,진호농장,돼지,,경기도 파주시 적성면 배우니안길 95,경기도 파주시 적성면 객현리 129번지,37.9710453998,126.9579548307,20250715,
파주시,진화목장,소,,,경기도 파주시 법원읍 대능리 547번지 1호,,,20250715,
파주시,진회목장,소,,경기도 파주시 적성면 담안길 124-34,경기도 파주시 적성면 장현리 450번지 1호,37.9773774189,126.9610053229,20250715,
파주시,차돌박이농장,소,,경기도 파주시 방화리길 126,경기도 파주시 연다산동 610번지,37.7414017694,126.7037723538,20250715,
파주시,찬건농장,소,,경기도 파주시 탄현면 방촌로649번길 152-24,경기도 파주시 탄현면 금산리 104번지,37.7998914225,126.7097329899,20250715,
파주시,창원목장,소,,경기도 파주시 조리읍 둑방길 296-29,경기도 파주시 조리읍 대원리 1248번지,37.7306656627,126.8279918169,20250715,
파주시,창원목장,소,,경기도 파주시 조리읍 둑방길 296-36,경기도 파주시 조리읍 대원리 1222번지,37.7306962108,126.8270269358,20250715,
파주시,천지원목장,소,,경기도 파주시 파평면 술이홀로 1976-25,경기도 파주시 파평면 덕천리 1번지 4호,37.9357487747,126.9052525127,20250715,
파주시,천현목장,소,,경기도 파주시 법원읍 보광로 1999-34,경기도 파주시 법원읍 가야리 319번지,37.8491382748,126.8562888512,20250715,
파주시,천호목장,소,,,경기도 파주시 산남동 687번지,37.6964027689,126.6951885979,20250715,
파주시,철호목장,소,,경기도 파주시 법원읍 사임당로 663-39,경기도 파주시 법원읍 가야리 354번지 1호,37.8547953009,126.8557167661,20250715,
파주시,청마농장,돼지,,경기도 파주시 적성면 배우니안길 101 (남훈농장),경기도 파주시 적성면 객현리 130번지 1호,37.9714881157,126.9581906674,20250715,
파주시,청마농장2,돼지,,경기도 파주시 적성면 배우니안길 51,경기도 파주시 적성면 객현리 123번지 1호,37.9699402124,126.9586916032,20250715,
파주시,청산목장,소,,"경기도 파주시 적성면 국사로 410, 청산목장",경기도 파주시 적성면 자장리 743번지 청산목장,37.9685971465,126.8615999371,20250715,
파주시,청주목장,소,,,경기도 파주시 파평면 장파리 248번지 6호,,,20250715,
파주시,초림목장,소,,"경기도 파주시 적성면 율곡로3064번길 76, 초림목장",경기도 파주시 적성면 적암리 104번지 4호 초림목장,37.9845814116,127.0025393044,20250715,
파주시,총리목장,소,,경기도 파주시 파평면 술이홀로 1993-145,경기도 파주시 파평면 덕천리 14번지 15호,37.9319947519,126.8990128114,20250715,
파주시,최강목장,소,,"경기도 파주시 적성면 율곡로2663번길 70, 최강목장",경기도 파주시 적성면 장현리 366번지 최강목장,37.9861629700,126.9704952599,20250715,
파주시,치영농장,소,,경기도 파주시 문산읍 사목로 168-20,경기도 파주시 문산읍 마정리 735번지,37.8814136648,126.7568269054,20250715,
파주시,카우목장,소,,경기도 파주시 검산로173번길 30-26,"경기도 파주시 검산동 938번지 외 2필지(939, 937)",37.7908976994,126.7400622802,20250715,
파주시,칸농장,소,,경기도 파주시 운정로 113-57,경기도 파주시 상지석동 1820번지,37.7231725798,126.7801292320,20250715,
파주시,태곡농장,소,,경기도 파주시 파주읍 여울길 310-155,경기도 파주시 파주읍 부곡리 1번지 5호,37.8124510858,126.8376463244,20250715,
파주시,태우농장,소,,경기도 파주시 광탄면 기산로 96-2,경기도 파주시 광탄면 영장리 251번지,37.7748588999,126.9090759455,20250715,
파주시,태현축산1,돼지,,,경기도 파주시 파평면 마산리 373번지 2호,,,20250715,
파주시,태현축산2,돼지,,,경기도 파주시 파평면 마산리 373번지 3호,,,20250715,
파주시,태화농장,돼지,,,경기도 파주시 법원읍 동문리 387번지 1호,,,20250715,
파주시,태화축산,돼지,,경기도 파주시 문산읍 배머리길 466,"경기도 파주시 문산읍 이천리 11번지 1호 외 4필지(11-3, 11-4, 11-6, 11-12)",37.8742934791,126.8480994325,20250715,
파주시,태희농장,돼지,,경기도 파주시 파주읍 정문로 711-1,경기도 파주시 파주읍 부곡리 469번지,37.8200270962,126.8180019699,20250715,
파주시,통이삼목장,소,,경기도 파주시 군내면 제3땅굴로 138-92,경기도 파주시 군내면 백연리 1431번지,37.9107606792,126.7276029914,20250715,
파주시,통일목장,소,,경기도 파주시 군내면 제3땅굴로 138-92,"경기도 파주시 군내면 백연리 1431번지 , 1431-1",37.9107606792,126.7276029914,20250715,
파주시,통진목장,소,,,경기도 파주시 적성면 객현리 207번지 4호,,,20250715,
파주시,파랑새목장,소,,경기도 파주시 조리읍 둑방길 296-13,경기도 파주시 조리읍 대원리 1246번지,37.7310232338,126.8290553299,20250715,
파주시,파주목장,소,,경기도 파주시 파주읍 휴암로 333-89,경기도 파주시 파주읍 봉암리 798번지 1호,37.8169030767,126.7881273315,20250715,
파주시,파주양돈단지(1),돼지,,경기도 파주시 파평면 듸링거리길 117-76,"경기도 파주시 파평면 덕천리 208번지 외 7필지(152-5, 152-6, 172, 172-1, 172-3, 174-3, 208-2)",37.9440731147,126.8716226463,20250715,
파주시,파주양돈단지(2),돼지,,경기도 파주시 파평면 듸링거리길 117-76,경기도 파주시 파평면 덕천리 207번지,37.9440731147,126.8716226463,20250715,
파주시,파주양돈단지(3),돼지,,경기도 파주시 파평면 듸링거리길 117-76,경기도 파주시 파평면 덕천리 207번지,37.9440731147,126.8716226463,20250715,
파주시,파주양돈단지(4),돼지,,"경기도 파주시 파평면 듸링거리길 117-76, 파주양돈단지",경기도 파주시 파평면 덕천리 207번지 파주양돈단지,37.9440731147,126.8716226463,20250715,
파주시,파주양돈단지(5),돼지,,경기도 파주시 파평면 듸링거리길 117-76,"경기도 파주시 파평면 덕천리 208번지 외 2필지(207-1, 207-2)",37.9440731147,126.8716226463,20250715,
파주시,파주치즈스쿨,소,,경기도 파주시 적성면 윗배우니길 68,경기도 파주시 적성면 객현리 385-2,37.9738745506,126.9480740077,20250715,
파주시,파주흑염소농장,염소,,,"경기도 파주시 법원읍 직천리 817번지 , 817-1",37.9018945701,126.9047224396,20250715,
파주시,파평산농장,염소,,경기도 파주시 파평면 파산서원길 325-40,경기도 파주시 파평면 덕천리 451번지 2호,37.9407232093,126.8587911597,20250715,
파주시,평광농장,돼지,,경기도 파주시 파평면 금마루1길 153,경기도 파주시 파평면 눌노리 739번지,37.9325096771,126.8435687760,20250715,
파주시,평광농장,돼지,,,경기도 파주시 파평면 금파리 116번지 9호,,,20250715,
파주시,평남목장,소,,경기도 파주시 적성면 배우니안길 95,경기도 파주시 적성면 객현리 128번지 1호,37.9710651031,126.9583190145,20250715,
파주시,풍덕목장,소,,경기도 파주시 파평면 장마루1길 171,경기도 파주시 파평면 덕천리 650번지,37.9367843985,126.8456588046,20250715,
파주시,플러스목장,소,,"경기도 파주시 적성면 장마루16길 255-7, 플러스목장","경기도 파주시 적성면 답곡리 439번지 6호 , 434-1, 434-2",37.9506553341,126.8489390258,20250715,
파주시,하민목장,소,,"경기도 파주시 적성면 가월로 32, 하민목장",경기도 파주시 적성면 가월리 1507번지 하민목장,37.9631291208,126.9086860091,20250715,
파주시,하부곡목장,소,,경기도 파주시 파주읍 정문로 676,경기도 파주시 파주읍 부곡리 347번지 1호,37.8167321688,126.8202250454,20250715,
파주시,하이얀목장,소,,"경기도 파주시 적성면 장뜰안길 192, 하이얀목장","경기도 파주시 적성면 장현리 산 57번지 , 장현리 168",37.9754822528,126.9784510853,20250715,
파주시,한국농장,돼지,,경기도 파주시 적성면 술이홀로 2052-112,경기도 파주시 적성면 마지리 331번지 6호,37.9421913362,126.9049274528,20250715,
파주시,한아름농장,돼지,,경기도 파주시 적성면 자장로 94-13,경기도 파주시 적성면 자장리 710번지,37.9538290679,126.8442896971,20250715,
파주시,한우농장,소,,경기도 파주시 광탄면 양천말길 43-43,경기도 파주시 광탄면 용미리 395번지,37.7437098665,126.8776335949,20250715,
파주시,한우목장,소,,,경기도 파주시 광탄면 창만리 828번지 2호,,,20250715,
파주시,한일목장,소,,"경기도 파주시 법원읍 둔방이길 256-22, 한일목장",경기도 파주시 법원읍 삼방리 178번지 한일목장,37.8332513129,126.8838028238,20250715,
파주시,한준농장,염소,,,경기도 파주시 오도동 55번지 1호,,,20250715,
파주시,함박농장,소,,경기도 파주시 교하로 1393-56,경기도 파주시 교하동 579번지,37.7550639202,126.7445951445,20250715,
파주시,해동농장,돼지,,경기도 파주시 법원읍 술이홀로1494번길 55,"경기도 파주시 법원읍 웅담리 460번지 6호 ,-2, -5, -7, -8, -10, -14,- 15",37.9001193119,126.8873973409,20250715,
파주시,해마루목장,소,,경기도 파주시 적성면 아랫배우니길 132-65,경기도 파주시 적성면 객현리 95번지 3호,37.9645572478,126.9601541572,20250715,
파주시,해맑은목장,소,,경기도 파주시 적성면 서녘놀길 33-153,경기도 파주시 적성면 어유지리 569번지,37.9960734977,126.9777586253,20250715,
파주시,해오름 목장,소,,경기도 파주시 법원읍 가좌울길 239-1,경기도 파주시 법원읍 가야리 115번지 1호,37.8624762591,126.8643581688,20250715,
파주시,햇빛목장,소,,경기도 파주시 법원읍 사임당로 663-31,경기도 파주시 법원읍 가야리 354번지,37.8543249064,126.8554025774,20250715,
파주시,햇빛목장,소,,경기도 파주시 조리읍 둑방길 295-114,경기도 파주시 조리읍 대원리 7번지 10호,37.7310451425,126.8313248023,20250715,
파주시,햇살마루목장,소,,경기도 파주시 법원읍 사임당로 730-31,경기도 파주시 법원읍 가야리 203번지 3호,37.8485590123,126.8608063304,20250715,
파주시,행복한목장,염소,,,"경기도 파주시 탄현면 법흥리 39,40",37.7868849669,126.7177143333,20250715,
파주시,현가람목장,소,,경기도 파주시 적성면 아랫배우니길 37-35,경기도 파주시 적성면 객현리 112번지,37.9697316999,126.9564730466,20250715,
파주시,현국농장,소,,경기도 파주시 파평면 청송로652번길 167,경기도 파주시 파평면 덕천리 84번지 4호,37.9391073464,126.8853326691,20250715,
파주시,현대축산,소,,"경기도 파주시 탄현면 엘지로583번길 73-36, 현대축산",경기도 파주시 탄현면 금승리 506번지 현대축산,37.8217503781,126.7402459717,20250715,
파주시,현우농장,소,,경기도 파주시 적성면 율곡로2663번길 11,경기도 파주시 적성면 장현리 379번지 1호,37.9834335852,126.9688295705,20250715,
파주시,현윤목장,소,,경기도 파주시 파주읍 정문로 641-56,경기도 파주시 파주읍 백석리 203번지 1호,37.8148828799,126.8152771735,20250715,
파주시,현일농장,돼지,,"경기도 파주시 적성면 율포길 42, 율포리 239-13, 239-15",경기도 파주시 적성면 율포리 239번지 13호,37.9826608245,126.9594521989,20250715,
파주시,현진목장,소,,,경기도 파주시 파주읍 부곡리 81번지,37.8063565407,126.8327734707,20250715,
파주시,현진이목장,소,,경기도 파주시 적성면 장뜰안길 90-56,경기도 파주시 적성면 장현리 423번지,37.9777123297,126.9712505452,20250715,
파주시,협동농장,소,,경기도 파주시 운정로 113-50,경기도 파주시 상지석동 1846번지,37.7226433292,126.7805428476,20250715,
파주시,형제농장,돼지,,경기도 파주시 적성면 산덕골길 240 (형제농장),경기도 파주시 적성면 장현리 138번지 1호,37.9831091474,126.9809478259,20250715,
파주시,형제농장,돼지,,경기도 파주시 적성면 어삼로182번길 83,경기도 파주시 적성면 어유지리 489번지 1호,38.0058514152,126.9755136597,20250715,
파주시,혜선목장,소,,경기도 파주시 탄현면 새오리로339번길 172-6,경기도 파주시 탄현면 만우리 825번지,37.8193506233,126.6938008614,20250715,
파주시,혜진목장,소,,"경기도 파주시 파평면 장마루1길 127-32, 혜진목장",경기도 파주시 파평면 덕천리 635번지 혜진목장,37.9380632871,126.8438721674,20250715,
파주시,혜화목장,소,,"경기도 파주시 법원읍 사임당로 698, 화이트목장","경기도 파주시 법원읍 가야리 185번지 3호 외 2필지(-4,-6)",37.8496563732,126.8587395159,20250715,
파주시,호서목장,소,,,경기도 파주시 적성면 장현리 478번지 1호,,,20250715,
파주시,호수농장,소,,"경기도 파주시 파평면 금마루4길 67, 호수농장","경기도 파주시 파평면 금파리 200번지 외 4필지(200-4, 201-2, 202-3, 220-18)",37.9321280882,126.8365967183,20250715,
파주시,호야목장,소,,경기도 파주시 적성면 율곡로 1608,경기도 파주시 적성면 자장리 156번지 2호,37.9617664543,126.8651197489,20250715,
파주시,호진목장,소,,,경기도 파주시 광탄면 창만리 841번지 2호,,,20250715,
파주시,홍정목장,소,,경기도 파주시 조리읍 둑방길 284,경기도 파주시 조리읍 대원리 1216번지,37.7320797493,126.8278201578,20250715,
파주시,화목목장,소,,경기도 파주시 적성면 서녘놀길 33-9,경기도 파주시 적성면 어유지리 315번지 1호,37.9930884572,126.9834741326,20250715,
파주시,화산농장,소,,경기도 파주시 광탄면 외화산길 439-41,경기도 파주시 광탄면 신산리 397번지 1호,37.7972649892,126.8378046612,20250715,
파주시,화암농원,소,,경기도 파주시 탄현면 월롱산로 417,경기도 파주시 탄현면 금승리 269번지 2호,37.8097497657,126.7494117822,20250715,
파주시,화의목장,소,,"경기도 파주시 파평면 자장로 77 (장파리 463,464,465,466,467,483-2)","경기도 파주시 파평면 장파리 463번지 (장파리 463,464,465,466,467,483-2)",37.9541750707,126.8416913874,20250715,
파주시,환길목장,소,,경기도 파주시 운정역길 163-35,경기도 파주시 상지석동 1608번지,37.7311492885,126.7757282990,20250715,
파주시,효진농장,돼지,,경기도 파주시 광탄면 장지산로 351-25,"경기도 파주시 광탄면 분수리 211번지 외 9필지(211-1, 211-2, 211-4, 211-5, 211-6,212,216-1,228,229-1)",37.7583215644,126.8660564842,20250715,
파주시,흑석목장,소,,경기도 파주시 광탄면 보광로 1475,경기도 파주시 광탄면 방축리 562번지,37.8089474447,126.8642606684,20250715,
파주시,흥수목장,소,,경기도 파주시 적성면 윗배우니길 101-49,"경기도 파주시 적성면 객현리 152번지 3호 외 3필지(-5,-6,-7)",37.9738321071,126.9524919751,20250715,
파주시,희망농장,소,,경기도 파주시 광탄면 만장산로 316,경기도 파주시 광탄면 창만리 248번지 5호,37.7956154074,126.8706560452,20250715,
파주시,희망농장,소,,경기도 파주시 광탄면 보광로 804-47,경기도 파주시 광탄면 마장리 7번지 2호,37.7745567643,126.8939534393,20250715,
파주시,희망농장2,염소,,경기도 파주시 광탄면 만장산로 316,경기도 파주시 광탄면 창만리 248번지 5호,37.7956154074,126.8706560452,20250715,
파주시,힐링팜,염소,,,경기도 파주시 법원읍 법원리 668번지 11호,,,20250715,
평택시,(주)동방농산,소,60,경기도 평택시 팽성읍 노와길 310-57,경기도 평택시 팽성읍 노와리 산 32번지 4호,36.9545497657,127.0924820824,20260303,
평택시,H K 농장,소,30,경기도 평택시 팽성읍 평궁길 155-34,경기도 평택시 팽성읍 평궁리 395번지 3호,36.9717725782,127.0940193185,20260303,
평택시,LJK농장,염소,0,경기도 평택시 포승읍 자오길 74-14,경기도 평택시 포승읍 홍원리 299번지,37.0199169612,126.8604289627,20260303,
평택시,O.K목장,소,25,경기도 평택시 진위면 가곡2길 72,경기도 평택시 진위면 가곡리 43번지,37.1143153875,127.0886897195,20260303,
평택시,OK 목장,소,147,경기도 평택시 진위면 가곡2길 137-14,"경기도 평택시 진위면 동천리 641번지 , 642, 643, 644",37.1151388965,127.0922308715,20260303,
평택시,가람농장,돼지,3200,경기도 평택시 청북읍 청북중앙로 500,경기도 평택시 청북읍 고잔리 710번지 4호,37.0522460272,126.8920640607,20260303,
평택시,가사목장,소,8,,경기도 평택시 청북읍 옥길리 226번지 2호,,,20260303,
평택시,가축농장,소,9,경기도 평택시 돌우물길 63-5 (이충동),경기도 평택시 이충동 110번지 1호,37.0510486797,127.0720493010,20260303,
평택시,갈평목장,소,23,경기도 평택시 고덕면 청원로 788-44,경기도 평택시 고덕면 두릉리 446번지 4호,37.0529963926,127.0115311824,20260303,
평택시,갑골목장,소,135,경기도 평택시 청북읍 백봉길 372-78,"경기도 평택시 청북읍 백봉리 4번지 1호 ,2호",37.0420957520,126.9895494646,20260303,
평택시,강민목장,소,76,경기도 평택시 진위면 야막길 88-101,경기도 평택시 진위면 야막리 74번지,37.1298874840,127.0598523452,20260303,
평택시,강원축산,돼지,3100,경기도 평택시 포승읍 석정로 153-17,경기도 평택시 포승읍 석정리 751번지 2호,36.9947439009,126.8781037074,20260303,
평택시,건영축산,소,70,경기도 평택시 팽성읍 노성1길 50-3,경기도 평택시 팽성읍 노성리 14번지 2호,36.9374246765,127.0296982571,20260303,
평택시,경기목장,소,70,경기도 평택시 고덕면 청원로 788-34,경기도 평택시 고덕면 두릉리 490번지 3호,37.0534533354,127.0130465639,20260303,
평택시,경북농장,돼지,9171,경기도 평택시 팽성읍 대사로 211-36,"경기도 평택시 팽성읍 남산리 204번지 1호 외 6필지(-3,-7,-9,-14,-15,-16)",36.9499773214,127.0664268075,20260303,
평택시,경서원목장,소,93,경기도 평택시 팽성읍 평궁길 251,"경기도 평택시 팽성읍 평궁리 106번지 ,106-2,106-4",36.9694840868,127.0970085915,20260303,
평택시,경원목장,소,66,경기도 평택시 건천길 35-8 (소사동),"경기도 평택시 소사동 342번지 2호 , 51-3, 안성시 공도읍 건천리 639, 640-1",36.9794126311,127.1402480812,20260303,
평택시,경인목장,소,65,경기도 평택시 현덕면 덕목1길 32-20,경기도 평택시 현덕면 덕목리 963번지 2호,36.9565874695,126.9399228916,20260303,
평택시,경인축산,소,28,경기도 평택시 서탄면 용소금각로 242,경기도 평택시 서탄면 황구지리 167번지,37.0770211847,126.9905417046,20260303,
평택시,고래농장,염소,50,경기도 평택시 청북읍 서해로 1491-17,경기도 평택시 청북읍 후사리 341번지 3호 341-8,37.0265775326,126.9424449885,20260303,
평택시,고렴목장,소,130,경기도 평택시 청북읍 현곡길 147,경기도 평택시 청북읍 고렴리 245번지,37.0504867791,126.9261542365,20260303,
평택시,고잔목장,소,28,경기도 평택시 청북읍 고잔3길 76,경기도 평택시 청북읍 고잔리 857번지 25호,37.0437332943,126.8931777587,20260303,
평택시,고축목장,소,70,경기도 평택시 고덕면 방축2길 63-1,경기도 평택시 고덕면 방축리 259번지 3호,37.0191947879,127.0460797941,20260303,
평택시,골든목장,소,143,경기도 평택시 고덕면 동청2길 25-24,경기도 평택시 고덕면 동청리 712번지 2호,37.0502743741,127.0072413055,20260303,
평택시,골든벨농장,소,35,경기도 평택시 고덕면 문곡1길 43-58,경기도 평택시 고덕면 문곡리 390번지,37.0652135462,127.0100355464,20260303,
평택시,과천농장,소,29,경기도 평택시 청북읍 백봉길 415,경기도 평택시 청북읍 백봉리 408번지,37.0349603416,126.9883603884,20260303,
평택시,광덕농장,소,275,경기도 평택시 관동길 91-87 (청룡동),경기도 평택시 청룡동 29번지,37.0324747238,127.1325658661,20260303,
평택시,광덕목장,산양,100,경기도 평택시 현덕면 대안1길 81-27,경기도 평택시 현덕면 덕목리 산 114번지 외 1필지(산115),36.9431770975,126.9541265484,20260303,
평택시,광덕축산,소,20,,경기도 평택시 현덕면 덕목리 136번지,,,20260303,
평택시,광림목장,소,30,경기도 평택시 청북읍 원한산길 96,경기도 평택시 청북읍 어연리 774번지 5호,37.0433435406,126.9718860902,20260303,
평택시,광명목장,소,433,경기도 평택시 고덕면 동고1길 17-75,경기도 평택시 고덕면 방축리 789번지 5호,37.0065171241,127.0358482560,20260303,
평택시,광명목장,소,151,경기도 평택시 진위면 송탄고가길 250 (외 1필지),경기도 평택시 진위면 마산리 534번지 외 1필지,37.0914563030,127.0837947283,20260303,
평택시,광명목장2,소,383,,경기도 평택시 고덕면 방축리 789번지 6호,37.0080231318,127.0378739331,20260303,
평택시,광일농장,돼지,2300,경기도 평택시 포승읍 포승향남로 572-43,경기도 평택시 포승읍 원정리 1037번지 3호,37.0098245398,126.8252529726,20260303,
평택시,교포농장,소,103,경기도 평택시 오성면 교포2길 73-46,경기도 평택시 오성면 교포리 114번지 12호,37.0037355294,126.9969655489,20260303,
평택시,교포농장,소,80,경기도 평택시 오성면 교포3길 104,경기도 평택시 오성면 교포리 108번지 15호,36.9993679830,126.9980058108,20260303,
평택시,교포리목장,소,175,경기도 평택시 오성면 창내3길 12,"경기도 평택시 오성면 창내리 136번지 33호 , 136-271",37.0000091212,127.0090493965,20260303,
평택시,국재농장,소,27,"경기도 평택시 고덕면 방축길 94-65, (방축리 91-2)",경기도 평택시 고덕면 방축리 91번지,37.0129077038,127.0497367195,20260303,
평택시,그린빌목장,소,50,경기도 평택시 진위면 삼봉로 621,경기도 평택시 진위면 은산리 549번지 32호,37.0871758616,127.1218715913,20260303,
평택시,금유목장,소,229,경기도 평택시 청북읍 청원로 236,경기도 평택시 청북읍 토진리 97번지 4호,37.0419969446,126.9591098195,20260303,
평택시,금형농장,돼지,2493,경기도 평택시 청북읍 고잔1길 35-49,"경기도 평택시 청북읍 고잔리 182번지 1호 -2,-5,-6,-11",37.0563613350,126.9000954093,20260303,
평택시,기열목장,소,176,경기도 평택시 서탄면 서탄로 236-52,"경기도 평택시 서탄면 사리 861번지 3호 -4, -5, -9",37.1099415015,127.0414531524,20260303,
평택시,기찬농장,소,7,경기도 평택시 현덕면 평택호2길 153,경기도 평택시 현덕면 권관리 278번지,36.9240782970,126.9241613444,20260303,
평택시,기현목장,소,52,경기도 평택시 서탄면 내천길 155-7,"경기도 평택시 서탄면 수월암리 1095번지 ,1095-1",37.1218291936,127.0138021566,20260303,
평택시,길농장,돼지,739,경기도 평택시 포승읍 원방림길 48,경기도 평택시 포승읍 방림리 628번지 2호,36.9641834664,126.8934165346,20260303,
평택시,길목장,소,39,"경기도 평택시 팽성읍 송화2길 174, (외 송화리 427-6)",경기도 평택시 팽성읍 송화리 429번지 41호,36.9466992239,127.0408835218,20260303,
평택시,꿀꿀이목장,소,90,경기도 평택시 만세로 1540-21 (청룡동),경기도 평택시 청룡동 244번지 1호,37.0274966914,127.1204362045,20260303,
평택시,나리목장,소,89,경기도 평택시 안중읍 안중북로 185-81,경기도 평택시 안중읍 덕우리 96번지 3호,37.0040216723,126.9121172268,20260303,
평택시,나리목장,소,24,경기도 평택시 고덕면 문곡3길 27-19,경기도 평택시 고덕면 동청리 19번지,37.0560296053,127.0060681334,20260303,
평택시,나리목장2,소,38,경기도 평택시 안중읍 안중북로 185-89,경기도 평택시 안중읍 덕우리 655번지,37.0045825283,126.9106967327,20260303,
평택시,낙원목장,소,62,경기도 평택시 포승읍 원석정용소길 75-9,경기도 평택시 포승읍 석정리 581번지,36.9971982130,126.8889849533,20260303,
평택시,남궁목장,소,132,,경기도 평택시 청북읍 백봉리 6번지 3호,,,20260303,
평택시,남궁목장,소,43,경기도 평택시 고덕면 안재홍로 118,경기도 평택시 고덕면 두릉리 127번지 2호,37.0668109188,127.0260209477,20260303,
평택시,남동목장,소,90,경기도 평택시 안중읍 용성1길 2-17,경기도 평택시 안중읍 용성리 631번지 1호,37.0090619332,126.9499914616,20260303,
평택시,남성목장,소,5,경기도 평택시 포승읍 포승향남로 452-21,경기도 평택시 포승읍 원정리 1100번지 9호,37.0037223567,126.8381422019,20260303,
평택시,남승목장,소,272,경기도 평택시 고덕면 동고1길 17-72,경기도 평택시 고덕면 방축리 783번지 7호,37.0071357550,127.0349902603,20260303,
평택시,남승목장2,소,276,경기도 평택시 고덕면 동고1길 17-67,"경기도 평택시 고덕면 방축리 789번지 4호 ,789-8",37.0067698712,127.0359366382,20260303,
평택시,남양농장,사슴,15,경기도 평택시 포승읍 홍원길 148,경기도 평택시 포승읍 홍원리 285번지 3호,37.0136340111,126.8604254146,20260303,
평택시,내천농장,소,17,,경기도 평택시 서탄면 내천리 348번지 3호,,,20260303,
평택시,내천농장,소,70,경기도 평택시 서탄면 서탄1로 271,경기도 평택시 서탄면 내천리 707번지 2호,37.1143498888,127.0035172111,20260303,
평택시,녹원목장,소,54,경기도 평택시 팽성읍 추팔산단로 58-10,경기도 평택시 팽성읍 남산리 41번지 7호,36.9603564356,127.0723664203,20260303,
평택시,논골목장,소,60,경기도 평택시 청북읍 어소길 19-27,경기도 평택시 청북읍 어소리 662번지 1호,37.0457799897,126.9604436943,20260303,
평택시,농업회사법인 다리농산 주식회사,돼지,3550,경기도 평택시 오성면 양교길 267,"경기도 평택시 오성면 양교리 744번지 , 744-1, 746, 746-1, 746-3, 746-4, 748, 746-5",37.0181712781,126.9569292721,20260303,
평택시,농업회사법인 주식회사 평택농장,소,184,경기도 평택시 현덕면 황산1길 128-22,경기도 평택시 현덕면 황산리 산 23번지 26호,36.9671611690,126.9398903736,20260303,
평택시,농업회사법인(주)천연농산,돼지,9381,경기도 평택시 안중읍 대반3길 30-12 (주)천연농산,"경기도 평택시 안중읍 대반리 507번지 6호 188-1,-2,-3,-4,189,189-1,190,190-1,191,192,192-1,135,135-1",36.9854056015,126.9532968495,20260303,
평택시,늘봄목장,소,247,경기도 평택시 청북읍 율북로 126-54,경기도 평택시 청북읍 율북리 426번지 1호,37.0612124923,126.9889714996,20260303,
평택시,늘샘목장,소,33,경기도 평택시 서탄면 마두1길 208-3,경기도 평택시 서탄면 마두리 234번지 1호,37.1136907326,127.0163304385,20260303,
평택시,다산목장,소,69,경기도 평택시 서탄면 수월암5길 62-38,경기도 평택시 서탄면 마두리 238번지 5호,37.1147551189,127.0187211550,20260303,
평택시,다올농장,돼지,1000,경기도 평택시 고덕면 문곡1길 128,경기도 평택시 고덕면 문곡리 41번지 1호 외1필지(41-2),37.0709597456,127.0045201613,20260303,
평택시,다올목장,소,268,"경기도 평택시 오성면 오성북로 306-32, (양교리 78-2, 78-3)",경기도 평택시 오성면 양교리 78번지 3호,37.0266847680,126.9861673413,20260303,
평택시,단비목장,소,132,경기도 평택시 진위면 동부대로 91,"경기도 평택시 진위면 가곡리 135번지 2호 ,135-3",37.1118121980,127.0817474219,20260303,
평택시,달매목장,소,82,경기도 평택시 고덕면 청원로 788-38,경기도 평택시 고덕면 두릉리 490번지 2호,37.0530487197,127.0132965762,20260303,
평택시,담다디목장,소,0,경기도 평택시 오성면 신2리길 101-9,경기도 평택시 오성면 신리 226번지 9호,37.0049822039,127.0127377247,20260303,
평택시,당거리농장,소,271,경기도 평택시 오성면 창내뜰길 171,"경기도 평택시 오성면 당거리 212번지 , 216, 216-1",36.9900484228,127.0112710036,20260303,
평택시,당현목장,소,39,경기도 평택시 고덕면 문곡1길 97-1,경기도 평택시 고덕면 문곡리 831번지 11호,37.0683516483,127.0059657427,20260303,
평택시,당현목장2,소,212,경기도 평택시 청북읍 청원로 530-63,"경기도 평택시 청북읍 어연리 464번지 2호 , 464-3",37.0454695106,126.9880199708,20260303,
평택시,대건목장,소,0,경기도 평택시 포승읍 행랑길 45,경기도 평택시 포승읍 석정리 39번지,37.0033448003,126.8993545923,20260303,
평택시,대공목장,염소,510,경기도 평택시 청북읍 원율북로 48,"경기도 평택시 청북읍 율북리 133번지 47호 133-60, 133-61",37.0618605001,126.9783828134,20260303,
평택시,대기목장,소,20,,"경기도 평택시 가재동 380번지 4호 380-6, 산107-3",37.0486979962,127.0730097984,20260303,
평택시,대림농장,소,138,"경기도 평택시 오성면 창신뜰길 174-42, A동",경기도 평택시 오성면 교포리 32번지 9호  A동,37.0019657868,127.0026866956,20260303,
평택시,대림목장,소,57,경기도 평택시 진위면 진위서로 92-27,경기도 평택시 진위면 견산리 230번지,37.1058154772,127.0760293434,20260303,
평택시,대명축산,소,104,경기도 평택시 현덕면 덕목5길 175-23,경기도 평택시 현덕면 덕목리 275번지 14호,36.9539605855,126.9625298097,20260303,
평택시,대박목장,소,175,경기도 평택시 청북읍 백봉길 372-62,경기도 평택시 청북읍 어연리 487번지 5호,37.0440633196,126.9901210488,20260303,
평택시,대산농장,소,53,경기도 평택시 새말로104번길 83 (칠원동),경기도 평택시 칠원동 328번지,37.0191783478,127.1071673767,20260303,
평택시,대산목장,소,57,경기도 평택시 만세로 1754-193 (비전동),"경기도 평택시 비전동 12번지 1호 ,11-2, -3",37.0139325545,127.1046202004,20260303,
평택시,대성,염소,25,,경기도 평택시 현덕면 대안리 1423번지 5호,,,20260303,
평택시,대성목장,소,300,경기도 평택시 오성면 서동대로 2265-1,"경기도 평택시 오성면 안화리 411번지 1호 외 2필지(411-2, 411-3)",37.0130717374,126.9921154492,20260303,
평택시,대신농장,소,114,"경기도 평택시 오성면 양교길 227-6 (외4(737,738-1,2,5))","경기도 평택시 오성면 양교리 736번지 4호 외4(737,738-1,2,5)",37.0183200315,126.9598959788,20260303,
평택시,대신목장,소,134,,경기도 평택시 청북읍 백봉리 56번지 4호,,,20260303,
평택시,대안목장,소,19,경기도 평택시 현덕면 현덕로 876-34,경기도 평택시 현덕면 대안리 188번지 1호,36.9402539528,126.9516318687,20260303,
평택시,대안목장,소,40,경기도 평택시 현덕면 현덕로 876-41,경기도 평택시 현덕면 대안리 358번지 4호,36.9408778439,126.9520429133,20260303,
평택시,대양목장,소,176,경기도 평택시 청북읍 백봉길 192-48,경기도 평택시 청북읍 백봉리 628번지 1호,37.0304987383,126.9801714340,20260303,
평택시,대옥산목장,소,90,경기도 평택시 청북읍 옥길3길 59,경기도 평택시 청북읍 옥길리 225번지 44호,37.0280862338,126.9168787143,20260303,
평택시,대완농장,소,216,경기도 평택시 오성면 창신뜰길 174-43,경기도 평택시 오성면 창내리 540번지 6호,36.9985184932,127.0017763397,20260303,
평택시,대완농장2,소,133,경기도 평택시 청북읍 청원로 530-51,경기도 평택시 청북읍 어연리 439번지 2호,37.0470444881,126.9895275738,20260303,
평택시,대우목장,소,109,경기도 평택시 청북읍 고렴길 40,경기도 평택시 청북읍 고렴리 1071번지 1호,37.0639108793,126.9228361357,20260303,
평택시,대우목장,소,67,경기도 평택시 팽성읍 대사로 120,경기도 평택시 팽성읍 대사리 293번지 2호,36.9439900535,127.0659665878,20260303,
평택시,대운목장,소,175,경기도 평택시 고덕면 동고3길 95-70,경기도 평택시 고덕면 동고리 489번지,37.0016598810,127.0385414557,20260303,
평택시,대운서목장,소,78,경기도 평택시 오성면 강변로 1385,경기도 평택시 오성면 신리 60번지 7호,37.0052764604,127.0252905288,20260303,
평택시,대지목장,소,131,경기도 평택시 진위면 삼봉로 581,경기도 평택시 진위면 은산리 102번지,37.0898003843,127.1194843478,20260303,
평택시,대진목장,소,77,경기도 평택시 진위면 삼봉로 581,"경기도 평택시 진위면 은산리 102번지 , 103",37.0898003843,127.1194843478,20260303,
평택시,대청목장,소,98,경기도 평택시 청북읍 현곡길 168-4,경기도 평택시 청북읍 고렴리 216번지 9호,37.0499991793,126.9241223474,20260303,
평택시,대한농장,소,66,경기도 평택시 고덕면 효학길 131-25,경기도 평택시 고덕면 궁리 518번지 7호,37.0139910122,127.0292381015,20260303,
평택시,대한목장,소,98,경기도 평택시 고덕면 청원로 788-40,경기도 평택시 고덕면 두릉리 446번지 3호,37.0529704616,127.0118012687,20260303,
평택시,대현목장,소,63,경기도 평택시 청북읍 청원로 255,"경기도 평택시 청북읍 토진리 137번지 ,137-1,139-3",37.0442048524,126.9589817013,20260303,
평택시,대호농장,소,23,경기도 평택시 고덕면 문화마을길 154-47,경기도 평택시 고덕면 좌교리 745번지 1호,37.0503389410,127.0097713013,20260303,
평택시,대화목장,소,63,경기도 평택시 포승읍 자오길 99,"경기도 평택시 포승읍 홍원리 286번지 1호 외 2필지(286-2, -3)",37.0155274030,126.8604994754,20260303,
평택시,대화목장,소,7,경기도 평택시 서탄면 마두1길 42,경기도 평택시 서탄면 마두리 43번지 22호,37.1104316639,127.0217761561,20260303,
평택시,덕산농장,돼지,1000,경기도 평택시 청북읍 고잔길 141-22,"경기도 평택시 청북읍 고잔리 11번지 21호 ,11-31",37.0629439364,126.9041153861,20260303,
평택시,덕수목장,소,15,,경기도 평택시 팽성읍 송화리 306번지,36.9477626177,127.0478517151,20260303,
평택시,덕신목장,소,163,경기도 평택시 청북읍 수부길 53-56,경기도 평택시 청북읍 한산리 511번지,37.0490604807,126.9622760750,20260303,
평택시,덕우목장,소,79,경기도 평택시 청북읍 어연길 133,경기도 평택시 청북읍 백봉리 131번지 2호 외 1필지(131-1),37.0386994596,126.9837812562,20260303,
평택시,덕지농장,돼지,3626,경기도 평택시 청북읍 고렴길 161-51,"경기도 평택시 청북읍 고렴리 529번지 3호 ,-4, -12, -13, -15, -17",37.0624291372,126.9295849278,20260303,
평택시,덕지농장2,돼지,1128,경기도 평택시 청북읍 고렴길 161-39,"경기도 평택시 청북읍 고렴리 918번지 6호 , 529-1",37.0621970210,126.9281806667,20260303,
평택시,덕지이농장,돼지,700,경기도 평택시 청북읍 청북중앙로 732-12 (외 11번지 12호),경기도 평택시 청북읍 고잔리 11번지 8호 외 11번지 12호,37.0635999123,126.9037053205,20260303,
평택시,덕풍 2농장,돼지,1081,경기도 평택시 송탄고가길 185-9 (독곡동),경기도 평택시 독곡동 186번지 외1필지(186-2),37.0925197810,127.0761034256,20260303,
평택시,덕풍3농장,돼지,1155,경기도 평택시 송탄고가길 185-13 (독곡동),경기도 평택시 독곡동 187번지,37.0927695172,127.0753593644,20260303,
평택시,덕풍농장,돼지,2185,경기도 평택시 서탄면 정문회화로 477,"경기도 평택시 서탄면 적봉리 383번지 4호 383-6,7,8,21,24,35,44",37.0970389699,127.0291299016,20260303,
평택시,도담목장,소,100,경기도 평택시 청북읍 고잔5길 1-93,경기도 평택시 청북읍 고잔리 1243번지 12호,37.0351865382,126.8807199779,20260303,
평택시,도연목장,소,35,경기도 평택시 오성면 교포1길 67-8,"경기도 평택시 오성면 교포리 95번지 11호 ,23호",37.0047022809,126.9996229524,20260303,
평택시,도연목장,소,8,,경기도 평택시 포승읍 홍원리 959번지 2호,37.0255759658,126.8759358537,20260303,
평택시,도현목장,소,80,경기도 평택시 진위면 삼봉로 601,"경기도 평택시 진위면 은산리 549번지 1호 ,-2",37.0883480890,127.1219895393,20260303,
평택시,동구목장,소,96,경기도 평택시 고덕면 문곡길 44-18,경기도 평택시 고덕면 문곡리 666번지 1호,37.0587344266,127.0105496083,20260303,
평택시,동균목장,소,73,경기도 평택시 청북읍 청원로 302-18,경기도 평택시 청북읍 한산리 667번지 6호,37.0442415764,126.9630972418,20260303,
평택시,동균목장,소,30,,경기도 평택시 청북읍 한산리 667번지 1호,,,20260303,
평택시,동민농장,소,145,경기도 평택시 서탄면 마두길 59-416,경기도 평택시 서탄면 마두리 435번지 7호,37.1053414241,127.0048815262,20260303,
평택시,동산농장,소,10,경기도 평택시 고덕면 평남로 33-46,경기도 평택시 고덕면 동고리 18번지 3호,37.0075396223,127.0581196983,20260303,
평택시,동신목장,소,75,경기도 평택시 포승읍 자오길 59,경기도 평택시 포승읍 홍원리 290번지 2호,37.0171853236,126.8637230803,20260303,
평택시,동원목장,소,26,경기도 평택시 팽성읍 노와1길 20-39,경기도 평택시 팽성읍 노와리 130번지 8호,36.9541663526,127.0884742446,20260303,
평택시,동은목장,소,128,경기도 평택시 청북읍 원한산길 32-10,경기도 평택시 청북읍 한산리 693번지 2호 등 2필지,37.0440722499,126.9675290965,20260303,
평택시,동인목장,소,52,경기도 평택시 팽성읍 노와길 30-64,경기도 평택시 팽성읍 노와리 153번지 47호,36.9527704926,127.0836969429,20260303,
평택시,동일농장,소,23,경기도 평택시 팽성읍 팽성남산5길 42,경기도 평택시 팽성읍 남산리 272번지 9호,36.9525975480,127.0558651863,20260303,
평택시,동처농장,소,140,경기도 평택시 청북읍 청북중앙로 661-37,경기도 평택시 청북읍 고잔리 1657번지,37.0643625196,126.8923385743,20260303,
평택시,동청목장,소,275,경기도 평택시 고덕면 동청2길 62,"경기도 평택시 고덕면 동청리 279번지 , 279-4",37.0484089207,127.0051953480,20260303,
평택시,동현목장,소,34,경기도 평택시 서탄면 서탄1로 267,경기도 평택시 서탄면 내천리 720번지,37.1131569573,127.0114601727,20260303,
평택시,동희목장,소,658,경기도 평택시 오성면 창신뜰길 174-53,경기도 평택시 오성면 창내리 540번지 11호,36.9961925273,127.0017128463,20260303,
평택시,두리농장,소,35,경기도 평택시 팽성읍 두리길 123,경기도 평택시 팽성읍 신궁리 189번지,36.9779983742,127.0700767679,20260303,
평택시,두정목장,소,270,경기도 평택시 팽성읍 둔포중앙로 62,경기도 평택시 팽성읍 두정리 447번지,36.9350361557,127.0413015999,20260303,
평택시,두진농장,소,60,경기도 평택시 오성면 창신뜰길 169,경기도 평택시 오성면 신리 126번지 11호,37.0019887328,127.0081937313,20260303,
평택시,두희목장,소,70,경기도 평택시 포승읍 포승장안로 323-10,경기도 평택시 포승읍 홍원리 40번지 7호,37.0117320426,126.8860360113,20260303,
평택시,둥지목장,소,180,경기도 평택시 청북읍 백봉길 372-69,"경기도 평택시 청북읍 백봉리 46번지 3호 ,45-3",37.0393082192,126.9911536212,20260303,
평택시,드림목장,소,20,경기도 평택시 청북읍 백봉길 372-91,경기도 평택시 청북읍 백봉리 71번지 2호,37.0404679028,126.9883234331,20260303,
평택시,들녘목장,소,230,경기도 평택시 고덕면 문곡3길 71-88,"경기도 평택시 고덕면 문곡리 769번지 8호 , 769-9",37.0627682612,126.9986681820,20260303,
평택시,로뎀목장,소,50,경기도 평택시 청북읍 백봉길 192-50,경기도 평택시 청북읍 백봉리 628번지 2호,37.0300414850,126.9807367140,20260303,
평택시,루키목장,소,172,경기도 평택시 고덕면 문곡2길 8,"경기도 평택시 고덕면 문곡리 623번지 3호 623-1,2,4",37.0569439765,127.0113709114,20260303,
평택시,만수농장,소,41,경기도 평택시 안중읍 삼정3길 41,경기도 평택시 안중읍 삼정리 360번지 2호,36.9605911362,126.9537439026,20260303,
평택시,매상목장,소,35,경기도 평택시 포승읍 포승남로 119,경기도 평택시 포승읍 신영리 553번지 10호,36.9484257430,126.8915311127,20260303,
평택시,무등차목장,소,60,경기도 평택시 청북읍 고잔5길 1-58,경기도 평택시 청북읍 고잔리 1085번지 3호,37.0377578897,126.8811601143,20260303,
평택시,무명목장,소,15,경기도 평택시 고덕면 방축2길 23-3,경기도 평택시 고덕면 방축리 243번지 3호,37.0178078172,127.0464028065,20260303,
평택시,무수목장,산양,0,경기도 평택시 포승읍 포승향남로 194-112,경기도 평택시 포승읍 석정리 914번지 2호,36.9964126130,126.8680655889,20260303,
평택시,문곡농장,돼지,1000,경기도 평택시 고덕면 문곡3길 41-5,경기도 평택시 고덕면 문곡리 204번지,37.0571617143,127.0051835068,20260303,
평택시,문성농장,돼지,2800,경기도 평택시 현덕면 황산3길 53,"경기도 평택시 현덕면 황산리 194번지 15호 (황산리 산1-4, 대안리 520-8)",36.9500758846,126.9335461596,20260303,
평택시,미소농장,돼지,1629,경기도 평택시 청북읍 고잔길 173-25,"경기도 평택시 청북읍 고잔리 2번지 , 3-1, 10-4, 10-5, 산5-79",37.0655154857,126.9064124553,20260303,
평택시,미진축산,소,53,경기도 평택시 고덕면 동청2길 30-52,경기도 평택시 고덕면 동청리 696번지 3호,37.0483181992,127.0007537746,20260303,
평택시,민석농장,소,6,경기도 평택시 오성면 죽리길 107,경기도 평택시 오성면 죽리 85번지 11호,37.0102190936,126.9786909652,20260303,
평택시,민성농장,돼지,1881,경기도 평택시 새말로27번길 123-8 (칠원동),경기도 평택시 칠원동 169번지 1호,37.0282720872,127.1121237164,20260303,
평택시,민호목장,소,203,경기도 평택시 청북읍 청원로 530-10,경기도 평택시 청북읍 어연리 358번지,37.0511254894,126.9868685874,20260303,
평택시,믿음 제1농장,소,35,,경기도 평택시 진위면 가곡리 117번지 1호,,,20260303,
평택시,밀키웨이,소,458,경기도 평택시 청북읍 청원로 530-64,"경기도 평택시 청북읍 어연리 458번지 2호 외3필지(459-1,459-2,459-3)",37.0456483467,126.9856009703,20260303,
평택시,밀키웨이2,소,135,경기도 평택시 청북읍 백봉길 114-1,경기도 평택시 청북읍 백봉리 196번지 198 199,37.0394041511,126.9759164721,20260303,
평택시,밀키웨이목장,소,13,경기도 평택시 청북읍 백봉길 114-1,경기도 평택시 청북읍 백봉리 196번지,37.0394041511,126.9759164721,20260303,
평택시,박해목장,소,62,경기도 평택시 진위면 신리길50번길 23,"경기도 평택시 진위면 신리 72번지 ,-2,255-2,436-2,437-2,438-1",37.0952905003,127.0695275219,20260303,
평택시,방림축산,소,14,경기도 평택시 포승읍 원방림길 71-16,경기도 평택시 포승읍 방림리 587번지,36.9622004980,126.8916911132,20260303,
평택시,백봉농장,염소,142,경기도 평택시 청북읍 백봉길 314-52,경기도 평택시 청북읍 백봉리 562번지 1호,37.0253152158,126.9925960801,20260303,
평택시,백봉목장,소,125,경기도 평택시 청북읍 백봉길 372-80,"경기도 평택시 청북읍 백봉리 11번지 2호 13-1, 13-2",37.0413564583,126.9895206794,20260303,
평택시,백봉한우,소,242,경기도 평택시 청북읍 백봉길 372-93,경기도 평택시 청북읍 백봉리 73번지 1호,37.0406519536,126.9871077551,20260303,
평택시,별농장,소,70,경기도 평택시 청북읍 오성북로 330-5,경기도 평택시 청북읍 백봉리 593번지 2호,37.0279763037,126.9867432762,20260303,
평택시,별준목장,소,125,경기도 평택시 서탄면 서탄로 236-50,"경기도 평택시 서탄면 금암리 78번지 4호 78-3, 78-5",37.1091502294,127.0419643974,20260303,
평택시,보람농장,소,58,경기도 평택시 현덕면 덕목5길 54-27,경기도 평택시 현덕면 덕목리 154번지,36.9499848285,126.9704647125,20260303,
평택시,보림목장,소,62,경기도 평택시 오성면 숙성3길 28-63,경기도 평택시 오성면 숙성리 715번지 22호,36.9981271885,126.9697152364,20260303,
평택시,보성농장,돼지,1500,경기도 평택시 청북읍 청북중앙로 500,경기도 평택시 청북읍 고잔리 710번지 5호,37.0522460272,126.8920640607,20260303,
평택시,보훈목장,소,82,경기도 평택시 고덕면 안재홍로 224-8,경기도 평택시 고덕면 당현리 112번지,37.0716792876,127.0353051892,20260303,
평택시,복지목장,소,55,경기도 평택시 포승읍 마장길 98,경기도 평택시 포승읍 홍원리 133번지 6호,37.0142589830,126.8813956750,20260303,
평택시,부강목장,소,50,경기도 평택시 청북읍 청북서로 90-3,경기도 평택시 청북읍 삼계리 293번지 7호,37.0477880013,126.9089121616,20260303,
평택시,부연농장,돼지,1047,"경기도 평택시 청북읍 고잔길 141-6, (고잔리 10-10 외2필지(10-11, 11-46)",경기도 평택시 청북읍 고잔리 10번지 10호,37.0617927620,126.9046417942,20260303,
평택시,부자축산,소,73,경기도 평택시 청북읍 청원로 325,경기도 평택시 청북읍 한산리 609번지 1호,37.0466443329,126.9661953820,20260303,
평택시,부흥농장,소,100,경기도 평택시 새말로27번길 3 (칠원동),경기도 평택시 칠원동 124번지 1호,37.0285900642,127.1046791572,20260303,
평택시,부흥목장,소,109,경기도 평택시 청북읍 원한산길 8-23,경기도 평택시 청북읍 한산리 682번지,37.0444154531,126.9656712106,20260303,
평택시,블루팜,염소,5,,경기도 평택시 포승읍 신영리 133번지 3호,36.9540924148,126.8800310826,20260303,
평택시,비룡목장,소,45,경기도 평택시 고덕면 문곡2길 3,경기도 평택시 고덕면 문곡리 685번지 5호,37.0568961713,127.0107076302,20260303,
평택시,비전목장,소,92,경기도 평택시 만세로 1754-195 (비전동),경기도 평택시 비전동 13번지,37.0128772196,127.1044233330,20260303,
평택시,빅웨이목장,소,194,,경기도 평택시 팽성읍 대사리 43번지 9호,,,20260303,
평택시,사계절목장,소,67,,"경기도 평택시 청북읍 삼계리 150번지 2호 ,150-3,150-11",37.0503985143,126.9172928593,20260303,
평택시,삼중목장,소,223,경기도 평택시 청북읍 토진3길 44-81,"경기도 평택시 청북읍 토진리 578번지 2호 578-6, 578-7, 579-1",37.0351247835,126.9703688485,20260303,
평택시,삼형제목장,소,100,경기도 평택시 서탄면 정문회화로 291-170,"경기도 평택시 서탄면 회화리 119번지 1호 외 2필지(119-2, 119-3)",37.1024640084,127.0153326966,20260303,
평택시,상록목장,소,30,경기도 평택시 새말로 152-10 (청룡동),경기도 평택시 청룡동 489번지 2호,37.0240619091,127.1147421281,20260303,
평택시,상면농장,소,48,경기도 평택시 오성면 숙성길 49,경기도 평택시 오성면 숙성리 857번지 11호,36.9927431831,126.9732138540,20260303,
평택시,상용목장,소,53,경기도 평택시 팽성읍 평궁길 321,경기도 평택시 팽성읍 평궁리 310번지 31호,36.9744079769,127.0923200503,20260303,
평택시,상원목장,소,49,경기도 평택시 고덕면 동청2길 39,경기도 평택시 고덕면 동청리 177번지,37.0506516278,127.0047534284,20260303,
평택시,상지목장,소,12,경기도 평택시 청북읍 원한산길 8-14,경기도 평택시 청북읍 한산리 654번지 2호,37.0455672061,126.9672150246,20260303,
평택시,상현목장,소,60,경기도 평택시 서탄면 마두1길 38,"경기도 평택시 서탄면 마두리 43번지 26호 ,40-5",37.1101452592,127.0222844377,20260303,
평택시,상현목장,소,160,경기도 평택시 서탄면 서탄로 395-47 (395-49),"경기도 평택시 서탄면 수월암리 516번지 외 2필지(515-2, 516-1)",37.1141427554,127.0255797625,20260303,
평택시,새덕산목장,소,167,경기도 평택시 청북읍 율북4길 49-12,경기도 평택시 청북읍 율북리 245번지,37.0693239643,126.9824263667,20260303,
평택시,새삼남목장,소,48,,"경기도 평택시 서탄면 내천리 138,138-2번지",,,20260303,
평택시,새천연농장,돼지,8639,경기도 평택시 팽성읍 대사로 197-7,"경기도 평택시 팽성읍 대사리 111번지 ,109-4,110,110-29,281-2,281-10,281-11",36.9467864821,127.0665010462,20260303,
평택시,새하얀목장,소,41,경기도 평택시 청북읍 옥길1길 237-1,"경기도 평택시 청북읍 옥길리 679번지 , 679-1, 679-2, 679-3",37.0249515040,126.9028270827,20260303,
평택시,서니농장,소,562,경기도 평택시 오성면 창내뜰길 215-29,"경기도 평택시 오성면 창내리 222번지 5호 , -6, -7, -8",36.9929647718,127.0168263066,20260303,
평택시,서대울목장,소,20,경기도 평택시 청북읍 고잔길 158-5 (외 1필지),경기도 평택시 청북읍 고잔리 8번지 6호 외 1필지,37.0627769641,126.9067712352,20260303,
평택시,서동주목장,소,54,경기도 평택시 고덕면 동고1길 17-82,경기도 평택시 고덕면 방축리 785번지,37.0065996454,127.0339032609,20260303,
평택시,서부목장,소,22,경기도 평택시 안중읍 삼정길 350,"경기도 평택시 안중읍 대반리 730번지 14호 ,23호",36.9710892527,126.9471191285,20260303,
평택시,서운신목장,소,50,경기도 평택시 서탄면 금암2길 48-6,경기도 평택시 서탄면 금암리 426번지,37.1094275113,127.0390814405,20260303,
평택시,서울목장,소,75,경기도 평택시 서탄면 서탄로 236-16,경기도 평택시 서탄면 금암리 287번지 5호,37.1069935200,127.0390399170,20260303,
평택시,서일목장,소,90,경기도 평택시 오성면 안화길 31-47,"경기도 평택시 오성면 안화리 354번지 6호 외2필지(354-7,354-10)",37.0130138167,126.9954431030,20260303,
평택시,석봉농장,소,32,경기도 평택시 팽성읍 석봉길 85,경기도 평택시 팽성읍 석봉리 113번지 1호,36.9859135602,127.0413221795,20260303,
평택시,석정농장,소,147,경기도 평택시 포승읍 원석정용소길 66-19,"경기도 평택시 포승읍 석정리 448번지 14호 ,448번지 15호",36.9949288442,126.8894189178,20260303,
평택시,석정농장,소,0,경기도 평택시 포승읍 성해2길 63-35,경기도 평택시 포승읍 석정리 118번지 4호,36.9983454821,126.9018551629,20260303,
평택시,선아목장,소,163,경기도 평택시 청북읍 청북중앙로 277-81,경기도 평택시 청북읍 고잔리 992번지 75호,37.0366450135,126.8978780252,20260303,
평택시,선영목장,소,81,경기도 평택시 고덕면 고덕북로 161-6,"경기도 평택시 고덕면 당현리 37번지 2호 , 37-3, 37-4",37.0726554968,127.0223622096,20260303,
평택시,선운목장,소,17,경기도 평택시 청북읍 삼계4길 8-9 (외1필지),경기도 평택시 청북읍 삼계리 220번지 외1필지,37.0507504295,126.9100700484,20260303,
평택시,선재농장,산양,40,경기도 평택시 고덕면 효학길 55-1,경기도 평택시 고덕면 방축리 774번지 1호,37.0107630002,127.0312925337,20260303,
평택시,성골목장,소,46,경기도 평택시 청북읍 청북중앙로 352,경기도 평택시 청북읍 삼계리 503번지 11호,37.0448576805,126.9015803789,20260303,
평택시,성규농장,소,10,경기도 평택시 청북읍 청원로 210-3,경기도 평택시 청북읍 토진리 160번지 2호 160-9,37.0402035016,126.9572221776,20260303,
평택시,성룡목장,소,102,경기도 평택시 오성면 교포3길 88-10,"경기도 평택시 오성면 교포리 108번지 10호 , -13, -14",36.9975012593,126.9978270278,20260303,
평택시,성유목장,소,17,경기도 평택시 유천로 165-10 (유천동),경기도 평택시 유천동 59번지,36.9823357879,127.1207730239,20260303,
평택시,성일목장,소,90,경기도 평택시 청북읍 토진3길 44-39,경기도 평택시 청북읍 토진리 583번지 1호,37.0343342106,126.9709702657,20260303,
평택시,성일목장,소,25,경기도 평택시 청북읍 토진3길 80-5,경기도 평택시 청북읍 토진리 424번지 24호,37.0335412265,126.9630039241,20260303,
평택시,성준농장,소,15,경기도 평택시 만세로 1754-118 (죽백동),경기도 평택시 죽백동 508번지 2호,37.0157973936,127.1069936798,20260303,
평택시,성지농원,산양,40,경기도 평택시 진위면 진위서로 92-37,경기도 평택시 진위면 견산리 288번지 2호,37.1054902575,127.0733188314,20260303,
평택시,성해목장,소,23,경기도 평택시 안중읍 성해1길 18-7,경기도 평택시 안중읍 성해리 284번지,36.9908601541,126.9029588681,20260303,
평택시,성호농장,소,164,경기도 평택시 오성면 창신뜰길 303-57,경기도 평택시 오성면 창내리 98번지 6호,36.9993353506,127.0273841605,20260303,
평택시,성호목장,소,672,,경기도 평택시 팽성읍 대사리 40번지 1호,,,20260303,
평택시,세근농장,소,91,경기도 평택시 오성면 강변로 575,경기도 평택시 오성면 숙성리 494번지 2호,36.9964711893,126.9846399964,20260303,
평택시,세라목장,소,45,경기도 평택시 청북읍 청원로 339,경기도 평택시 청북읍 한산리 706번지 1호,37.0468856178,126.9677343603,20260303,
평택시,세라목장,소,249,경기도 평택시 청북읍 원한산길 32-16,"경기도 평택시 청북읍 한산리 694번지 2호 ,-3,-4,695-2",37.0432962911,126.9673658378,20260303,
평택시,세원농장,돼지,1200,경기도 평택시 청북읍 청북중앙로 732-19,"경기도 평택시 청북읍 고잔리 11번지 10호 , 11-44",37.0629061855,126.9037782389,20260303,
평택시,세진목장,소,122,경기도 평택시 팽성읍 추팔2길 42,"경기도 평택시 팽성읍 추팔리 280, 280-12, 281",36.9640898253,127.0727611841,20260303,
평택시,세현목장,소,77,경기도 평택시 청북읍 고잔2길 130,경기도 평택시 청북읍 고잔리 170번지 1호,37.0539975444,126.8996866403,20260303,
평택시,세훈한우목장,소,37,경기도 평택시 포승읍 승학동길 232-2,경기도 평택시 포승읍 홍원리 232번지 2호,37.0131314897,126.8716214691,20260303,
평택시,소망목장,소,3,경기도 평택시 포승읍 포승장안로 259,경기도 평택시 포승읍 홍원리 9번지 23호,37.0085549122,126.8922435988,20260303,
평택시,소사농원,염소,20,경기도 평택시 유천로 215-7,경기도 평택시 소사동 402번지,36.9778005469,127.1261436969,20260303,
평택시,송남목장,소,39,경기도 평택시 포승읍 고성길 12-36,경기도 평택시 포승읍 홍원리 814번지,37.0092588478,126.8959360086,20260303,
평택시,송림목장,소,114,경기도 평택시 안중읍 대반6길 48-26,경기도 평택시 안중읍 대반리 444번지 11호,36.9770038286,126.9473684640,20260303,
평택시,송지목장,소,99,경기도 평택시 포승읍 이대원로 352,"경기도 평택시 포승읍 방림리 92번지 , 92-1, 92-2, 92-3",36.9752225398,126.8805208567,20260303,
평택시,송호목장2,소,235,경기도 평택시 청북읍 청원로 530-9,경기도 평택시 청북읍 어연리 348번지 349-1,37.0509540718,126.9910196493,20260303,
평택시,송화목장,소,12,경기도 평택시 팽성읍 팽성로 208-24,경기도 평택시 팽성읍 남산리 482번지,36.9519822708,127.0600919249,20260303,
평택시,쇠뿔목장,소,70,경기도 평택시 서탄면 용소금각로 411,경기도 평택시 서탄면 금각리 1240번지,37.0717043477,127.0079913924,20260303,
평택시,수정농장,소,236,경기도 평택시 고덕면 안재홍로 224-24,"경기도 평택시 고덕면 당현리 266번지 4호 -5, -7, 256, 257, -2, -3, 262",37.0695304209,127.0344183698,20260303,
평택시,수정목장,소,165,경기도 평택시 청북읍 황곡길 27-10,경기도 평택시 청북읍 어연리 585번지,37.0432125615,126.9789602370,20260303,
평택시,수정목장,소,112,경기도 평택시 오성면 창내3길 12,경기도 평택시 오성면 창내리 136번지 34호,37.0000091212,127.0090493965,20260303,
평택시,수정목장,소,25,경기도 평택시 포승읍 홍원농깨길 25-9,경기도 평택시 포승읍 홍원리 193번지 9호,37.0202676778,126.8703862315,20260303,
평택시,수지농장,돼지,529,경기도 평택시 청북읍 고잔길 141-7,경기도 평택시 청북읍 고잔리 11번지 16호 외 1필지(산5-49),37.0618640259,126.9044725184,20260303,
평택시,수혁농장,소,159,경기도 평택시 팽성읍 추팔길 63,"경기도 평택시 팽성읍 추팔리 197번지 7호 ,197-10,11,12",36.9668543523,127.0744645399,20260303,
평택시,수호농장,소,48,경기도 평택시 새말로104번길 120 (칠원동),경기도 평택시 칠원동 451번지 1호,,,20260303,
평택시,수호농장,소,52,경기도 평택시 고덕면 문곡2길 30-9,경기도 평택시 고덕면 문곡리 640번지 2호,37.0583398564,127.0132402866,20260303,
평택시,순수목장,소,193,경기도 평택시 팽성읍 평궁길 226-40,경기도 평택시 팽성읍 평궁리 409번지 2호,36.9646778675,127.1018981201,20260303,
평택시,순안동물농장,산양,1500,경기도 평택시 청북읍 옥길1길 100-67,"경기도 평택시 청북읍 옥길리 99번지 , 99-1",37.0317191426,126.9078111779,20260303,
평택시,슬향목장,소,185,경기도 평택시 진위면 남부대로 627-22,경기도 평택시 진위면 동천리 581번지 2호,37.1240215314,127.1039470133,20260303,
평택시,승리목장,소,100,경기도 평택시 청북읍 옥길1길 237-10,경기도 평택시 청북읍 옥길리 601번지,37.0253079958,126.8966746264,20260303,
평택시,승림목장,소,156,경기도 평택시 고덕면 문곡3길 41-4,경기도 평택시 고덕면 문곡리 782번지,37.0568759914,127.0015300080,20260303,
평택시,승민목장,소,150,경기도 평택시 오성면 오성서로 314-79,경기도 평택시 오성면 길음리 603번지 3호,36.9745920707,126.9700133946,20260303,
평택시,승영목장,소,186,경기도 평택시 서탄면 마두1길 216,경기도 평택시 서탄면 마두리 244번지,37.1126665946,127.0149750373,20260303,
평택시,승찬목장,소,58,경기도 평택시 서탄면 장등안길 7,경기도 평택시 서탄면 장등리 676번지,37.0729198371,127.0208531025,20260303,
평택시,승해목장,소,25,경기도 평택시 청북읍 수부길 53-66,경기도 평택시 청북읍 한산리 523번지,37.0481035736,126.9619679395,20260303,
평택시,시우목장,소,83,,경기도 평택시 서탄면 회화리 299번지 2호,,,20260303,
평택시,신강농장,소,0,경기도 평택시 고덕면 문곡2길 53,"경기도 평택시 고덕면 문곡리 598번지 1호 외2필지(599-8,597-6)",37.0601891594,127.0135771523,20260303,
평택시,신강목장,소,140,경기도 평택시 고덕면 문곡2길 54,"경기도 평택시 고덕면 문곡리 644번지 2호 , 644-3",37.0599197995,127.0138375689,20260303,
평택시,신고잔,소,182,경기도 평택시 청북읍 고잔3길 54-42,"경기도 평택시 청북읍 고잔리 842번지 ,841-2",37.0460769266,126.8896504785,20260303,
평택시,신광목장,소,32,경기도 평택시 포승읍 직산동길 104-8,경기도 평택시 포승읍 신영리 435번지 11호,36.9495795834,126.8810655156,20260303,
평택시,신북농장,돼지,1000,,경기도 평택시 진위면 가곡리 217번지,,,20260303,
평택시,신요한목장,소,48,경기도 평택시 청북읍 청원로 530-19,경기도 평택시 청북읍 어연리 381번지 1호,37.0497729693,126.9888682682,20260303,
평택시,신저축,소,100,경기도 평택시 청북읍 청북중앙로 629,경기도 평택시 청북읍 고잔리 1657번지 10호,37.0618087519,126.8935624705,20260303,
평택시,신충희목장,소,75,,경기도 평택시 서탄면 마두리 44번지 15호,,,20260303,
평택시,신평목장,소,141,경기도 평택시 팽성읍 평궁길 43,경기도 평택시 팽성읍 평궁리 325번지 1호,36.9740267628,127.0812105941,20260303,
평택시,신형아목장,소,84,경기도 평택시 서탄면 용소금각로 386,경기도 평택시 서탄면 금각리 370번지 1호,37.0733796241,127.0054943895,20260303,
평택시,신호목장,소,19,경기도 평택시 팽성읍 남산안길 26-15,경기도 평택시 팽성읍 남산리 508번지,36.9529533962,127.0618722229,20260303,
평택시,신흥농장,돼지,2000,경기도 평택시 지산로 251-157 (지산동),경기도 평택시 지산동 197번지,37.0785558317,127.0886467100,20260303,
평택시,쌍둥이목장,소,17,경기도 평택시 청북읍 고잔6길 129-11,경기도 평택시 청북읍 고잔리 996번지 16호,37.0383720019,126.8936027390,20260303,
평택시,아라목장,소,14,경기도 평택시 서탄면 서탄1로 297,경기도 평택시 서탄면 내천리 542번지,37.1157970551,127.0090231800,20260303,
평택시,아리랑농장,소,33,경기도 평택시 팽성읍 두정1길 119,경기도 평택시 팽성읍 두정리 36번지 1호,36.9418361069,127.0374425304,20260303,
평택시,아미재농장,소,50,경기도 평택시 포승읍 홍원농깨길 119-42,경기도 평택시 포승읍 홍원리 298번지 7호,37.0244085517,126.8659338027,20260303,
평택시,아산농장,소,108,경기도 평택시 현덕면 현덕서로 106-19,경기도 평택시 현덕면 도대리 160번지 5호,36.9558260244,126.9056698819,20260303,
평택시,안우진목장,소,129,경기도 평택시 청북읍 원한산길 32-51,"경기도 평택시 청북읍 한산리 722번지 2호 ,-3,-4",37.0415633388,126.9648703170,20260303,
평택시,애목장,소,48,경기도 평택시 청북읍 율북로 126-46,경기도 평택시 청북읍 율북리 424번지 2호,37.0611897108,126.9878693609,20260303,
평택시,야곱농장,소,100,경기도 평택시 팽성읍 평궁1길 11-25,경기도 평택시 팽성읍 평궁리 477번지 5호,36.9745318438,127.0864321707,20260303,
평택시,야곱목장,소,204,경기도 평택시 팽성읍 평궁1길 11-28,경기도 평택시 팽성읍 평궁리 310번지 263호 310-152. 310-148. 310-265. 476-3,36.9745725893,127.0877801689,20260303,
평택시,야원목장,사슴,5,경기도 평택시 진위면 야막길 46-7,경기도 평택시 진위면 야막리 67번지 3호,37.1231916912,127.0603188861,20260303,
평택시,어소목장,소,135,경기도 평택시 청북읍 어소길 179-6,경기도 평택시 청북읍 어소리 39번지,37.0609543797,126.9572431000,20260303,
평택시,언진목장,소,140,"경기도 평택시 청북읍 청북로 337-20, (한산리 164)",경기도 평택시 청북읍 한산리 164번지,37.0655027465,126.9583805382,20260303,
평택시,에녹목장,소,59,경기도 평택시 청북읍 감미동길 14-12,경기도 평택시 청북읍 고렴리 372번지 2호,37.0566624292,126.9207765737,20260303,
평택시,에스비팜 평택영농조합법인,돼지,3984,경기도 평택시 청북읍 고잔5길 1-194 (1-196),"경기도 평택시 청북읍 고잔리 1460번지 외 3필지(1460-1, -2, -3)",37.0339368106,126.8727582776,20260303,
평택시,에스팜,돼지,2954,경기도 평택시 고덕면 문곡3길 71-69,경기도 평택시 고덕면 문곡리 773번지 7호,37.0611320657,126.9975766573,20260303,
평택시,여름,소,306,,경기도 평택시 청북읍 어연리 439번지 1호,,,20260303,
평택시,여수목장,소,13,경기도 평택시 오성면 양교길 115,경기도 평택시 오성면 양교리 652번지 1호,37.0243461704,126.9648899262,20260303,
평택시,연두목장,소,10,경기도 평택시 고덕면 두릉길 31,경기도 평택시 고덕면 두릉리 189번지,37.0655965753,127.0221702541,20260303,
평택시,연성목장,소,31,경기도 평택시 안중읍 덕우로 165-26,경기도 평택시 안중읍 덕우리 80번지 1호,37.0037987706,126.9255050395,20260303,
평택시,연천목장,소,27,경기도 평택시 고덕면 문곡4길 20-7,"경기도 평택시 고덕면 문곡리 672번지 671,668,668-1,669-1",37.0584521131,127.0098540780,20260303,
평택시,연흥목장,소,95,"경기도 평택시 포승읍 자오길 47, (홍원리 266-17 외 3필지)",경기도 평택시 포승읍 홍원리 266번지 17호,37.0172352108,126.8646219702,20260303,
평택시,열린목장,소,105,경기도 평택시 청북읍 청북중앙로 732-29,경기도 평택시 청북읍 고잔리 11번지 25호,37.0620953917,126.9038745678,20260303,
평택시,영광농장,돼지,1162,경기도 평택시 포승읍 운정길 160-27,경기도 평택시 포승읍 방림리 182번지 1호 외 1필지(182-2),36.9730126596,126.8889536533,20260303,
평택시,영민목장,소,99,경기도 평택시 안중읍 삼정길 204-16,경기도 평택시 안중읍 삼정리 61번지 2호,36.9722512869,126.9606598360,20260303,
평택시,영신농장,소,15,경기도 평택시 청북읍 청원로 240,경기도 평택시 청북읍 토진리 39번지 6호,37.0424030855,126.9592193890,20260303,
평택시,영오목장,소,191,경기도 평택시 포승읍 포승장안로 454,경기도 평택시 포승읍 홍원리 219번지 7호,37.0168867626,126.8736853387,20260303,
평택시,영원목장,소,178,경기도 평택시 청북읍 청북중앙로 630,"경기도 평택시 청북읍 고잔리 1번지 739호 , -743",37.0609166702,126.8936258102,20260303,
평택시,영자농장,소,10,,경기도 평택시 포승읍 홍원리 266번지 12호,,,20260303,
평택시,영진농장,소,83,경기도 평택시 진위면 동천길 132-24,"경기도 평택시 진위면 동천리 62번지 , 62-1, 63-2, 64",37.1304286412,127.1115241449,20260303,
평택시,영환농장,소,20,,경기도 평택시 안중읍 대반리 205번지 2호,,,20260303,
평택시,예가네목장,소,21,경기도 평택시 청북읍 수부길 53-20,경기도 평택시 청북읍 한산리 500번지 1호,37.0515782592,126.9648899792,20260303,
평택시,예광농장,소,24,경기도 평택시 고덕면 문곡1길 107-40,경기도 평택시 고덕면 문곡리 827번지 16호,37.0693742329,127.0004583056,20260303,
평택시,예루목장,소,232,경기도 평택시 청북읍 백봉길 372-66,경기도 평택시 청북읍 어연리 490번지 3호,37.0432086939,126.9884287363,20260303,
평택시,오가피와흑염소농장,산양,90,,경기도 평택시 신대동 174번지 3호,,,20260303,
평택시,오그리마목장,소,66,경기도 평택시 유천2길 23-29(유천동),"경기도 평택시 유천동 689번지 2호 ,-1, -4",36.9811155750,127.1086552974,20260303,
평택시,오도원목장,소,312,경기도 평택시 오성면 창신뜰길 174-64 (외 1필지),경기도 평택시 오성면 교포리 95번지 20호 외 1필지,37.0021050885,126.9993702335,20260303,
평택시,오성농원,소,104,경기도 평택시 청북읍 청북중앙로 681-4,경기도 평택시 청북읍 고잔리 1662번지 10호,37.0634858185,126.8989594873,20260303,
평택시,오성농장,소,50,경기도 평택시 오성면 숙성길 182,경기도 평택시 오성면 숙성리 563번지,37.0037564301,126.9829498715,20260303,
평택시,옥길목장,소,85,경기도 평택시 청북읍 옥길1길 237-3,경기도 평택시 청북읍 옥길리 681번지 1호 외 1필지(681),37.0259808420,126.9031675467,20260303,
평택시,온누리농장,소,123,경기도 평택시 오성면 창신뜰길 303-55,"경기도 평택시 오성면 창내리 98번지 3호 98-26, 98-22, 358-3",37.0003603632,127.0267259587,20260303,
평택시,왕임목장,소,152,경기도 평택시 청북읍 광승길 80,"경기도 평택시 청북읍 현곡리 177번지 6호 -4, -5, -8, -32, -45, -47",37.0531350291,126.9351428669,20260303,
평택시,왕호목장,소,80,,경기도 평택시 청북읍 고잔리 992번지 225호,37.0392114675,126.8992727054,20260303,
평택시,외솔목장,소,190,경기도 평택시 서탄면 서탄로 236-40,"경기도 평택시 서탄면 금암리 282번지 ,-2,78-2",37.1085623200,127.0414502126,20260303,
평택시,용두농장,소,26,경기도 평택시 안중읍 강변로 237-10,경기도 평택시 안중읍 대반리 537번지 1호,36.9812777089,126.9554050601,20260303,
평택시,용성농장,돼지,300,,경기도 평택시 안중읍 용성리 123번지 1호,,,20260303,
평택시,용성목장,소,145,경기도 평택시 청북읍 어연길 89-20,경기도 평택시 청북읍 어연리 530번지 1호,37.0425963487,126.9823379859,20260303,
평택시,용우목장,소,125,경기도 평택시 오성면 강변로 1429-7,경기도 평택시 오성면 신리 74번지 4호,37.0054735072,127.0204899625,20260303,
평택시,용현목장,소,10,경기도 평택시 팽성읍 추팔길 131,경기도 평택시 팽성읍 추팔리 153번지 1호,36.9640278746,127.0806699860,20260303,
평택시,우리농장,소,20,경기도 평택시 오성면 숙성뜰길 97-43,경기도 평택시 오성면 숙성리 351번지 2호,37.0050727887,126.9871670453,20260303,
평택시,우림농장,소,127,경기도 평택시 안중읍 성해2길 63-116,경기도 평택시 안중읍 성해리 406번지,37.0025066786,126.9029689611,20260303,
평택시,우림농장2,소,59,경기도 평택시 현덕면 덕목5길 175-27,"경기도 평택시 현덕면 덕목리 275번지 6호 ,-7",36.9537209636,126.9633626641,20260303,
평택시,우수농장,소,45,경기도 평택시 서탄면 마두1길 201,경기도 평택시 서탄면 마두리 16번지,37.1124103864,127.0162485381,20260303,
평택시,우슴목장,소,60,경기도 평택시 진위면 삼봉로 271,경기도 평택시 진위면 마산리 688번지,37.0893245962,127.0877108546,20260303,
평택시,우정목장,소,46,경기도 평택시 고덕면 문화마을길 154-43,경기도 평택시 고덕면 좌교리 746번지 10호,37.0498407899,127.0113827131,20260303,
평택시,우정청용농장,소,80,경기도 평택시 만세로 1540-30 (청룡동),경기도 평택시 청룡동 141번지 1호,37.0291848953,127.1212260718,20260303,
평택시,우주목장,소,56,경기도 평택시 고덕면 청원로 778-16,경기도 평택시 고덕면 두릉리 398번지 1호,37.0553051389,127.0117975594,20260303,
평택시,원고잔목장,소,64,경기도 평택시 청북읍 고잔5길 87-14,경기도 평택시 청북읍 고잔리 산 144번지,37.0432817651,126.8912584271,20260303,
평택시,원골목장,소,11,경기도 평택시 고덕면 방축길 94-60,경기도 평택시 고덕면 방축리 88번지 5호,37.0126479989,127.0501878813,20260303,
평택시,원아목장,소,230,경기도 평택시 고덕면 동청2길 39,"경기도 평택시 고덕면 동청리 177번지 ,177-3,183-1,183-3,602-17",37.0506516278,127.0047534284,20260303,
평택시,윈스팜목장,소,180,,경기도 평택시 오성면 신리 226번지 10호,,,20260303,
평택시,유미목장,소,135,경기도 평택시 포승읍 석정로 364-9,경기도 평택시 포승읍 홍원리 313번지 20호,37.0070411825,126.8733052928,20260303,
평택시,유민목장,소,153,경기도 평택시 팽성읍 노와1길 92-45,경기도 평택시 팽성읍 노와리 404번지 5호,36.9646232396,127.0937539738,20260303,
평택시,유연목장,소,221,경기도 평택시 청북읍 원한산길 35,경기도 평택시 청북읍 한산리 729번지 7호,37.0433659929,126.9688384763,20260303,
평택시,유영목장,소,50,경기도 평택시 청북읍 원한산길 34,경기도 평택시 청북읍 한산리 729번지 2호,37.0434999437,126.9685564117,20260303,
평택시,유옥목장,소,135,경기도 평택시 청북읍 백봉길 418-14,경기도 평택시 청북읍 백봉리 64번지 1호,37.0363413275,126.9887784029,20260303,
평택시,유유목장,소,38,경기도 평택시 오성면 숙성3길 56-24,경기도 평택시 오성면 숙성리 748번지 19호,36.9925588137,126.9702708353,20260303,
평택시,유진목장,소,35,경기도 평택시 돌우물길 49-20 (이충동),경기도 평택시 이충동 95번지,37.0521598056,127.0727066101,20260303,
평택시,윤농장,소,75,경기도 평택시 만세로 1540-17 (청룡동),경기도 평택시 청룡동 244번지 2호,37.0269106252,127.1203941490,20260303,
평택시,은아목장,소,219,경기도 평택시 서탄면 정문회화로 291-121,경기도 평택시 서탄면 마두리 498번지 10호,37.1013791374,127.0101741027,20260303,
평택시,의성농산,소,220,경기도 평택시 청북읍 청북중앙로 277-39,"경기도 평택시 청북읍 고잔리 992번지 119호 ,-120",37.0328134765,126.8995610912,20260303,
평택시,의암목장,소,45,경기도 평택시 고덕면 문곡길 99-4,경기도 평택시 고덕면 문곡리 393번지 3호,37.0641907761,127.0112119505,20260303,
평택시,의왕목장,소,30,경기도 평택시 현덕면 덕목4길 61-71,경기도 평택시 현덕면 덕목리 862번지 1호,36.9470511837,126.9497637224,20260303,
평택시,이로목장,소,198,경기도 평택시 청북읍 백봉길 372-48,"경기도 평택시 청북읍 어연리 431번지 1호 ,-2",37.0479956128,126.9885090710,20260303,
평택시,이영목장,소,177,경기도 평택시 현덕면 덕목1길 32-37,경기도 평택시 현덕면 덕목리 992번지 2호,36.9563261966,126.9418680113,20260303,
평택시,인광목장,소,20,경기도 평택시 현덕면 인광1길 90-26,경기도 평택시 현덕면 인광리 296번지 2호,36.9610764333,126.9229392674,20260303,
평택시,인철농장,소,90,경기도 평택시 청북읍 율북로 148,경기도 평택시 청북읍 율북리 300번지 4호,37.0635861903,126.9834102020,20260303,
평택시,일도목장,소,46,경기도 평택시 팽성읍 평궁길 231,경기도 평택시 팽성읍 평궁리 100번지 1호,36.9682983550,127.0982393740,20260303,
평택시,일모목장,소,254,경기도 평택시 청북읍 청북서로 84,경기도 평택시 청북읍 삼계리 293번지 6호,37.0474978199,126.9085657917,20260303,
평택시,일선목장,소,20,,"경기도 평택시 청북읍 백봉리 488-8,-20번지",37.0314242218,126.9898682498,20260303,
평택시,일심농장,소,12,경기도 평택시 오성면 교포3길 109,경기도 평택시 오성면 교포리 117번지 3호,36.9999323025,126.9971591874,20260303,
평택시,임실목장,소,275,경기도 평택시 오성면 강변로 731-19,경기도 평택시 오성면 당거리 526번지 4호,36.9930389049,126.9999016541,20260303,
평택시,임형제목장,소,120,경기도 평택시 서탄면 수월암2길 150-30,경기도 평택시 서탄면 수월암리 697번지 1호,37.1252553176,127.0251051484,20260303,
평택시,자연 제1농장,소,130,경기도 평택시 서탄면 정문회화로 239-105 (외2필지),경기도 평택시 서탄면 마두리 502번지 3호 외2필지,37.1016078544,127.0001792073,20260303,
평택시,자연농장,소,215,경기도 평택시 서탄면 정문회화로 239-103 (외2필지),경기도 평택시 서탄면 마두리 502번지 1호 외2필지,37.1010741342,126.9997325629,20260303,
평택시,잘커농장,돼지,710,경기도 평택시 팽성읍 송화1길 131,경기도 평택시 팽성읍 송화리 696번지,36.9454771736,127.0395656133,20260303,
평택시,장범농장,소,13,,경기도 평택시 오성면 양교리 687번지,,,20260303,
평택시,장안농장,돼지,269,,"경기도 평택시 안중읍 학현리 337,338,339번지",36.9967445335,126.9170731657,20260303,
평택시,재동목장,소,16,경기도 평택시 현덕면 현덕방축2길 60-22,경기도 평택시 현덕면 방축리 235번지 1호,36.9565254217,126.8942298502,20260303,
평택시,재만목장,소,12,경기도 평택시 현덕면 도대3길 39-21,경기도 평택시 현덕면 도대리 422번지 9호,36.9645609554,126.8985135902,20260303,
평택시,재명농장,소,32,경기도 평택시 팽성읍 원정2길 65,경기도 평택시 팽성읍 원정리 149번지 1호,36.9757608632,127.0383495846,20260303,
평택시,재현목장,소,8,경기도 평택시 청북읍 청오로 307,경기도 평택시 청북읍 토진리 671번지 17호,37.0299700528,126.9686731817,20260303,
평택시,전단목장,소,50,경기도 평택시 청북읍 삼계4길 78-24,경기도 평택시 청북읍 삼계리 147번지,37.0513008969,126.9174883950,20260303,
평택시,전원목장,소,106,경기도 평택시 청북읍 어소길 85-48,경기도 평택시 청북읍 어소리 502번지,37.0525362855,126.9555373433,20260303,
평택시,전진농장,소,18,경기도 평택시 팽성읍 신흥길 42-6,경기도 평택시 팽성읍 근내리 275번지 3호,36.9683899465,127.0532345176,20260303,
평택시,정든목장,소,186,경기도 평택시 오성면 신2리길 59-33,경기도 평택시 오성면 신리 123번지 2호,37.0089883645,127.0092838964,20260303,
평택시,정목장,소,25,경기도 평택시 고덕면 청원로 788-34,경기도 평택시 고덕면 두릉리 490번지 3호,37.0534533354,127.0130465639,20260303,
평택시,정목장,소,88,경기도 평택시 오성면 숙성뜰길 98-30,경기도 평택시 오성면 숙성리 374번지,36.9984953354,126.9878630616,20260303,
평택시,정수농장,소,80,경기도 평택시 오성면 창내뜰길 172,경기도 평택시 오성면 당거리 248번지 2호,36.9886602950,127.0112911219,20260303,
평택시,정우목장,소,160,경기도 평택시 청북읍 청원로 530-15,경기도 평택시 청북읍 어연리 379번지 2호,37.0498225913,126.9878332855,20260303,
평택시,정우목장,소,80,경기도 평택시 고덕면 안재홍로 46-9,경기도 평택시 고덕면 두릉리 63번지,37.0612015811,127.0231538900,20260303,
평택시,정우목장,소,75,경기도 평택시 오성면 대조두길 57-38,경기도 평택시 오성면 숙성리 659번지 3호,37.0027542024,126.9703124999,20260303,
평택시,정원,소,92,경기도 평택시 포승읍 포승서로 281,경기도 평택시 포승읍 홍원리 234번지,37.0113389348,126.8712130029,20260303,
평택시,정원목장,소,115,경기도 평택시 고덕면 문곡1길 62,경기도 평택시 고덕면 문곡리 332번지,37.0684312645,127.0099473552,20260303,
평택시,정원목장,소,67,경기도 평택시 서탄면 용소금각로 254,경기도 평택시 서탄면 황구지리 177번지,37.0800641450,126.9960886306,20260303,
평택시,정임3농장,소,108,"경기도 평택시 청북읍 청북중앙로 277-37, [*미고시]",경기도 평택시 청북읍 고잔리 992번지 111호,37.0337322097,126.8994189327,20260303,
평택시,정임목장,소,307,경기도 평택시 청북읍 청북중앙로 277-52,"경기도 평택시 청북읍 고잔리 992번지 35호 , -38, -163, -183, -230, -234",37.0383164918,126.9004173170,20260303,
평택시,정임목장,소,180,경기도 평택시 서탄면 정문회화로 291-169,"경기도 평택시 서탄면 마두리 449번지 17호 ,-18 , -19",37.1029272515,127.0117959724,20260303,
평택시,정재목장,소,77,경기도 평택시 안중읍 삼정3길 41-3,경기도 평택시 안중읍 삼정리 360번지 1호,36.9601411039,126.9538931461,20260303,
평택시,정현목장,소,593,경기도 평택시 고덕면 고덕로 36-47,경기도 평택시 고덕면 해창리 315번지 2호,37.0251138589,127.0222665368,20260303,
평택시,제이농장,사슴,25,"경기도 평택시 포승읍 이대원로 212, (희곡리 437-2,-3)",경기도 평택시 포승읍 희곡리 435번지 2호,36.9634979674,126.8759427580,20260303,
평택시,제일농장,돼지,1800,경기도 평택시 팽성읍 노와길 260,"경기도 평택시 팽성읍 노와리 187번지 3호 , 186-1",36.9524931463,127.0947281905,20260303,
평택시,제일농장,사슴,40,"경기도 평택시 포승읍 이대원로 218, (포승읍 희곡리 435,-2,437,-2)",경기도 평택시 포승읍 희곡리 435번지,36.9642374654,126.8760041234,20260303,
평택시,제일농장,소,127,경기도 평택시 팽성읍 평궁길 38,경기도 평택시 팽성읍 평궁리 324번지 7호,36.9739510383,127.0801886184,20260303,
평택시,조아목장,소,131,경기도 평택시 팽성읍 안정로 294,"경기도 평택시 팽성읍 추팔리 216번지 3호 , -6",36.9709285486,127.0718691337,20260303,
평택시,조은,소,200,경기도 평택시 청북읍 백봉길 178-69,"경기도 평택시 청북읍 백봉리 632번지 4호 ,632-5,633-1,2,3",37.0309084520,126.9790443016,20260303,
평택시,조은목장,소,125,경기도 평택시 팽성읍 팽성로 574-36,경기도 평택시 팽성읍 평궁리 464번지 4호,36.9794145826,127.0829788075,20260303,
평택시,종원목장,소,30,경기도 평택시 오성면 오성산단1로 112-88,경기도 평택시 오성면 양교리 892번지 1호,37.0311161414,126.9530818142,20260303,
평택시,좌청룡우백호 농장,염소,5,경기도 평택시 오성면 창내1길 64,경기도 평택시 오성면 창내리 11번지 234호,36.9945356946,127.0241211098,20260303,
평택시,주상목장,소,71,경기도 평택시 오성면 안화길 54-6,경기도 평택시 오성면 안화리 281번지 5호,37.0168395331,126.9984304876,20260303,
평택시,주현목장,소,163,경기도 평택시 청북읍 청원로 210,"경기도 평택시 청북읍 토진리 160번지 6호 , 160-11, 160-12, 160-15",37.0409993524,126.9577900009,20260303,
평택시,준농장,돼지,799,경기도 평택시 오성면 오성서로 5-73,경기도 평택시 오성면 죽리 20번지 24호,37.0056099200,126.9739568194,20260303,
평택시,준엽목장,소,95,경기도 평택시 포승읍 포승장안로 377-49,경기도 평택시 포승읍 홍원리 148번지 1호,37.0109962890,126.8797585377,20260303,
평택시,준영목장,소,76,경기도 평택시 오성면 창내뜰길 76-33,경기도 평택시 오성면 창내리 136번지 275호,36.9954479009,127.0047183013,20260303,
평택시,중대농장2,염소,50,경기도 평택시 오성면 강변로 1385,경기도 평택시 오성면 신리 60번지 7호,37.0052764604,127.0252905288,20260303,
평택시,중원목장,소,35,경기도 평택시 청북읍 원한산길 8-18,경기도 평택시 청북읍 한산리 657번지 2호,37.0450867878,126.9666223715,20260303,
평택시,지성농장,돼지,2500,경기도 평택시 고덕면 고덕로 36-51,경기도 평택시 고덕면 해창리 153번지 외 1필지(153-1),37.0252614304,127.0230975643,20260303,
평택시,지율농장,소,30,"경기도 평택시 오성면 창신뜰길 174-42, B동",경기도 평택시 오성면 교포리 32번지 9호  B동,37.0019657868,127.0026866956,20260303,
평택시,지혜목장,소,108,경기도 평택시 팽성읍 평궁길 60-30,경기도 평택시 팽성읍 추팔리 174번지 6호,36.9707540423,127.0810712404,20260303,
평택시,직산사슴목장,사슴,3,,경기도 평택시 안중읍 대반리 407번지 4호,,,20260303,
평택시,진마루목장,소,80,경기도 평택시 오성면 강변로 551,경기도 평택시 오성면 숙성리 921번지,36.9977137275,126.9822378077,20260303,
평택시,진영농장,돼지,1784,,경기도 평택시 진위면 하북리 596번지 6호,,,20260303,
평택시,진영농장,소,180,경기도 평택시 팽성읍 신방4길 65,"경기도 평택시 팽성읍 대사리 6번지 외4필지(6-8,6-9,6-10,7)",36.9458222054,127.0816570303,20260303,
평택시,진원목장,소,145,"경기도 평택시 포승읍 자오길 74-8, (홍원리 291-9,11,12)",경기도 평택시 포승읍 홍원리 291번지 11호,37.0178718497,126.8606372081,20260303,
평택시,진틀목장,소,86,경기도 평택시 포승읍 이평길 84-12,경기도 평택시 포승읍 방림리 142번지 2호,36.9773642587,126.8885031483,20260303,
평택시,진홍목장,소,228,경기도 평택시 서탄면 정문회화로 291-169,"경기도 평택시 서탄면 마두리 449번지 14호 ,-15  ,-16",37.1029272515,127.0117959724,20260303,
평택시,진희목장,소,96,경기도 평택시 팽성읍 평궁길 220-10,경기도 평택시 팽성읍 평궁리 405번지 6호,36.9662052597,127.0977223786,20260303,
평택시,창목장,소,70,경기도 평택시 고덕면 문곡3길 71-39,경기도 평택시 고덕면 문곡리 777번지 12호,37.0587294702,126.9985710339,20260303,
평택시,창신농장,소,192,경기도 평택시 오성면 신2리길 101-15,"경기도 평택시 오성면 신리 114번지 11호 ,-12",37.0040723799,127.0128896444,20260303,
평택시,창신목장,소,325,경기도 평택시 오성면 창내뜰길 66,경기도 평택시 오성면 창내리 136번지 90호 외 1필지(136-91),36.9955279229,127.0066170386,20260303,
평택시,창원농장,돼지,3207,경기도 평택시 안중읍 학현4길 132 (외2필지),경기도 평택시 안중읍 학현리 337번지 1호 외2필지,36.9945138862,126.9162361031,20260303,
평택시,창흥목장,소,183,경기도 평택시 오성면 창신뜰길 174-45,경기도 평택시 오성면 창내리 540번지 7호,36.9980674584,127.0017006124,20260303,
평택시,청농장,소,7,경기도 평택시 청북읍 어연길 89,경기도 평택시 청북읍 어연리 526번지 1호,37.0424788398,126.9802022132,20260303,
평택시,청룡목장,소,135,"경기도 평택시 고덕면 안재홍로 207, (당현리 84-1,-7,-8)",경기도 평택시 고덕면 당현리 84번지 3호,37.0725896606,127.0329934709,20260303,
평택시,청북축산,돼지,315,경기도 평택시 청북읍 고잔길 141-20,경기도 평택시 청북읍 고잔리 11번지 13호,37.0627642245,126.9042292723,20260303,
평택시,청운목장,소,103,경기도 평택시 고덕면 방축길 51,경기도 평택시 고덕면 동고리 271번지 14호,37.0116202182,127.0477772112,20260303,
평택시,초립동목장,소,98,경기도 평택시 청북읍 광승길 92-10,"경기도 평택시 청북읍 현곡리 180번지 5호 , 180-6",37.0528686248,126.9359883377,20260303,
평택시,충남농장,돼지,800,경기도 평택시 청북읍 청북새싹길 11-69,경기도 평택시 청북읍 현곡리 358번지,37.0473065578,126.9359282825,20260303,
평택시,충북목장,소,10,경기도 평택시 팽성읍 근내길 111-98,경기도 평택시 팽성읍 근내리 139번지,36.9755544315,127.0503276425,20260303,
평택시,치우농장,소,205,경기도 평택시 고덕면 문곡3길 71-59,경기도 평택시 고덕면 문곡리 773번지 11호,37.0612177124,126.9986446413,20260303,
평택시,칠원농장,소,400,,경기도 평택시 진위면 은산리 991번지 1호,37.0825633447,127.1091627777,20260303,
평택시,큰가람목장,소,80,경기도 평택시 현덕면 현덕로 1039-106,경기도 평택시 현덕면 대안리 559번지 1호 외 1필지(557-2),36.9435334444,126.9320784770,20260303,
평택시,태성농장,소,236,경기도 평택시 현덕면 현덕로 1039-108,경기도 평택시 현덕면 대안리 559번지 2호,36.9434323556,126.9316749290,20260303,
평택시,태성목장,소,60,경기도 평택시 청북읍 청원로 530-21,경기도 평택시 청북읍 어연리 381번지 2호,37.0496478391,126.9891165231,20260303,
평택시,태양목장,소,181,경기도 평택시 오성면 창내뜰길 24,경기도 평택시 오성면 창내리 136번지 329호,36.9989613133,127.0063588431,20260303,
평택시,태일농장,소,5,경기도 평택시 포승읍 석정로 188,경기도 평택시 포승읍 석정리 733번지 2호,36.9983112968,126.8811203016,20260303,
평택시,태평양목장,소,139,경기도 평택시 청북읍 고잔6길 129-51,경기도 평택시 청북읍 고잔리 1524번지,37.0344278235,126.8926333976,20260303,
평택시,태현목장,소,60,경기도 평택시 고덕면 방축길 157,경기도 평택시 고덕면 방축리 209번지,37.0199883218,127.0485145492,20260303,
평택시,택주목장,소,52,경기도 평택시 청북읍 청원로 530-60,경기도 평택시 청북읍 어연리 443번지 2호,37.0471045191,126.9867269691,20260303,
평택시,토성농장,돼지,1390,경기도 평택시 고덕면 고덕북로 301-49,경기도 평택시 고덕면 두릉리 207번지,37.0681955545,127.0228851307,20260303,
평택시,토종흑염소농장,염소,188,경기도 평택시 유천로 143-47 (유천동),경기도 평택시 유천동 253번지 4호,36.9810911052,127.1177454471,20260303,
평택시,평강목장,소,193,경기도 평택시 포승읍 성해2길 63-98,경기도 평택시 포승읍 석정리 1375번지 3호,37.0051330190,126.9053986479,20260303,
평택시,평산목장,소,198,경기도 평택시 서탄면 정문회화로 291-68,경기도 평택시 서탄면 회화리 184번지 9호,37.0990912513,127.0084107820,20260303,
평택시,평산목장,소,90,경기도 평택시 서탄면 서탄2로 235,경기도 평택시 서탄면 수월암리 155번지 1호,37.1205754419,127.0430662664,20260303,
평택시,평상원목장,소,154,경기도 평택시 청북읍 어연길 67-33,경기도 평택시 청북읍 어연리 470번지 3호,37.0450997414,126.9838166382,20260303,
평택시,평새말목장,소,79,경기도 평택시 서탄면 서탄2로 16,경기도 평택시 서탄면 금암리 852번지,37.1092284859,127.0251939837,20260303,
평택시,평새말목장2,소,29,경기도 평택시 서탄면 서탄2로 6,경기도 평택시 서탄면 금암리 822번지,37.1084353481,127.0252214448,20260303,
평택시,평서원목장,소,354,경기도 평택시 청북읍 한산길 155-9,"경기도 평택시 청북읍 한산리 377번지 , 378, 379",37.0602287068,126.9641768635,20260303,
평택시,평송전 목장,소,85,경기도 평택시 오성면 양교길 227-22,경기도 평택시 오성면 양교리 733번지 4호,37.0169499544,126.9599169172,20260303,
평택시,평송한우시범농장,소,140,,경기도 평택시 도일동 산 890번지 1호,,,20260303,
평택시,평송한우영농조합,소,400,경기도 평택시 청북읍 청원로 530-65,"경기도 평택시 청북읍 어연리 463-1,-2,-3,-4,-6,-7,-8",37.0453849441,126.9893137759,20260303,
평택시,평수성목장,소,90,경기도 평택시 서탄면 마두길 59-364,경기도 평택시 서탄면 마두리 432번지 18호,37.1052837080,127.0105203560,20260303,
평택시,평온 제2농장,소,176,경기도 평택시 서탄면 정문회화로 291-173,경기도 평택시 서탄면 마두리 449번지 7호,37.1029596609,127.0131012352,20260303,
평택시,평온목장,소,65,경기도 평택시 서탄면 마두1길 137-9,경기도 평택시 서탄면 마두리 219번지 7호,37.1108823877,127.0151214792,20260303,
평택시,평원목장,소,66,,경기도 평택시 서탄면 마두리 201번지,,,20260303,
평택시,평자연목장,소,85,경기도 평택시 청북읍 원한산길 32-8,경기도 평택시 청북읍 한산리 693번지 1호,37.0440375562,126.9678329628,20260303,
평택시,평자연목장,소,39,경기도 평택시 청북읍 청원로 326,경기도 평택시 청북읍 한산리 649번지 1호,37.0461674527,126.9663898973,20260303,
평택시,평자연목장,소,150,경기도 평택시 청북읍 원한산길 32-41,경기도 평택시 청북읍 한산리 723번지 1호,37.0415560486,126.9652526970,20260303,
평택시,평진선목장,소,60,경기도 평택시 청북읍 원한산길 30,경기도 평택시 청북읍 한산리 692번지 2호,37.0441131457,126.9686083638,20260303,
평택시,평철농장,소,20,경기도 평택시 고덕면 당현1길 114-1,경기도 평택시 고덕면 당현리 424번지 2호,37.0647735266,127.0327939257,20260303,
평택시,평택고래농장,염소,0,경기도 평택시 오성면 숙성4길 167,경기도 평택시 오성면 숙성리 281번지 1호,36.9964283048,126.9914169968,20260303,
평택시,평화농장,소,60,경기도 평택시 청룡길 48-119 (청룡동),경기도 평택시 청룡동 369번지,37.0164988095,127.1231438677,20260303,
평택시,평화농장,소,182,경기도 평택시 팽성읍 추팔1길 56-110,경기도 평택시 팽성읍 추팔리 75번지 20호,36.9587145769,127.0821481562,20260303,
평택시,평화농장,소,24,경기도 평택시 청룡길 48-119 (청룡동),경기도 평택시 청룡동 369번지 1호,37.0164988095,127.1231438677,20260303,
평택시,푸른농장,소,80,경기도 평택시 고덕면 남북대로 70,경기도 평택시 고덕면 동고리 331번지 2호,37.0115140245,127.0459343861,20260303,
평택시,푸른목장,소,262,경기도 평택시 오성면 창신뜰길 174-44,경기도 평택시 오성면 교포리 53번지 11호,37.0017187302,127.0018116540,20260303,
평택시,푸른목장,소,176,경기도 평택시 팽성읍 노성2길 33,경기도 평택시 팽성읍 노성리 70번지 4호,36.9413758847,127.0258893786,20260303,
평택시,풍년목장,소,324,경기도 평택시 서탄면 장등안길 7-18,"경기도 평택시 서탄면 장등리 664번지 1호 ,664-5, 663",37.0730050630,127.0196376060,20260303,
평택시,풍성한목장,소,118,경기도 평택시 오성면 오성북로 306-34,경기도 평택시 오성면 양교리 78번지 1호,37.0260366342,126.9863740752,20260303,
평택시,하틀목장,소,80,경기도 평택시 현덕면 인광1길 15-9,경기도 평택시 현덕면 인광리 443번지 3호,36.9582967622,126.9204216560,20260303,
평택시,한결농장,산양,0,,경기도 평택시 포승읍 홍원리 254번지 63호,37.0114207871,126.8655754062,20260303,
평택시,한길농장,소,44,경기도 평택시 청북읍 청원로 210-73,경기도 평택시 청북읍 토진리 146번지 12호,37.0407184337,126.9614240813,20260303,
평택시,한별농장,돼지,1500,경기도 평택시 진위면 경기대로 1713-73,경기도 평택시 진위면 신리 28번지 3호,37.0997340640,127.0595879572,20260303,
평택시,한산3리목장,산양,60,경기도 평택시 청북읍 한산길 212,경기도 평택시 청북읍 한산리 256번지 1호,,,20260303,
평택시,한서목장,소,9,경기도 평택시 현덕면 덕목5길 54-19,경기도 평택시 현덕면 덕목리 149번지,36.9494952599,126.9698391419,20260303,
평택시,한성목장,소,145,경기도 평택시 청북읍 고잔2길 115-9,"경기도 평택시 청북읍 고잔리 558번지 , 558-1, 556, 557-1, 557-11",37.0519483014,126.9026606018,20260303,
평택시,한성목장,소,10,경기도 평택시 포승읍 이대원로 374,경기도 평택시 포승읍 방림리 88번지 2호,36.9770843773,126.8797305206,20260303,
평택시,한아람목장,소,120,경기도 평택시 고덕면 문곡3길 89,경기도 평택시 고덕면 문곡리 270번지 1호,37.0623836346,127.0058244766,20260303,
평택시,한양농원,돼지,1695,경기도 평택시 서탄면 마두길 75-109,경기도 평택시 서탄면 마두리 408번지 25호,37.1080466425,127.0008121865,20260303,
평택시,한얼목장,소,74,경기도 평택시 현덕면 현덕방축2길 20,"경기도 평택시 현덕면 방축리 287-2,289,291-2번지",36.9577406268,126.8886151638,20260303,
평택시,한얼목장,소,188,경기도 평택시 진위면 야막길 108-72,경기도 평택시 진위면 야막리 87번지 3호,37.1296606107,127.0546186750,20260303,
평택시,한영목장,소,57,경기도 평택시 서탄면 장등1길 32-2,"경기도 평택시 서탄면 장등리 448번지 1호 448-2,3,4",37.0753356098,127.0253266440,20260303,
평택시,한우물농장,돼지,995,경기도 평택시 고덕면 고덕로 36-49,경기도 평택시 고덕면 해창리 152번지 152-1,37.0255378373,127.0223425802,20260303,
평택시,한일목장,소,121,,경기도 평택시 청북읍 한산리 165번지 1호,,,20260303,
평택시,해군목장,소,86,경기도 평택시 만세로 1490-43 (청룡동),경기도 평택시 청룡동 103번지 8호,37.0316061169,127.1200896917,20260303,
평택시,해림2농장,돼지,3000,경기도 평택시 오성면 교포1길 150-3,"경기도 평택시 오성면 교포리 2번지 5호 외 4필지(2-7, -29, 신리 91-50)",37.0067948572,127.0042175792,20260303,
평택시,해림농장,돼지,1132,경기도 평택시 오성면 양교길 227-12,경기도 평택시 오성면 양교리 740번지,37.0179846198,126.9594824178,20260303,
평택시,해미2농장,소,187,경기도 평택시 고덕면 방축길 94-23,"경기도 평택시 고덕면 방축리 155번지 3호 외3필지(155-4,155-5,156-1)",37.0161095041,127.0525731077,20260303,
평택시,해미성규목장,소,193,"경기도 평택시 오성면 창신뜰길 174-47, (창내리 540-8)",경기도 평택시 오성면 창내리 540번지 8호,36.9978898641,127.0023423685,20260303,
평택시,해송목장,소,125,경기도 평택시 청북읍 청원로 530-67,경기도 평택시 청북읍 어연리 464번지 4호,37.0451511072,126.9873473788,20260303,
평택시,해운목장,소,77,경기도 평택시 서탄면 서탄로 525,"경기도 평택시 서탄면 수월암리 1146번지 1145,1147",37.1236675168,127.0180793635,20260303,
평택시,해창농장,돼지,574,경기도 평택시 고덕면 고덕로 36-53,경기도 평택시 고덕면 해창리 154번지,37.0253899755,127.0236813764,20260303,
평택시,향림목장,소,128,경기도 평택시 청북읍 어소길 19-9,"경기도 평택시 청북읍 어소리 663번지 1호 , 663-2",37.0465557526,126.9605619061,20260303,
평택시,혁주목장,소,65,,경기도 평택시 고덕면 해창리 1216번지 10호,37.0451720940,127.0123476049,20260303,
평택시,현곡농장,소,132,경기도 평택시 청북읍 청북중앙로 69-15,"경기도 평택시 청북읍 현곡리 406번지 56호 ,-57",37.0400974931,126.9270083236,20260303,
평택시,현곡농장2,소,200,경기도 평택시 청북읍 청북중앙로 69-19,경기도 평택시 청북읍 현곡리 406번지 59호,37.0395029004,126.9270802597,20260303,
평택시,현규축산,소,40,경기도 평택시 현덕면 현덕로 649,경기도 평택시 현덕면 신왕리 348번지,36.9367926669,126.9675352517,20260303,
평택시,현대농장,소,170,경기도 평택시 포승읍 홍원농깨길 126-63,"경기도 평택시 포승읍 홍원리 965번지 7호 ,966-9",37.0269655592,126.8738499381,20260303,
평택시,현덕목장,소,40,경기도 평택시 안중읍 삼정길 358-12,경기도 평택시 안중읍 대반리 730번지 2호,36.9720790191,126.9467299888,20260303,
평택시,현목장,소,14,경기도 평택시 고덕면 문곡3길 71-42,경기도 평택시 고덕면 문곡리 840번지,37.0647437432,127.0011298305,20260303,
평택시,현묵목장,소,9,경기도 평택시 청북읍 고잔6길 139,경기도 평택시 청북읍 고잔리 1002번지,37.0386857777,126.8915285211,20260303,
평택시,현범목장,소,9,경기도 평택시 팽성읍 평궁길 210,"경기도 평택시 팽성읍 평궁리 30번지 7호 , 30-4, 29-4",36.9674944127,127.0977492976,20260303,
평택시,현석농장,돼지,18000,경기도 평택시 오성면 양교길 267,경기도 평택시 오성면 양교리 749번지 1호,37.0181712781,126.9569292721,20260303,
평택시,현이목장,소,130,경기도 평택시 고덕면 청원로 659-89,경기도 평택시 고덕면 문곡리 783번지 9호,37.0561527504,126.9988916623,20260303,
평택시,현일농장,소,50,경기도 평택시 청북읍 청북중앙로 69-17,경기도 평택시 청북읍 현곡리 406번지 58호,37.0398186590,126.9271341106,20260303,
평택시,현주한우농장,소,113,경기도 평택시 오성면 숙성뜰길 20-23,경기도 평택시 오성면 숙성리 823번지,37.0007612647,126.9823969669,20260303,
평택시,형일목장,염소,20,,경기도 평택시 팽성읍 추팔리 203번지 27호,,,20260303,
평택시,형제목장,소,139,경기도 평택시 현덕면 덕목1길 42,경기도 평택시 현덕면 덕목리 1118번지 6호,36.9581113698,126.9381145045,20260303,
평택시,형제목장,소,41,경기도 평택시 청북읍 청북서로 127-13,경기도 평택시 청북읍 고잔리 1625번지 2호,37.0505306697,126.9075750800,20260303,
평택시,호중목장,소,17,경기도 평택시 청북읍 청북로 562-26,"경기도 평택시 청북읍 율북리 72번지 18호 , 73-4",37.0655691007,126.9771875745,20260303,
평택시,홍석농장,소,47,경기도 평택시 팽성읍 두정1길 89-41,경기도 평택시 팽성읍 두정리 30번지 1호,36.9381070106,127.0358704414,20260303,
평택시,화랑목장,소,100,경기도 평택시 청북읍 청원로 530-61,경기도 평택시 청북읍 어연리 460번지 3호 (460-4),37.0459815124,126.9876004439,20260303,
평택시,화성양돈,돼지,1250,경기도 평택시 청북읍 고잔길 141-18,경기도 평택시 청북읍 고잔리 10번지 8호 외 1필지(11-14),37.0628383118,126.9046223755,20260303,
평택시,화성양돈2,돼지,500,경기도 평택시 청북읍 고잔길 141-19,"경기도 평택시 청북읍 고잔리 11번지 20호 11-34, 11-35, 산5-48",37.0625922270,126.9040843929,20260303,
평택시,화원목장,소,35,경기도 평택시 현덕면 현덕로 1310-21,경기도 평택시 현덕면 화양리 653번지 8호,36.9668703515,126.9169303125,20260303,
평택시,환영목장,소,3,경기도 평택시 청북읍 청북중앙로 277-41,경기도 평택시 청북읍 고잔리 992번지 71호,37.0347345142,126.8997596010,20260303,
평택시,황금농장,돼지,2500,경기도 평택시 유천2길 23-35 (유천동),경기도 평택시 유천동 688번지 1호,36.9815669910,127.1088664731,20260303,
평택시,황금농장,소,34,경기도 평택시 안중읍 현덕로 191-43,경기도 평택시 안중읍 삼정리 210번지 11호,36.9687773442,126.9481469311,20260303,
평택시,황해목장,소,5,경기도 평택시 청북읍 고잔6길 106,경기도 평택시 청북읍 고잔리 1002번지 45호,37.0404832405,126.8922140867,20260303,
평택시,훈현목장,소,64,경기도 평택시 진위면 동천길 65-21,경기도 평택시 진위면 동천리 282번지 1호,37.1260004680,127.1081132375,20260303,
평택시,흥일농장,사슴,4,경기도 평택시 포승읍 자오길 4-9,경기도 평택시 포승읍 홍원리 266번지 75호,37.0173114024,126.8670719469,20260303,
평택시,흥일목장,소,196,경기도 평택시 포승읍 자오길 4-9,경기도 평택시 포승읍 홍원리 266번지 65호,37.0173114024,126.8670719469,20260303,
평택시,희망목장,소,60,경기도 평택시 청북읍 백봉길 372-50,경기도 평택시 청북읍 어연리 436번지 7호,37.0476787580,126.9923910258,20260303,
평택시,희인목장,소,32,경기도 평택시 청북읍 고잔2길 41,경기도 평택시 청북읍 고잔리 426번지 2호,37.0537798417,126.9065826035,20260303,
포천시,(주)로고농업회사법인,돼지,0,,"경기도 포천시 창수면 주원리 465번지 ,-1,467,산186,산187-3",38.0126226285,127.1835494961,20240306,
포천시,-,돼지,769,경기도 포천시 관인면 창동로1173번길 61,경기도 포천시 관인면 삼율리 323번지 7호,38.1169968053,127.2095750530,20240306,
포천시,-,돼지,700,경기도 포천시 이동면 화동로 2006,경기도 포천시 이동면 장암리 177번지 4호 외 1필지(279번지),38.0266518679,127.3705301150,20240306,
포천시,-,돼지,500,,경기도 포천시 영중면 금주리 788번지,,,20240306,
포천시,-,돼지,200,경기도 포천시 일동면 무리울길 267-1,경기도 포천시 일동면 화대리 11번지 5호,37.9512355664,127.3581420233,20240306,
포천시,-,돼지,140,경기도 포천시 이동면 금강로6263번길 195,경기도 포천시 이동면 도평리 665번지,38.0881789277,127.3757585267,20240306,
포천시,-,돼지,61,경기도 포천시 내촌면 내진로155번길 25-11,경기도 포천시 내촌면 진목리 538번지,37.7972237116,127.2119900714,20240306,
포천시,-,돼지,22,,경기도 포천시 이동면 도평리 330번지,38.0482014424,127.3773675690,20240306,
포천시,-,돼지,400,경기도 포천시 이동면 성장로1100번길 40,경기도 포천시 이동면 노곡리 69번지 7호,38.0157899902,127.3614125968,20240306,
포천시,-,돼지,100,경기도 포천시 영중면 호국로 3344,경기도 포천시 영중면 성동리 348번지,38.0358236728,127.2640353592,20240306,
포천시,-,돼지,350,경기도 포천시 이동면 새낭로 466,경기도 포천시 이동면 노곡리 1041번지 1호,,,20240306,
포천시,-,소,11,경기도 포천시 신북면 양지말1길 79,경기도 포천시 신북면 계류리 153번지 1호,37.9579495872,127.1790918233,20240306,
포천시,-,소,9,경기도 포천시 신북면 틀못이길 143-7,경기도 포천시 신북면 기지리 535번지 1호,37.9147594327,127.2332277411,20240306,
포천시,-,소,3,경기도 포천시 신북면 청신로947번길 89-17,경기도 포천시 신북면 삼정리 381번지,37.9686974379,127.1342906880,20240306,
포천시,-,소,71,경기도 포천시 군내면 유교로127번길 29,경기도 포천시 군내면 유교리 589번지,37.8727293039,127.1951413533,20240306,
포천시,-,소,6,경기도 포천시 신북면 신평로16번길 26,경기도 포천시 신북면 만세교리 344번지,37.9516475532,127.2363383748,20240306,
포천시,-,소,31,경기도 포천시 이동면 제비울1길 44-80,경기도 포천시 이동면 연곡리 599번지 1호,37.9999264143,127.3767959731,20240306,
포천시,-,소,16,경기도 포천시 일동면 새낭로 66-1,"경기도 포천시 일동면 사직리 815번지 7호 ,-1",37.9839847613,127.3345071165,20240306,
포천시,-,소,5,경기도 포천시 영중면 나삼길 183,경기도 포천시 영중면 성동리 254번지 8호,38.0201592774,127.2639944530,20240306,
포천시,-,소,6,경기도 포천시 일동면 윗갈기1길 9-5,경기도 포천시 일동면 수입리 108번지 4호,37.9686201363,127.3237600108,20240306,
포천시,-,소,6,경기도 포천시 이동면 화동로 1796,경기도 포천시 이동면 연곡리 772번지,38.0082363019,127.3684779300,20240306,
포천시,-,소,11,경기도 포천시 영중면 백로주길 52,경기도 포천시 영중면 거사리 137번지,37.9751907321,127.2410249160,20240306,
포천시,-,소,14,,경기도 포천시 영중면 성동리 782번지 15호,,,20240306,
포천시,-,소,17,경기도 포천시 영중면 호국로3296번길 19-13,경기도 포천시 영중면 성동리 387번지,38.0322435860,127.2630440988,20240306,
포천시,-,소,5,경기도 포천시 신북면 중앙로383번길 34,경기도 포천시 신북면 가채리 265번지,37.9193860985,127.2115712306,20240306,
포천시,-,소,19,경기도 포천시 영중면 백로주길 98,경기도 포천시 영중면 거사리 774번지,37.9733019361,127.2387202524,20240306,
포천시,-,소,4,경기도 포천시 관인면 북원로 667-13,경기도 포천시 관인면 초과리 264번지 3호,38.1460628101,127.2404334069,20240306,
포천시,-,소,5,경기도 포천시 일동면 사기막1길 46,경기도 포천시 일동면 화대리 322번지,37.9693021567,127.3341188320,20240306,
포천시,-,소,7,경기도 포천시 일동면 영일로534번길 33-15,경기도 포천시 일동면 길명리 748번지 24호,37.9298490718,127.2727721839,20240306,
포천시,-,소,31,,경기도 포천시 가산면 금현리 671번지 2호 외1필지(671-3),37.8138656179,127.1913316327,20240306,
포천시,-,소,6,경기도 포천시 이동면 화동로 1770-21,경기도 포천시 이동면 연곡리 776번지 2호,38.0063793329,127.3681964761,20240306,
포천시,-,소,6,경기도 포천시 관인면 창동로 921,경기도 포천시 관인면 중리 468번지 5호,38.0917565117,127.2076792432,20240306,
포천시,-,소,8,경기도 포천시 일동면 화동로1354번길 45-50,경기도 포천시 일동면 화대리 205번지,37.9758866600,127.3444198479,20240306,
포천시,-,소,4,,경기도 포천시 일동면 화대리 244번지 42호,,,20240306,
포천시,-,소,7,경기도 포천시 영중면 나삼길 102-8,경기도 포천시 영중면 양문리 1045번지,38.0153485500,127.2562062099,20240306,
포천시,-,소,4,경기도 포천시 해룡로 35-24(설운동),경기도 포천시 설운동 446번지 4호,37.8603298676,127.1446148939,20240306,
포천시,-,소,5,경기도 포천시 군내면 청군로 3115,경기도 포천시 군내면 직두리 571번지,37.8758851217,127.2288083473,20240306,
포천시,-,소,5,경기도 포천시 영북면 호국로 3574-16,경기도 포천시 영북면 야미리 270번지 11호,38.0553333886,127.2716324697,20240306,
포천시,-,소,13,경기도 포천시 일동면 영일로764번길 79,경기도 포천시 일동면 길명리 470번지 1호,37.9363774803,127.2839386499,20240306,
포천시,-,소,7,경기도 포천시 자작로3길 3 (자작동),경기도 포천시 자작동 212번지 2호,37.8707922028,127.1719319890,20240306,
포천시,-,소,5,경기도 포천시 신북면 깊이울로 17-30,경기도 포천시 신북면 심곡리 412번지 3호,37.9298244780,127.1840160470,20240306,
포천시,-,소,14,경기도 포천시 화현면 봉화로925번길 14-10,경기도 포천시 화현면 지현리 295번지 2호,37.9279078555,127.2619228642,20240306,
포천시,-,소,8,경기도 포천시 영북면 호국로4350번길 21-28,경기도 포천시 영북면 자일리 337번지 2호,38.1139841500,127.2937060479,20240306,
포천시,-,소,8,경기도 포천시 일동면 소야길 102-59,경기도 포천시 일동면 기산리 139번지,37.9563562619,127.3027760965,20240306,
포천시,-,소,39,경기도 포천시 이동면 제비울1길 44-109,경기도 포천시 이동면 연곡리 599번지 5호,37.9992247745,127.3781069673,20240306,
포천시,-,소,2,경기도 포천시 자작로3길 20 (자작동),경기도 포천시 자작동 200번지 2호,37.8722442693,127.1722780239,20240306,
포천시,-,소,8,경기도 포천시 관인면 느릅실길 84-42,경기도 포천시 관인면 탄동리 84번지,38.1606726462,127.2663502742,20240306,
포천시,-,소,26,,경기도 포천시 군내면 직두리 409번지 3호,,,20240306,
포천시,-,소,7,경기도 포천시 관인면 창동로 872-9,경기도 포천시 관인면 중리 513번지 4호,38.0871870724,127.2076860363,20240306,
포천시,-,소,5,,경기도 포천시 영중면 금주리 356번지,37.9851789717,127.2657345442,20240306,
포천시,-,소,3,경기도 포천시 창수면 금화봉길 49,경기도 포천시 창수면 가양리 392번지 1호,37.9736563343,127.2020226815,20240306,
포천시,-,소,9,경기도 포천시 일동면 사기막1길 56,경기도 포천시 일동면 화대리 345번지,37.9701149662,127.3352896826,20240306,
포천시,-,소,40,,경기도 포천시 가산면 금현리 683번지,,,20240306,
포천시,-,소,15,경기도 포천시 창수면 가영로 297,경기도 포천시 창수면 가양리 256번지 5호,37.9911154351,127.2024645534,20240306,
포천시,-,소,21,경기도 포천시 창수면 옥수로 136-168,경기도 포천시 창수면 주원리 239번지,37.9941939863,127.1904937403,20240306,
포천시,-,소,0,경기도 포천시 영북면 북원로 148-57,경기도 포천시 영북면 자일리 685번지 2호,38.1164354631,127.2787661983,20240306,
포천시,-,소,80,경기도 포천시 화현면 봉화로 902-24,경기도 포천시 화현면 지현리 243번지,37.9246062922,127.2695682853,20240306,
포천시,-,소,37,"경기도 포천시 관인면 창동로 1334-69, (삼율리 196,-2)",경기도 포천시 관인면 삼율리 196번지 등 2필지(-2),38.1270982964,127.2162438541,20240306,
포천시,-,소,31,경기도 포천시 일동면 정자골길 86-93,경기도 포천시 일동면 길명리 51번지,,,20240306,
포천시,-,소,24,경기도 포천시 관인면 찬우물길 152-5,경기도 포천시 관인면 냉정리 328번지 7호,38.1644545627,127.2738266973,20240306,
포천시,-,소,6,,경기도 포천시 관인면 냉정리 326번지,38.1643309085,127.2743182454,20240306,
포천시,-,소,6,,경기도 포천시 일동면 유동리 457번지,,,20240306,
포천시,-,소,19,경기도 포천시 영중면 호국로3143번길 14,경기도 포천시 영중면 성동리 665번지,38.0226574688,127.2516588361,20240306,
포천시,-,소,32,경기도 포천시 이동면 화동로2076번길 89,경기도 포천시 이동면 장암리 196번지,38.0331114791,127.3764897188,20240306,
포천시,-,소,40,경기도 포천시 관인면 창동로1894번길 129,경기도 포천시 관인면 탄동리 421번지 4호,38.1493988007,127.2579291808,20240306,
포천시,-,소,12,경기도 포천시 관인면 창동로1894번길 129-1,경기도 포천시 관인면 탄동리 424번지 1호,38.1472724638,127.2582443508,20240306,
포천시,-,소,50,경기도 포천시 이동면 제비울1길 44-124,경기도 포천시 이동면 연곡리 599번지 9호,37.9984232404,127.3787005541,20240306,
포천시,-,소,5,경기도 포천시 영북면 영북로46번길 48,경기도 포천시 영북면 운천리 262번지 1호,38.0770693441,127.2795689505,20240306,
포천시,-,소,40,경기도 포천시 신북면 청신로1196번길 48,경기도 포천시 신북면 갈월리 233번지 3호,37.9496438652,127.1489996912,20240306,
포천시,-,소,130,경기도 포천시 영중면 가영로 526,경기도 포천시 영중면 영송리 538번지 5호,38.0088817454,127.2141484880,20240306,
포천시,-,소,4,경기도 포천시 일동면 새낭로 57,경기도 포천시 일동면 사직리 813번지,37.9833093388,127.3348958009,20240306,
포천시,-,소,12,경기도 포천시 신북면 포천로2034번길 86,경기도 포천시 신북면 심곡리 205번지,37.9360468101,127.1920919365,20240306,
포천시,-,소,2,경기도 포천시 영중면 금화봉2길 117,경기도 포천시 영중면 거사리 180번지 1호,37.9785657905,127.2388610032,20240306,
포천시,-,소,10,,경기도 포천시 일동면 화대리 744번지 6호,37.9618808537,127.3272585860,20240306,
포천시,-,소,23,,경기도 포천시 일동면 사직리 240번지,,,20240306,
포천시,-,소,14,,경기도 포천시 신북면 삼정리 403번지,37.9660403878,127.1325785826,20240306,
포천시,-,소,32,경기도 포천시 화현면 봉화로709번길 3,경기도 포천시 화현면 지현리 165번지 6호,37.9089807802,127.2711300085,20240306,
포천시,-,소,2,,경기도 포천시 일동면 사직리 497번지 3호,37.9976435736,127.3442258348,20240306,
포천시,-,소,6,경기도 포천시 가산면 시우동길 52,경기도 포천시 가산면 가산리 460번지 4호,37.8338658421,127.1656179662,20240306,
포천시,-,소,16,경기도 포천시 가산면 정금로201번길 26,경기도 포천시 가산면 정교리 68번지 1호,37.8166441314,127.1827721366,20240306,
포천시,-,소,12,,경기도 포천시 관인면 초과리 669번지,38.1467984192,127.2460643660,20240306,
포천시,-,소,20,,경기도 포천시 자작동 145번지 7호,,,20240306,
포천시,-,소,25,경기도 포천시 관인면 북원로618번길 88,경기도 포천시 관인면 초과리 145번지 29호,38.1484866259,127.2484480808,20240306,
포천시,-,소,6,경기도 포천시 이동면 금강로6263번길 192-22,경기도 포천시 이동면 도평리 658번지 3호,38.0892231581,127.3745821790,20240306,
포천시,-,소,10,경기도 포천시 내촌면 능곡청정길 51-9,경기도 포천시 내촌면 내리 53번지 2호,37.7838781965,127.2404446934,20240306,
포천시,-,소,22,경기도 포천시 군내면 꽃배산4길 1-32,경기도 포천시 군내면 좌의리 188번지 5호,37.8572407346,127.2226470952,20240306,
포천시,-,소,6,경기도 포천시 내촌면 금강로 3146-14,경기도 포천시 내촌면 신팔리 90번지 1호,37.8405069209,127.2750127428,20240306,
포천시,-,소,8,경기도 포천시 창수면 포천로 2518-1,경기도 포천시 창수면 추동리 299번지,37.9717475935,127.1888688029,20240306,
포천시,-,소,7,경기도 포천시 내촌면 내진로155번길 44-1,경기도 포천시 내촌면 진목리 883번지,37.7993372202,127.2101189975,20240306,
포천시,-,소,15,경기도 포천시 화현면 봉화로 975-18,경기도 포천시 화현면 지현리 299번지 35호,37.9322902757,127.2629670147,20240306,
포천시,-,소,25,경기도 포천시 이동면 성장로 950-12,경기도 포천시 이동면 노곡리 1513번지,38.0088996091,127.3434274165,20240306,
포천시,-,소,18,,경기도 포천시 관인면 탄동리 215번지,,,20240306,
포천시,-,소,100,경기도 포천시 관인면 찬우물1길 14,경기도 포천시 관인면 탄동리 215번지 6호,38.1723028864,127.2683453052,20240306,
포천시,-,소,5,경기도 포천시 관인면 창동로 895,경기도 포천시 관인면 중리 487번지 2호,38.0896815871,127.2068778414,20240306,
포천시,-,소,16,경기도 포천시 영중면 호국로3296번길 46,경기도 포천시 영중면 성동리 318번지 17호,38.0302613034,127.2633125585,20240306,
포천시,-,소,2,경기도 포천시 일동면 영일로534번길 41,경기도 포천시 일동면 길명리 672번지 1호,37.9277023636,127.2719367680,20240306,
포천시,-,소,0,,경기도 포천시 창수면 주원리 98번지,38.0100628862,127.1900450124,20240306,
포천시,-,소,2,경기도 포천시 일동면 화동로1005번길 35-16,경기도 포천시 일동면 기산리 254번지,37.9524237519,127.3120405855,20240306,
포천시,-,소,24,경기도 포천시 내촌면 금강로2247번길 7-49,경기도 포천시 내촌면 음현리 668번지 2호,37.7771090519,127.2244683871,20240306,
포천시,-,소,22,경기도 포천시 일동면 수입로 321-22 (외1필지(675-3)),경기도 포천시 일동면 수입리 674번지 1호 외1필지(675-3),37.9933644179,127.3145214279,20240306,
포천시,-,소,6,,경기도 포천시 일동면 수입리 849번지,38.0066833577,127.2999811147,20240306,
포천시,-,소,3,경기도 포천시 관인면 창동로927번길 20,경기도 포천시 관인면 중리,38.0927803410,127.2062268301,20240306,
포천시,-,소,7,경기도 포천시 영북면 방골길 828-4,경기도 포천시 영북면 소회산리 70번지 4호,38.0782622533,127.2539451356,20240306,
포천시,-,소,40,경기도 포천시 이동면 화동로1723번길 40,경기도 포천시 이동면 연곡리 1086번지,38.0028553652,127.3604459884,20240306,
포천시,-,소,130,경기도 포천시 이동면 화동로 1824-86,경기도 포천시 이동면 연곡리 787번지 1호,38.0074453196,127.3704158152,20240306,
포천시,-,소,8,경기도 포천시 이동면 화동로1727번길 15-1,경기도 포천시 이동면 연곡리 1069번지 2호,38.0035260721,127.3636454212,20240306,
포천시,-,소,22,경기도 포천시 이동면 제비울1길 44-84,경기도 포천시 이동면 연곡리 599번지 2호,37.9996564330,127.3771836783,20240306,
포천시,-,소,4,경기도 포천시 화현면 봉화로781번길 6,경기도 포천시 화현면 지현리 673번지 8호,37.9161126285,127.2678313658,20240306,
포천시,-,소,6,경기도 포천시 이동면 화동로1727번길 5,경기도 포천시 이동면 연곡리 1068번지 3호,38.0030680056,127.3650245000,20240306,
포천시,-,소,60,경기도 포천시 창수면 창동로 87-43,경기도 포천시 창수면 오가리 473번지,38.0259805537,127.1898245567,20240306,
포천시,-,소,20,경기도 포천시 이동면 제비울1길 44-124,경기도 포천시 이동면 연곡리 599번지 17호,37.9984232404,127.3787005541,20240306,
포천시,-,소,23,,경기도 포천시 신북면 계류리 46번지 2호,,,20240306,
포천시,-,소,8,경기도 포천시 신북면 왕방로279번길 43-98,경기도 포천시 신북면 가채리 864번지 1호,37.9067735679,127.1959223564,20240306,
포천시,-,소,9,,경기도 포천시 신북면 가채리 17번지 5호,,,20240306,
포천시,-,소,20,,경기도 포천시 일동면 유동리 549번지,37.9232785345,127.2990993540,20240306,
포천시,-,소,7,,경기도 포천시 일동면 유동리 134번지 3호,,,20240306,
포천시,-,소,16,경기도 포천시 군내면 좌의길 141,"경기도 포천시 군내면 좌의리 305번지 3호 ,-18",37.8578380966,127.2161310363,20240306,
포천시,-,소,30,,경기도 포천시 군내면 하성북리 596번지,37.8966061701,127.2134962536,20240306,
포천시,-,소,0,,경기도 포천시 군내면 상성북리 510번지 1호,37.8939181880,127.2297686718,20240306,
포천시,-,소,5,,경기도 포천시 일동면 유동리 125번지 1호,,,20240306,
포천시,-,소,5,경기도 포천시 영북면 산정호수로 65,경기도 포천시 영북면 운천리 227번지 1호,38.0772191756,127.2825899816,20240306,
포천시,-,소,120,,경기도 포천시 이동면 연곡리 1092번지 1호,38.0029018294,127.3606394424,20240306,
포천시,-,소,10,경기도 포천시 화현면 봉화로 696-69,경기도 포천시 화현면 지현리 515번지 1호,37.9122114300,127.2731904864,20240306,
포천시,-,소,29,경기도 포천시 이동면 성장로901번길 26,경기도 포천시 이동면 노곡리 612번지,38.0107215591,127.3377733493,20240306,
포천시,-,소,22,"경기도 포천시 이동면 성장로 932-10 (, 1529)","경기도 포천시 이동면 노곡리 1530번지 , 1529",38.0089244982,127.3418211989,20240306,
포천시,-,소,30,경기도 포천시 신북면 포천로 2044,경기도 포천시 신북면 심곡리 380번지 1호,37.9325745347,127.1878050006,20240306,
포천시,-,소,44,경기도 포천시 일동면 새낭로 77-20,경기도 포천시 일동면 화대리 477번지 4호,37.9839903691,127.3321043665,20240306,
포천시,-,소,41,경기도 포천시 일동면 사당말길 92,경기도 포천시 일동면 사직리 177번지 1호,37.9989019568,127.3485056960,20240306,
포천시,-,소,14,경기도 포천시 화현면 봉화로 878,경기도 포천시 화현면 지현리 376번지 4호,37.9239758311,127.2652351932,20240306,
포천시,95Farm,돼지,0,경기도 포천시 창수면 옥수로214번길 112,경기도 포천시 창수면 주원리 29번지 4호,38.0073103075,127.1949380364,20240306,
포천시,LA,소,3,경기도 포천시 내촌면 소리개길 97,경기도 포천시 내촌면 내리 산 6번지,37.7812314629,127.2377966014,20240306,
포천시,Lee HOIsteins,소,150,경기도 포천시 영북면 문암1길 5,경기도 포천시 영북면 문암리 291번지 1호,38.0818505026,127.2678099897,20240306,
포천시,OK목장,소,19,경기도 포천시 일동면 화동로599번길 41-48,경기도 포천시 일동면 유동리 484번지,37.9206650533,127.3028942031,20240306,
포천시,YD농장,돼지,500,경기도 포천시 일동면 사기막1길 56,경기도 포천시 일동면 화대리 344번지,37.9701149662,127.3352896826,20240306,
포천시,가람농장,소,65,경기도 포천시 관인면 창동로 1307-170,경기도 포천시 관인면 삼율리 227번지 5호,38.1247973583,127.2077871374,20240306,
포천시,가림농장,돼지,1300,경기도 포천시 영북면 호국로 3396,경기도 포천시 영북면 야미리 433번지,38.0388564014,127.2662478211,20240306,
포천시,가림목장,소,35,경기도 포천시 창수면 가영로 240,"경기도 포천시 창수면 가양리 261번지 5호 ,-4,-12",37.9871613487,127.2034826529,20240306,
포천시,가온농장,돼지,1200,경기도 포천시 영중면 호국로 3341-27,경기도 포천시 영중면 성동리 377번지 4호,38.0366722084,127.2602379280,20240306,
포천시,가인목장,소,70,경기도 포천시 관인면 창동로2048번길 42,"경기도 포천시 관인면 탄동리 176번지 ,176-1,175,175-1",38.1677907350,127.2654028664,20240306,
포천시,갈골목장,소,150,경기도 포천시 이동면 새낭로420번길 35,경기도 포천시 이동면 노곡리 741번지,38.0171118326,127.3314706020,20240306,
포천시,갈보리농장,돼지,600,경기도 포천시 창수면 포천로2721번길 26-45,경기도 포천시 창수면 추동리 395번지 2호,37.9866524706,127.1713939848,20240306,
포천시,감암축산,돼지,900,경기도 포천시 가산면 정교길 87,경기도 포천시 가산면 정교리 482번지 1호,37.8225685775,127.1674528546,20240306,
포천시,강영석농장,염소,18,경기도 포천시 일동면 청지로 53,경기도 포천시 일동면 화대리 147번지,37.9628151740,127.3357841216,20240306,
포천시,강환목장,소,35,경기도 포천시 군내면 좌의길 30-80,경기도 포천시 군내면 유교리 137번지,37.8591053024,127.2072817815,20240306,
포천시,거사목장,소,68,경기도 포천시 영중면 금화봉길 586,경기도 포천시 영중면 거사리 328번지 2호,37.9888663176,127.2383120304,20240306,
포천시,건섭농장,돼지,700,경기도 포천시 일동면 정자골1길 121,경기도 포천시 일동면 길명리 187번지,37.9298878171,127.2938118784,20240306,
포천시,건섭농장2,돼지,330,경기도 포천시 일동면 정자골1길 93,경기도 포천시 일동면 길명리 180번지,37.9286845407,127.2912322422,20240306,
포천시,건재목장,소,35,경기도 포천시 관인면 북원로 371-85,경기도 포천시 관인면 사정리 131번지,38.1231751613,127.2551407347,20240306,
포천시,건호농장,염소,42,경기도 포천시 소흘읍 호국로484번길 36-12,경기도 포천시 소흘읍 이동교리 64번지 2호,37.8147238221,127.1387780624,20240306,
포천시,경관목장,소,52,경기도 포천시 영중면 먼재2길 154,경기도 포천시 영중면 양문리 110번지 1호,37.9855813088,127.2573182349,20240306,
포천시,경관목장,소,60,경기도 포천시 영중면 먼재2길 154-1,경기도 포천시 영중면 양문리 110번지,37.9857069243,127.2570445179,20240306,
포천시,경기축산,소,6,경기도 포천시 창수면 포천로 3121,경기도 포천시 창수면 주원리 854번지,38.0129621700,127.1529699009,20240306,
포천시,경목농장,돼지,0,경기도 포천시 영북면 문암길 32-36,경기도 포천시 영북면 문암리 270번지 2호,38.0819923128,127.2711846970,20240306,
포천시,경성농원,사슴,0,경기도 포천시 관인면 창동로 1501-20,경기도 포천시 관인면 초과리 550번지,38.1387312684,127.2227945808,20240306,
포천시,경은목장,소,155,경기도 포천시 원동교길 138-56(동교동),"경기도 포천시 동교동 331번지 ,-1, 330",37.8496939780,127.1356180951,20240306,
포천시,경인농장,돼지,770,경기도 포천시 이동면 새낭로 466,경기도 포천시 이동면 노곡리 1042번지 3호,,,20240306,
포천시,경주농장,돼지,350,경기도 포천시 일동면 인곡길 20,경기도 포천시 일동면 사직리 399번지,,,20240306,
포천시,경호농장,소,0,경기도 포천시 영북면 호국로 4361-61,경기도 포천시 영북면 자일리 344번지 10호,38.1147873531,127.2892319880,20240306,
포천시,경환농장,소,70,경기도 포천시 신북면 지동1길 32,경기도 포천시 신북면 금동리,37.9455550319,127.1181414002,20240306,
포천시,경회농장,소,40,경기도 포천시 일동면 사기막1길 50-1,경기도 포천시 일동면 화대리 315번지,37.9690071263,127.3358272558,20240306,
포천시,경희목장,소,45,경기도 포천시 창수면 가영로 301,경기도 포천시 창수면 가양리 247번지,37.9917287657,127.2026442930,20240306,
포천시,계류목장,소,80,경기도 포천시 신북면 청신로1615번길 11,"경기도 포천시 신북면 계류리 248번지 1호 ,-2",37.9511417980,127.1812954546,20240306,
포천시,고구려농장,돼지,850,경기도 포천시 관인면 창동로 1516-16,경기도 포천시 관인면 초과리 542번지,38.1389979702,127.2250644422,20240306,
포천시,고궁농장,소,50,경기도 포천시 영북면 문암길 32-36,경기도 포천시 영북면 문암리 270번지 10호,38.0819923128,127.2711846970,20240306,
포천시,고양축산업협동조합,소,600,"경기도 포천시 이동면 성장로 950-57, (등 11번지)","경기도 포천시 이동면 노곡리 537번지 (-1,-2,-3,-4,538-3,-4,-5,-6,-8,161-3)",38.0072085918,127.3460053728,20240306,
포천시,고은농장,돼지,500,경기도 포천시 이동면 제비울1길 44-87,경기도 포천시 이동면 연곡리 599번지 13호,38.0000173163,127.3775361622,20240306,
포천시,고찬모농장,돼지,447,경기도 포천시 이동면 제비울1길 44-87,경기도 포천시 이동면 연곡리 599번지 3호,38.0000173163,127.3775361622,20240306,
포천시,곰네미 팜,산양,7,경기도 포천시 일동면 수입로197번길 22-18,경기도 포천시 일동면 수입리 455번지 1호,,,20240306,
포천시,관인목장,소,63,경기도 포천시 관인면 북원로618번길 59-21,"경기도 포천시 관인면 초과리 308번지 1호 외 2필지(309-2,-10)",38.1454420271,127.2450462230,20240306,
포천시,광능목장,소,98,경기도 포천시 관인면 느릅실길 84-67,"경기도 포천시 관인면 탄동리 111번지 (111-1, 112)",38.1609020303,127.2684042119,20240306,
포천시,광직농장,소,30,경기도 포천시 창수면 포천로 3126 (외1필지(791-2)),경기도 포천시 창수면 주원리 791번지 외1필지(791-2),38.0152450733,127.1569463990,20240306,
포천시,광천목장,소,27,경기도 포천시 자작로3길 78 (자작동),경기도 포천시 자작동 501번지 2호,37.8754737239,127.1700464459,20240306,
포천시,광천목장,소,70,경기도 포천시 자작로5길 42-3 (자작동),경기도 포천시 자작동 559번지,37.8781964916,127.1703413184,20240306,
포천시,광화목장,소,120,"경기도 포천시 영중면 먼재2길 15-42, (양문리 28,29-1,-2)","경기도 포천시 영중면 양문리 28번지 (등 3필지 29-1, -2)",37.9969878955,127.2598888216,20240306,
포천시,교동목장,소,100,,경기도 포천시 관인면 중리 156번지,38.1065037651,127.2170732149,20240306,
포천시,구레골목장,소,6,경기도 포천시 신북면 청신로1660번길 10-1,경기도 포천시 신북면 계류리 265번지 1호,37.9461890721,127.1829216420,20240306,
포천시,구천목장,소,56,경기도 포천시 가산면 정교길 113,경기도 포천시 가산면 정교리 579번지,37.8245307812,127.1665123004,20240306,
포천시,구훈목장,소,45,경기도 포천시 가산면 마전3길 45,경기도 포천시 가산면 마전리 494번지 4호,37.8462151622,127.2103561347,20240306,
포천시,군내목장,소,101,경기도 포천시 군내면 풍류산길 143,경기도 포천시 군내면 구읍리 300번지 2호,37.8818075532,127.2214519440,20240306,
포천시,군내목장2,소,30,경기도 포천시 군내면 용두로117번길 77,경기도 포천시 군내면 구읍리 38번지 9호 등 2필지(38-2),37.8805283650,127.2255732128,20240306,
포천시,권훈목장,소,0,경기도 포천시 영중면 먼재2길 15-25 (외1필지(38)),경기도 포천시 영중면 양문리 36번지 3호 외1필지(38),37.9978617441,127.2596923509,20240306,
포천시,규인목장,소,78,경기도 포천시 창수면 포천로2721번길 49,경기도 포천시 창수면 추동리 346번지,37.9844201420,127.1756742210,20240306,
포천시,그린목장,소,85,경기도 포천시 일동면 화동로888번길 53-5,경기도 포천시 일동면 기산리 613번지 9호,37.9416501513,127.3157781833,20240306,
포천시,근선목장,소,126,경기도 포천시 화현면 봉화로 762-33,"경기도 포천시 화현면 지현리 531번지 , 532-1, 533",37.9135653600,127.2695686005,20240306,
포천시,근영목장,소,200,"경기도 포천시 영중면 나삼2길 27-41, 등4필지(430-5,6,7,8)","경기도 포천시 영중면 양문리 430번지 7호 등4필지(430-5,6,8)",38.0120394819,127.2555564509,20240306,
포천시,근하목장,소,36,경기도 포천시 일동면 화동로 1113-22,경기도 포천시 일동면 수입리 160번지 2호,37.9623772885,127.3198702058,20240306,
포천시,금녕농장,소,10,경기도 포천시 이동면 성장로 932-10,경기도 포천시 이동면 노곡리 1530번지 1호,38.0089244982,127.3418211989,20240306,
포천시,금동리목장,소,65,"경기도 포천시 관인면 느릅실길 84-73 (외2필지(17,49))","경기도 포천시 관인면 탄동리 16번지 외2필지(17,49)",38.1601736066,127.2692169609,20240306,
포천시,금호사슴농장,사슴,40,경기도 포천시 영북면 호국로3497번길 92,경기도 포천시 영북면 야미리 720번지 2호,38.0491586491,127.2620549938,20240306,
포천시,금호영농조합법인,돼지,11888,경기도 포천시 창수면 옥수로327번길 44,경기도 포천시 창수면 주원리 500번지,38.0109169614,127.1785876570,20240306,
포천시,기쁨목장,소,150,경기도 포천시 관인면 숯골길 86,경기도 포천시 관인면 탄동리 448번지,38.1499808888,127.2518212342,20240306,
포천시,기섭목장,소,80,경기도 포천시 어룡2길 46 (어룡동),경기도 포천시 어룡동 676번지 1호,37.8852605790,127.1760641250,20240306,
포천시,길명농장,소,90,경기도 포천시 일동면 정자골1길 124,경기도 포천시 일동면 길명리 188번지,37.9297445656,127.2943584706,20240306,
포천시,길명농장2,소,130,,"경기도 포천시 일동면 길명리 176번지 1호 , -2, 179-1, -3",37.9283583241,127.2924317884,20240306,
포천시,길복목장,소,30,경기도 포천시 관인면 창동로2048번길 55,"경기도 포천시 관인면 탄동리 164번지 ,166, 산18",38.1662512248,127.2662297283,20240306,
포천시,길상목장,소,70,경기도 포천시 일동면 화동로653번길 28,경기도 포천시 일동면 유동리 405번지 1호,37.9247828357,127.3076393165,20240306,
포천시,길안목장,소,52,경기도 포천시 일동면 화동로 1615-73,경기도 포천시 일동면 사직리 150번지,37.9989999458,127.3547356627,20240306,
포천시,김대영목장,소,7,경기도 포천시 일동면 새낭로 77-14,경기도 포천시 일동면 화대리 482번지 5호,37.9843767173,127.3312608155,20240306,
포천시,김민목장,소,70,경기도 포천시 창수면 포천로2721번길 11,경기도 포천시 창수면 추동리 407번지 2호,37.9864313407,127.1761550402,20240306,
포천시,김선경목장,소,35,,경기도 포천시 군내면 유교리 379번지,37.8665838172,127.2050805529,20240306,
포천시,김성일목장,소,29,경기도 포천시 창수면 옥수로245번길 94-13,경기도 포천시 창수면 주원리 586번지,38.0012006240,127.1751333381,20240306,
포천시,까망께돈 흑돼지농장,돼지,750,경기도 포천시 일동면 화동로 609-33,경기도 포천시 일동면 유동리 75번지 1호,37.9212690960,127.3084562857,20240306,
포천시,꽃말목장,소,120,경기도 포천시 관인면 뗏마루길 147,경기도 포천시 관인면 사정리 574번지 1호,38.1186146196,127.2507980157,20240306,
포천시,나라청산,돼지,600,경기도 포천시 신북면 간자동길 93-41,경기도 포천시 신북면 삼정리 79번지,37.9636166834,127.1469181874,20240306,
포천시,나라축산,돼지,2300,경기도 포천시 관인면 창동로1173번길 87,"경기도 포천시 관인면 삼율리 322번지 322-1, -2, -3 번지 등 4필지",38.1177662527,127.2109409777,20240306,
포천시,나뭇골목장,소,87,경기도 포천시 가산면 정교길 117-78 (외1필지(460-3)),경기도 포천시 가산면 정교리 460번지 2호 외1필지(460-3),37.8263823653,127.1647086009,20240306,
포천시,남성목장,소,15,경기도 포천시 이동면 새낭로420번길 15,"경기도 포천시 이동면 노곡리 746번지 1호 ,-10",38.0150202661,127.3310652728,20240306,
포천시,낭유농장,돼지,700,경기도 포천시 이동면 새낭로420번길 59,"경기도 포천시 이동면 노곡리 734번지 3호 , -1, -8, -11, 733-1, -2, 736-2, 742-4",38.0191767329,127.3321380499,20240306,
포천시,내가리농장,돼지,1120,경기도 포천시 소흘읍 죽엽산로237번길 21-41,경기도 포천시 소흘읍 고모리 488번지 3호,37.8128718124,127.1647583489,20240306,
포천시,내천목장,소,92,경기도 포천시 내촌면 오림포1길 33,경기도 포천시 내촌면 진목리 99번지 외 1필지(100번지),37.8034048353,127.2186568594,20240306,
포천시,너구리목장,소,27,경기도 포천시 어룡2길 58 (어룡동),경기도 포천시 어룡동 682번지,37.8854349353,127.1739253963,20240306,
포천시,노곡목장,소,180,"경기도 포천시 이동면 성장로 916-21 (외3필지,1542,1543),)","경기도 포천시 이동면 노곡리 1532번지 외3필지,1542,1543),",38.0084183951,127.3407970820,20240306,
포천시,노곡목장-2,소,30,경기도 포천시 이동면 성장로 916-21,경기도 포천시 이동면 노곡리 1532번지 4호,38.0084183951,127.3407970820,20240306,
포천시,노력목장,소,100,경기도 포천시 이동면 화동로1908번길 80-64,"경기도 포천시 이동면 연곡리 272번지 2호 272,-3,269,269-1",38.0174150803,127.3803553571,20240306,
포천시,노을빛목장,소,63,경기도 포천시 창수면 전영로 1086-31,경기도 포천시 창수면 오가리 772번지 1호,38.0183764219,127.1807310805,20240306,
포천시,농아목장,소,21,경기도 포천시 내촌면 금강로2259번길 59,경기도 포천시 내촌면 내리 767번지,37.7835476798,127.2219914743,20240306,
포천시,농업법인(주)골드바이오텍,돼지,500,경기도 포천시 일동면 무리울길 213-29,"경기도 포천시 일동면 화대리 42번지 , 43, 44",37.9538595165,127.3517854133,20240306,
포천시,농업회사법인 그린팜스 유한회사,돼지,3300,경기도 포천시 이동면 화동로1908번길 87-9,"경기도 포천시 이동면 연곡리 306번지 3호 외 4필지(307-2, 308-2, 285-3, 310-4)",38.0202620936,127.3793253586,20240306,
포천시,농업회사법인 돈호새(주),돼지,3232,경기도 포천시 화현면 문암동길 150,"경기도 포천시 화현면 지현리 335번지 1호 ,-2,-15,-16,-17,-28,-29,-36,-37,-45,-52,-54",37.9463795003,127.2594845286,20240306,
포천시,농업회사법인 새여리팜 주식회사,돼지,2500,경기도 포천시 창수면 포천로2811번길 15,경기도 포천시 창수면 추동리 755번지 4호,37.9946512126,127.1697182872,20240306,
포천시,농업회사법인 에이비씨축산(주),돼지,4121,경기도 포천시 관인면 창동로 1339-57,"경기도 포천시 관인면 삼율리 157번지 4호 -3,-5,-6,-7,-9,-10",38.1280570071,127.2102386392,20240306,
포천시,농업회사법인 주식회사 브니엘농장,돼지,740,경기도 포천시 신북면 깊이울로1길 12-17,경기도 포천시 신북면 심곡리 630번지,37.9311679023,127.1808582593,20240306,
포천시,농업회사법인 주식회사 현주팜,돼지,21201,경기도 포천시 관인면 창동로1586번길 30-23,"경기도 포천시 관인면 초과리 520번지 6호 ,-9,-12",38.1419728637,127.2292528483,20240306,
포천시,농업회사법인 주식회사 화현축산,돼지,8500,경기도 포천시 영중면 사은다리1길 99,경기도 포천시 영중면 거사리 984번지 1호,38.0060115859,127.2276235162,20240306,
포천시,농업회사법인(주)더함께,돼지,5000,경기도 포천시 이동면 새낭로 490,경기도 포천시 이동면 노곡리 1043번지 1호,38.0193466884,127.3312376271,20240306,
포천시,농업회사법인(주)창암농원,돼지,4500,경기도 포천시 창수면 옥수로298번길 75,경기도 포천시 창수면 주원리 77번지 6호,38.0124481538,127.1916814861,20240306,
포천시,뉴원일목장,소,13,경기도 포천시 신북면 상아골길 12-22,"경기도 포천시 신북면 금동리 429번지 ,430,430-1",37.9426958729,127.1259180086,20240306,
포천시,는다목장,소,83,,경기도 포천시 가산면 감암리 636번지 18호,,,20240306,
포천시,는다목장,소,130,경기도 포천시 가산면 선마로99번길 49-30,"경기도 포천시 가산면 마산리 641번지 4호 636-15,-16,-17,-18,-21",37.8553998605,127.1791958675,20240306,
포천시,늘봄목장,소,19,,경기도 포천시 영중면 성동리 326번지,,,20240306,
포천시,늘푸른농장,돼지,3500,경기도 포천시 창수면 가영로535번길 209,경기도 포천시 창수면 주원리 59번지 2호,38.0151786878,127.1915447342,20240306,
포천시,늘푸른농장,소,33,경기도 포천시 영중면 먼재길 87-2,경기도 포천시 영중면 양문리 304번지,38.0008370347,127.2558214412,20240306,
포천시,능일목장,소,35,경기도 포천시 군내면 꽃배산길 83,경기도 포천시 군내면 명산리 207번지,37.8662928127,127.2238978928,20240306,
포천시,다돈농장,돼지,2935,경기도 포천시 영중면 은잿말길 226,경기도 포천시 영중면 영송리 204번지 24호,38.0046673712,127.2194045061,20240306,
포천시,다모아 목장,소,30,경기도 포천시 자작로2길 49-1 (자작동),경기도 포천시 자작동 427번지,37.8671214885,127.1710728253,20240306,
포천시,다복목장,소,29,경기도 포천시 신북면 청신로 818,경기도 포천시 신북면 덕둔리 492번지 4호,37.9582316358,127.1167325398,20240306,
포천시,다산농장,소,100,경기도 포천시 화현면 봉화로 696-53,경기도 포천시 화현면 지현리 186번지 1호,37.9115796227,127.2727260019,20240306,
포천시,다시원목장,소,50,경기도 포천시 일동면 앵바위길 312,경기도 포천시 일동면 사직리 1446번지,38.0026741470,127.3199425281,20240306,
포천시,다온농장,돼지,495,경기도 포천시 창수면 포천로2811번길 79,경기도 포천시 창수면 추동리 672번지,37.9972983570,127.1655948416,20240306,
포천시,다우농장,돼지,1150,경기도 포천시 창수면 옥수로298번길 12,"경기도 포천시 창수면 주원리 419번지 , -2, -3, -7, 473-2, 106-1",38.0093114177,127.1881633307,20240306,
포천시,다현목장,소,60,경기도 포천시 영중면 나삼4길 61,경기도 포천시 영중면 양문리 1137번지,38.0135725631,127.2603701517,20240306,
포천시,대곳목장,소,82,경기도 포천시 영북면 호국로4149번길 67,경기도 포천시 영북면 자일리 836번지 6호,38.1031288234,127.2767190604,20240306,
포천시,대근목장,소,36,경기도 포천시 소흘읍 거친봉이길 90,경기도 포천시 소흘읍 무봉리 434번지 6호,37.7891383442,127.1338713332,20240306,
포천시,대금목장,소,150,"경기도 포천시 관인면 느릅실길 84-73, (탄동리 13, -1, 14)","경기도 포천시 관인면 탄동리 13번지 등 3필지(-1, 14)",38.1601736066,127.2692169609,20240306,
포천시,대덕농장,돼지,300,경기도 포천시 일동면 인곡1길 44-24,경기도 포천시 일동면 사직리 351번지 4호,37.9817351076,127.3506475962,20240306,
포천시,대산농장,돼지,600,경기도 포천시 영북면 대회산길 79-65,경기도 포천시 영북면 대회산리 133번지,38.0680630055,127.2387255850,20240306,
포천시,대성농장,돼지,1080,경기도 포천시 영중면 궁들길 253-52,경기도 포천시 영중면 금주리 318번지,37.9891229369,127.2659957365,20240306,
포천시,대성농장,소,6,경기도 포천시 영중면 전영로 1556,경기도 포천시 영중면 영송리 153번지 3호,38.0081852223,127.2282875495,20240306,
포천시,대성축산,소,57,경기도 포천시 신북면 청신로797번길 10,경기도 포천시 신북면 덕둔리 435번지 1호,37.9603342023,127.1175184702,20240306,
포천시,대수농장,돼지,700,경기도 포천시 영북면 영북로12번길 73,"경기도 포천시 영북면 문암리 16번지 , -1, -5",38.0711624486,127.2776941332,20240306,
포천시,대연농장,돼지,350,경기도 포천시 창수면 옥수로298번길 68-51,경기도 포천시 창수면 주원리 88번지 1호 90-1,38.0109931493,127.1936241403,20240306,
포천시,대연축산,돼지,4000,경기도 포천시 창수면 옥수로298번길 68-55,"경기도 포천시 창수면 주원리 91번지 91-1,91-2,49,50-1",38.0101115004,127.1942429449,20240306,
포천시,대운농장,소,136,,경기도 포천시 일동면 길명리 550번지 3호,37.9306886802,127.2825110639,20240306,
포천시,대원농장,소,41,경기도 포천시 신북면 청신로1615번길 16,경기도 포천시 신북면 계류리 87번지 5호,37.9505950005,127.1824018896,20240306,
포천시,대원희목장,소,125,경기도 포천시 원동교1길 11-39 (동교동),"경기도 포천시 동교동 321번지 ,319-1,320-1,322,323,324,325,376",37.8482361639,127.1363640869,20240306,
포천시,대일농장,소,21,,경기도 포천시 화현면 지현리 302번지 10호,,,20240306,
포천시,대진일목장,소,89,경기도 포천시 동교로 46-23 (동교동),경기도 포천시 동교동 411번지 2호,37.8435733740,127.1353868004,20240306,
포천시,대천목장,소,31,경기도 포천시 창수면 전영로 951,경기도 포천시 창수면 주원리 768번지 41호,38.0206708968,127.1663773112,20240306,
포천시,대풍목장,소,26,경기도 포천시 가산면 포천로898번길 50-57,경기도 포천시 가산면 마산리 124번지 2호,37.8469788162,127.1950996365,20240306,
포천시,대한목장,소,34,경기도 포천시 신북면 청신로1615번길 16,경기도 포천시 신북면 계류리,37.9505950005,127.1824018896,20240306,
포천시,대화목장,소,12,경기도 포천시 일동면 화동로857번길 17-45,경기도 포천시 일동면 기산리 704번지 3호,37.9409221545,127.3058446241,20240306,
포천시,대흥,소,19,경기도 포천시 영북면 운천로 75-125,경기도 포천시 영북면 문암리 273번지 3호,38.0889874786,127.2627356045,20240306,
포천시,대흥농장,돼지,200,경기도 포천시 창수면 방골길 283-19,경기도 포천시 창수면 운산리 50번지 1호,38.0529753347,127.2153220577,20240306,
포천시,덕균농장,염소,45,경기도 포천시 군내면 포천로1413번길 63,경기도 포천시 군내면 용정리 234번지 1호,37.8806982903,127.2099823426,20240306,
포천시,덕순목장,소,58,경기도 포천시 영중면 먼재2길 15-49,"경기도 포천시 영중면 양문리 35번지 ,30-2,36-2",37.9977373764,127.2605811372,20240306,
포천시,덕암농장,돼지,2470,경기도 포천시 창수면 방골길 182,"경기도 포천시 창수면 운산리 18번지 1호 ,-2",38.0450782359,127.2145434643,20240306,
포천시,덕양농장,돼지,300,경기도 포천시 가산면 마현3길 106,경기도 포천시 가산면 금현리 389번지 2호,37.8317377131,127.1951282766,20240306,
포천시,덕영농장,돼지,2000,경기도 포천시 일동면 정자골길 92,"경기도 포천시 일동면 길명리 538번지 1호 ,-4,-5,-6,-8,-10,537번지",37.9321553521,127.2817434094,20240306,
포천시,덕은목장,소,80,경기도 포천시 창수면 창동로161번길 64,경기도 포천시 창수면 오가리 342번지,38.0353005857,127.1935570970,20240306,
포천시,덕재목장,소,18,,경기도 포천시 이동면 장암리 285번지 5호,,,20240306,
포천시,덕흥목장,소,95,경기도 포천시 영북면 문암길 13-12,경기도 포천시 영북면 문암리 243번지 1호,38.0785001303,127.2736470114,20240306,
포천시,덕흥목장2,소,100,경기도 포천시 영북면 호국로 4311,"경기도 포천시 영북면 자일리 1267번지 ,-2,-3,-4,1269,1270",38.1110979056,127.2874288646,20240306,
포천시,도유축산,돼지,1300,경기도 포천시 신북면 신평로16번길 188,경기도 포천시 신북면 만세교리 118번지 .-5.-7.119.-3,37.9643354556,127.2434423710,20240306,
포천시,도평농장,소,30,경기도 포천시 이동면 도리돌길 29-36,경기도 포천시 이동면 도평리 402번지,38.0576581668,127.3811105817,20240306,
포천시,돈메이드팜,돼지,1360,"경기도 포천시 일동면 새낭로196번길 51, 등 2필지(853-1,-11)",경기도 포천시 일동면 사직리 853번지 1호 등 2필지(-11),37.9956119664,127.3349023943,20240306,
포천시,돈세이프팜,돼지,450,경기도 포천시 일동면 새낭로196번길 51,경기도 포천시 일동면 사직리 853번지 9호 등 2필지(-12),37.9956119664,127.3349023943,20240306,
포천시,동건목장,소,33,경기도 포천시 자작로5길 26-14 (자작동),경기도 포천시 자작동 107번지 1호,37.8769227155,127.1725188265,20240306,
포천시,동경농장,돼지,3428,경기도 포천시 영중면 은잿말길 31,"경기도 포천시 영중면 거사리 412번지 , 413-4, 414-5, 415-3, -4, -8, 416-1, -10",38.0017766124,127.2359995243,20240306,
포천시,동교농장,소,5,"경기도 포천시 해룡로 127 (동교동,외1필지(191-2))",경기도 포천시 동교동 191번지 외1필지(191-2),37.8547287803,127.1374007347,20240306,
포천시,동교한우농장,소,76,경기도 포천시 동교로 46-7 (동교동),"경기도 포천시 동교동 407번지 1호 ,404-8,-9,411-11",37.8442649762,127.1346105198,20240306,
포천시,동명농장,소,45,경기도 포천시 일동면 사당말6길 68,경기도 포천시 일동면 사직리 151번지,38.0019641643,127.3539097236,20240306,
포천시,동물목장,소,80,경기도 포천시 영북면 영북로238번길 219,경기도 포천시 영북면 자일리 440번지,38.1059607863,127.2875007822,20240306,
포천시,동순목장,소,33,,경기도 포천시 신북면 삼성당리 292번지,37.9610189105,127.2051912486,20240306,
포천시,동신목장,소,54,경기도 포천시 영북면 호국로3497번길 52,경기도 포천시 영북면 야미리 522번지 4호,38.0478395989,127.2649541654,20240306,
포천시,동암농장,돼지,3000,"경기도 포천시 영중면 가영로535번길 63, [*미고시]","경기도 포천시 영중면 영송리 685번지 7호 684-9,-13",38.0123187483,127.2080747362,20240306,
포천시,동암영농조합법인 산중마을,돼지,10064,경기도 포천시 영중면 가영로 436-31,경기도 포천시 영중면 영송리 642번지,37.9996016169,127.2117357126,20240306,
포천시,동암영농조합법인 심곡농장,돼지,1300,경기도 포천시 신북면 깊이울로 18-29,경기도 포천시 신북면 심곡리 392번지,37.9311499502,127.1842265785,20240306,
포천시,동암영농조합법인(신애농장),돼지,9300,경기도 포천시 영중면 가영로535번길 71,경기도 포천시 영중면 영송리 685번지 1호,38.0129354637,127.2059989767,20240306,
포천시,동암영농조합법인(청람농장),돼지,15000,경기도 포천시 영중면 가영로 436-55 (외10필지),경기도 포천시 영중면 영송리 612번지 외10필지,37.9985351708,127.2105439783,20240306,
포천시,동암영농조합법인(효성농장),돼지,12000,경기도 포천시 창수면 옥수로 372 (외3필지),경기도 포천시 창수면 주원리 468번지 외3필지,38.0134286152,127.1841587222,20240306,
포천시,동우축산,돼지,600,경기도 포천시 영중면 나삼길 102-32,경기도 포천시 영중면 양문리 1112번지,38.0145050182,127.2579861696,20240306,
포천시,동원농장,소,14,경기도 포천시 관인면 북원로618번길 143,경기도 포천시 관인면 초과리 138번지 3호,38.1531490215,127.2455900762,20240306,
포천시,동일농장,소,50,경기도 포천시 일동면 수입로 241-10,경기도 포천시 일동면 수입리 495번지 6호,37.9868443153,127.3178744744,20240306,
포천시,동일농장,소,23,경기도 포천시 일동면 화동로653번길 3-45,"경기도 포천시 일동면 유동리 90번지 2호 -9,91-6",37.9232703823,127.3087014110,20240306,
포천시,동진축산,돼지,1260,경기도 포천시 군내면 꽃배산2길 105,경기도 포천시 군내면 명산리 104번지 2호,37.8612041077,127.2333185801,20240306,
포천시,동틀목장,소,48,경기도 포천시 이동면 제비울1길 44-50,경기도 포천시 이동면 연곡리 591번지 2호,38.0010702719,127.3760537076,20240306,
포천시,동형목장,소,56,,경기도 포천시 창수면 고소성리 74번지,,,20240306,
포천시,동훈농장,소,50,경기도 포천시 가산면 감암1길 108,경기도 포천시 가산면 감암리 549번지,37.8617487046,127.1805325715,20240306,
포천시,동훈농장,소,29,,경기도 포천시 창수면 가양리 573번지 9호 외 1필지(-12),37.9667946917,127.1938839949,20240306,
포천시,두꺼비목장,소,75,경기도 포천시 창수면 옥수로72번길 56-22,경기도 포천시 창수면 추동리 16번지 2호,37.9881212818,127.1878316881,20240306,
포천시,두남축산,돼지,895,경기도 포천시 군내면 반월산성로153번길 82-44 (외1필지(32-3)),경기도 포천시 군내면 하성북리 32번지 외1필지(32-3),37.9075520136,127.2345505808,20240306,
포천시,두아름목장,소,200,경기도 포천시 창수면 포천로 2634 (외1필지(212-4)),경기도 포천시 창수면 추동리 212번지 외1필지(212-4),37.9829021943,127.1842212883,20240306,
포천시,둔기목장,소,34,경기도 포천시 내촌면 금강로2223번길 17,경기도 포천시 내촌면 음현리 675번지,37.7758761872,127.2253019043,20240306,
포천시,둔지농장,소,80,경기도 포천시 창수면 옥수로327번길 126-2,경기도 포천시 창수면 주원리 662번지 10호,38.0155555579,127.1742155691,20240306,
포천시,둥지농장,소,80,"경기도 포천시 창수면 옥수로327번길 120, 등2필지(653-1,655-1)",경기도 포천시 창수면 주원리 653번지 1호 등2필지(655-1),38.0148016391,127.1753581176,20240306,
포천시,디아망목장,소,140,"경기도 포천시 관인면 창동로 1307-232, (삼율리 232-1,-6)",경기도 포천시 관인면 삼율리 232번지 1호 (등 2필지 232-6),38.1222421104,127.2095428677,20240306,
포천시,또하나목장,소,15,경기도 포천시 신북면 간자동길 93-71,"경기도 포천시 신북면 삼정리 66번지 ,65, 66-2,-4,5",37.9642585419,127.1445699498,20240306,
포천시,락원농장,소,147,경기도 포천시 일동면 화동로 1644-23,경기도 포천시 일동면 사직리 2번지 12호,37.9968640590,127.3623707566,20240306,
포천시,람보목장,소,96,경기도 포천시 영중면 금화봉길 449,"경기도 포천시 영중면 거사리 701번지 1호 등 4필지(671, 670-1, 671-6)",37.9799354370,127.2307260200,20240306,
포천시,리텍환경,소,15,경기도 포천시 창수면 창동로161번길 62,경기도 포천시 창수면 오가리 342번지 1호,38.0347975350,127.1941973251,20240306,
포천시,마곡목장,소,57,경기도 포천시 가산면 마전길 183,경기도 포천시 가산면 마전리 139번지 2호,37.8483355022,127.2187249247,20240306,
포천시,마음목장,소,63,경기도 포천시 관인면 아랫찬물길 46,경기도 포천시 관인면 냉정리 663번지 2호,38.1514754917,127.2733760090,20240306,
포천시,마일목장,소,36,경기도 포천시 내촌면 소리개길 111,경기도 포천시 내촌면 내리 88번지 1호,37.7808399167,127.2400692097,20240306,
포천시,만금목장,소,240,경기도 포천시 영북면 소회산길 395,경기도 포천시 영북면 소회산리 320번지 1호,38.0942447833,127.2345838256,20240306,
포천시,만애농장,소,172,경기도 포천시 영중면 가영로535번길 87,경기도 포천시 영중면 영송리 699번지 7호,38.0127252594,127.2048378527,20240306,
포천시,말뫼목장,소,177,경기도 포천시 가산면 마현길 97-15,경기도 포천시 가산면 마산리 257번지 5호,37.8399545677,127.1904801986,20240306,
포천시,망태농장,소,30,경기도 포천시 영중면 전영로 1679-77,경기도 포천시 영중면 성동리 912번지 3호,38.0152272363,127.2416018144,20240306,
포천시,멧골농장,돼지,900,경기도 포천시 신북면 양지말1길 70-124,경기도 포천시 신북면 계류리 136번지,37.9534561768,127.1839148442,20240306,
포천시,명광목장,소,13,경기도 포천시 호국로1354번길 17 (어룡동),경기도 포천시 어룡동 113번지,37.8793808491,127.1882229753,20240306,
포천시,명랑목장,소,65,경기도 포천시 내촌면 소리개길 17,"경기도 포천시 내촌면 음현리 132번지 ,-4, -5",37.7760761239,127.2338744877,20240306,
포천시,명산목장,소,107,경기도 포천시 군내면 꽃배산길 161,경기도 포천시 군내면 명산리 284번지 1호,37.8599080234,127.2223983674,20240306,
포천시,명승농장,소,90,경기도 포천시 영중면 백로주1길 75-37,경기도 포천시 영중면 거사리 793번지,37.9718710387,127.2396930909,20240306,
포천시,명진농장,돼지,600,경기도 포천시 관인면 윗찬물길 205,"경기도 포천시 관인면 냉정리 760번지 ,-1",38.1475441114,127.2678073376,20240306,
포천시,명천목장,소,170,경기도 포천시 영중면 나삼길 109-23,"경기도 포천시 영중면 양문리 1204번지 1205,1206,1207",38.0162226493,127.2561349604,20240306,
포천시,목석산방,사슴,4,경기도 포천시 내촌면 금강로 2872-46,경기도 포천시 내촌면 소학리 69번지 1호,37.8197539055,127.2633841575,20240306,
포천시,무동목장,소,250,,경기도 포천시 내촌면 음현리 671번지,37.7777066271,127.2246910658,20240306,
포천시,무리울농장,돼지,0,경기도 포천시 일동면 무리울길 245-14,"경기도 포천시 일동면 화대리 14번지 1호 14-2, 13, 13-2, 15-1",37.9516396466,127.3569005659,20240306,
포천시,무리울농장,돼지,600,경기도 포천시 일동면 무리울길 110,경기도 포천시 일동면 화대리 69번지,37.9550364697,127.3419823614,20240306,
포천시,무목장,소,10,경기도 포천시 영북면 호국로4350번길 154-34,경기도 포천시 영북면 자일리 58번지,38.1114697178,127.3043103529,20240306,
포천시,무오농장,소,3,경기도 포천시 내촌면 금강로 2641-21,경기도 포천시 내촌면 소학리 415번지,37.8049571519,127.2474026663,20240306,
포천시,무지개축산,돼지,3000,경기도 포천시 화현면 문암동길 113,경기도 포천시 화현면 지현리 산 39번지 1호,37.9417889913,127.2580655031,20240306,
포천시,묵방목장,소,150,경기도 포천시 화현면 봉화로581번길 79,"경기도 포천시 화현면 명덕리 550번지 ,-2,545-2,548-4,549-1",37.9035233976,127.2688264197,20240306,
포천시,문옥목장,소,110,경기도 포천시 관인면 창동로1427번길 38,"경기도 포천시 관인면 삼율리 135번지 0호 -1, -2, -3",38.1348225528,127.2164079314,20240306,
포천시,문화농장,돼지,630,경기도 포천시 일동면 무리울길 152,"경기도 포천시 일동면 화대리 60번지 2호 ,-3, -4, -5",37.9545112525,127.3469350178,20240306,
포천시,미래목장,소,56,경기도 포천시 화현면 봉화로925번길 39,경기도 포천시 화현면 지현리 348번지,37.9255105530,127.2619988639,20240306,
포천시,미래축산,소,10,경기도 포천시 군내면 용두로117번길 14,경기도 포천시 군내면 직두리 753번지 4호,37.8752270320,127.2248651625,20240306,
포천시,미성농장,돼지,400,경기도 포천시 영북면 방골길 954-29,경기도 포천시 영북면 문암리 341번지,38.0767545707,127.2659334137,20240306,
포천시,미성농장2,돼지,450,"경기도 포천시 일동면 수입로280번길 20-36, (수입리 560-1,-6)",경기도 포천시 일동면 수입리 560번지 1호 등 2필지(560-6),37.9890284648,127.3198392264,20240306,
포천시,미여니농장,돼지,2300,경기도 포천시 일동면 성장로 950-102,"경기도 포천시 일동면 사직리 588번지 4호 588-40, 588-41, 588-42",38.0062854258,127.3430912511,20240306,
포천시,민지농장,돼지,1600,경기도 포천시 이동면 화동로1823번길 78,경기도 포천시 이동면 연곡리 1005번지 2호,38.0113194271,127.3612615313,20240306,
포천시,반월농장,소,10,경기도 포천시 신북면 청신로1349번길 16,경기도 포천시 신북면 갈월리 137번지 3호,37.9588400072,127.1592010407,20240306,
포천시,방카우농장,소,31,경기도 포천시 영북면 호국로4091번길 152-4,경기도 포천시 영북면 운천리 682번지 6호,38.1045643645,127.2641680246,20240306,
포천시,백금목장,소,40,경기도 포천시 영북면 호국로3497번길 52,경기도 포천시 영북면 야미리 522번지 4호,38.0478395989,127.2649541654,20240306,
포천시,백두농장,소,8,경기도 포천시 일동면 정자골1길 86-255,경기도 포천시 일동면 길명리 51번지 2호,37.9212035253,127.2911054818,20240306,
포천시,백마목장,소,60,경기도 포천시 관인면 윗찬물길 144,경기도 포천시 관인면 냉정리 720번지,38.1528427268,127.2673910646,20240306,
포천시,백만농장,소,80,경기도 포천시 관인면 북원로618번길 30,경기도 포천시 관인면 초과리 311번지 3호 등 2필지(312),38.1440198681,127.2458956748,20240306,
포천시,백승목장,소,80,"경기도 포천시 이동면 화동로1908번길 80-9, 등 2필지(265,-1)",경기도 포천시 이동면 연곡리 265번지 1호 등 2필지(265),38.0193513272,127.3788711379,20240306,
포천시,버섯먹고컸소목장,소,42,"경기도 포천시 창수면 가영로150번길 91-100 (외2필지(204-1,-2))","경기도 포천시 창수면 가양리 204번지 외2필지(204-1,-2)",37.9799281679,127.2087610405,20240306,
포천시,번성목장,소,5,,경기도 포천시 관인면 냉정리 675번지 1통,,,20240306,
포천시,범규농장,소,45,경기도 포천시 관인면 창동로805번길 25-1,경기도 포천시 관인면 중리 673번지,38.0818451733,127.2051417383,20240306,
포천시,베다니농장,돼지,690,경기도 포천시 영북면 영북로118번길 15-19,경기도 포천시 영북면 운천리,38.0854289236,127.2773088477,20240306,
포천시,베스트팜농장,돼지,2732,경기도 포천시 창수면 가영로150번길 91-34 (외3필지(-3.-4.-5)),경기도 포천시 창수면 가양리 181번지 2호 외3필지(-3.-4.-5),37.9769073788,127.2081695057,20240306,
포천시,병근농장,소,39,경기도 포천시 신북면 삼성당길 280,경기도 포천시 신북면 삼성당리 158번지 2호,37.9610120330,127.2059328902,20240306,
포천시,병록목장,소,22,경기도 포천시 일동면 화동로782번길 44-21,경기도 포천시 일동면 유동리 275번지 3호,37.9378130550,127.3116225895,20240306,
포천시,보고목장,소,50,경기도 포천시 군내면 포천로984번길 94,경기도 포천시 군내면 유교리 120번지,37.8609308313,127.2056261442,20240306,
포천시,보광목장,소,43,경기도 포천시 관인면 윗찬물길 221-22,경기도 포천시 관인면 냉정리 804번지 2호,38.1462030577,127.2687360042,20240306,
포천시,보름달,소,27,경기도 포천시 이동면 성장로 1220-64,"경기도 포천시 이동면 장암리 360번지 , 359-1, 361-1",38.0250034750,127.3634119343,20240306,
포천시,보림농장,돼지,1200,경기도 포천시 창수면 옥수로298번길 68-19,경기도 포천시 창수면 주원리 86번지,38.0115580688,127.1925168023,20240306,
포천시,보림축산,돼지,850,경기도 포천시 가산면 마현3길 129,경기도 포천시 가산면 금현리 406번지,37.8316723745,127.1977536069,20240306,
포천시,보성농장,돼지,1200,경기도 포천시 창수면 옥수로298번길 52,경기도 포천시 창수면 주원리 85번지 4호,38.0112548487,127.1903081045,20240306,
포천시,보성농장,소,18,경기도 포천시 영북면 호국로4091번길 129-39,경기도 포천시 영북면 운천리 665번지 1호,38.1016515997,127.2633447778,20240306,
포천시,보우농장,소,7,경기도 포천시 군내면 반월산성로272번길 34-1,경기도 포천시 군내면 상성북리 619번지,37.8998052062,127.2285727344,20240306,
포천시,보장산목장,소,192,경기도 포천시 창수면 창동로161번길 48-1,경기도 포천시 창수면 오가리 253번지,38.0334931764,127.1951599293,20240306,
포천시,보장팜,돼지,0,경기도 포천시 창수면 방골길 26-37,경기도 포천시 창수면 오가리 113번지 3호,38.0349648948,127.2032330565,20240306,
포천시,복실농장,소,80,경기도 포천시 화현면 화동로496번길 25-28,경기도 포천시 화현면 화현리 488번지 5호,37.9079242584,127.3105840044,20240306,
포천시,복실목장,소,102,경기도 포천시 화현면 화동로527번길 34,"경기도 포천시 화현면 화현리 138번지 2호 ,-3, 426-3, 427-1",37.9152727340,127.3067994498,20240306,
포천시,봉인축산,소,30,,경기도 포천시 관인면 초과리 513번지 1호,,,20240306,
포천시,봉화산농장,소,220,경기도 포천시 관인면 찬우물2길 65,경기도 포천시 관인면 냉정리 64번지 3호,38.1789074728,127.2721036353,20240306,
포천시,부경농장,소,120,경기도 포천시 일동면 앵바위길 249,경기도 포천시 일동면 사직리 1407번지,38.0000618502,127.3150626639,20240306,
포천시,부광농장,돼지,1720,경기도 포천시 영중면 은잿말길 21 (외1필지(413-1)),경기도 포천시 영중면 거사리 413번지 외1필지(413-1),38.0014546519,127.2371169048,20240306,
포천시,부전목장,소,140,경기도 포천시 일동면 새낭로215번길 68-90,경기도 포천시 일동면 사직리 1278번지,38.0011372227,127.3227596237,20240306,
포천시,북청목장,소,80,경기도 포천시 소흘읍 한성길 154-79,"경기도 포천시 소흘읍 고모리 891번지 ,797-68,888,889",37.8071806345,127.1665676210,20240306,
포천시,브니엘농장,돼지,1750,경기도 포천시 영중면 가영로 464-17,경기도 포천시 영중면 영송리 573번지,38.0044112694,127.2141088919,20240306,
포천시,뽀동목장,소,52,경기도 포천시 화현면 화동로587번길 35-41,"경기도 포천시 화현면 화현리 130번지 6호 ,-4",37.9165459084,127.3082296181,20240306,
포천시,사계영농조합법인,돼지,2500,경기도 포천시 일동면 새낭로215번길 68-213,경기도 포천시 일동면 사직리 1421번지,38.0017145500,127.3171998557,20240306,
포천시,사당말목장,소,118,경기도 포천시 일동면 사당말6길 8,경기도 포천시 일동면 사직리 189번지,37.9977156894,127.3511960595,20240306,
포천시,사직농장,소,90,경기도 포천시 화현면 금강로 4035-73,"경기도 포천시 화현면 화현리 279번지 1호 외2필지(279-2,280)",37.9129999880,127.2952696994,20240306,
포천시,삭천목장,소,48,경기도 포천시 신북면 청신로1660번길 44,경기도 포천시 신북면 계류리 273번지 4호,37.9451640010,127.1804790556,20240306,
포천시,산구농장,소,45,경기도 포천시 영중면 신영일로 19,경기도 포천시 영중면 금주리 1008번지 30호,37.9700055046,127.2522803299,20240306,
포천시,산들농장,돼지,550,경기도 포천시 일동면 윗갈기길 17-55,경기도 포천시 일동면 수입리 150번지 2호,37.9661383264,127.3216028650,20240306,
포천시,산마루농장,돼지,800,경기도 포천시 일동면 무리울길 213-37,경기도 포천시 일동면 화대리 37번지,37.9545092353,127.3524101635,20240306,
포천시,산삼목장,소,55,경기도 포천시 창수면 전영로1099번길 11,경기도 포천시 창수면 오가리 749번지 1호,38.0207128816,127.1815184558,20240306,
포천시,산성목장,소,11,경기도 포천시 이동면 화동로 1699,경기도 포천시 이동면 연곡리 1119번지 1호,38.0010458733,127.3622262610,20240306,
포천시,삼남매농장,소,70,경기도 포천시 영중면 먼재2길 32,경기도 포천시 영중면 양문리 67번지 1호,37.9959274064,127.2569766402,20240306,
포천시,삼리목장,소,22,경기도 포천시 호국로1145번길 64-5 (선단동),경기도 포천시 선단동 209번지 14호,37.8639597160,127.1685061497,20240306,
포천시,삼부농장,소,28,경기도 포천시 영중면 금화봉길 672-22,"경기도 포천시 영중면 거사리 352번지 -3 등 3필지(-4, -14)",37.9935060413,127.2374527739,20240306,
포천시,삼사농장,돼지,800,경기도 포천시 군내면 반월산성로317번길 143-1,경기도 포천시 군내면 상성북리 180번지 2호,37.9011526908,127.2345166944,20240306,
포천시,삼성농장2,돼지,0,경기도 포천시 일동면 사당말6길 88,경기도 포천시 일동면 사직리 164번지 5호,38.0042901193,127.3544176823,20240306,
포천시,삼성목장,소,49,경기도 포천시 이동면 제비울1길 44-129,경기도 포천시 이동면 연곡리 599번지 8호,37.9989463160,127.3790186041,20240306,
포천시,삼애농원,염소,50,경기도 포천시 영북면 호국로 3472-68,경기도 포천시 영북면 야미리 391번지,38.0453282821,127.2711734852,20240306,
포천시,삼양농장,돼지,1450,"경기도 포천시 영중면 호국로2709번길 36-1, 등 4필지(724,-2,-3,704-1)","경기도 포천시 영중면 금주리 724번지 2호 등 4필지(724,-3,704-1)",37.9844448074,127.2400358495,20240306,
포천시,삼익농장,돼지,172,경기도 포천시 어룡3길 41 (어룡동),경기도 포천시 어룡동 700번지 1호,37.8820509413,127.1757029203,20240306,
포천시,삼정목장,소,26,경기도 포천시 신북면 청신로947번길 73,경기도 포천시 신북면 삼정리 383번지,37.9681036213,127.1346237952,20240306,
포천시,삼팔선목장,소,118,경기도 포천시 영중면 먼재2길 90-16,"경기도 포천시 영중면 양문리 산 111번지 2호 ,195-2,196,197",37.9912563789,127.2558418133,20240306,
포천시,삼형농장,소,90,경기도 포천시 가산면 궁말길 47-4,경기도 포천시 가산면 금현리 576번지 3호,37.8161627345,127.1950219178,20240306,
포천시,상규농장,소,14,경기도 포천시 가산면 마정로 76,경기도 포천시 가산면 금현리 1018번지 7호,37.8368645138,127.1808899422,20240306,
포천시,상석농장,소,150,경기도 포천시 영중면 호국로2709번길 16,경기도 포천시 영중면 금주리 713번지 8호,37.9854136428,127.2420594212,20240306,
포천시,상수농장,돼지,799,경기도 포천시 영중면 궁들1길 30,"경기도 포천시 영중면 금주리 416번지 ,413-3,-4,416-3,-5",37.9805749361,127.2641098928,20240306,
포천시,상승목장,소,31,경기도 포천시 내촌면 오림포길 12,경기도 포천시 내촌면 진목리 463번지 4호,37.8027985637,127.2139222552,20240306,
포천시,상촌목장,소,10,,경기도 포천시 이동면 연곡리 산 142번지,,,20240306,
포천시,새마을,소,25,경기도 포천시 영중면 먼재2길 44,경기도 포천시 영중면 양문리 204번지 1호,37.9945911493,127.2558421485,20240306,
포천시,새벽빛목장,소,6,경기도 포천시 영중면 나삼2길 2,경기도 포천시 영중면 양문리 403번지 2호,38.0109139965,127.2517895916,20240306,
포천시,새별님목장,소,80,경기도 포천시 관인면 창동로1894번길 101,"경기도 포천시 관인면 탄동리 417번지 , 476-1",38.1504893710,127.2579484029,20240306,
포천시,새싹목장,소,6,경기도 포천시 신북면 지동1길 47,경기도 포천시 신북면 금동리 569번지 2호,37.9439732797,127.1195380865,20240306,
포천시,새여리팜,돼지,1000,경기도 포천시 창수면 포천로 2821,경기도 포천시 창수면 추동리 760번지,37.9954116683,127.1709221231,20240306,
포천시,새영구목장,소,52,"경기도 포천시 군내면 풍류산길 109-26, 등 3필지(366,368-1,-2)","경기도 포천시 군내면 구읍리 365번지 등 3필지(366,368-1,-2)",37.8793345449,127.2200057405,20240306,
포천시,새원천목장,소,80,경기도 포천시 영중면 나삼길 132,경기도 포천시 영중면 성동리 503번지 2호,38.0155465517,127.2604548629,20240306,
포천시,새일목장,소,100,경기도 포천시 영북면 소회산길 26,경기도 포천시 영북면 소회산리 147번지 2호,38.0817536924,127.2471033310,20240306,
포천시,새정성목장,소,35,경기도 포천시 관인면 느릅실길 34,"경기도 포천시 관인면 탄동리 323번지 4호 ,-2,324-1,326-3,368-3,682-28,-32,1142",38.1616741079,127.2623860902,20240306,
포천시,새화산목장,소,70,경기도 포천시 가산면 가산로318번길 8,경기도 포천시 가산면 마산리 58번지 4호,37.8442948136,127.1855406520,20240306,
포천시,새희망목장,소,82,경기도 포천시 창수면 창동로161번길 57,경기도 포천시 창수면 오가리 335번지,38.0359384662,127.1927795526,20240306,
포천시,샘터농장,돼지,1500,경기도 포천시 화현면 봉화로709번길 32,경기도 포천시 화현면 지현리 134번지,37.9065201591,127.2665078340,20240306,
포천시,샛말목장,소,50,경기도 포천시 신북면 탑신로1125번길 28,"경기도 포천시 신북면 금동리 283번지 ,-3,-2",37.9408944707,127.1262913218,20240306,
포천시,샛청목장,소,75,경기도 포천시 신북면 탑신로 1420,경기도 포천시 신북면 덕둔리 102번지 1호,37.9561369605,127.1239716487,20240306,
포천시,서울농장,소,135,,경기도 포천시 영중면 영송리 661번지 1호 등 2필지(-2),38.0054258814,127.2099358965,20240306,
포천시,서울농장,소,20,경기도 포천시 이동면 제비울1길 44-103,경기도 포천시 이동면 연곡리 599번지 4호,37.9998824903,127.3778894716,20240306,
포천시,서원농장,돼지,1300,경기도 포천시 영북면 문암길 32-23,경기도 포천시 영북면 문암리 250번지 1호,38.0803542593,127.2723528361,20240306,
포천시,서원목장,소,57,경기도 포천시 신북면 지동길 28-42,경기도 포천시 신북면 금동리 412번지,37.9439221067,127.1204374608,20240306,
포천시,서자농장,소,35,경기도 포천시 이동면 성장로 767-23,경기도 포천시 이동면 노곡리 1211번지 2호,38.0066192417,127.3242158507,20240306,
포천시,서자목장,소,23,경기도 포천시 이동면 새낭로420번길 18,경기도 포천시 이동면 노곡리 746번지 5호,38.0153096406,127.3317367499,20240306,
포천시,서파한우목장,소,123,경기도 포천시 내촌면 청군로2299번길 26,"경기도 포천시 내촌면 신팔리 236번지 외 2필지(237-1,-4)",37.8490827114,127.2725656033,20240306,
포천시,서흥목장,소,55,경기도 포천시 관인면 숯골길 308,경기도 포천시 관인면 사정리 306번지 6호,38.1321321824,127.2543805511,20240306,
포천시,석연목장,소,107,경기도 포천시 영중면 나삼4길 43,"경기도 포천시 영중면 양문리 1118번지 1호 ,1116, 1117",38.0134147509,127.2581264574,20240306,
포천시,석준목장,소,70,경기도 포천시 화현면 봉화로 873-10,경기도 포천시 화현면 지현리 377번지 13호,37.9233082375,127.2649187314,20240306,
포천시,선경농장,돼지,1800,경기도 포천시 신북면 삼성당4길 77,경기도 포천시 신북면 삼성당리 185번지 1호,37.9626310505,127.2118802962,20240306,
포천시,선계목장,소,68,경기도 포천시 내촌면 부마로282번길 22 (외1필지(291-7)),경기도 포천시 내촌면 마명리 291번지 1호 외1필지(291-7),37.7655956524,127.1973187853,20240306,
포천시,선대목장,소,46,"경기도 포천시 영북면 호국로 3574-6, 등 3필지(270-4,-5,-13)","경기도 포천시 영북면 야미리 270번지 4호 등 3필지(-5,-13)",38.0552518087,127.2713933567,20240306,
포천시,선복목장,소,160,경기도 포천시 일동면 영일로591번길 11,"경기도 포천시 일동면 길명리 739번지 , -1, -2",37.9341212902,127.2728045522,20240306,
포천시,선산목장,소,100,경기도 포천시 영북면 호국로3791번길 24,경기도 포천시 영북면 문암리 197번지 1호,38.0738451795,127.2713925017,20240306,
포천시,선영농장,소,150,경기도 포천시 해룡로 50-31 (설운동),경기도 포천시 설운동 548번지 7호,37.8603459401,127.1409997010,20240306,
포천시,선주동한우농장,소,50,경기도 포천시 영북면 호국로3539번길 23-36,경기도 포천시 영북면 야미리 595번지 1호,38.0501786171,127.2673173906,20240306,
포천시,선진목장,소,50,경기도 포천시 관인면 창동로1894번길 52,경기도 포천시 관인면 탄동리 489번지 2호,38.1536053915,127.2568081488,20240306,
포천시,선창목장,소,96,경기도 포천시 영북면 북원로248번길 36,경기도 포천시 영북면 자일리 979번지 1호,38.1221333853,127.2750183303,20240306,
포천시,성공목장,소,47,경기도 포천시 자작로5길 36 (자작동),경기도 포천시 자작동 558번지 4호,37.8774961213,127.1712882272,20240306,
포천시,성구농장,소,21,경기도 포천시 일동면 사기막1길 52,경기도 포천시 일동면 화대리 307번지,37.9695956821,127.3377841923,20240306,
포천시,성금농장,소,54,경기도 포천시 신북면 포천로 2326-20,경기도 포천시 신북면 삼성당리 508번지,37.9573542929,127.1924241844,20240306,
포천시,성대목장,소,27,경기도 포천시 영북면 구름내길 80-5,경기도 포천시 영북면 운천리 565번지  3호,38.0855969038,127.2709225944,20240306,
포천시,성동농장,돼지,300,경기도 포천시 일동면 무리울길 265,경기도 포천시 일동면 화대리 11번지 3호,37.9512712473,127.3578346317,20240306,
포천시,성동목장,소,38,경기도 포천시 영중면 호국로 3237,경기도 포천시 영중면 성동리 450번지 1호,38.0271260773,127.2594828531,20240306,
포천시,성보목장,소,47,경기도 포천시 영중면 먼재2길 4,경기도 포천시 영중면 양문리 50번지 2호,37.9985602087,127.2574804853,20240306,
포천시,성송목장,소,30,경기도 포천시 어룡3길 13-16 (어룡동),경기도 포천시 어룡동 223번지,37.8829315325,127.1780075280,20240306,
포천시,성수농장,소,36,경기도 포천시 일동면 무리울길 146,경기도 포천시 일동면 화대리 60번지,37.9545190325,127.3459902266,20240306,
포천시,성실목장,소,110,경기도 포천시 내촌면 금강로2110번길 63,경기도 포천시 내촌면 음현리 353번지 3호,37.7699679580,127.2311372460,20240306,
포천시,성심농장,염소,30,"경기도 포천시 일동면 수입로 321-21, 등 3필지(674-2,-3,676-6)","경기도 포천시 일동면 수입리 674번지 3호 등 3필지(-2,676-6)",37.9930128623,127.3144881468,20240306,
포천시,성온목장,소,18,경기도 포천시 창수면 가영로 301,경기도 포천시 창수면 가양리 247번지,37.9917287657,127.2026442930,20240306,
포천시,성운축산,돼지,740,경기도 포천시 창수면 가영로 281-26,경기도 포천시 창수면 가양리 256번지 4호,37.9910675136,127.2013372905,20240306,
포천시,성원목장,소,34,경기도 포천시 일동면 화동로653번길 101,"경기도 포천시 일동면 유동리 373번지 1호 ,-2",37.9293098343,127.3036790307,20240306,
포천시,성진목장,소,95,,경기도 포천시 관인면 탄동리 산 43번지,,,20240306,
포천시,성태농장,돼지,4000,"경기도 포천시 신북면 신평로16번길 12, 등 3필지(341-1,-6,-2)","경기도 포천시 신북면 만세교리 341번지 2호 등 3필지(341-1,-6)",37.9499722278,127.2368224110,20240306,
포천시,성태농장,돼지,500,경기도 포천시 신북면 신평로16번길 12,경기도 포천시 신북면 만세교리 341번지 3호,37.9499722278,127.2368224110,20240306,
포천시,세길목장,소,90,경기도 포천시 영북면 호국로 4253-24,경기도 포천시 영북면 자일리 1449번지,38.1076377527,127.2828990883,20240306,
포천시,세길목장,소,90,경기도 포천시 영북면 문암1길 41,경기도 포천시 영북면 문암리 284번지 2호,38.0833973631,127.2661288906,20240306,
포천시,세일농장,돼지,1000,경기도 포천시 창수면 가영로 281-38,"경기도 포천시 창수면 가양리 256번지 2호 -1, -14",37.9913997713,127.2008576264,20240306,
포천시,세정목장,소,30,경기도 포천시 군내면 선정비로 31,경기도 포천시 군내면 구읍리 423번지 2호,37.8849798701,127.2138206912,20240306,
포천시,세한농장,돼지,2500,경기도 포천시 이동면 화동로1908번길 147,경기도 포천시 이동면 연곡리 73번지,38.0157426785,127.3843453802,20240306,
포천시,소낙비목장,소,103,경기도 포천시 이동면 화동로1890번길 49,경기도 포천시 이동면 연곡리 448번지 2호,38.0162192069,127.3744332680,20240306,
포천시,소리농장,돼지,1500,경기도 포천시 일동면 새낭로 263-108,경기도 포천시 일동면 사직리 1578번지,37.9989142205,127.3248834558,20240306,
포천시,소망농장,돼지,320,경기도 포천시 이동면 새낭로 497,경기도 포천시 이동면 노곡리 1093번지 1호,38.0204700660,127.3290020182,20240306,
포천시,소야목장,소,40,"경기도 포천시 일동면 소야길 122-16, 등 2필지(기산리 217)",경기도 포천시 일동면 기산리 218번지 2호 등 2필지(217),37.9544098917,127.3030317225,20240306,
포천시,소정목장,소,65,"경기도 포천시 군내면 포천로1103번길 40, (유교리 92,-2,-3,91)","경기도 포천시 군내면 유교리 92번지 등 4필지(-2,-3,91)",37.8655024615,127.2064265342,20240306,
포천시,솔비목장,소,60,경기도 포천시 군내면 청군로3054번길 63-49,경기도 포천시 군내면 직두리 325번지,37.8743686084,127.2357157804,20240306,
포천시,솟대목장,소,90,"경기도 포천시 이동면 화동로 1798-1, 등 4필지(787-4,-14,-32,-33)","경기도 포천시 이동면 연곡리 787번지 4호 등 4필지(-14,-32,-33)",38.0082280135,127.3691272394,20240306,
포천시,송림원목장,소,39,경기도 포천시 신북면 탑신로 1211,경기도 포천시 신북면 금동리 468번지 1호,37.9474702844,127.1223313326,20240306,
포천시,송진농장,소,39,경기도 포천시 관인면 창동로 1386,경기도 포천시 관인면 삼율리 145번지 4호,38.1314499981,127.2156564957,20240306,
포천시,쇠골목장,소,55,경기도 포천시 신북면 탑신로 1259-53,경기도 포천시 신북면 금동리 529번지,37.9506917987,127.1179554623,20240306,
포천시,수경농장,돼지,1100,경기도 포천시 관인면 창동로1071번길 80,경기도 포천시 관인면 중리 163번지 1호,38.1103947666,127.2076620135,20240306,
포천시,수농장,돼지,500,"경기도 포천시 일동면 인곡1길 44-40, 등 2필지(351-5,-12)",경기도 포천시 일동면 사직리 351번지 5호 등 2필지(-12),37.9811404153,127.3507740578,20240306,
포천시,수빈농장,소,4,경기도 포천시 영북면 북원로166번길 92,경기도 포천시 영북면 자일리 1005번지 4호,38.1230536591,127.2802978446,20240306,
포천시,수성농장,돼지,800,경기도 포천시 화현면 문암동길 138-15,경기도 포천시 화현면 지현리 335번지 6호,37.9454524956,127.2601362911,20240306,
포천시,수영목장,소,36,경기도 포천시 가산면 정교2길 51-11,경기도 포천시 가산면 정교리 401번지 1호,37.8206340964,127.1718587064,20240306,
포천시,수용농장,돼지,2500,"경기도 포천시 영북면 호국로4232번길 45-29, 등 3필지(자일리 461,-1,459-2)","경기도 포천시 영북면 자일리 461번지 등 3필지(-1,459-2)",38.1028459515,127.2894830069,20240306,
포천시,수입목장,소,180,"경기도 포천시 일동면 수입로 324, 등 10필지(-1,-2,-3,-4,-5,-6,684-27,690-1,694-1,694-2)","경기도 포천시 일동면 수입리 693번지 2호 등 10필지(-1,-3,-4,-5,-6,684-27,690-1,694-1,694-2)",37.9943038316,127.3158401832,20240306,
포천시,수택목장,소,100,경기도 포천시 영중면 나삼길 126,경기도 포천시 영중면 성동리 507번지 1호,38.0163645298,127.2593813173,20240306,
포천시,수환목장,소,3,경기도 포천시 영북면 호국로3421번길 82,경기도 포천시 영북면 야미리 748번지,38.0461024268,127.2616204032,20240306,
포천시,수희농장,돼지,1100,경기도 포천시 이동면 새낭로 430,경기도 포천시 이동면 노곡리 746번지 6호,38.0148580186,127.3310542530,20240306,
포천시,순금목장,소,150,경기도 포천시 일동면 앵바위길 160,경기도 포천시 일동면 사직리 1796번지,37.9927136797,127.3191468898,20240306,
포천시,순일농장,소,131,경기도 포천시 이동면 화동로1870번길 67-23,경기도 포천시 이동면 연곡리 460번지 4호,38.0131641646,127.3747346692,20240306,
포천시,순풍,소,25,,경기도 포천시 내촌면 내리 636번지 2호,,,20240306,
포천시,순해목장,소,150,"경기도 포천시 이동면 화동로 1770-38, 등 5필지(743-1,-3,738-1,-4,742-2)","경기도 포천시 이동면 연곡리 743번지 1호 등 5필지(-3,738-1,-4,742-2)",38.0051720803,127.3686200917,20240306,
포천시,숯골목장,소,70,경기도 포천시 관인면 창동로1894번길 86,경기도 포천시 관인면 탄동리 416번지,38.1511568667,127.2582201164,20240306,
포천시,숲속목장,소,50,"경기도 포천시 내촌면 금강로3029번길 60, 등 6필지(-18,325,327-16,-5,산126-7)","경기도 포천시 내촌면 신팔리 324번지 2호 등 6필지(-18,325,327-16,-5,산126-7)",37.8364668829,127.2692404041,20240306,
포천시,슬기목장,소,45,경기도 포천시 영중면 전영로 1554-1,경기도 포천시 영중면 영송리 154번지,38.0083706894,127.2266465420,20240306,
포천시,승덕목장,소,55,경기도 포천시 창수면 전영로 1086-37,경기도 포천시 창수면 오가리 773번지 6호,38.0185624041,127.1795226478,20240306,
포천시,승리목장,소,75,경기도 포천시 창수면 창동로 87-38,경기도 포천시 창수면 오가리 470번지,38.0261597857,127.1894364093,20240306,
포천시,승리목장2,소,30,경기도 포천시 창수면 창동로161번길 48,경기도 포천시 창수면 오가리 348번지,38.0336884073,127.1939854307,20240306,
포천시,승민농장,소,78,경기도 포천시 관인면 창동로2048번길 20,경기도 포천시 관인면 탄동리 1026번지,38.1681100974,127.2628675009,20240306,
포천시,승원목장,소,120,경기도 포천시 이동면 갈골안길 113,"경기도 포천시 이동면 노곡리 287-4, 284-5번지",38.0130722305,127.3500827914,20240306,
포천시,승호한우농장,소,182,경기도 포천시 창수면 옥수로 383,경기도 포천시 창수면 주원리 486번지 등 2필지(487),38.0145402383,127.1819438895,20240306,
포천시,승환농장,돼지,25,경기도 포천시 내촌면 음고개길 82,경기도 포천시 내촌면 음현리 244번지 1호,37.7745394619,127.2319269083,20240306,
포천시,시골농장,염소,150,경기도 포천시 영중면 은잿말2길 62,경기도 포천시 영중면 거사리 978번지 6호,38.0046256794,127.2246443185,20240306,
포천시,신기농장,돼지,450,경기도 포천시 일동면 새낭로196번길 55,경기도 포천시 일동면 사직리 853번지 10호,37.9959823079,127.3354824152,20240306,
포천시,신기농장-1,돼지,280,경기도 포천시 일동면 수입로 181 (외1필지),경기도 포천시 일동면 수입리 400번지 7호 외1필지,37.9834539914,127.3228135538,20240306,
포천시,신기목장,소,13,경기도 포천시 화현면 화동로477번길 30,경기도 포천시 화현면 화현리 348번지 1호,37.9092122528,127.3045401302,20240306,
포천시,신기사슴농장,사슴,60,경기도 포천시 일동면 새낭로 44,경기도 포천시 일동면 사직리 807번지 1호,37.9836633848,127.3367169806,20240306,
포천시,신길명목장,소,75,경기도 포천시 일동면 영일로764번길 44,경기도 포천시 일동면 길명리 256번지 2호,37.9383470560,127.2865389792,20240306,
포천시,신상지목장,소,0,,경기도 포천시 동교동 329번지 1호,,,20240306,
포천시,신영송목장,소,75,"경기도 포천시 영중면 전영로1390번길 21-4, 등 7필지(303-1,-3,302-1,-2,304-1,305-1,333-2)","경기도 포천시 영중면 영평리 303번지 1호 등 7필지(-3,302-1,-2,304-1,305-1,333-2)",38.0152574202,127.2119250345,20240306,
포천시,신용정목장,소,36,경기도 포천시 군내면 포천로1385번길 46,경기도 포천시 군내면 용정리 277번지 2호,37.8841888196,127.2073417286,20240306,
포천시,신우천목장,소,100,경기도 포천시 어가1길 22 (어룡동),경기도 포천시 어룡동 70번지 1호,37.8822107686,127.1915770575,20240306,
포천시,신촌농장,소,70,경기도 포천시 영북면 북원로166번길 116,"경기도 포천시 영북면 자일리 1005번지 7호 ,-8",38.1244341482,127.2811265758,20240306,
포천시,신태호목장,소,43,경기도 포천시 관인면 북원로404번길 65-17,경기도 포천시 관인면 사정리 5번지,38.1272844408,127.2636956134,20240306,
포천시,신한샘목장,소,40,경기도 포천시 신북면 청신로 800,경기도 포천시 신북면 덕둔리 432번지 1호,37.9598997751,127.1169629264,20240306,
포천시,신화농장,돼지,5130,경기도 포천시 관인면 창동로1071번길 97 (외1필지(178)),경기도 포천시 관인면 중리 181번지 외1필지(178),38.1123147082,127.2077570264,20240306,
포천시,신흥농장,돼지,494,,경기도 포천시 영중면 금주리 723번지,37.9856852661,127.2394304540,20240306,
포천시,신흥농장,돼지,2400,경기도 포천시 영중면 호국로2709번길 26-4,경기도 포천시 영중면 금주리 717번지 1호,37.9870317158,127.2401292124,20240306,
포천시,심농목장,소,60,경기도 포천시 관인면 느릅실길 77,경기도 포천시 관인면 탄동리 128번지 5호,38.1644400161,127.2663953275,20240306,
포천시,쌍둥이네,소,77,경기도 포천시 가산면 정금로201번길 26,경기도 포천시 가산면 정교리 68번지 1호,37.8166441314,127.1827721366,20240306,
포천시,아남목장,소,43,,경기도 포천시 내촌면 음현리 221번지,37.7757075621,127.2288848311,20240306,
포천시,아롱이목장,소,60,경기도 포천시 영중면 나삼길 102-25,경기도 포천시 영중면 양문리 1101번지,38.0151094614,127.2582689866,20240306,
포천시,아영이목장,소,40,경기도 포천시 관인면 숯골길 163,"경기도 포천시 관인면 탄동리 431번지 7호 ,-8,-6",38.1440417089,127.2562008162,20240306,
포천시,아트팜목장,소,48,경기도 포천시 영북면 소회산1길 8,"경기도 포천시 영북면 소회산리 118번지 2호 ,-1, 119-2,-3",38.0815173961,127.2461919468,20240306,
포천시,안정농장,소,32,경기도 포천시 자작로 43 (자작동),경기도 포천시 자작동 211번지 1호,37.8701874476,127.1716163160,20240306,
포천시,약사골농장,돼지,31,경기도 포천시 이동면 금강로 6280,경기도 포천시 이동면 도평리 540번지 1호,38.0884379605,127.3916090519,20240306,
포천시,양구농장,돼지,388,경기도 포천시 이동면 화동로1929번길 13-48,경기도 포천시 이동면 연곡리 921번지,38.0208972954,127.3666210158,20240306,
포천시,양문농장,돼지,1200,경기도 포천시 영중면 사은다리길 50-61,경기도 포천시 영중면 양문리 866번지 2호,38.0091004633,127.2425004470,20240306,
포천시,양문농장,돼지,990,경기도 포천시 영중면 나삼길 45-27,경기도 포천시 영중면 양문리 933번지 2호,38.0134276281,127.2513368306,20240306,
포천시,양문농장,소,60,경기도 포천시 영중면 먼재1길 88,"경기도 포천시 영중면 양문리 303번지 1호 ,2,-36,-37,-38,-40",38.0026423102,127.2571253338,20240306,
포천시,양재목장,소,140,경기도 포천시 영중면 뻐꾹천길 60,경기도 포천시 영중면 양문리 644번지,37.9968392988,127.2491491453,20240306,
포천시,양주목장,소,3,경기도 포천시 창수면 금화봉길 6,"경기도 포천시 창수면 가양리 444번지 2호 ,-5,443-5,-8,-12,446-8",37.9760341001,127.1978457469,20240306,
포천시,양지농장,돼지,1500,경기도 포천시 관인면 창동로1754번길 83,경기도 포천시 관인면 초과리 145번지 5호,38.1485250243,127.2453550536,20240306,
포천시,양지농장,소,46,경기도 포천시 군내면 청군로3054번길 63,"경기도 포천시 군내면 직두리 300번지 2호 (299-2, 299-4)",37.8742481414,127.2382745619,20240306,
포천시,양천목장,소,138,"경기도 포천시 일동면 화동로653번길 35-1 (외2필지(416-4,417-5))","경기도 포천시 일동면 유동리 416번지 2호 외2필지(416-4,417-5)",37.9244817791,127.3054327311,20240306,
포천시,양특의농장,돼지,300,경기도 포천시 소흘읍 죽엽산로237번길 27-28,경기도 포천시 소흘읍 고모리 475번지 5호,37.8119302168,127.1664440148,20240306,
포천시,어진농장,돼지,706,"경기도 포천시 일동면 무리울길 245-13 (외2필지(23-1,-2))","경기도 포천시 일동면 화대리 16번지 7호 외2필지(23-1,-2)",37.9518549855,127.3561033786,20240306,
포천시,얼굴목장,소,12,경기도 포천시 영중면 전영로1369번길 13,경기도 포천시 영중면 영평리 203번지 2호,38.0187449953,127.2117632773,20240306,
포천시,없음,소,7,경기도 포천시 군내면 반월산성로153번길 56,경기도 포천시 군내면 하성북리 107번지 3호,37.9080073998,127.2326605882,20240306,
포천시,에벤에셀목장,소,150,경기도 포천시 일동면 새낭로196번길 41,경기도 포천시 일동면 사직리 853번지 3호,37.9955110273,127.3336270344,20240306,
포천시,에스투제이팜,돼지,3559,경기도 포천시 창수면 옥수로298번길 8,경기도 포천시 창수면 주원리 418번지,38.0084837232,127.1887250025,20240306,
포천시,에코농장,돼지,1350,경기도 포천시 창수면 가영로535번길 225,경기도 포천시 창수면 주원리 65번지 5호,38.0142651967,127.1903296148,20240306,
포천시,연곡농장,돼지,1188,"경기도 포천시 이동면 화동로1908번길 44-151 (외2필지(235-3, -6))","경기도 포천시 이동면 연곡리 234번지 4호 외2필지(235-3, -6)",38.0160998163,127.3809612900,20240306,
포천시,연곡목장,소,68,경기도 포천시 이동면 제비울1길 44-50,경기도 포천시 이동면 연곡리 591번지 2호,38.0010702719,127.3760537076,20240306,
포천시,연곡축산,소,6,경기도 포천시 이동면 화동로 1770-38,경기도 포천시 이동면 연곡리 743번지 1호,38.0060673066,127.3683631629,20240306,
포천시,연선목장,소,79,경기도 포천시 관인면 창동로1894번길 179,경기도 포천시 관인면 탄동리 431번지 1호,38.1449492022,127.2548625520,20240306,
포천시,연암축산,소,30,경기도 포천시 화현면 봉화로 315-48 (외1필지(213-5)),경기도 포천시 화현면 명덕리 213번지 2호 외1필지(213-5),37.8774290748,127.2773793513,20240306,
포천시,영광이네 흑염소 농장,염소,25,경기도 포천시 소흘읍 거친봉이길 86-64,경기도 포천시 소흘읍 무봉리 산 146번지,37.7872008580,127.1339831060,20240306,
포천시,영규농장,돼지,600,경기도 포천시 영북면 방골길 960,"경기도 포천시 영북면 문암리 320번지 ,321-2",38.0784233723,127.2666578225,20240306,
포천시,영내목장,소,128,경기도 포천시 신북면 호국로2347번길 23,경기도 포천시 신북면 만세교리 392번지 1호 외 8필지,37.9571319806,127.2383791323,20240306,
포천시,영북축산,돼지,900,경기도 포천시 영북면 금곡동로 34-20,경기도 포천시 영북면 야미리 386번지,38.0470699572,127.2723077777,20240306,
포천시,영송농장,돼지,1000,경기도 포천시 영중면 은잿말길 230-1,경기도 포천시 영중면 영송리 190번지 1호,38.0037786832,127.2209114282,20240306,
포천시,영송농장2,돼지,900,경기도 포천시 영중면 은잿말길 257-17 (외1필지(-3)),경기도 포천시 영중면 영송리 565번지 2호 외1필지(-3),38.0056251296,127.2166443056,20240306,
포천시,영신농장,돼지,1000,경기도 포천시 영북면 북원로166번길 23,경기도 포천시 영북면 자일리 690번지 1호,38.1178570061,127.2774613828,20240306,
포천시,영원농장,소,47,경기도 포천시 내촌면 금강로2536번길 22-34,경기도 포천시 내촌면 소학리 332번지 15호,37.7967564289,127.2438185692,20240306,
포천시,영일농장,돼지,1800,경기도 포천시 가산면 방산길 230,경기도 포천시 가산면 정교리 147번지 3호,37.8219569140,127.1809314132,20240306,
포천시,영일농장,소,43,"경기도 포천시 일동면 화동로648번길 11-6, 등 2필지(59-3,-5)",경기도 포천시 일동면 유동리 59번지 3호 등 2필지(-5),37.9236101050,127.3125804496,20240306,
포천시,영천목장,소,120,"경기도 포천시 가산면 정금로393번길 80-14 (외3필지(846-1,847,847-2))","경기도 포천시 가산면 금현리 846번지 외3필지(846-1,847,847-2)",37.8272901295,127.1935443603,20240306,
포천시,영초목장,소,94,"경기도 포천시 화현면 화동로527번길 29, 등 2필지(429-2,-4)",경기도 포천시 화현면 화현리 429번지 2호 등 2필지(-4),37.9145603349,127.3065737797,20240306,
포천시,영화목장,소,20,경기도 포천시 이동면 새낭로420번길 2,경기도 포천시 이동면 노곡리 756번지,38.0138127584,127.3312161401,20240306,
포천시,영훈농장,소,0,,경기도 포천시 관인면 삼율리 323번지 8호,,,20240306,
포천시,영흥농장,소,27,경기도 포천시 창수면 가영로 280,"경기도 포천시 창수면 가양리 262번지 2호 , 263-3, 263-9",37.9900242243,127.2022070301,20240306,
포천시,예천목장,소,150,경기도 포천시 창수면 창동로161번길 45,경기도 포천시 창수면 오가리 360번지 2호,38.0340189958,127.1928787311,20240306,
포천시,오가리농장,소,30,경기도 포천시 창수면 방골길 5,경기도 포천시 창수면 오가리 99번지,38.0366721168,127.2011749762,20240306,
포천시,오남석농장,소,30,경기도 포천시 일동면 화동로 641,경기도 포천시 일동면 유동리 101번지 1호,37.9232103282,127.3105789364,20240306,
포천시,오빠치목장,소,62,경기도 포천시 관인면 창동로 1307-197,경기도 포천시 관인면 삼율리 222번지 1호,38.1214134026,127.2097286894,20240306,
포천시,오성목장,소,56,경기도 포천시 창수면 옥수로327번길 1,"경기도 포천시 창수면 주원리 532번지 533,435-6,436-2,534-1",38.0085754028,127.1825620011,20240306,
포천시,오케이목장,염소,0,경기도 포천시 영북면 영북로238번길 136,경기도 포천시 영북면 자일리 475번지 6호,38.0990251372,127.2848292409,20240306,
포천시,오형제목장,소,110,경기도 포천시 가산면 감암길 136,"경기도 포천시 가산면 감암리 104번지 1호 ,101-1, -3, 104",37.8590587417,127.1891157316,20240306,
포천시,옥영목장,소,40,경기도 포천시 창수면 전영로 882,경기도 포천시 창수면 주원리 785번지,38.0174243566,127.1594198091,20240306,
포천시,온규목장,소,160,경기도 포천시 영북면 호국로3497번길 91,경기도 포천시 영북면 야미리 727번지 2호,38.0476855639,127.2600880413,20240306,
포천시,완동목장,소,55,,경기도 포천시 관인면 초과리 710번지,38.1433250924,127.2440679575,20240306,
포천시,왕돌목장,소,24,경기도 포천시 창수면 옥수로 136-39,경기도 포천시 창수면 주원리 209번지,37.9952120103,127.1903300152,20240306,
포천시,왕벌목장,소,55,경기도 포천시 관인면 창동로1894번길 76,경기도 포천시 관인면 탄동리 409번지 2호,38.1522369418,127.2575203286,20240306,
포천시,왕호농장,소,30,경기도 포천시 왕방로 93-23 (신읍동),경기도 포천시 신읍동 366번지,37.8912490208,127.1901644842,20240306,
포천시,요꼴농장,소,90,경기도 포천시 신북면 호국로2254번길 17-9,경기도 포천시 신북면 만세교리 316번지,37.9475813321,127.2397674290,20240306,
포천시,용덕축산,소,20,,경기도 포천시 영북면 문암리 5번지 10호,,,20240306,
포천시,용민농장,소,234,경기도 포천시 송선로265번길 19 (설운동),경기도 포천시 설운동 420번지 3호,37.8569512436,127.1480414458,20240306,
포천시,용선농장,돼지,462,경기도 포천시 영북면 호국로3539번길 55-18,경기도 포천시 영북면 야미리 544번지,38.0496435368,127.2656436470,20240306,
포천시,용선목장,소,52,경기도 포천시 자작로5길 12 (자작동),경기도 포천시 자작동 140번지,37.8751880779,127.1710369602,20240306,
포천시,용인목장,소,70,경기도 포천시 일동면 금강로 5131-3,경기도 포천시 일동면 사직리 591번지 2호,38.0041821370,127.3406467749,20240306,
포천시,용흠목장,소,90,"경기도 포천시 원동교3길 24 (동교동,외3필지)",경기도 포천시 동교동 609번지 외3필지,37.8503655630,127.1284423693,20240306,
포천시,용희목장,소,11,경기도 포천시 창수면 포천로3095번길 3,경기도 포천시 창수면 주원리 797번지 2호,38.0137228876,127.1572838600,20240306,
포천시,우리농산,돼지,300,경기도 포천시 이동면 화동로2290번길 81,경기도 포천시 이동면 도평리 299번지,38.0436720355,127.3828654872,20240306,
포천시,우리농장,소,50,경기도 포천시 영중면 나삼2길 57,경기도 포천시 영중면 양문리 376번지 2호,38.0096010690,127.2575238564,20240306,
포천시,우림농장,소,50,경기도 포천시 창수면 가영로 271,경기도 포천시 창수면 가양리 260번지 3호,37.9882203379,127.2016904733,20240306,
포천시,우림동물농장,소,55,경기도 포천시 영중면 호국로2616번길 69-86,경기도 포천시 영중면 금주리 651번지,37.9823384575,127.2538444586,20240306,
포천시,우신한우,소,53,경기도 포천시 가산면 가산로73번길 16,경기도 포천시 가산면 방축리 502번지,37.8374055699,127.1616129529,20240306,
포천시,우심농장(동암영농조합법인),소,120,경기도 포천시 영중면 나삼길 102-25,경기도 포천시 영중면 양문리 1101번지,38.0151094614,127.2582689866,20240306,
포천시,우애목장,소,12,경기도 포천시 일동면 화동로 1615-30,경기도 포천시 일동면 사직리 146번지 3호,37.9972978998,127.3558665745,20240306,
포천시,우주목장,소,70,경기도 포천시 화현면 비선동길 29-175,경기도 포천시 화현면 지현리 263번지 1호,37.9275145437,127.2680686055,20240306,
포천시,우주목장2,소,0,,경기도 포천시 화현면 지현리 261번지 2호,,,20240306,
포천시,우창목장,소,120,경기도 포천시 관인면 창동로1071번길 77 (외1필지(197)),경기도 포천시 관인면 중리 175번지 2호 외1필지(197),38.1107597570,127.2058468442,20240306,
포천시,우청목장,소,50,경기도 포천시 관인면 창동로1071번길 75,경기도 포천시 관인면 중리 197번지,38.1097758673,127.2052462265,20240306,
포천시,우피아목장,소,118,"경기도 포천시 일동면 화동로599번길 41-117, 등 3필지(498-4,-5,-6)","경기도 포천시 일동면 유동리 498번지 4호 등 3필지(-5,-6)",37.9215341840,127.2998540271,20240306,
포천시,운천5리농장,소,0,경기도 포천시 영북면 산정호수로 55,경기도 포천시 영북면 운천리 226번지 1호,38.0772622305,127.2815066811,20240306,
포천시,원농장,소,17,경기도 포천시 신북면 간자동길 80,경기도 포천시 신북면 삼정리 46번지 외1필지(46-1),37.9641546718,127.1489989339,20240306,
포천시,원만농장,소,52,,경기도 포천시 신북면 만세교리 206번지,37.9611583400,127.2501050353,20240306,
포천시,원앙목장,소,150,경기도 포천시 일동면 새낭로215번길 68-232,경기도 포천시 일동면 사직리 1444번지,38.0023109166,127.3181779335,20240306,
포천시,원영농장,돼지,200,경기도 포천시 이동면 도리돌길 29-33,경기도 포천시 이동면 도평리 389번지,38.0576575542,127.3805064466,20240306,
포천시,원영목장,소,57,경기도 포천시 창수면 옥수로 429-23,경기도 포천시 창수면 오가리 776번지 28호,38.0166206076,127.1813538869,20240306,
포천시,원주목장,소,27,경기도 포천시 자작로4길 29 (자작동),경기도 포천시 자작동 440번지 2호,37.8714764539,127.1684497329,20240306,
포천시,원진농장,소,33,경기도 포천시 영북면 호국로 4282,경기도 포천시 영북면 자일리 423번지,38.1069614818,127.2876575736,20240306,
포천시,월산목장,소,210,경기도 포천시 내촌면 음고개길 87,경기도 포천시 내촌면 음현리 126번지,37.7753584732,127.2353873133,20240306,
포천시,월성회목장,소,55,경기도 포천시 신북면 지동길 28-42,경기도 포천시 신북면 금동리 412번지,37.9439221067,127.1204374608,20240306,
포천시,유교목장,소,85,경기도 포천시 창수면 옥수로214번길 135,"경기도 포천시 창수면 주원리 35번지 7호 -8, 33",38.0087572686,127.1968343682,20240306,
포천시,유밀원목장,소,90,경기도 포천시 이동면 화동로1908번길 51,"경기도 포천시 이동면 연곡리 394번지 1호 , 397, 398-1, 399, 402, 392 ,394, 401-1, 403-1, 404-1, 431",38.0196007665,127.3760680751,20240306,
포천시,유운목장,소,44,경기도 포천시 신북면 간자동길 45,경기도 포천시 신북면 갈월리 335번지,37.9608304675,127.1465103286,20240306,
포천시,육본한우,소,352,경기도 포천시 화현면 봉화로 696-53,"경기도 포천시 화현면 지현리 186번지 1호 , -5, 187-2, -3",37.9115796227,127.2727260019,20240306,
포천시,윤영진목장,소,40,경기도 포천시 군내면 반월산성로101번길 29,경기도 포천시 군내면 하성북리 155번지 1호,37.9092303497,127.2236351305,20240306,
포천시,윤우목장,소,9,,경기도 포천시 일동면 길명리 730번지 7호,,,20240306,
포천시,윤희축산,소,6,경기도 포천시 창수면 창동로161번길 105,경기도 포천시 창수면 오가리 327번지,38.0374529628,127.1894798900,20240306,
포천시,은고개목장,소,110,경기도 포천시 이동면 성장로869번길 52-13 (외1필지(798-12)),경기도 포천시 이동면 노곡리 798번지 3호 외1필지(798-12),38.0118684086,127.3329179607,20240306,
포천시,은금목장,소,80,경기도 포천시 일동면 새낭로215번길 68-36,경기도 포천시 일동면 사직리 1591번지 외 1필지(1593),37.9973794952,127.3231900769,20240306,
포천시,은금목장,소,30,경기도 포천시 이동면 새낭로 366,경기도 포천시 이동면 노곡리 803번지 11호,38.0093732097,127.3318970896,20240306,
포천시,은대목장,소,50,경기도 포천시 관인면 찬우물2길 81-38,경기도 포천시 관인면 냉정리 59번지 7호,38.1812590835,127.2717537701,20240306,
포천시,은별농장,소,15,경기도 포천시 관인면 교동1길 37,경기도 포천시 관인면 중리 135번지,38.1020080511,127.2129876542,20240306,
포천시,은선목장,소,3,경기도 포천시 영북면 소회산1길 29,경기도 포천시 영북면 소회산리 492번지 8호,38.0791264175,127.2449915882,20240306,
포천시,은숙목장,소,113,경기도 포천시 가산면 가산로318번길 66,경기도 포천시 가산면 마산리 168번지 11호,37.8455895489,127.1911613418,20240306,
포천시,은진농장,소,60,경기도 포천시 가산면 궁말길 99-1,경기도 포천시 가산면 금현리 28번지,37.8168783003,127.1999044768,20240306,
포천시,은초롱목장,소,65,경기도 포천시 영중면 금화봉길 646,경기도 포천시 영중면 거사리 352번지 2호,37.9934044291,127.2363484206,20240306,
포천시,은학목장,소,0,경기도 포천시 내촌면 금강로2606번길 8-28,경기도 포천시 내촌면 소학리 353번지 1호,37.8011266786,127.2432923102,20240306,
포천시,을영목장,소,40,경기도 포천시 내촌면 능곡청정길 18,경기도 포천시 내촌면 내리 95번지 2호,37.7825594946,127.2391887458,20240306,
포천시,이동농장,소,14,경기도 포천시 이동면 화동로 1702,경기도 포천시 이동면 연곡리 1106번지 4호,38.0007687398,127.3641744660,20240306,
포천시,이레농장,돼지,0,경기도 포천시 신북면 신평로16번길 174,경기도 포천시 신북면 만세교리 164번지 1호,37.9626756964,127.2428106376,20240306,
포천시,이레농장,돼지,2761,"경기도 포천시 창수면 가영로535번길 181-2, 등 3필지(56-1,-2,58-4)","경기도 포천시 창수면 주원리 56번지 1호 등 3필지(-2,58-4)",38.0141390151,127.1937705344,20240306,
포천시,이례농장,소,24,,경기도 포천시 창수면 가양리 226번지,37.9922393660,127.2082936957,20240306,
포천시,이일오농장,돼지,1420,"경기도 포천시 일동면 새낭로215번길 68-58, 등 2필지(1586,1587)",경기도 포천시 일동면 사직리 1586번지 등 2필지(1587),37.9984793722,127.3233924495,20240306,
포천시,이정농장,소,24,경기도 포천시 일동면 화동로656번길 16,경기도 포천시 일동면 유동리 116번지 1호,37.9241232638,127.3122150467,20240306,
포천시,이호목장,소,100,"경기도 포천시 가산면 포천로887번길 90 (외2필지(157-3,160-2))","경기도 포천시 가산면 감암리 157번지 1호 외2필지(157-3,160-2)",37.8555553566,127.1901421585,20240306,
포천시,이희창,소,35,경기도 포천시 영북면 영북로103번길 13,경기도 포천시 영북면 운천리 575번지 3호 575-8,38.0828167768,127.2734056506,20240306,
포천시,인록축산,돼지,500,경기도 포천시 창수면 가영로535번길 225,경기도 포천시 창수면 주원리 64번지,38.0142651967,127.1903296148,20240306,
포천시,인섭목장,소,49,경기도 포천시 해룡로 109-37 (설운동),경기도 포천시 설운동 584번지 18호,37.8544839877,127.1398686566,20240306,
포천시,인성목장,소,13,경기도 포천시 영중면 은잿말길 230,경기도 포천시 영중면 영송리 197번지,38.0041576526,127.2210922394,20240306,
포천시,인성축산,돼지,1000,경기도 포천시 신북면 포천로1967번길 25,"경기도 포천시 신북면 심곡리 449번지 1호 , -2, -12",37.9242564647,127.1881473808,20240306,
포천시,인호목장,소,20,경기도 포천시 영북면 호국로3497번길 96,경기도 포천시 영북면 야미리 730번지,38.0486057936,127.2605409329,20240306,
포천시,일광농장,돼지,560,경기도 포천시 일동면 인곡1길 44-38,경기도 포천시 일동면 사직리 351번지 10호,37.9813390454,127.3510469430,20240306,
포천시,일동농장,돼지,500,경기도 포천시 일동면 무리울길 237,경기도 포천시 일동면 화대리 22번지,37.9523227375,127.3553512216,20240306,
포천시,일동목장,소,30,경기도 포천시 일동면 수입로 279-7,"경기도 포천시 일동면 수입리 628번지 2호 ,629-3,-5,-7,-9",37.9896264928,127.3160682531,20240306,
포천시,일송사슴농장,사슴,11,경기도 포천시 신북면 호국로 2039-107,경기도 포천시 신북면 기지리 937번지 19호,37.9339233274,127.2225185415,20240306,
포천시,일심목장,소,82,경기도 포천시 이동면 화동로1908번길 10 (외1필지(863-7)),경기도 포천시 이동면 연곡리 863번지 4호 외1필지(863-7),38.0185045842,127.3708406605,20240306,
포천시,일오삼목장,소,13,경기도 포천시 영중면 가영로 447-5,경기도 포천시 영중면 영송리 663번지,38.0056789340,127.2091490101,20240306,
포천시,자성농장,돼지,360,경기도 포천시 일동면 수입로280번길 20-36,경기도 포천시 일동면 수입리 560번지 7호,37.9890284648,127.3198392264,20240306,
포천시,자연그대로 목장,소,50,경기도 포천시 영북면 소회산길 395,경기도 포천시 영북면 소회산리 331번지,38.0942447833,127.2345838256,20240306,
포천시,자영목장,소,97,경기도 포천시 가산면 포천로 810-35,"경기도 포천시 가산면 마산리 343번지 ,-2,-5",37.8452643040,127.1978118009,20240306,
포천시,자우목장,소,23,경기도 포천시 자작로 57 (자작동),경기도 포천시 자작동 431번지 1호 1통,37.8702577737,127.1709792939,20240306,
포천시,자일농장,돼지,2000,경기도 포천시 영북면 북원로 194-18,"경기도 포천시 영북면 자일리 1164번지 ,694-12",38.1174319179,127.2766755165,20240306,
포천시,장구산목장,소,67,경기도 포천시 이동면 제비울1길 119,경기도 포천시 이동면 연곡리 597번지 12호,38.0007243356,127.3814531376,20240306,
포천시,장군농장,소,37,경기도 포천시 영중면 호국로 3313,경기도 포천시 영중면 성동리 379번지 2호,38.0339606420,127.2608734980,20240306,
포천시,장안농장,소,192,경기도 포천시 화현면 금강로 4035-83,"경기도 포천시 화현면 화현리 274번지 2호 ,-2,-3,279-2,281,282,-1,-2,-3,283,-1,-2",37.9133056169,127.2948024171,20240306,
포천시,장원농장,소,50,경기도 포천시 내촌면 음고개길 87,경기도 포천시 내촌면 음현리 128번지 1호,37.7753584732,127.2353873133,20240306,
포천시,재남농장,소,32,경기도 포천시 신북면 탑신로1112번길 7-63,경기도 포천시 신북면 금동리 256번지,37.9441300187,127.1291088497,20240306,
포천시,재득목장,소,30,경기도 포천시 자작로3길 20-36 (자작동),경기도 포천시 자작동 150번지 7호,37.8731398052,127.1734451939,20240306,
포천시,재산목장,소,71,경기도 포천시 내촌면 음고개길 37-25,"경기도 포천시 내촌면 음현리 164번지 3호 164-6,산7-8",37.7785186296,127.2298798566,20240306,
포천시,재영농장,돼지,500,경기도 포천시 신북면 포천로2505번길 89,경기도 포천시 신북면 고일리 195번지,37.9740843492,127.1796933545,20240306,
포천시,전성아목장,소,45,경기도 포천시 내촌면 내진로9번길 43,경기도 포천시 내촌면 내리 664번지 0호,37.7845122145,127.2145038073,20240306,
포천시,정경농장,돼지,800,경기도 포천시 일동면 무리울길 185,경기도 포천시 일동면 화대리 58번지,37.9538927512,127.3495657131,20240306,
포천시,정교목장,소,33,경기도 포천시 가산면 정금로 150,경기도 포천시 가산면 정교리 258번지 2호,37.8138619105,127.1771829862,20240306,
포천시,정동목장,소,770,경기도 포천시 이동면 화동로 1770-57,경기도 포천시 이동면 연곡리 552번지,38.0058140786,127.3704984216,20240306,
포천시,정물목장,소,50,경기도 포천시 관인면 윗찬물길 221-29,경기도 포천시 관인면 냉정리 804번지,38.1467260806,127.2688827170,20240306,
포천시,정상농장,돼지,214,,경기도 포천시 일동면 화대리 16번지 1호,,,20240306,
포천시,정상농장,돼지,670,경기도 포천시 이동면 새낭로420번길 10,경기도 포천시 이동면 노곡리 746번지 8호,38.0143904289,127.3318072038,20240306,
포천시,정석농장,돼지,1600,경기도 포천시 관인면 느릅실길 44 (외1필지(93번지)),경기도 포천시 관인면 탄동리 92번지 외1필지(93번지),38.1623351105,127.2639135621,20240306,
포천시,정선목장,소,48,경기도 포천시 관인면 창동로 835,"경기도 포천시 관인면 중리 527번지 3호 527-14, 527-23, 679",38.0840110370,127.2062619226,20240306,
포천시,정성목장,소,120,경기도 포천시 신북면 지동길 12,경기도 포천시 신북면 금동리,37.9469432978,127.1210137631,20240306,
포천시,정성수목장,소,19,경기도 포천시 가산면 마전길 183,경기도 포천시 가산면 마전리 139번지 2호,37.8483355022,127.2187249247,20240306,
포천시,정연farm,돼지,1000,경기도 포천시 영북면 영북로12번길 63,"경기도 포천시 영북면 문암리 13번지 , -1, 14-3",38.0716592467,127.2782740781,20240306,
포천시,정옥목장,소,10,경기도 포천시 창수면 옥수로214번길 90,경기도 포천시 창수면 주원리 21번지 4호,38.0052898516,127.1943313130,20240306,
포천시,정우사슴농장,사슴,10,경기도 포천시 신북면 청신로2068번길 81-27,경기도 포천시 신북면 신평리 529번지,37.9335015242,127.2120167875,20240306,
포천시,정원농장,돼지,300,,경기도 포천시 일동면 사직리 699번지,37.9869842466,127.3397046243,20240306,
포천시,정원농장,소,7,,경기도 포천시 신북면 만세교리 428번지,37.9598535627,127.2361045900,20240306,
포천시,정원축산,돼지,5000,경기도 포천시 관인면 창동로 1516-16,경기도 포천시 관인면 초과리 542번지,38.1389979702,127.2250644422,20240306,
포천시,정일농장,소,13,,경기도 포천시 소흘읍 무봉리 549번지 9호,,,20240306,
포천시,정재목장,소,59,경기도 포천시 소흘읍 초가팔로 8-70 (외1필지(473-1)),경기도 포천시 소흘읍 송우리 473번지 외1필지(473-1),37.8230882779,127.1447935486,20240306,
포천시,정현목장,소,23,경기도 포천시 호국로964번길 6-21 (선단동),경기도 포천시 선단동 507번지 3호,37.8501223317,127.1645101906,20240306,
포천시,정호농장,돼지,450,경기도 포천시 일동면 무리울길 213-37,경기도 포천시 일동면 화대리,37.9545092353,127.3524101635,20240306,
포천시,정훈목장,소,80,,"경기도 포천시 관인면 탄동리 195번지 4호 ,-3,197,699-38",38.1693576350,127.2665086591,20240306,
포천시,제비울목장,소,17,경기도 포천시 이동면 화동로1724번길 12-8,경기도 포천시 이동면 연곡리 617번지 2호,38.0014105496,127.3658248436,20240306,
포천시,제일농장,소,50,경기도 포천시 영북면 호국로3497번길 49,경기도 포천시 영북면 야미리 514번지,38.0470898741,127.2641245714,20240306,
포천시,조성목장,소,160,경기도 포천시 이동면 화동로1908번길 74,"경기도 포천시 이동면 연곡리 253번지 2호 ,-2,258",38.0189613217,127.3765134710,20240306,
포천시,조안농장,소,90,경기도 포천시 이동면 화동로1870번길 89,"경기도 포천시 이동면 연곡리 459번지 9호 ,-3, 167-6, 495",38.0123821048,127.3766839940,20240306,
포천시,종두목장,소,100,경기도 포천시 가산면 방산길 139,"경기도 포천시 가산면 가산리 146번지 1호 등 5필지(143-1, 146-2, 89-1, 89-4)",37.8301866078,127.1811914329,20240306,
포천시,종배농장,돼지,950,경기도 포천시 영북면 호국로3552번길 67,경기도 포천시 영북면 야미리 116번지 1호,38.0538673528,127.2779288254,20240306,
포천시,주원농장2,돼지,0,경기도 포천시 창수면 옥수로298번길 51,경기도 포천시 창수면 주원리 75번지,38.0116956631,127.1899986757,20240306,
포천시,주원목장,소,100,경기도 포천시 창수면 옥수로214번길 16,경기도 포천시 창수면 주원리 181번지,38.0026530411,127.1889660667,20240306,
포천시,죽림목장,소,60,경기도 포천시 창수면 옥수로327번길 231,경기도 포천시 창수면 주원리 685번지 2호,38.0201998582,127.1687263939,20240306,
포천시,준농장,돼지,980,경기도 포천시 창수면 옥수로298번길 44,경기도 포천시 창수면 주원리 100번지,38.0109460117,127.1893980821,20240306,
포천시,준농장,소,64,경기도 포천시 관인면 창동로1894번길 33 (외1(403-17)),경기도 포천시 관인면 탄동리 403번지 16호 외1(403-17),38.1554543396,127.2574640196,20240306,
포천시,준혁목장,소,101,경기도 포천시 영북면 영북로238번길 178,경기도 포천시 영북면 자일리 449번지,38.1011997542,127.2862257454,20240306,
포천시,중갈기목장,소,43,,"경기도 포천시 일동면 수입리 333번지 4호 외2필지(333-5,-6)",37.9775159046,127.3224560453,20240306,
포천시,중희목장,소,57,경기도 포천시 창수면 옥수로72번길 48,경기도 포천시 창수면 추동리 24번지 1호,37.9882701961,127.1862139593,20240306,
포천시,지상농장,소,20,,"경기도 포천시 신북면 심곡리 357번지 1호 , 402-1",37.9340162713,127.1843010784,20240306,
포천시,지성농장,돼지,600,경기도 포천시 창수면 옥수로298번길 56,경기도 포천시 창수면 주원리 85번지 2호,38.0115709847,127.1905687816,20240306,
포천시,지성목장,소,41,경기도 포천시 영북면 호국로3421번길 94,경기도 포천시 영북면 야미리 456번지,38.0450819243,127.2650769500,20240306,
포천시,지앤알팜2,돼지,600,경기도 포천시 화현면 금강로 4035-73,"경기도 포천시 화현면 화현리 277번지 외2필지(279-1,280)",37.9129999880,127.2952696994,20240306,
포천시,지앤알팜3,돼지,1350,경기도 포천시 일동면 사당말6길 78,경기도 포천시 일동면 사직리 산 3번지 4호 외1필지(산3-5),38.0021641793,127.3553103206,20240306,
포천시,지앤알팜사계,돼지,1500,경기도 포천시 일동면 새낭로215번길 68-213,경기도 포천시 일동면 사직리 1424번지,38.0017145500,127.3171998557,20240306,
포천시,지혜농장,돼지,400,경기도 포천시 영북면 금곡동로 34-10,경기도 포천시 영북면 야미리 358번지,38.0474398112,127.2724775901,20240306,
포천시,진목목장,소,24,경기도 포천시 내촌면 내진로155번길 25-29,경기도 포천시 내촌면 진목리 578번지,37.7964047403,127.2124930250,20240306,
포천시,진실목장,소,46,경기도 포천시 가산면 너배기1길 48,경기도 포천시 가산면 정교리 101번지 1호,37.8199906264,127.1871208643,20240306,
포천시,진양농장,돼지,840,경기도 포천시 일동면 사당말6길 80,경기도 포천시 일동면 사직리 152번지 2호,38.0033155274,127.3534514276,20240306,
포천시,진양목장,소,2,경기도 포천시 일동면 사당말6길 97,경기도 포천시 일동면 사직리 164번지 3호,38.0040348024,127.3520489666,20240306,
포천시,진우농장,돼지,0,경기도 포천시 창수면 옥수로327번길 51-1,"경기도 포천시 창수면 주원리 619번지 ,-1,621,-3,871-56,-58",38.0069483312,127.1742308783,20240306,
포천시,진우농장,돼지,1300,경기도 포천시 창수면 옥수로327번길 51 (외1필지(626)),경기도 포천시 창수면 주원리 517번지 외1필지(626),38.0092998740,127.1772049833,20240306,
포천시,진원농장,돼지,2000,경기도 포천시 호병골길 119-13 (신읍동),경기도 포천시 신읍동 460번지,37.8939705283,127.1839305221,20240306,
포천시,진주농장,돼지,600,"경기도 포천시 이동면 새낭로420번길 14, (노곡리 747, 746-7)",경기도 포천시 이동면 노곡리 747번지 외 1번지(746-7),38.0147057967,127.3317495225,20240306,
포천시,진호농장,돼지,1400,경기도 포천시 영북면 호국로4350번길 148,경기도 포천시 영북면 자일리 78번지 5호,38.1126216449,127.3032920280,20240306,
포천시,진호목장,소,10,,경기도 포천시 창수면 운산리 491번지,38.0464513195,127.2059387475,20240306,
포천시,참이슬목장,소,70,경기도 포천시 영북면 호국로 3702-20,경기도 포천시 영북면 야미리 156번지,38.0667312293,127.2745724919,20240306,
포천시,창수농장,돼지,2500,경기도 포천시 창수면 가영로150번길 91-34,경기도 포천시 창수면 가양리 181번지 2호,37.9769073788,127.2081695057,20240306,
포천시,창윤농장,소,100,,경기도 포천시 일동면 사직리 588번지 2호,,,20240306,
포천시,창의축산,소,18,경기도 포천시 일동면 수입로 146,경기도 포천시 일동면 수입리 29번지,37.9815842562,127.3261316690,20240306,
포천시,천공목장,소,150,경기도 포천시 일동면 수입로 144-2,경기도 포천시 일동면 화대리 502번지 2호,37.9814621996,127.3289445435,20240306,
포천시,천그린농장,돼지,1200,경기도 포천시 창수면 옥수로298번길 78,경기도 포천시 창수면 주원리 82번지,38.0124613669,127.1932876684,20240306,
포천시,천송목장,소,39,경기도 포천시 관인면 창동로1894번길 73,경기도 포천시 관인면 탄동리 408번지,38.1526069053,127.2577359609,20240306,
포천시,천호농장,돼지,2300,경기도 포천시 이동면 화동로1723번길 57,"경기도 포천시 이동면 연곡리 1135번지 ,1136,1133,1134-2",38.0021414865,127.3588868851,20240306,
포천시,청계농장,소,20,경기도 포천시 일동면 화동로857번길 17-52,경기도 포천시 일동면 기산리 707번지,37.9418324425,127.3058308484,20240306,
포천시,청산목장,소,80,경기도 포천시 창수면 창동로 74,경기도 포천시 창수면 오가리 450번지 3호,38.0242891905,127.1909824394,20240306,
포천시,청와목장,소,7,경기도 포천시 영북면 호국로4350번길 115,경기도 포천시 영북면 자일리 183번지,38.1122368668,127.2995971079,20240306,
포천시,청운목장,소,65,경기도 포천시 나무골길 25-53(동교동),"경기도 포천시 동교동 630번지 ,631",37.8543279317,127.1302298931,20240306,
포천시,청진목장,소,85,경기도 포천시 이동면 갈골안길 68,경기도 포천시 이동면 노곡리 483번지 1호,38.0135620993,127.3455705788,20240306,
포천시,청하농장,소,12,,경기도 포천시 신북면 가채리 29번지 2호,37.9191078148,127.2204067299,20240306,
포천시,초계목장,소,200,경기도 포천시 일동면 성장로 950-86,"경기도 포천시 일동면 사직리 588번지 3호 ,-2,-5,-27,-28,-29,-31,-34,-35,-38,-39 등 17필지",38.0063587107,127.3439795806,20240306,
포천시,초록팜,돼지,1117,"경기도 포천시 군내면 반월산성로199번길 11, 등4필지(663,664-1,-3,666-1)","경기도 포천시 군내면 상성북리 663번지 등4필지(664-1,-3,666-1)",37.9026973773,127.2320655580,20240306,
포천시,초봉목장,소,120,경기도 포천시 창수면 창동로161번길 39-11,경기도 포천시 창수면 오가리 375번지,38.0337718034,127.1914098010,20240306,
포천시,초심농원,소,73,"경기도 포천시 화현면 문암동길 132-12, 등 3필지(335-33,-51,-18)","경기도 포천시 화현면 지현리 335번지 33호 등 3필지(-51,-18)",37.9441273664,127.2600267865,20240306,
포천시,초자원농장,소,55,경기도 포천시 창수면 창동로338번길 29-1,경기도 포천시 창수면 운산리 490번지 1호,38.0470592452,127.2064894058,20240306,
포천시,최씨농장,돼지,400,경기도 포천시 영북면 비둘기낭길 55,경기도 포천시 영북면 대회산리 298번지,38.0732222801,127.2246723760,20240306,
포천시,추산목장,소,170,경기도 포천시 영중면 금화봉길 701,"경기도 포천시 영중면 양문리 728번지 ,-2, 727-2, -4, -10",37.9961077767,127.2401655275,20240306,
포천시,축 사,소,20,경기도 포천시 관인면 창동로1894번길 145,경기도 포천시 관인면 탄동리 461번지,38.1473415724,127.2567947078,20240306,
포천시,춘복목장,소,84,경기도 포천시 일동면 새낭로 264,경기도 포천시 일동면 사직리 1512번지,38.0000410741,127.3312135395,20240306,
포천시,춘환목장,소,35,경기도 포천시 자작로 93-11(자작동),경기도 포천시 자작동 455번지,37.8711923985,127.1668023613,20240306,
포천시,출발목장,소,35,경기도 포천시 신북면 호국로2254번길 32-16,경기도 포천시 신북면 기지리 53번지,37.9461371011,127.2387937121,20240306,
포천시,출세목장,소,108,경기도 포천시 관인면 창동로1427번길 20-20,경기도 포천시 관인면 삼율리 114번지,38.1351716648,127.2191679968,20240306,
포천시,충의목장,소,35,경기도 포천시 군내면 반월산성로 180-29,경기도 포천시 군내면 하성북리 311번지 1호,37.9043931907,127.2287265095,20240306,
포천시,충재목장,소,75,경기도 포천시 화현면 영일로368번길 34,경기도 포천시 화현면 지현리 334번지 13호,37.9435674507,127.2594823133,20240306,
포천시,충현사슴농장,사슴,24,경기도 포천시 신북면 청신로2068번길 81-29,경기도 포천시 신북면 신평리 528번지,37.9337795857,127.2114694816,20240306,
포천시,칠성농장,돼지,1250,,경기도 포천시 일동면 사직리 152번지,,,20240306,
포천시,칠성목장,소,60,경기도 포천시 영중면 호국로 2674,경기도 포천시 영중면 금주리 676번지 1호,37.9808686159,127.2450359202,20240306,
포천시,칡넝쿨목장,소,45,경기도 포천시 자작로 38 (자작동),경기도 포천시 자작동 185번지 4호,37.8703004736,127.1733667676,20240306,
포천시,카우빌,소,140,경기도 포천시 화현면 문암동길 138-25,"경기도 포천시 화현면 지현리 335번지 7호 ,-31,-27",37.9456159329,127.2607275949,20240306,
포천시,큰별농장,소,135,"경기도 포천시 자작로 59, 등 3필지(435-1,-2,-3) (자작동)","경기도 포천시 자작동 435번지 1호 등 3필지(-2,-3)",37.8706001387,127.1709322919,20240306,
포천시,큰용한목장,소,85,경기도 포천시 소흘읍 한성길 101,경기도 포천시 소흘읍 고모리 60번지,37.8060421768,127.1719914436,20240306,
포천시,탁틴목장,소,50,경기도 포천시 신북면 청신로947번길 74,경기도 포천시 신북면 삼정리 378번지,37.9679242143,127.1348979208,20240306,
포천시,탑목장,소,83,경기도 포천시 영북면 호국로3746번길 10,경기도 포천시 영북면 문암리 25번지,38.0699489908,127.2746766242,20240306,
포천시,태농목장,소,81,경기도 포천시 내촌면 금강로 3113-34,경기도 포천시 내촌면 신팔리 270번지 1호,37.8407150818,127.2707842162,20240306,
포천시,태산농장,돼지,1502,경기도 포천시 일동면 수입로157번길 85,경기도 포천시 일동면 수입리 276번지 3호,37.9747301998,127.3232899646,20240306,
포천시,태산목장,소,18,경기도 포천시 관인면 창동로 1307-248,경기도 포천시 관인면 삼율리 240번지,38.1211135587,127.2087487350,20240306,
포천시,태선목장,소,60,경기도 포천시 일동면 영일로669번길 24,경기도 포천시 일동면 길명리 433번지 4호,37.9393458956,127.2807661863,20240306,
포천시,태양농장,돼지,677,경기도 포천시 화현면 문암동길 129,경기도 포천시 화현면 지현리 334번지 13호,37.9440530297,127.2589344328,20240306,
포천시,태양목장,소,45,경기도 포천시 신북면 지동길 77-17,경기도 포천시 신북면 금동리 367번지 4호,37.9401697053,127.1223004125,20240306,
포천시,태영목장,소,64,경기도 포천시 송선로 530 (자작동),"경기도 포천시 자작동 417번지 3필지(420-4,,421-3)",37.8686860506,127.1697469991,20240306,
포천시,태욱농장,돼지,0,경기도 포천시 가산면 감암1길 60-75,경기도 포천시 가산면 감암리 416번지 외 3필지,37.8622860961,127.1826107052,20240306,
포천시,태희농장,소,10,경기도 포천시 신북면 청신로1615번길 12,경기도 포천시 신북면 계류리 253번지 11호,37.9502352241,127.1826766098,20240306,
포천시,탱크농장,돼지,2379,경기도 포천시 화현면 봉화로 679-60,"경기도 포천시 화현면 지현리 149번지 3호 ,-1,-2, 150-1, 152-9",37.9064274476,127.2697728686,20240306,
포천시,통일대농장,소,120,경기도 포천시 소흘읍 호국로523번길 62,경기도 포천시 소흘읍 이동교리 177번지 1호,37.8209859489,127.1323051523,20240306,
포천시,팔팔농장,돼지,1050,경기도 포천시 창수면 가영로150번길 74,경기도 포천시 창수면 가양리 155번지 2호,37.9759559873,127.2061465442,20240306,
포천시,팜스플랜 포천 제1농장,돼지,1000,경기도 포천시 창수면 가영로 436-367,경기도 포천시 창수면 가양리 277번지 1호,37.9881307539,127.2054830386,20240306,
포천시,평산목장,소,90,경기도 포천시 관인면 느릅실길 84-39,경기도 포천시 관인면 탄동리 10번지,38.1622285868,127.2692675585,20240306,
포천시,평촌농장,소,84,경기도 포천시 해룡로 211 (동교동),"경기도 포천시 동교동 354번지 ,-2,-3, 355-5,-6",37.8491149581,127.1320177448,20240306,
포천시,평화농장,소,0,경기도 포천시 어룡3길 29-51(어룡동),경기도 포천시 어룡동 231번지 1호,37.8822972254,127.1800685624,20240306,
포천시,포일축산,소,42,"경기도 포천시 관인면 창동로 1455-43 (, 112번지)","경기도 포천시 관인면 삼율리 111번지 , 112번지",38.1356149434,127.2198623619,20240306,
포천시,포천농장,돼지,20,경기도 포천시 영북면 호국로3539번길 46-22,경기도 포천시 영북면 야미리 574번지,38.0520305264,127.2649407645,20240306,
포천시,포천농장,소,155,경기도 포천시 이동면 갈골안1길 27,"경기도 포천시 이동면 노곡리 488번지 ,-3,-4",38.0120016614,127.3446511237,20240306,
포천시,포천염소농장,염소,93,경기도 포천시 영중면 전영로 1679-77,경기도 포천시 영중면 성동리 912번지 3호,38.0152272363,127.2416018144,20240306,
포천시,포천일고등학교,소,1731,"경기도 포천시 군내면 청군로 3426, 포천일고등학교",경기도 포천시 군내면 하성북리 663번지 포천일고등학교,37.8947468341,127.2052299400,20240306,
포천시,푸른농장,돼지,500,경기도 포천시 이동면 화동로1908번길 83,경기도 포천시 이동면 연곡리 263번지,38.0195851203,127.3783466800,20240306,
포천시,풍년농원,소,10,경기도 포천시 화현면 봉화로733번길 109,경기도 포천시 화현면 지현리 560번지 2호,37.9140978662,127.2653803553,20240306,
포천시,피스팜농장,소,20,경기도 포천시 관인면 창동로1071번길 57,경기도 포천시 관인면 중리 201번지 3호,38.1087205327,127.2049082664,20240306,
포천시,하나농장,소,2,,경기도 포천시 관인면 초과리 64번지,38.1532983273,127.2394573690,20240306,
포천시,하나더농장,돼지,6256,"경기도 포천시 신북면 신평로72번길 38 (외4필지(-3,-5,-7,-10))","경기도 포천시 신북면 신평리 193번지 1호 외4필지(-3,-5,-7,-10)",37.9518565221,127.2330822612,20240306,
포천시,하늘소목장,소,30,경기도 포천시 창수면 옥수로262번길 122,경기도 포천시 창수면 주원리 191번지 18호,38.0005063742,127.1987362840,20240306,
포천시,하늘이목장,소,58,경기도 포천시 창수면 포천로 2678,"경기도 포천시 창수면 추동리 176번지 1호 -2,26-2",37.9861864634,127.1822029793,20240306,
포천시,하늘한우목장,소,3,경기도 포천시 관인면 윗찬물길 379,경기도 포천시 관인면 냉정리 928번지 5호,38.1335894709,127.2708525376,20240306,
포천시,하은목장,소,100,경기도 포천시 관인면 창동로1894번길 109,경기도 포천시 관인면 탄동리 421번지 2호,38.1501191488,127.2576072319,20240306,
포천시,하현목장,소,75,경기도 포천시 영북면 호국로3421번길 62-1,경기도 포천시 영북면 야미리 509번지 1호,38.0456382948,127.2638670996,20240306,
포천시,학섬목장,소,68,경기도 포천시 가산면 가산로318번길 53,경기도 포천시 가산면 마산리 177번지 7호 외 5필지,37.8456758546,127.1897061276,20240306,
포천시,학현농장,소,33,경기도 포천시 창수면 포천로 3126,경기도 포천시 창수면 주원리 791번지,38.0152450733,127.1569463990,20240306,
포천시,한강농장,소,70,경기도 포천시 이동면 성장로 950-41,경기도 포천시 이동면 노곡리 539번지,38.0074776756,127.3450137916,20240306,
포천시,한결농장,돼지,2000,경기도 포천시 이동면 화동로1908번길 141,경기도 포천시 이동면 연곡리 40번지 1호,38.0175628938,127.3839551721,20240306,
포천시,한도농장,소,85,경기도 포천시 군내면 반월산성로317번길 18,경기도 포천시 군내면 상성북리 479번지,37.8927984512,127.2309186154,20240306,
포천시,한돈농장,돼지,3000,경기도 포천시 창수면 옥수로 383,경기도 포천시 창수면 주원리 484번지 1호,38.0145402383,127.1819438895,20240306,
포천시,한반도농장,돼지,780,"경기도 포천시 영중면 옥수로262번길 201, (영송리 627,628-4)",경기도 포천시 영중면 영송리 627번지 등 2필지(628-4),37.9976429371,127.2033265628,20240306,
포천시,한비축산,돼지,2000,경기도 포천시 관인면 찬우물길 290,경기도 포천시 관인면 냉정리 660번지 2호,38.1526484924,127.2740800192,20240306,
포천시,한비축산,돼지,800,경기도 포천시 관인면 찬우물길 290,경기도 포천시 관인면 냉정리,38.1526484924,127.2740800192,20240306,
포천시,한비축산,돼지,600,경기도 포천시 관인면 창동로1586번길 41,경기도 포천시 관인면 초과리 524번지,38.1422830415,127.2308836069,20240306,
포천시,한솔농장,돼지,3000,경기도 포천시 영중면 호국로 3371-39,경기도 포천시 영중면 성동리 361번지 2호,38.0393866046,127.2609926063,20240306,
포천시,한솔농장,산양,40,경기도 포천시 어룡3길 29-43 (어룡동),경기도 포천시 어룡동 227번지,37.8815745508,127.1794689959,20240306,
포천시,한솔농장2,돼지,200,경기도 포천시 영북면 호국로 3371-48,경기도 포천시 영북면 야미리 760번지 3호,38.0398393233,127.2620167760,20240306,
포천시,한아름농장,소,4,경기도 포천시 화현면 봉화로 775,경기도 포천시 화현면 지현리 569번지 1호,37.9151742476,127.2673109845,20240306,
포천시,한아름목장,소,31,경기도 포천시 자작로5길 48 (자작동),경기도 포천시 자작동 561번지 3호,37.8782315877,127.1700000307,20240306,
포천시,한얼농장,소,50,경기도 포천시 영중면 먼재1길 82,경기도 포천시 영중면 양문리 332번지 5호 (483-1),38.0038863137,127.2572351349,20240306,
포천시,한우단지농장,소,31,경기도 포천시 이동면 제비울1길 44-103,경기도 포천시 이동면 연곡리 599번지 4호,37.9998824903,127.3778894716,20240306,
포천시,한우리목장,소,90,,경기도 포천시 관인면 탄동리 752번지,38.1551914408,127.2561437402,20240306,
포천시,한우축사,소,21,경기도 포천시 화현면 봉화로 696-53,경기도 포천시 화현면 지현리 186번지 1호,37.9115796227,127.2727260019,20240306,
포천시,한주농장,돼지,1500,경기도 포천시 군내면 꽃배산2길 59,"경기도 포천시 군내면 명산리 151번지 1호 , 152-5",37.8650223717,127.2318723228,20240306,
포천시,한중목장,소,60,경기도 포천시 관인면 느릅실길 84-97,경기도 포천시 관인면 탄동리 48번지 1호,38.1596938491,127.2681569113,20240306,
포천시,한창목장,소,150,경기도 포천시 영북면 호국로3497번길 49,경기도 포천시 영북면 야미리 509번지,38.0470898741,127.2641245714,20240306,
포천시,한탄강 JC팜,돼지,2400,경기도 포천시 영북면 북원로166번길 77-44,경기도 포천시 영북면 자일리 1014번지 4호,38.1239688965,127.2781387857,20240306,
포천시,한탄강스마트팜,돼지,2962,경기도 포천시 영북면 호국로4350번길 136-51,경기도 포천시 영북면 자일리 52번지 1호,38.1104304937,127.3026591136,20240306,
포천시,해돋이 목장,소,100,경기도 포천시 화현면 봉화로 902-23,"경기도 포천시 화현면 지현리 249번지 3호 ,-5, -8, -11",37.9262198092,127.2696656561,20240306,
포천시,해돋이2목장,소,100,경기도 포천시 화현면 봉화로 901-25,경기도 포천시 화현면 지현리 355번지 15호,37.9253237601,127.2632283241,20240306,
포천시,해룡목장,소,34,,경기도 포천시 설운동 446번지 4호,,,20240306,
포천시,해영목장,소,58,경기도 포천시 영중면 영일로 212,경기도 포천시 영중면 금주리 1056번지 4호,37.9563991092,127.2581200359,20240306,
포천시,행복농장,소,0,경기도 포천시 이동면 화동로1908번길 80,경기도 포천시 이동면 연곡리 256번지,38.0189535471,127.3776983347,20240306,
포천시,현대농장,소,60,"경기도 포천시 창수면 옥수로214번길 96 (외2필지(23-1,-3))","경기도 포천시 창수면 주원리 23번지 외2필지(23-1,-3)",38.0058229358,127.1948416827,20240306,
포천시,현대축산,돼지,3500,경기도 포천시 관인면 창동로1071번길 89,경기도 포천시 관인면 중리 176번지 4호,38.1100777909,127.2070473040,20240306,
포천시,현무목장,소,10,경기도 포천시 창수면 청창로 862,경기도 포천시 창수면 고소성리 64번지 3호,38.0174200605,127.1487678293,20240306,
포천시,현승농장,소,3,경기도 포천시 이동면 화동로 1770-38,경기도 포천시 이동면 연곡리 743번지 1호,38.0060673066,127.3683631629,20240306,
포천시,현아목장,소,61,경기도 포천시 창수면 창동로161번길 37-1,"경기도 포천시 창수면 오가리 385번지 , 386, 387",38.0326378442,127.1920412769,20240306,
포천시,현영목장,소,170,경기도 포천시 가산면 감암1길 45-1,경기도 포천시 가산면 마산리 659번지 1호,37.8564758360,127.1804530198,20240306,
포천시,현율,소,25,경기도 포천시 원동교길 138-46 (동교동),경기도 포천시 동교동 329번지 4호,37.8489336853,127.1345874821,20240306,
포천시,현이농장,소,28,경기도 포천시 관인면 창동로1894번길 62 (외1필지(488-1)),경기도 포천시 관인면 탄동리 409번지 외1필지(488-1),38.1526686733,127.2570965980,20240306,
포천시,현주목장,소,40,경기도 포천시 관인면 창동로1894번길 89,경기도 포천시 관인면 탄동리 415번지,38.1508705972,127.2592596686,20240306,
포천시,현준농장,소,5,경기도 포천시 가산면 포천로912번길 101,경기도 포천시 가산면 마전리 582번지 1호,37.8442373488,127.2051355870,20240306,
포천시,현진농장,돼지,1000,경기도 포천시 창수면 옥수로262번길 176-25,경기도 포천시 창수면 주원리 196번지 8호,37.9972011608,127.1997179033,20240306,
포천시,현찬목장,소,103,경기도 포천시 영북면 호국로3421번길 87-17,경기도 포천시 영북면 야미리 744번지,38.0469265822,127.2591559551,20240306,
포천시,협동농장,돼지,5500,"경기도 포천시 창수면 금화봉길 222-1, 등5필지(34,35,-1,37-1,90)","경기도 포천시 창수면 가양리 34번지 등5필지(35,-1,37-1,90)",37.9679267891,127.2177228137,20240306,
포천시,협성농장,돼지,770,경기도 포천시 이동면 화동로2290번길 96,경기도 포천시 이동면 도평리 303번지,38.0427525807,127.3827187977,20240306,
포천시,형정목장,소,46,경기도 포천시 가산면 정교길 117-41,경기도 포천시 가산면 정교리 463번지,37.8245874162,127.1642394841,20240306,
포천시,형제농장,돼지,500,경기도 포천시 일동면 수입로280번길 20-32,경기도 포천시 일동면 수입리 567번지,37.9887035475,127.3195439301,20240306,
포천시,형제목장,소,80,,"경기도 포천시 영중면 영송리 211번지 4호 -7,-8",38.0026799267,127.2189341380,20240306,
포천시,혜선농장,돼지,900,경기도 포천시 이동면 성장로 818-85,경기도 포천시 이동면 노곡리 867번지 2호,38.0018674924,127.3289996651,20240306,
포천시,호남농장,돼지,40,경기도 포천시 이동면 여우고개로255번길 207,경기도 포천시 이동면 장암리 산 285번지,38.0685966104,127.3543359344,20240306,
포천시,호암농장,돼지,3500,경기도 포천시 일동면 앵바위길 222-153,경기도 포천시 일동면 사직리 1626번지,37.9984649345,127.3198161443,20240306,
포천시,호직목장,소,150,경기도 포천시 호국로1354번길 21 (어룡동),경기도 포천시 어룡동 114번지 2호,37.8792367322,127.1882576964,20240306,
포천시,화대리농장,소,7,,경기도 포천시 일동면 화대리 242번지 4호,,,20240306,
포천시,화성축산,돼지,2300,경기도 포천시 창수면 옥수로327번길 54,"경기도 포천시 창수면 주원리 495번지 ,496-2, -3, -4, -5, 871-60",38.0112029372,127.1776978669,20240306,
포천시,화엄농장,돼지,1300,경기도 포천시 군내면 꽃배산3길 27-67,경기도 포천시 군내면 명산리 82번지 1호,37.8598100745,127.2306748053,20240306,
포천시,화우농장,소,138,경기도 포천시 영중면 호국로3303번길 40,"경기도 포천시 영중면 성동리 377번지 25호 등 2필지(368-26, 377-10)",38.0353662628,127.2606866028,20240306,
포천시,화정목장,소,25,,경기도 포천시 설운동 산 1번지,,,20240306,
포천시,화현농장,소,400,경기도 포천시 화현면 금강로 4035-83,경기도 포천시 화현면 화현리 282번지,37.9133056169,127.2948024171,20240306,
포천시,환성목장,소,54,경기도 포천시 관인면 창동로 911,경기도 포천시 관인면 중리 466번지 1호,38.0911395843,127.2060509338,20240306,
포천시,황금목장,소,55,경기도 포천시 영북면 호국로3725번길 23-59,경기도 포천시 영북면 문암리 52번지,38.0659027722,127.2702886129,20240306,
포천시,황진이2목장,소,90,경기도 포천시 가산면 너배기길 55,"경기도 포천시 가산면 금현리 1109번지 6호 ,-4",37.8257110325,127.1860172305,20240306,
포천시,황진이목장,소,90,,경기도 포천시 가산면 금현리 1135번지 1호 -2,37.8251177941,127.1859991632,20240306,
포천시,황토농장,돼지,500,경기도 포천시 이동면 새낭로 424,"경기도 포천시 이동면 노곡리 1022번지 5호 , 756-2, -4",38.0141099694,127.3310673621,20240306,
포천시,후계자목장,소,120,경기도 포천시 내촌면 포천로14번길 57,경기도 포천시 내촌면 내리 296번지 2호,37.7896916484,127.2284195041,20240306,
포천시,휘영농장,소,80,경기도 포천시 영중면 궁들1길 22,경기도 포천시 영중면 금주리 590번지 2호,37.9801721881,127.2610481384,20240306,
포천시,흙돼지농장,돼지,400,경기도 포천시 이동면 화동로1877번길 68,경기도 포천시 이동면 연곡리 953번지,38.0156757502,127.3639191148,20240306,
포천시,흥성목장,소,25,경기도 포천시 관인면 느릅실길 84-105,경기도 포천시 관인면 탄동리 48번지 2호,38.1592340272,127.2680670507,20240306,
포천시,흥성목장,소,18,,경기도 포천시 관인면 탄동리 48번지 9호,38.1593527617,127.2687317858,20240306,
포천시,희광농장,소,65,경기도 포천시 일동면 화동로857번길 17-40 (705-8),경기도 포천시 일동면 기산리 705번지 2호 705-8,37.9413922514,127.3067083282,20240306,
포천시,희망한우농장,소,38,경기도 포천시 이동면 성장로 982-96,경기도 포천시 이동면 노곡리 1432번지 1호,38.0065729144,127.3492758835,20240306,
포천시,희문목장,소,42,경기도 포천시 자작로5길 32 (자작동),경기도 포천시 자작동 557번지 4호 557-5,37.8771075484,127.1709260861,20240306,
포천시,희빈농장,소,50,경기도 포천시 영북면 문암길 32-23,경기도 포천시 영북면 문암리 249번지 8호,38.0803542593,127.2723528361,20240306,
하남시,김선찬,소,5,,경기도 하남시 교산동 183,37.5267461867,127.2049262687,20250331,
하남시,유응준,소,25,경기도 하남시 산곡로 80,경기도 하남시 상산곡동 571-6번지,37.4966811547,127.2235901033,20250331,
하남시,이현수,소,39,,경기도 하남시 상산곡동 575,,,20250331,
화성시,?엘목장,소,40,경기도 화성시 만세구 마도면 마도로 173,경기도 화성시 만세구 마도면 백곡리 285-1,37.1857562525,126.7241991788,20260201,
화성시,612한우농장,소,100,경기도 화성시 만세구 송산면 화성로 245-1,경기도 화성시 만세구 송산면 육일리 612,37.2002558579,126.7236226100,20260201,
화성시,GGF,돼지,950,경기도 화성시 만세구 장안면 장안로280번길 76,경기도 화성시 만세구 장안면 독정리 782-1,37.0783247548,126.8464270297,20260201,
화성시,GOATFARM,염소,2,경기도 화성시 만세구 향남읍 삼천병마로 109,경기도 화성시 만세구 향남읍 제암리 250-36,37.1245082318,126.9036443697,20260201,
화성시,JJ FARM(제이제이팜),소,57,,경기도 화성시 효행구 비봉면 구포리 941-3,37.2424308394,126.8788972416,20260201,
화성시,L.G 축산,소,40,경기도 화성시 효행구 비봉면 쌍학안길53번길 71,경기도 화성시 효행구 비봉면 쌍학리 478,37.2362741263,126.8949636205,20260201,
화성시,O.K 목장,소,51,경기도 화성시 만세구 우정읍 원목길 40-9,경기도 화성시 만세구 우정읍 주곡리 530-1,37.1187818265,126.7993770349,20260201,
화성시,OK목장(오케),소,120,경기도 화성시 만세구 우정읍 버들로430번길 2-20,경기도 화성시 만세구 우정읍 운평리 1338,37.0920495855,126.7833748701,20260201,
화성시,Y&J목장,소,9,경기도 화성시 만세구 송산면 천등길69번길 23-12,경기도 화성시 만세구 송산면 천등리 87,37.2445986150,126.7091757775,20260201,
화성시,가고파농장,소+염소,0,경기도 화성시 만세구 남양읍 장덕동길 117-7,경기도 화성시 만세구 남양읍 장덕리 78-2,37.1662892994,126.8154057066,20260201,
화성시,가나농장,염소,20,,경기도 화성시 만세구 장안면 노진리 33,37.0553723244,126.8178241415,20260201,
화성시,가나안농장,돼지,512,경기도 화성시 효행구 매송면 송숙로 95-42,경기도 화성시 효행구 매송면 송라리 754,37.2716979916,126.8983459586,20260201,
화성시,가나안농장,염소,20,경기도 화성시 만세구 장안면 원독정천길 185-8,경기도 화성시 만세구 장안면 덕다리 465,37.0497509367,126.8417350886,20260201,
화성시,가나안목장,소,40,경기도 화성시 만세구 양감면 초록로 571-14,경기도 화성시 만세구 양감면 사창리 127,37.1036502959,126.9702410107,20260201,
화성시,가든한우농장,소,130,경기도 화성시 효행구 봉담읍 삼봉길 77,경기도 화성시 효행구 봉담읍 상리 353,37.2188351967,126.9357581599,20260201,
화성시,가래골목장,소,100,경기도 화성시 만세구 장안면 황골길 154-8,경기도 화성시 만세구 장안면 수촌리 1431,37.1001651500,126.8695793422,20260201,
화성시,각골목장,소,45,,경기도 화성시 만세구 우정읍 조암리 652-1,37.0835322542,126.7985508755,20260201,
화성시,강원목장,소,82,경기도 화성시 만세구 장안면 장안로227번길 1,경기도 화성시 만세구 장안면 어은리 572,37.0869169143,126.8418413711,20260201,
화성시,개미농장,돼지,1050,경기도 화성시 만세구 우정읍 매바위로 138-64,경기도 화성시 만세구 우정읍 주곡리 125-28,37.1315713350,126.8192424094,20260201,
화성시,개성농장,돼지,1014,경기도 화성시 만세구 팔탄면 고주골길 35-97,경기도 화성시 만세구 팔탄면 고주리 313,37.1256753317,126.8833381942,20260201,
화성시,개월목장,소,50,경기도 화성시 만세구 양감면 개월안길 64-23,경기도 화성시 만세구 양감면 대양리 622-1,37.0842669822,126.9288475203,20260201,
화성시,거목목장,소,56,경기도 화성시 만세구 남양읍 한가울길 12,경기도 화성시 만세구 남양읍 남양리 957-4,37.1909990611,126.7988680720,20260201,
화성시,거성축산,소,14,경기도 화성시 만세구 장안면 덕다길 291-1,경기도 화성시 만세구 장안면 덕다리 산76-1,37.0483527229,126.8366977567,20260201,
화성시,건두연구소,소,40,,경기도 화성시 만세구 남양읍 안석리 산113-5,,,20260201,
화성시,건목장,소,10,,경기도 화성시 만세구 서신면 전곡리 438-1,37.1880001536,126.6936510131,20260201,
화성시,건우들목장,소,0,경기도 화성시 만세구 양감면 정문길 62-82,경기도 화성시 만세구 양감면 송산리 1006-14,37.1002924162,126.9960690111,20260201,
화성시,건우목장,소,91,경기도 화성시 만세구 양감면 늠말길 43,경기도 화성시 만세구 양감면 송산리 72-2,37.1175470638,126.9943112671,20260201,
화성시,건욱농장,소,29,경기도 화성시 효행구 정남면 정남동로325번길 36-5,경기도 화성시 효행구 정남면 망월리 228-1,37.1481488540,127.0047039436,20260201,
화성시,건주농장,소,16,경기도 화성시 효행구 비봉면 구포동길38번길 11-33,경기도 화성시 효행구 비봉면 구포리 118,37.2489509627,126.8850975417,20260201,
화성시,건주농장,염소,12,,경기도 화성시 효행구 비봉면 구포리 118-3,37.2486921603,126.8849571921,20260201,
화성시,건현목장,소,41,,경기도 화성시 만세구 송산면 사강리 285-8,37.2194660714,126.7261266499,20260201,
화성시,걸물목장,소,16,경기도 화성시 만세구 장안면 칼바위길 96-84,경기도 화성시 만세구 장안면 수촌리 1397,37.0924409882,126.8782964529,20260201,
화성시,검은돌목장,소,50,,경기도 화성시 효행구 정남면 고지리 209,,,20260201,
화성시,경근목장,소,30,경기도 화성시 만세구 장안면 중원길 31-59,경기도 화성시 만세구 장안면 사랑리 658,37.0676940353,126.8281378008,20260201,
화성시,경기농장,소,4,경기도 화성시 병점구 황계길11번길 55 (황계동),경기도 화성시 병점구 황계동 117-7,37.2202759899,127.0147828161,20260201,
화성시,경기도축산진흥센터,소+염소,50,,경기도 화성시 만세구 마도면 화옹간척지 4공구 내,,,20260201,
화성시,경기목장,소,64,경기도 화성시 만세구 남양읍 신남서길 19-11,경기도 화성시 만세구 남양읍 신남리  878-1,37.1879035971,126.8043609608,20260201,
화성시,경기목장,소,42,경기도 화성시 만세구 남양읍 장전길 118,경기도 화성시 만세구 남양읍 장전리 555-2,37.2668401134,126.8280755370,20260201,
화성시,경기제2목장,소,25,,경기도 화성시 만세구 남양읍 장전리 39,37.2658318484,126.8304174642,20260201,
화성시,경기종축개량사업소,돼지,0,경기도 화성시 만세구 팔탄면 독곡길 5,경기도 화성시 만세구 팔탄면 창곡리 965,37.1781553185,126.8903355983,20260201,
화성시,경숙목장,소,35,경기도 화성시 만세구 향남읍 발안로 736-23,경기도 화성시 만세구 향남읍 수직리 306-2,37.1229487856,126.9843691707,20260201,
화성시,경아농장,소,46,경기도 화성시 만세구 송산면 개매기길 129-37,경기도 화성시 만세구 송산면 고포리 306,37.2468222265,126.6809193702,20260201,
화성시,경아목장,소,79,경기도 화성시 만세구 마도면 마도로181번길 13,경기도 화성시 만세구 마도면 백곡리 268,37.1865536275,126.7248332001,20260201,
화성시,경원농장,소,35,경기도 화성시 만세구 송산면 송산포도로 602-40,경기도 화성시 만세구 송산면 마산리 321-7,37.2342120653,126.6927575491,20260201,
화성시,경인목장,소,34,경기도 화성시 만세구 마도면 해운로 658-84,경기도 화성시 만세구 마도면 청원리 1193-2,37.1716190289,126.7574375923,20260201,
화성시,경인축산,소,98,,경기도 화성시 만세구 장안면 장안리 산69-2,,,20260201,
화성시,경일목장,소,60,경기도 화성시 만세구 우정읍 버들로430번길 71,경기도 화성시 만세구 우정읍 한각리 720-14,37.0898396376,126.7876151751,20260201,
화성시,경주농장,소,44,경기도 화성시 만세구 남양읍 원천길 70-28,경기도 화성시 만세구 남양읍 원천리 4,37.2335503600,126.8152263796,20260201,
화성시,경현목장,소,0,경기도 화성시 만세구 우정읍 이화뱅곳길 84,경기도 화성시 만세구 우정읍 이화리 841-2,37.0361490814,126.7978094479,20260201,
화성시,경현목장,소,65,경기도 화성시 만세구 남양읍 현대기아로487번길 103-10,경기도 화성시 만세구 남양읍 무송리 122-1,37.1989710164,126.8517323252,20260201,
화성시,경훈목장,소,15,경기도 화성시 만세구 마도면 청원서길73번길 3,경기도 화성시 만세구 마도면 청원리 351-52,37.1766117436,126.7616017744,20260201,
화성시,경희축산,돼지,0,경기도 화성시 만세구 마도면 마도서길245번길 87,경기도 화성시 만세구 마도면 백곡리 740-1,37.1796738710,126.7342086142,20260201,
화성시,계향목장,소,12,경기도 화성시 효행구 정남면 계향북길 103-12,경기도 화성시 효행구 정남면 계향리 298-1,37.1524337613,126.9801937630,20260201,
화성시,계향목장,소,7,경기도 화성시 효행구 정남면 내향로 61-27,경기도 화성시 효행구 정남면 계향리 530-7,37.1483036761,126.9860213232,20260201,
화성시,고객축산,소,90,경기도 화성시 만세구 장안면 남양황라로505번길 42-42,경기도 화성시 만세구 장안면 장안리 1090-1,37.0360017261,126.8494435450,20260201,
화성시,고리목장,소,77,,경기도 화성시 만세구 향남읍 상신리 798-1,37.0969702218,126.9116436978,20260201,
화성시,고산목장,소,72,경기도 화성시 만세구 양감면 후곡길 56-7,경기도 화성시 만세구 양감면 송산리 423,37.1102104302,126.9861325606,20260201,
화성시,고잔축산,돼지,3548,경기도 화성시 만세구 양감면 안요골길82번길 88-9,경기도 화성시 만세구 양감면 사창리 777-3,37.0975515333,126.9591090138,20260201,
화성시,고진윤농장,소,30,,경기도 화성시 만세구 장안면 어은리 253,37.0939382186,126.8298165523,20260201,
화성시,고포목장,소,12,경기도 화성시 만세구 송산면 마산포길20번길 27-29,경기도 화성시 만세구 송산면 고포리 174,37.2361642794,126.6687577235,20260201,
화성시,관항목장,소,25,경기도 화성시 효행구 정남면 관항길 199,경기도 화성시 효행구 정남면 관항리 261-1,37.1786757989,126.9664619012,20260201,
화성시,관현목장,소,20,,경기도 화성시 만세구 송산면 마산리 547,37.2329177109,126.6952278805,20260201,
화성시,광단목장,소,8,경기도 화성시 만세구 우정읍 호곡길 208-23,경기도 화성시 만세구 우정읍 호곡리 1188-12,37.1229697674,126.7733237599,20260201,
화성시,광동목장,소,40,경기도 화성시 효행구 정남면 금복길39번길 12,경기도 화성시 효행구 정남면 금복리 17-2,37.1554225601,127.0110532177,20260201,
화성시,광명농장,돼지,864,경기도 화성시 만세구 남양읍 현대기아로125번길 132,경기도 화성시 만세구 남양읍 무송리 580,37.1735316074,126.8431972738,20260201,
화성시,광명목장,소,28,경기도 화성시 효행구 매송면 숙곡길 23-23,경기도 화성시 효행구 매송면 숙곡리 50,37.2643475561,126.9100658675,20260201,
화성시,광복목장,소,85,경기도 화성시 효행구 정남면 정남동로 490-16,경기도 화성시 효행구 정남면 고지리 180,37.1633907171,127.0044693504,20260201,
화성시,광산목장,소,120,경기도 화성시 만세구 양감면 창말안길 119-1,경기도 화성시 만세구 양감면 신왕리 1819-7,37.0736329594,126.9465330423,20260201,
화성시,광산목장,소,140,경기도 화성시 만세구 우정읍 평밭길 581,경기도 화성시 만세구 우정읍 호곡리 270-7,37.1215583627,126.7680803857,20260201,
화성시,광식농장,소,15,,경기도 화성시 만세구 우정읍 화산리 971,37.0622842142,126.7796515409,20260201,
화성시,광양골농장,소,7,경기도 화성시 만세구 남양읍 신남동길 106-23,경기도 화성시 만세구 남양읍 신남리 78-1,37.1905941674,126.8238055560,20260201,
화성시,광원목장,소,30,경기도 화성시 만세구 남양읍 장덕북길 156,경기도 화성시 만세구 남양읍 장덕리  576,37.1692732230,126.8000262682,20260201,
화성시,광재농원,소,35,경기도 화성시 만세구 송산면 용포로 184,경기도 화성시 만세구 송산면 용포리 275-4,37.2306844661,126.7526990519,20260201,
화성시,광진농장,소,25,경기도 화성시 만세구 마도면 청원로116번길 21,경기도 화성시 만세구 마도면 청원리 582-55,37.1780163647,126.7686174891,20260201,
화성시,구구2농장,돼지,1349,경기도 화성시 만세구 장안면 남양황라로 308-27,경기도 화성시 만세구 장안면 장안리 1970,37.0230187425,126.8327584794,20260201,
화성시,구구목장,소,123,,경기도 화성시 효행구 정남면 용수리 127,37.1630601676,127.0022114064,20260201,
화성시,구구팜,돼지,2086,경기도 화성시 만세구 장안면 남양황라로 264-373,경기도 화성시 만세구 장안면 장안리 1631,37.0186807177,126.8228251923,20260201,
화성시,구범진목장,소,82,경기도 화성시 효행구 봉담읍 청궁안뜰길 126,경기도 화성시 효행구 봉담읍 내리 122-1,37.2358898130,126.9376941723,20260201,
화성시,구봉농장,소,3,경기도 화성시 만세구 서신면 신흥사길 17-18,경기도 화성시 만세구 서신면 상안리 72,37.1917029249,126.7115305206,20260201,
화성시,구봉산목장,소,150,경기도 화성시 만세구 송산면 당성로 509-1,경기도 화성시 만세구 송산면 육일리 79-2,37.2068676227,126.7174694589,20260201,
화성시,구순옥농장,소,6,경기도 화성시 효행구 정남면 제기길 60-15,경기도 화성시 효행구 정남면 제기리 220,37.1344048366,127.0118302394,20260201,
화성시,구학목장,소,107,,경기도 화성시 만세구 양감면 사창리 917,37.0852798802,126.9615269750,20260201,
화성시,구현목장,소,13,경기도 화성시 만세구 양감면 초록로 57-52,경기도 화성시 만세구 양감면 사창리 132-3,37.1033130917,126.9714362925,20260201,
화성시,국일목장,소,7,경기도 화성시 효행구 정남면 정남동로 149-18,경기도 화성시 효행구 정남면 덕절리 429-1,37.1396528686,127.0233487600,20260201,
화성시,국제목장,소,0,,경기도 화성시 만세구 송산면 고정리 676,37.2459544813,126.7405006866,20260201,
화성시,궁평한우농장,소,10,경기도 화성시 만세구 서신면 노노피길 71,경기도 화성시 만세구 서신면 백미리 97-2,37.1450448182,126.6964761898,20260201,
화성시,권목장,소,80,경기도 화성시 효행구 정남면 보통내길 21,경기도 화성시 효행구 정남면 보통리 297-3,37.1802751200,126.9753954589,20260201,
화성시,규현목장,소,72,경기도 화성시 효행구 비봉면 자청로 71,경기도 화성시 효행구 비봉면 자안리 233,37.2076860262,126.8800795000,20260201,
화성시,그린농장,소,24,경기도 화성시 만세구 송산면 백곡로 139-10,경기도 화성시 만세구 송산면 육일리 665-1,37.1971063761,126.7230689370,20260201,
화성시,그린농장,소,196,경기도 화성시 만세구 우정읍 쌍봉로449번길 114,경기도 화성시 만세구 우정읍 화수리 942-30,37.1136846358,126.7895754191,20260201,
화성시,그린목장,소,14,경기도 화성시 만세구 우정읍 운평길 107,경기도 화성시 만세구 우정읍 운평리 555-1,37.0783679410,126.7718258640,20260201,
화성시,그린목장,소,3,경기도 화성시 만세구 장안면 방축말길35번길 60-35,경기도 화성시 만세구 장안면 수촌리 484-5,37.1089874713,126.8540420305,20260201,
화성시,그린목장,소,20,경기도 화성시 효행구 정남면 정남동로 497-20,경기도 화성시 효행구 정남면 용수리 114,37.1640416196,127.0006243826,20260201,
화성시,근경목장,소,55,경기도 화성시 만세구 남양읍 현대기아로487번길 15,경기도 화성시 만세구 남양읍 무송리 159,37.1947006397,126.8455829413,20260201,
화성시,근미목장,소,0,,경기도 화성시 만세구 장안면 독정리 1516,37.0666660914,126.8818637002,20260201,
화성시,근민현목장,소,7,경기도 화성시 만세구 팔탄면 해창길 173,경기도 화성시 만세구 팔탄면 해창리 125,37.0987701728,126.8802590920,20260201,
화성시,근영목장,소,40,경기도 화성시 효행구 봉담읍 청궁안뜰길 44-17,경기도 화성시 효행구 봉담읍 내리 240,37.2331106745,126.9314355640,20260201,
화성시,근호농장,소,3,,경기도 화성시 만세구 마도면 슬항리 272-1,37.2020110283,126.7590486538,20260201,
화성시,금강농장,염소,4,,경기도 화성시 만세구 우정읍 석천리 산37-6,37.0537154506,126.7858884926,20260201,
화성시,금강목장,소,150,경기도 화성시 만세구 남양읍 남양로 586-50,경기도 화성시 만세구 남양읍 신남리 1-5,37.1944668401,126.8263850848,20260201,
화성시,금강목장,소,30,경기도 화성시 만세구 우정읍 석천길 92-5,경기도 화성시 만세구 우정읍 석천리 98,37.0533136244,126.7859886041,20260201,
화성시,금강제2목장,소,130,경기도 화성시 만세구 남양읍 남양로 586-50,경기도 화성시 만세구 남양읍 신남리 1-5,37.1944668401,126.8263850848,20260201,
화성시,금경목장,소,100,경기도 화성시 만세구 양감면 초록로210번길 61,경기도 화성시 만세구 양감면 용소리 434-9,37.0729005565,126.9717374425,20260201,
화성시,금경목장,소,42,경기도 화성시 만세구 장안면 남양호로 197-67,경기도 화성시 만세구 장안면 수촌리 1318,37.0863571635,126.8750044419,20260201,
화성시,금계목장,소,63,경기도 화성시 효행구 정남면 정남동로 438,경기도 화성시 효행구 정남면 금복리 75-2,37.1586175650,127.0055028515,20260201,
화성시,금당농원,돼지,130,경기도 화성시 만세구 마도면 마도서길150번길 51-58,경기도 화성시 만세구 마도면 금당리 842,37.1826897292,126.7392139419,20260201,
화성시,금당목장,소,50,경기도 화성시 만세구 마도면 금당길40번길 12,경기도 화성시 만세구 마도면 금당리 356-2,37.1822999217,126.7501793425,20260201,
화성시,금당한우목장,소,26,경기도 화성시 만세구 마도면 금당길 78,경기도 화성시 만세구 마도면 금당리 463-1,37.1834359200,126.7473741852,20260201,
화성시,금동목장,소,50,경기도 화성시 효행구 봉담읍 청궁안뜰길 99-54,경기도 화성시 효행구 봉담읍 상리 109-2,37.2383562273,126.9369768565,20260201,
화성시,금목장,염소,50,,경기도 화성시 효행구 비봉면 쌍학리 370-2,37.2367642316,126.8899163304,20260201,
화성시,금성목장,소,10,,경기도 화성시 만세구 장안면 금의리 463-28,37.1024054174,126.8386040032,20260201,
화성시,금우목장,소,27,경기도 화성시 만세구 팔탄면 약수터길 14-54,경기도 화성시 만세구 팔탄면 구장리 259-4,37.1555357252,126.9056418541,20260201,
화성시,금의목장,소,20,경기도 화성시 만세구 장안면 금의솔안길 73-36,경기도 화성시 만세구 장안면 금의리 산102-11,37.1066070928,126.8375856469,20260201,
화성시,기동농장,소,15,경기도 화성시 효행구 비봉면 쌍학길83번길 55-11,경기도 화성시 효행구 비봉면 쌍학리 84-3,37.2394269338,126.9034392123,20260201,
화성시,기린목장(2농장),소,30,,경기도 화성시 만세구 장안면 어은리 595-1,37.0870091760,126.8383729286,20260201,
화성시,기수목장,소,25,경기도 화성시 만세구 우정읍 화수길 96-6,경기도 화성시 만세구 우정읍 화수리 951-11,37.1095667946,126.7913471427,20260201,
화성시,기영목장,소,56,경기도 화성시 만세구 양감면 은행나무로 292,경기도 화성시 만세구 양감면 대양리 1507-2,37.0845140572,126.9448112508,20260201,
화성시,기원목장,소,23,경기도 화성시 만세구 양감면 월촌길 7,경기도 화성시 만세구 양감면 송산리 464-5,37.1081000025,126.9879588433,20260201,
화성시,기응목장,소,110,경기도 화성시 만세구 우정읍 화수길 131-3,경기도 화성시 만세구 우정읍 화수리 513-1,37.1092259525,126.7871184915,20260201,
화성시,기형목장,소,40,경기도 화성시 만세구 양감면 요댕이길 37,경기도 화성시 만세구 양감면 요당리 41-2,37.0727144403,126.9352564180,20260201,
화성시,길남농장,염소,20,경기도 화성시 만세구 장안면 삼수문길 69-3,경기도 화성시 만세구 장안면 독정리 1778,37.0691349701,126.8605108660,20260201,
화성시,길농장,염소,120,,경기도 화성시 효행구 비봉면 쌍학리 371,37.2373088811,126.8897131961,20260201,
화성시,길목장,소,55,경기도 화성시 만세구 남양읍 샘실길 146,경기도 화성시 만세구 남양읍 송림리 674,37.2174476078,126.8098942894,20260201,
화성시,길성농장,소,3,경기도 화성시 만세구 향남읍 길성안길 51,경기도 화성시 만세구 향남읍 길성리 305-3,37.1228159580,126.9605953344,20260201,
화성시,길성목장,소,50,경기도 화성시 만세구 팔탄면 서낭목길 48-54,경기도 화성시 만세구 팔탄면 가재리 581-1,37.1454883319,126.9117222277,20260201,
화성시,길우목장,소,18,경기도 화성시 만세구 양감면 용소금각로36번길 71,경기도 화성시 만세구 양감면 용소리 377-4,37.0745750648,126.9794094700,20260201,
화성시,김국진목장,소,60,경기도 화성시 만세구 우정읍 안두미2길 37-14,경기도 화성시 만세구 우정읍 호곡리 700-1,37.1158508807,126.7766334803,20260201,
화성시,김상규목장,소,25,경기도 화성시 만세구 우정읍 버들로292번길 61,경기도 화성시 만세구 우정읍 운평리 1342-5,37.0890136547,126.7851699993,20260201,
화성시,김연곤 목장,소,3,경기도 화성시 만세구 장안면 기린길 7,경기도 화성시 만세구 장안면 사곡리 98-1,37.0760525010,126.8081628577,20260201,
화성시,김윤태목장,소,27,경기도 화성시 만세구 남양읍 온석동길38번길 11,경기도 화성시 만세구 남양읍 온석리 122,37.1750833271,126.8615790352,20260201,
화성시,김익수농장,소,10,,경기도 화성시 만세구 송산면 사강리 151,37.2236203991,126.7245653770,20260201,
화성시,김정순농장,소,29,경기도 화성시 효행구 매송면 야목길43번길 65,경기도 화성시 효행구 매송면 야목리 140-2,37.2719204990,126.8751769247,20260201,
화성시,김지선농장,소,4,경기도 화성시 만세구 송산면 신천길63번길 16,경기도 화성시 만세구 송산면 신천리 596,37.2478323340,126.7156140581,20260201,
화성시,김진식목장,소,20,경기도 화성시 만세구 장안면 밤밭일원길 162-5,경기도 화성시 만세구 장안면 사곡리 산51,37.0756638392,126.8126326031,20260201,
화성시,김태형목장,소,16,경기도 화성시 효행구 매송면 매송북길64번길 150-23,경기도 화성시 효행구 매송면 송라리 363,37.2792826074,126.9026848706,20260201,
화성시,김학유농장,소,15,,경기도 화성시 만세구 남양읍 송림리 410,37.2252620196,126.8213355691,20260201,
화성시,김해목장,소,5,,경기도 화성시 효행구 배양동 14-29,37.2248089557,126.9991620919,20260201,
화성시,김형진목장,소,10,경기도 화성시 만세구 서신면 효자각로 65-51,경기도 화성시 만세구 서신면 홍법리 499-4,37.1694757902,126.7198826780,20260201,
화성시,깐돌이목장,소,20,경기도 화성시 만세구 송산면 송산포도로 602-5,경기도 화성시 만세구 송산면 마산리 288-1,37.2332414242,126.6892168399,20260201,
화성시,나래목장,소,74,경기도 화성시 만세구 우정읍 가로지길 43,경기도 화성시 만세구 우정읍 매향리 11-1,37.0548080365,126.7679234763,20260201,
화성시,나리목장,소,29,경기도 화성시 만세구 마도면 마도북로 139-40,경기도 화성시 만세구 마도면 슬항리 54,37.2056039734,126.7492388852,20260201,
화성시,나비농원,소,32,경기도 화성시 만세구 남양읍 고향의봄길 383-14,경기도 화성시 만세구 남양읍 활초리 65,37.1821593996,126.8434492797,20260201,
화성시,나슬목장,소,96,경기도 화성시 만세구 장안면 장안고잔길 169-104,경기도 화성시 만세구 장안면 덕다리 713,37.0422147805,126.8288122015,20260201,
화성시,나진목장,소,75,,경기도 화성시 만세구 장안면 덕다리 439-15,37.0537626107,126.8383314204,20260201,
화성시,낚시터목장,소,0,경기도 화성시 효행구 정남면 정남동로 441-69,경기도 화성시 효행구 정남면 금복리 153,37.1566401975,127.0025650846,20260201,
화성시,난초목장,소,37,경기도 화성시 만세구 우정읍 조암죽말길 134,경기도 화성시 만세구 우정읍 조암리 581-2,37.0865876221,126.8062106129,20260201,
화성시,남국목장,소,20,,경기도 화성시 효행구 정남면 문학리 625,37.1522702264,126.9598758679,20260201,
화성시,남동아목장,소,155,,경기도 화성시 효행구 봉담읍 수영리 511-3,37.2391050529,126.9469084987,20260201,
화성시,남산농장,돼지,0,경기도 화성시 만세구 송산면 송산포도로645번길 22-9,경기도 화성시 만세구 송산면 마산리 399-2,37.2316243109,126.6834398569,20260201,
화성시,남산목장,소,36,경기도 화성시 효행구 정남면 괘랑2길37번길 34,경기도 화성시 효행구 정남면 괘랑리 505-1,37.1875104898,126.9891695063,20260201,
화성시,남산목장,소,53,,경기도 화성시 만세구 마도면 백곡리 178-3,37.1931174457,126.7221356682,20260201,
화성시,남양 염소의 놀이터,염소,20,경기도 화성시 만세구 남양읍 안석길140번길 28,경기도 화성시 만세구 남양읍 안석리 36,37.1694421436,126.8292317472,20260201,
화성시,남양주축산농협 공동사육장,소,390,경기도 화성시 만세구 양감면 안요골길82번길 88,경기도 화성시 만세구 양감면 사창리 767,37.0989652230,126.9587726141,20260201,
화성시,남양축산,소,36,경기도 화성시 만세구 남양읍 신남로365번길 127,경기도 화성시 만세구 남양읍 신남리 1016-1,37.1779699102,126.7997207336,20260201,
화성시,남일목장,소,30,경기도 화성시 만세구 서신면 매골길 69-9,경기도 화성시 만세구 서신면 매화리 22,37.1732831585,126.7135918454,20260201,
화성시,낭국목장,소,10,경기도 화성시 효행구 정남면 서봉로921번길 33,경기도 화성시 효행구 정남면 문학리 599-1,37.1561416667,126.9627011459,20260201,
화성시,노진목장,소,104,경기도 화성시 만세구 장안면 참냉기길 24-22,경기도 화성시 만세구 장안면 노진리 442,37.0471750489,126.8150487607,20260201,
화성시,노하목장,소,95,경기도 화성시 만세구 팔탄면 노하길395번길 12-5,경기도 화성시 만세구 팔탄면 노하리 288,37.1639460167,126.8690612620,20260201,
화성시,논곡축산,돼지,0,경기도 화성시 효행구 매송면 송숙로 121,경기도 화성시 효행구 매송면 송라리 783,37.2686004915,126.8989909289,20260201,
화성시,농발이목장,소,55,경기도 화성시 만세구 남양읍 남양로 415-36,경기도 화성시 만세구 남양읍 신남리 503,37.1787566506,126.8140202492,20260201,
화성시,농업회사법인 구성 주식회사,돼지,7336,경기도 화성시 만세구 장안면 남양황라로 319-87,경기도 화성시 만세구 장안면 장안리 2019,37.0271866179,126.8317439036,20260201,
화성시,농업회사법인 엠씨케이 주식회사,돼지,0,경기도 화성시 만세구 송산면 개매기길 168,경기도 화성시 만세구 송산면 독지리 277,37.2485380743,126.6866174629,20260201,
화성시,농업회사법인 우정축산 유한회사,돼지,1542,경기도 화성시 만세구 우정읍 운평길124번길 60,경기도 화성시 만세구 우정읍 운평리 990-2,37.0777075071,126.7655883280,20260201,
화성시,농업회사법인 우정축산 유한회사2,돼지,1289,경기도 화성시 만세구 우정읍 운평길124번길 61-13,경기도 화성시 만세구 우정읍 운평리 1044-2,37.0767060604,126.7669029911,20260201,
화성시,농업회사법인 인남축산 유한회사,돼지,3725,경기도 화성시 만세구 양감면 안요골길82번길 124-26,경기도 화성시 만세구 양감면 사창리 777-2,37.0968397961,126.9591928452,20260201,
화성시,농업회사법인 주식회사 오투,돼지,4000,경기도 화성시 만세구 장안면 남양황라로 308-49,경기도 화성시 만세구 장안면 장안리 1954,37.0218607411,126.8320153937,20260201,
화성시,농업회사법인 주식회사 한들팜 장안지점,돼지,0,경기도 화성시 만세구 장안면 남양황라로 398-34,경기도 화성시 만세구 장안면 장안리 2344,37.0214520681,126.8411474165,20260201,
화성시,농업회사법인 주식회사 향남,돼지,3906,경기도 화성시 만세구 향남읍 당너머길 42-10,경기도 화성시 만세구 향남읍 상두리 276-1,37.1044029515,126.9533543987,20260201,
화성시,농업회사법인천연농장 주식회사,돼지,5990,경기도 화성시 만세구 장안면 남양호로 732,경기도 화성시 만세구 장안면 장안리 2697,37.0367840074,126.8623677005,20260201,
화성시,뉴숲지기농장,염소,40,경기도 화성시 만세구 송산면 독지길 106-16,경기도 화성시 만세구 송산면 독지리 688-4,37.2534223816,126.7050241128,20260201,
화성시,뉴신일목장,소,152,경기도 화성시 만세구 우정읍 버들로 813,경기도 화성시 만세구 우정읍 주곡리 799-10,37.1124395075,126.8092051118,20260201,
화성시,뉴에덴농장,소,300,경기도 화성시 만세구 우정읍 평밭길 189-49,경기도 화성시 만세구 우정읍 원안리 672-36,37.0973205104,126.7696977380,20260201,
화성시,뉴정현목장,소,49,,경기도 화성시 만세구 우정읍 한각리 287-1,37.0897517487,126.7983656427,20260201,
화성시,느티나무목장,소,59,경기도 화성시 만세구 팔탄면 동막안길 17,경기도 화성시 만세구 팔탄면 노하리 109-1,37.1556915820,126.8712132940,20260201,
화성시,늘푸른목장,소,23,경기도 화성시 병점구 황계길 75-9 (황계동),경기도 화성시 병점구 황계동 112-5,37.2199293238,127.0115839552,20260201,
화성시,능재목장,소,11,경기도 화성시 만세구 송산면 문지안길 50,경기도 화성시 만세구 송산면 독지리 611,37.2524935508,126.6982795019,20260201,
화성시,닛시목장,소,12,경기도 화성시 만세구 마도면 마도북로 252,경기도 화성시 만세구 마도면 슬항리 393,37.2000564775,126.7571929163,20260201,
화성시,다경목장,소,140,경기도 화성시 만세구 송산면 천등길 110-21,경기도 화성시 만세구 송산면 쌍정리 500-1,37.2408022543,126.7130036235,20260201,
화성시,다복목장,소,0,경기도 화성시 만세구 우정읍 남양황라로 27-56,경기도 화성시 만세구 우정읍 이화리 1432,37.0276935550,126.8054312275,20260201,
화성시,다솜목장,소,110,경기도 화성시 만세구 송산면 송산로 199-12,경기도 화성시 만세구 송산면 사강리 225,37.2222752292,126.7165438333,20260201,
화성시,다온목장,소,0,경기도 화성시 효행구 정남면 가장로 172-32,경기도 화성시 효행구 정남면 용수리 72-3,37.1668025444,126.9991081701,20260201,
화성시,다윤목장,소,32,경기도 화성시 만세구 마도면 해운로 658-82,경기도 화성시 만세구 마도면 청원리 1193-1,37.1720318808,126.7571519485,20260201,
화성시,다현목장,소,75,경기도 화성시 만세구 향남읍 길성길 79,경기도 화성시 만세구 향남읍 길성리 328-2,37.1221172462,126.9635495919,20260201,
화성시,당성농장,소,76,,경기도 화성시 만세구 서신면 상안리 505,37.1814922643,126.7030172203,20260201,
화성시,대광목장,소,110,경기도 화성시 만세구 양감면 줄터길 52,경기도 화성시 만세구 양감면 용소리 1121-15,37.0804050221,126.9748130734,20260201,
화성시,대광목장,소,29,경기도 화성시 만세구 남양읍 안석길138번길 77-3,경기도 화성시 만세구 남양읍 안석리 15-10,37.1674960713,126.8309947935,20260201,
화성시,대길목장,소,46,경기도 화성시 만세구 팔탄면 노하길 229-59,경기도 화성시 만세구 팔탄면 노하리 1186-1,37.1625427334,126.8578551698,20260201,
화성시,대길목장,소,22,경기도 화성시 만세구 향남읍 당너머길 56-1,경기도 화성시 만세구 향남읍 상두리 271-2,37.1059088082,126.9515090991,20260201,
화성시,대덕목장,소,100,경기도 화성시 만세구 장안면 덕다길 68-16,경기도 화성시 만세구 장안면 덕다리 170-2,37.0610658066,126.8372507096,20260201,
화성시,대동농장,소,50,경기도 화성시 효행구 정남면 정남동로325번길 34,경기도 화성시 효행구 정남면 망월리 238-1,37.1473972342,127.0060376002,20260201,
화성시,대림농장,돼지,285,경기도 화성시 만세구 향남읍 토성로 129-11,경기도 화성시 만세구 향남읍 백토리 662,37.1222930379,126.9411133691,20260201,
화성시,대림농장,소,109,경기도 화성시 병점구 황계길 41 (황계동),경기도 화성시 병점구 황계동 117-16,37.2203883987,127.0158190725,20260201,
화성시,대림농장,소,109,경기도 화성시 만세구 향남읍 토성로 129-11,경기도 화성시 만세구 향남읍 백토리 541-1,37.1222930379,126.9411133691,20260201,
화성시,대림목장,소,4,경기도 화성시 효행구 정남면 만년로 577-7,경기도 화성시 효행구 정남면 괘랑리 916-3,37.1732144916,126.9830027269,20260201,
화성시,대명농장,돼지,1200,경기도 화성시 만세구 우정읍 구슬1길 48-22,경기도 화성시 만세구 우정읍 주곡리 100-1,37.1232334630,126.8224127488,20260201,
화성시,대명농장,소,6,경기도 화성시 만세구 남양읍 남양로1548번길 128,경기도 화성시 만세구 남양읍 장전리  603-2,37.2683725209,126.8296747503,20260201,
화성시,대부농장,소,31,경기도 화성시 만세구 장안면 장안당골길 21,경기도 화성시 만세구 장안면 장안리 산13-1,37.0609855841,126.8570699697,20260201,
화성시,대성농장,소,137,경기도 화성시 만세구 남양읍 온석서길 68,경기도 화성시 만세구 남양읍 온석리 228-1,37.1714417007,126.8532742220,20260201,
화성시,대성목장,소,82,경기도 화성시 만세구 마도면 청원로 81,경기도 화성시 만세구 마도면 청원리 522,37.1826871794,126.7659588028,20260201,
화성시,대성목장,소,36,경기도 화성시 만세구 우정읍 버들로430번길 2-11,경기도 화성시 만세구 우정읍 운평리 2-11,37.0915405003,126.7841560684,20260201,
화성시,대성목장,소,54,경기도 화성시 만세구 팔탄면 노하길 229-16,경기도 화성시 만세구 팔탄면 노하리 378,37.1610394118,126.8582282894,20260201,
화성시,대성목장,소,160,경기도 화성시 만세구 양감면 안요골길 11-32,경기도 화성시 만세구 양감면 사창리 114,37.1046718374,126.9688833816,20260201,
화성시,대승농장,소,9,경기도 화성시 만세구 향남읍 상신로 568-28,경기도 화성시 만세구 향남읍 제암리 250-251,37.1203198877,126.8953811340,20260201,
화성시,대승목장,소,4,경기도 화성시 효행구 정남면 서봉로921번길 27-14,경기도 화성시 효행구 정남면 문학리 483,37.1555762980,126.9632569764,20260201,
화성시,대승목장,소,107,경기도 화성시 만세구 송산면 송산포도로 422,경기도 화성시 만세구 송산면 중송리 169-5,37.2247223242,126.7050211326,20260201,
화성시,대승목장,염소,0,경기도 화성시 만세구 송산면 송산포도로 387-2,경기도 화성시 만세구 송산면 중송리 155-1,37.2226813212,126.7084804064,20260201,
화성시,대아목장,소,350,경기도 화성시 만세구 우정읍 화수길 97,경기도 화성시 만세구 우정읍 화수리 513-4,37.1091922576,126.7905177732,20260201,
화성시,대영농장,소,75,경기도 화성시 만세구 우정읍 평밭길 392-29,경기도 화성시 만세구 우정읍 호곡리 1069-27,37.1113635136,126.7622695588,20260201,
화성시,대영목장,소,98,경기도 화성시 만세구 장안면 황골길46번길 42-8,경기도 화성시 만세구 장안면 수촌리 1441-2,37.0940179623,126.8696640299,20260201,
화성시,대영목장,소,67,경기도 화성시 만세구 남양읍 장덕북길82번길 30,경기도 화성시 만세구 남양읍 장덕리 422,37.1663582777,126.8055721877,20260201,
화성시,대영목장,염소,18,경기도 화성시 만세구 우정읍 평밭길 392-29,경기도 화성시 만세구 우정읍 호곡리 1069-27,37.1113635136,126.7622695588,20260201,
화성시,대왕목장,소,150,경기도 화성시 만세구 양감면 창말안길 101,경기도 화성시 만세구 양감면 신왕리 1819-3,37.0737520576,126.9450134663,20260201,
화성시,대왕목장,소,10,경기도 화성시 만세구 양감면 창말안길 88,경기도 화성시 만세구 양감면 신왕리 909-2,37.0744230414,126.9439285950,20260201,
화성시,대원농장,돼지,1840,경기도 화성시 만세구 우정읍 화수동길 60-14,경기도 화성시 만세구 우정읍 화수리 579-8,37.1018821801,126.7905747003,20260201,
화성시,대원농장,소,8,경기도 화성시 만세구 양감면 안요골길82번길 74,경기도 화성시 만세구 양감면 사창리 731-1,37.1003197685,126.9593031529,20260201,
화성시,대원농장,소+염소,28,경기도 화성시 만세구 장안면 장안로280번길 41,경기도 화성시 만세구 장안면 독정리 산189,37.0813449710,126.8465136105,20260201,
화성시,대원목장,소,82,경기도 화성시 만세구 장안면 금의솔안길 43-14,경기도 화성시 만세구 장안면 금의리 626-2,37.1069450151,126.8399911784,20260201,
화성시,대원목장,염소,30,경기도 화성시 만세구 향남읍 구문천2길 118-1,경기도 화성시 만세구 향남읍 구문천리 507-2,37.0755983530,126.9020251335,20260201,
화성시,대정목장,소,35,,경기도 화성시 만세구 남양읍 문호리 861-5,,,20260201,
화성시,대정목장,소,13,경기도 화성시 만세구 송산면 석정동길 97,경기도 화성시 만세구 송산면 쌍정리 934,37.2336550554,126.7295707408,20260201,
화성시,대주목장,소,85,경기도 화성시 효행구 비봉면 쌍학안길 22-18,경기도 화성시 효행구 비봉면 쌍학리 558,37.2427365037,126.8948443159,20260201,
화성시,대주승목장,소,16,,경기도 화성시 만세구 우정읍 멱우리 431,37.0987186465,126.8292762797,20260201,
화성시,대지농장,돼지,0,경기도 화성시 만세구 장안면 3.1만세로322번길 105,경기도 화성시 만세구 장안면 수촌리 985,37.0983371347,126.8482469934,20260201,
화성시,대지농장,소,13,,경기도 화성시 만세구 송산면 고포리 795-2,37.2482286334,126.6528109205,20260201,
화성시,대지목장,소,125,경기도 화성시 만세구 우정읍 기아자동차로 130-83,경기도 화성시 만세구 우정읍 매향리 774,37.0449283181,126.7635202283,20260201,
화성시,대지목장,소,53,경기도 화성시 만세구 팔탄면 버들로1504번길 32-9,경기도 화성시 만세구 팔탄면 화당리 149,37.1180842569,126.8660201585,20260201,
화성시,대창목장,소,56,,경기도 화성시 만세구 우정읍 운평리 1375,37.0914834574,126.7855390319,20260201,
화성시,대천목장,소,11,경기도 화성시 만세구 남양읍 성주골길 76,경기도 화성시 만세구 남양읍 남양리 128,37.2162088228,126.8076852365,20260201,
화성시,대평농장,소,101,경기도 화성시 만세구 장안면 산운내길 47-31,경기도 화성시 만세구 장안면 석포리 250-2,37.1205837229,126.8384432054,20260201,
화성시,대평농장,염소,50,,경기도 화성시 만세구 장안면 석포리 251,37.1216180091,126.8389510513,20260201,
화성시,대한목장,소,9,경기도 화성시 만세구 마도면 마도로327번길 41,경기도 화성시 만세구 마도면 백곡리 5,37.1905850206,126.7376700403,20260201,
화성시,대현농장,소,0,경기도 화성시 만세구 송산면 공룡로264번길 56-14,경기도 화성시 만세구 송산면 쌍정리 1141-7,37.2302783253,126.7356698611,20260201,
화성시,대화농장,돼지,1900,경기도 화성시 만세구 마도면 마도서길117번길 34,경기도 화성시 만세구 마도면 고모리 149-1,37.1750835733,126.7324751436,20260201,
화성시,대흥목장,소,88,경기도 화성시 만세구 장안면 화곡로440번길 64,경기도 화성시 만세구 장안면 사곡리 산1-5,37.0676552941,126.8213326573,20260201,
화성시,대흥목장,소,62,경기도 화성시 만세구 남양읍 안석길 35,경기도 화성시 만세구 남양읍 안석리 335-1,37.1766768286,126.8206965975,20260201,
화성시,대희농장,소,230,경기도 화성시 만세구 우정읍 조암각골길 35,경기도 화성시 만세구 우정읍 조암리 657-4,37.0853291989,126.7976260646,20260201,
화성시,대희농장,소,80,경기도 화성시 효행구 봉담읍 청궁안뜰길 29,경기도 화성시 효행구 봉담읍 내리 176-3,37.2336908674,126.9283761098,20260201,
화성시,대희농장2,소,68,경기도 화성시 효행구 매송면 매봉로 72-34,경기도 화성시 효행구 매송면 원평리 370,37.2422070330,126.9205435400,20260201,
화성시,더수2목장,소,32,경기도 화성시 만세구 양감면 요당길 209-4,경기도 화성시 만세구 양감면 요당리 165-1,37.0699166535,126.9345459699,20260201,
화성시,덕다리목장,소,42,경기도 화성시 만세구 장안면 덕다길50번길 67-30,경기도 화성시 만세구 장안면 덕다리 787,37.0588862007,126.8343565797,20260201,
화성시,덕미목장,소,45,경기도 화성시 만세구 마도면 마도로160번길 42,경기도 화성시 만세구 마도면 백곡리 421,37.1818743210,126.7219181735,20260201,
화성시,덕방목장,소,80,경기도 화성시 만세구 남양읍 장덕동길 107-11,경기도 화성시 만세구 남양읍 장덕리 137,37.1656400886,126.8138121828,20260201,
화성시,덕산농장,돼지,2655,경기도 화성시 만세구 장안면 3.1만세로322번길 122,경기도 화성시 만세구 장안면 수촌리 975,37.0988691328,126.8499191876,20260201,
화성시,덕산목장,소,62,경기도 화성시 만세구 팔탄면 온천로 82-27,경기도 화성시 만세구 팔탄면 덕우리 202-2,37.1328466381,126.8672029921,20260201,
화성시,덕산제2목장,소,11,경기도 화성시 만세구 팔탄면 오두물길 22-6,경기도 화성시 만세구 팔탄면 덕우리 172-1,37.1364025624,126.8646513769,20260201,
화성시,덕삼목장,소,29,경기도 화성시 효행구 정남면 음양2길 62,경기도 화성시 효행구 정남면 음양리 318,37.1428624362,127.0212455266,20260201,
화성시,덕우목장,소,12,경기도 화성시 만세구 팔탄면 온천로165번길 46-6,경기도 화성시 만세구 팔탄면 노하리 1286-12,37.1420152287,126.8590533740,20260201,
화성시,덕인농장,소,50,경기도 화성시 만세구 양감면 용소금각로 33-10,경기도 화성시 만세구 양감면 용소리 923-2,37.0779568111,126.9736036729,20260201,
화성시,도담목장,소,155,경기도 화성시 만세구 장안면 남양호로 404-14,경기도 화성시 만세구 장안면 독정리 1575,37.0622220234,126.8793529931,20260201,
화성시,도란말목장,소,7,경기도 화성시 만세구 마도면 마도북로 110-28,경기도 화성시 만세구 마도면 해문리 159,37.2041760365,126.7401702845,20260201,
화성시,도연농장,돼지,380,경기도 화성시 만세구 남양읍 현대기아로125번길 124-7,경기도 화성시 만세구 남양읍 무송리 581,37.1730469342,126.8435731929,20260201,
화성시,도윤목장,염소,0,,경기도 화성시 만세구 장안면 장안리 796,37.0417897679,126.8570714141,20260201,
화성시,독산2농장,소,100,경기도 화성시 만세구 우정읍 버들로 1033-10,경기도 화성시 만세구 우정읍 주곡리 26-2,37.1198307334,126.8279699957,20260201,
화성시,독산농장,소,90,경기도 화성시 만세구 우정읍 여술길 99,경기도 화성시 만세구 우정읍 화수리 513-9,37.1081932998,126.7907859502,20260201,
화성시,독정목장,소,60,경기도 화성시 만세구 장안면 남양호로 104-29,경기도 화성시 만세구 장안면 독정리 1191-2,37.0826587856,126.8694093149,20260201,
화성시,독지농장,소,20,,경기도 화성시 만세구 송산면 독지리 198,,,20260201,
화성시,돈말,소,14,경기도 화성시 만세구 서신면 송교길 133-4,경기도 화성시 만세구 서신면 송교리 282,37.1711116146,126.6649653011,20260201,
화성시,돌샘농장,소,10,,경기도 화성시 만세구 우정읍 석천리 345-4,37.0440029646,126.7825823687,20260201,
화성시,동문목장,소,52,경기도 화성시 만세구 마도면 마도로 613-10,경기도 화성시 만세구 마도면 청원리 18-5,37.1905279737,126.7701192645,20260201,
화성시,동민목장,소,60,,경기도 화성시 만세구 양감면 송산리 50-1,37.1176817859,126.9963484512,20260201,
화성시,동방목장,소,50,경기도 화성시 만세구 팔탄면 율암길 68-11,경기도 화성시 만세구 팔탄면 율암리 산88,37.1583515392,126.8833769578,20260201,
화성시,동삼목장,소,5,경기도 화성시 효행구 봉담읍 동화역말길 53-44,경기도 화성시 효행구 봉담읍 동화리 245-1,37.2189471819,126.9637438073,20260201,
화성시,동순목장,소,57,경기도 화성시 효행구 봉담읍 삼봉길 101,경기도 화성시 효행구 봉담읍 상리 386,37.2167015352,126.9363150546,20260201,
화성시,동신목장,소,3,경기도 화성시 만세구 팔탄면 무하로 230-9,경기도 화성시 만세구 팔탄면 하저리 1017-2,37.1798371887,126.8655832995,20260201,
화성시,동원목장,소,48,경기도 화성시 만세구 장안면 남양호로 80-41,경기도 화성시 만세구 장안면 독정리 1184-5,37.0831299391,126.8664801394,20260201,
화성시,동인농장,소,150,경기도 화성시 만세구 양감면 초록로 745,경기도 화성시 만세구 양감면 송산리 243-2,37.1169199211,126.9806054935,20260201,
화성시,동지골,돼지,1978,,경기도 화성시 만세구 양감면 사창리 646-4,37.0999972304,126.9658296554,20260201,
화성시,동편농장,소,30,경기도 화성시 만세구 장안면 동편길 60,경기도 화성시 만세구 장안면 장안리 838,37.0367120876,126.8524171940,20260201,
화성시,동화농장,돼지,1118,경기도 화성시 만세구 향남읍 동오2길 29-49,경기도 화성시 만세구 향남읍 동오리 677-1,37.1330931997,126.9588673925,20260201,
화성시,동화목장,소,53,경기도 화성시 효행구 정남면 시청로 1720-24,경기도 화성시 효행구 정남면 백리 280,37.1636187665,126.9616908667,20260201,
화성시,동환목장,돼지,0,경기도 화성시 만세구 송산면 이봉산동길 207-41,경기도 화성시 만세구 송산면 지화리 28-14,37.2236102526,126.6807196003,20260201,
화성시,두리농장,소,155,경기도 화성시 만세구 서신면 백미길 269-37,경기도 화성시 만세구 서신면 백미리 408-2,37.1359440387,126.6837712526,20260201,
화성시,두리목장,소,85,경기도 화성시 만세구 양감면 은행나무로 432-54,경기도 화성시 만세구 양감면 대양리 1488-10,37.0943388057,126.9446608100,20260201,
화성시,두리산목장,소,32,경기도 화성시 만세구 마도면 마도서길150번길 98-7,경기도 화성시 만세구 마도면 금당리 947,37.1811684841,126.7480162856,20260201,
화성시,두리안목장,소,133,경기도 화성시 만세구 장안면 상두원길86번길 12-5,경기도 화성시 만세구 장안면 장안리 554,37.0416809784,126.8561083053,20260201,
화성시,두산목장,소,8,경기도 화성시 만세구 서신면 싸리재길 48-11,경기도 화성시 만세구 서신면 매화리 635-2,37.1643908932,126.7021281726,20260201,
화성시,두수목장,소,8,경기도 화성시 만세구 팔탄면 화당길 46-6,경기도 화성시 만세구 팔탄면 화당리 87,37.1199793441,126.8613779347,20260201,
화성시,두연목장,소,55,경기도 화성시 만세구 남양읍 남양로 415-44,경기도 화성시 만세구 남양읍 신남리 507,37.1790283663,126.8126884958,20260201,
화성시,두환목장,소,15,경기도 화성시 만세구 양감면 송말길 74-18,경기도 화성시 만세구 양감면 송산리 994-1,37.1061900435,126.9923947293,20260201,
화성시,둥이농장,염소,20,,경기도 화성시 만세구 남양읍 안석리 523-17,37.1675408861,126.8229703050,20260201,
화성시,뒷뜰농장,소,53,경기도 화성시 만세구 남양읍 안석길 27-2,경기도 화성시 만세구 남양읍 안석리 336,37.1763890051,126.8192347459,20260201,
화성시,들길농장,소,34,,경기도 화성시 만세구 장안면 노진리 419-21,37.0448102264,126.8162223101,20260201,
화성시,들녁농장,소,5,경기도 화성시 효행구 정남면 세자로 210-6,경기도 화성시 효행구 정남면 보통리 212-7,37.1861641405,126.9780811906,20260201,
화성시,등나무목장,소,100,경기도 화성시 만세구 양감면 초록로 480-30,경기도 화성시 만세구 양감면 사창리 497,37.0941348432,126.9730529275,20260201,
화성시,또나따 목장,소,245,경기도 화성시 만세구 마도면 마도로 223-19,경기도 화성시 만세구 마도면 백곡리 563-1,37.1872325710,126.7294229451,20260201,
화성시,럭키목장,소,0,경기도 화성시 만세구 양감면 요당길 364-24,경기도 화성시 만세구 양감면 신왕리 1831-14,37.0662734253,126.9476213912,20260201,
화성시,로이목장,소,45,경기도 화성시 만세구 마도면 금해로45번길 56,경기도 화성시 만세구 마도면 해문리 485-5,37.1953676274,126.7398867413,20260201,
화성시,로즈팜,소,0,경기도 화성시 만세구 장안면 풍무길80번길 53-45,경기도 화성시 만세구 장안면 독정리 1259,37.0796009292,126.8741261130,20260201,
화성시,로하농장,소,70,경기도 화성시 만세구 장안면 산운내길 47-37,경기도 화성시 만세구 장안면 석포리 7,37.1196089531,126.8398362284,20260201,
화성시,마리아목장,소,80,경기도 화성시 만세구 우정읍 한뿌리1길 70-31,경기도 화성시 만세구 우정읍 원안리 931,37.0987285024,126.7968384406,20260201,
화성시,마산염소농장,염소,20,,경기도 화성시 만세구 송산면 마산리 344-1,37.2299593654,126.6877815150,20260201,
화성시,만만2농장,돼지,2227,경기도 화성시 만세구 장안면 남양황라로 308-25,경기도 화성시 만세구 장안면 장안리 1980,37.0236396819,126.8325731728,20260201,
화성시,만만팜,돼지,1163,경기도 화성시 만세구 장안면 남양황라로 264-377,경기도 화성시 만세구 장안면 장안리 1626,37.0180326882,126.8229995644,20260201,
화성시,만물목장,소,167,경기도 화성시 만세구 우정읍 포승향남로 940-15,경기도 화성시 만세구 우정읍 이화리 179,37.0351769701,126.8072520551,20260201,
화성시,만사형통농장,소,30,경기도 화성시 만세구 향남읍 요골길 19-20,경기도 화성시 만세구 향남읍 요리 426,37.1095775396,126.9713477391,20260201,
화성시,만안목장,소,20,경기도 화성시 효행구 정남면 가장로 172-28,경기도 화성시 효행구 정남면 용수리 72-2,37.1674683772,126.9988221855,20260201,
화성시,만응농장,소,31,,경기도 화성시 만세구 우정읍 운평리 820-1,,,20260201,
화성시,망월리목장,소,15,경기도 화성시 효행구 정남면 정남동로 349,경기도 화성시 효행구 정남면 망월리 292,37.1502776735,127.0072237991,20260201,
화성시,매곡목장,소,26,경기도 화성시 만세구 서신면 매골길 3,경기도 화성시 만세구 서신면 매화리 255-1,37.1684849644,126.7118168684,20260201,
화성시,매골농장,소,27,경기도 화성시 만세구 서신면 매골길 39,경기도 화성시 만세구 서신면 매화리 250,37.1709350598,126.7129178155,20260201,
화성시,매바위목장,소,39,경기도 화성시 만세구 남양읍 남양로 76,경기도 화성시 만세구 남양읍 장덕리  967-4,37.1529121858,126.7953572648,20260201,
화성시,매산농장,돼지,1509,경기도 화성시 효행구 매송면 매송로236번길 110,경기도 화성시 효행구 매송면 야목리 622-3,37.2652297366,126.8937734001,20260201,
화성시,매향목장,소,90,경기도 화성시 만세구 우정읍 매향석천로 11-38,경기도 화성시 만세구 우정읍 매향리 503,37.0475728014,126.7698935000,20260201,
화성시,매향목장,소,25,경기도 화성시 만세구 우정읍 기아자동차로 333,경기도 화성시 만세구 우정읍 매향리 508-1,37.0548620735,126.7752558785,20260201,
화성시,매화목장,소,16,경기도 화성시 만세구 서신면 매골길 136,경기도 화성시 만세구 서신면 매화리 67-1,37.1704183645,126.7151984780,20260201,
화성시,머니목장,소,20,경기도 화성시 만세구 양감면 용소금각로36번길 128-5,경기도 화성시 만세구 양감면 용소리 178-1,37.0745508043,126.9862495408,20260201,
화성시,멱우농장,소,32,경기도 화성시 만세구 우정읍 멱우방죽1길 20-2,경기도 화성시 만세구 우정읍 멱우리 241-3,37.1045761146,126.8071269799,20260201,
화성시,명가목장,소,0,,경기도 화성시 만세구 서신면 매화리 690-1,37.1641955505,126.7011930728,20260201,
화성시,명기목장,소,8,경기도 화성시 만세구 팔탄면 노하길 229-15,경기도 화성시 만세구 팔탄면 노하리 423-10,37.1608326856,126.8566758051,20260201,
화성시,명동목장,소,120,,경기도 화성시 만세구 우정읍 조암리 505-1,37.0780280779,126.8037710497,20260201,
화성시,명석목장,소,3,경기도 화성시 만세구 양감면 정문송산로184번길 25-14,경기도 화성시 만세구 양감면 송산리 594-2,37.1081719956,126.9921226415,20260201,
화성시,명성농장,소,30,경기도 화성시 만세구 양감면 솔미마을길 59-23,경기도 화성시 만세구 양감면 대양리 217-3,37.0886433826,126.9488543224,20260201,
화성시,명성목장,소,70,경기도 화성시 만세구 양감면 용소금각로36번길 128-43,경기도 화성시 만세구 양감면 용소리 167,37.0747685168,126.9907480235,20260201,
화성시,명식목장,소,10,경기도 화성시 만세구 양감면 사창길 36-17,경기도 화성시 만세구 양감면 사창리 863-2,37.0917904316,126.9688495160,20260201,
화성시,명제목장,소,110,경기도 화성시 만세구 양감면 초록로140번길 57,경기도 화성시 만세구 양감면 신왕리 1924,37.0713055019,126.9558869159,20260201,
화성시,명진목장,소,9,경기도 화성시 만세구 팔탄면 버들로1318번길 22-9,경기도 화성시 만세구 팔탄면 서근리 213,37.1261024785,126.8535363698,20260201,
화성시,명혁목장,소,26,경기도 화성시 효행구 비봉면 드랭이안길 33-12,경기도 화성시 효행구 비봉면 구포리 587-1,37.2526676193,126.8753246817,20260201,
화성시,명환농장,소,17,경기도 화성시 만세구 송산면 칠곡길 116,경기도 화성시 만세구 송산면 칠곡리 96-1,37.2070784379,126.7112015374,20260201,
화성시,모란목장,소,35,경기도 화성시 만세구 우정읍 배미길 80-12,경기도 화성시 만세구 우정읍 화산리 산98,37.0660869063,126.7815494763,20260201,
화성시,모세농장,염소,120,,경기도 화성시 만세구 장안면 독정리 1022-6,37.0596519109,126.8488366251,20260201,
화성시,목배농장,소,22,경기도 화성시 만세구 장안면 남양황라로 539-14,경기도 화성시 만세구 장안면 장안리 1116-2,37.0321687593,126.8540411087,20260201,
화성시,목화목장,소,0,경기도 화성시 만세구 장안면 분토길 47-58,경기도 화성시 만세구 장안면 사곡리 1285,37.0602630689,126.8118380164,20260201,
화성시,목화목장,소,120,,경기도 화성시 만세구 우정읍 화수리 산22-15,37.1110244533,126.7983494124,20260201,
화성시,무송농장,소,8,,경기도 화성시 만세구 남양읍 무송리 54,37.1962493871,126.8550899707,20260201,
화성시,문석목장,소,50,경기도 화성시 만세구 우정읍 굴원안길 105,경기도 화성시 만세구 우정읍 화수리 170,37.1122850433,126.7831842231,20260201,
화성시,문영목장,소,16,경기도 화성시 효행구 정남면 문학로 39,경기도 화성시 효행구 정남면 문학리 429,37.1534154952,126.9698377110,20260201,
화성시,문지목장,소,24,경기도 화성시 만세구 송산면 송산로 683-10,경기도 화성시 만세구 송산면 독지리 70-2,37.2542081113,126.6866692687,20260201,
화성시,문지제1농장,소,35,경기도 화성시 만세구 송산면 문지안길 57,경기도 화성시 만세구 송산면 독지리 623-1,37.2527147507,126.6989988289,20260201,
화성시,문지제2농장,소,15,,경기도 화성시 만세구 송산면 독지리 603-1,37.2523416522,126.6956635413,20260201,
화성시,문학농장,소,25,경기도 화성시 효행구 정남면 서봉로921번길 30,경기도 화성시 효행구 정남면 문학리 492-1,37.1577358937,126.9644129726,20260201,
화성시,문학목장,소,6,경기도 화성시 효행구 정남면 문학로30번길 14,경기도 화성시 효행구 정남면 문학리 320,37.1530727479,126.9677792567,20260201,
화성시,미도목장,소,33,경기도 화성시 만세구 장안면 3.1만세로 367-12,경기도 화성시 만세구 장안면 수촌리 882-6,37.1039230346,126.8428309264,20260201,
화성시,미소농장,소,19,경기도 화성시 만세구 송산면 송산포도로 590-11,경기도 화성시 만세구 송산면 마산리 326-13,37.2324433432,126.6911418103,20260201,
화성시,미소목장,소,38,경기도 화성시 효행구 봉담읍 삼봉길 8,경기도 화성시 효행구 봉담읍 상리 233-4,37.2247863553,126.9361647104,20260201,
화성시,미조목장,소,86,경기도 화성시 만세구 장안면 장안고잔길 108-26,경기도 화성시 만세구 장안면 장안리 1487-6,37.0389893138,126.8371165546,20260201,
화성시,미화농장,소,12,경기도 화성시 만세구 남양읍 안석길76번길 101-28,경기도 화성시 만세구 남양읍 안석리 65-19,37.1673962014,126.8260960485,20260201,
화성시,민석목장,소,12,경기도 화성시 만세구 장안면 장안로 362-27,경기도 화성시 만세구 장안면 독정리 719,37.0804644732,126.8536203248,20260201,
화성시,민성목장,소,111,경기도 화성시 만세구 향남읍 안길동길 69-31,경기도 화성시 만세구 향남읍 하길리 880-3,37.0872458267,126.9185748797,20260201,
화성시,민성목장,소,60,경기도 화성시 만세구 서신면 은쟁이길 8-21,경기도 화성시 만세구 서신면 전곡리 434,37.1879017561,126.6945126142,20260201,
화성시,민연목장,소,125,경기도 화성시 만세구 양감면 사격장길 44,경기도 화성시 만세구 양감면 사창리 861,37.0920387352,126.9679363369,20260201,
화성시,민영목장,소,70,경기도 화성시 만세구 남양읍 장덕북길 127,경기도 화성시 만세구 남양읍 장덕리 551,37.1668272022,126.8010062177,20260201,
화성시,민우농장,소,40,경기도 화성시 효행구 정남면 음양2길 83,경기도 화성시 효행구 정남면 음양리 355-2,37.1441444978,127.0195259018,20260201,
화성시,민일목장,소,80,경기도 화성시 만세구 양감면 초록로140번길 33,경기도 화성시 만세구 양감면 신왕리 1932,37.0736712205,126.9567587399,20260201,
화성시,민지농장,돼지,0,경기도 화성시 효행구 정남면 서봉로765번길 59-12,경기도 화성시 효행구 정남면 문학리 700,37.1473841986,126.9557252233,20260201,
화성시,민진농장,소,38,경기도 화성시 만세구 팔탄면 노하길 78,경기도 화성시 만세구 팔탄면 노하리 1226-8,37.1512032096,126.8479737190,20260201,
화성시,민한목장,소,16,경기도 화성시 만세구 남양읍 신남로365번길 35,경기도 화성시 만세구 남양읍 신남리 1093-2,37.1782671798,126.8073557305,20260201,
화성시,믿음농장,돼지,1438,경기도 화성시 만세구 향남읍 한두골안길 25-8,경기도 화성시 만세구 향남읍 백토리 111,37.1218145384,126.9505951261,20260201,
화성시,믿음농장,소,21,,경기도 화성시 만세구 마도면 백곡리 309,,,20260201,
화성시,믿음농장,소,49,경기도 화성시 만세구 마도면 마도로182번길 43,경기도 화성시 만세구 마도면 백곡리 464,37.1825980733,126.7264508236,20260201,
화성시,믿음농장,소,10,경기도 화성시 만세구 서신면 살곶이길45번길 26-9,경기도 화성시 만세구 서신면 송교리 752-4,37.1575250211,126.6620402584,20260201,
화성시,바다마차,염소,26,,경기도 화성시 만세구 서신면 송교리 379-27,37.1726718042,126.6570790679,20260201,
화성시,바다마차2,염소,20,,경기도 화성시 만세구 서신면 송교리 379-48,37.1718569927,126.6574877767,20260201,
화성시,바이오목장,소,26,경기도 화성시 만세구 마도면 해운로742번길 16-28,경기도 화성시 만세구 마도면 청원리 333-2,37.1814823020,126.7577578735,20260201,
화성시,박용출농장,소,6,경기도 화성시 만세구 마도면 마도북로 308-68,경기도 화성시 만세구 마도면 슬항리 388-3,37.2001004844,126.7570234603,20260201,
화성시,박일목장,소,78,경기도 화성시 효행구 비봉면 화성로 2071,경기도 화성시 효행구 비봉면 구포리 16,37.2492035002,126.8921089810,20260201,
화성시,박일목장2,소,25,경기도 화성시 효행구 비봉면 쌍학안길 14,경기도 화성시 효행구 비봉면 쌍학리 226-4,37.2448389263,126.8935083227,20260201,
화성시,방승복농장,소,8,,경기도 화성시 만세구 송산면 독지리 529-3,37.2477489077,126.6959755838,20260201,
화성시,방울산농장,염소,20,,경기도 화성시 만세구 향남읍 방축리 198-1,37.1206816175,126.9307129259,20260201,
화성시,배광진농장,소,8,경기도 화성시 만세구 남양읍 장전길42번길 58-5,경기도 화성시 만세구 남양읍 장전리 361,37.2619275300,126.8264839351,20260201,
화성시,배머리목장,소,8,경기도 화성시 만세구 송산면 공룡로488번길 43,경기도 화성시 만세구 송산면 고정리 103,37.2505494636,126.7496050114,20260201,
화성시,배수농장,소,40,경기도 화성시 효행구 정남면 서봉로921번길 21,경기도 화성시 효행구 정남면 문학리 489-2,37.1559777964,126.9643352794,20260201,
화성시,배우리목장,소,116,경기도 화성시 만세구 우정읍 원안길 19,경기도 화성시 만세구 우정읍 호곡리 822,37.1070775387,126.7732505320,20260201,
화성시,배웃목장,소,20,경기도 화성시 만세구 남양읍 현대기아로556번길 59,경기도 화성시 만세구 남양읍 무송리 69-7,37.1970485194,126.8578897851,20260201,
화성시,백곡목장,소,89,경기도 화성시 만세구 마도면 마도로181번길 69-19,경기도 화성시 만세구 마도면 백곡리 210,37.1910366396,126.7211819507,20260201,
화성시,백두농장,소,18,경기도 화성시 만세구 팔탄면 새터말길 26-45,경기도 화성시 만세구 팔탄면 지월리 466-4,37.1492638650,126.8953309521,20260201,
화성시,백목장,소,81,경기도 화성시 만세구 장안면 황골길 87-26,경기도 화성시 만세구 장안면 수촌리 1434,37.0975749770,126.8689931318,20260201,
화성시,백연농장,소,12,경기도 화성시 만세구 우정읍 평밭길 91-23,경기도 화성시 만세구 우정읍 운평리 837-4,37.0875161867,126.7701856272,20260201,
화성시,백토농장,소,0,,경기도 화성시 만세구 향남읍 백토리 171,37.1194889625,126.9555073882,20260201,
화성시,버덩목장,소,43,경기도 화성시 만세구 우정읍 버들로430번길 40-36,경기도 화성시 만세구 우정읍 운평리 1333-1,37.0901714616,126.7858342471,20260201,
화성시,번영농장,소,120,경기도 화성시 만세구 우정읍 평밭길 550,경기도 화성시 만세구 우정읍 호곡리 1176-10,37.1192816349,126.7657835004,20260201,
화성시,번영목장,소,11,경기도 화성시 만세구 우정읍 한뿌리1길 128-21,경기도 화성시 만세구 우정읍 한각리 280-1,37.0909618184,126.7989468481,20260201,
화성시,벌목장,소,104,경기도 화성시 만세구 팔탄면 황골길46번길 42-72,경기도 화성시 만세구 팔탄면 해창리 357,37.0958031185,126.8782689839,20260201,
화성시,범렬목장,소,19,경기도 화성시 만세구 서신면 임벗봉죽길 98,경기도 화성시 만세구 서신면 광평리 39-1,37.1787996556,126.7014584572,20260201,
화성시,범준농장,소,30,,경기도 화성시 만세구 남양읍 안석리 356-3,37.1756734636,126.8170191500,20260201,
화성시,법안목장,소,58,경기도 화성시 만세구 마도면 송정로264번길 17,경기도 화성시 만세구 마도면 송정리 106,37.2234827436,126.7969217892,20260201,
화성시,벧엘축산,소,7,,경기도 화성시 만세구 송산면 중송리 478,37.2164281987,126.7105448378,20260201,
화성시,벧엘한우목장,소,66,경기도 화성시 효행구 정남면 정남동로 441-55,경기도 화성시 효행구 정남면 금복리 150,37.1563028528,127.0016550764,20260201,
화성시,별헤는목장,소,22,경기도 화성시 만세구 팔탄면 노하길116번길 73,경기도 화성시 만세구 팔탄면 노하리 767-1,37.1550608593,126.8544948969,20260201,
화성시,병기목장,소,40,경기도 화성시 만세구 남양읍 남양로452번길 27-7,경기도 화성시 만세구 남양읍 신남리 346,37.1804270352,126.8207644048,20260201,
화성시,병우농장,염소,26,경기도 화성시 만세구 남양읍 남양서로 298-20,경기도 화성시 만세구 남양읍 시리 507-2,37.2357035125,126.8057370372,20260201,
화성시,보라목장,소,20,경기도 화성시 만세구 우정읍 굴원안길 75-4,경기도 화성시 만세구 우정읍 화수리 127-2,37.1135875692,126.7854230452,20260201,
화성시,보람축산,소,9,경기도 화성시 만세구 팔탄면 노하길 259,경기도 화성시 만세구 팔탄면 노하리 413-13,37.1589782119,126.8604531205,20260201,
화성시,보문농장,소,10,,경기도 화성시 만세구 송산면 삼존리 619-10,37.2184523076,126.7585982463,20260201,
화성시,보민농장,소,13,경기도 화성시 효행구 정남면 정남동로 377-2,경기도 화성시 효행구 정남면 금복리 215,37.1533649288,127.0061226589,20260201,
화성시,보성농장,소,7,경기도 화성시 만세구 남양읍 남양서로613번길 22-11,경기도 화성시 만세구 남양읍 문호리 299,37.2629484730,126.8004684357,20260201,
화성시,보통농장,소,32,,경기도 화성시 효행구 정남면 보통리 210-4,37.1847666019,126.9758832765,20260201,
화성시,복기목장,소,38,경기도 화성시 효행구 봉담읍 청궁안뜰1길 2-16,경기도 화성시 효행구 봉담읍 내리 150-2,37.2345696895,126.9349419561,20260201,
화성시,봉가농장,소,67,경기도 화성시 만세구 송산면 송산포도로 226-21,경기도 화성시 만세구 송산면 사강리 361-4,37.2185574709,126.7241451517,20260201,
화성시,봉수목장,소,23,경기도 화성시 효행구 매송면 어사로 177-33,경기도 화성시 효행구 매송면 어천리 56-1,37.2654534156,126.9167677379,20260201,
화성시,봉애진2목장,소,10,,경기도 화성시 만세구 양감면 신왕리 1808-3,37.0792469976,126.9501153807,20260201,
화성시,봉애진목장,소,40,경기도 화성시 만세구 양감면 창말안길 31-19,경기도 화성시 만세구 양감면 신왕리 620,37.0793158030,126.9473692765,20260201,
화성시,봉운목장,소,96,경기도 화성시 만세구 장안면 중원길 5-81,경기도 화성시 만세구 장안면 사랑리 248,37.0684226475,126.8310560755,20260201,
화성시,봉죽농장,소,6,,경기도 화성시 만세구 서신면 광평리 189-4,37.1744703851,126.6962083557,20260201,
화성시,부광목장,소,95,경기도 화성시 만세구 우정읍 평밭길 366-49,경기도 화성시 만세구 우정읍 호곡리 757,37.1117128826,126.7648211022,20260201,
화성시,부길농장,소,37,경기도 화성시 만세구 송산면 육일길 35,경기도 화성시 만세구 송산면 육일리 550,37.1987842563,126.7191529794,20260201,
화성시,부원농장,소,45,경기도 화성시 만세구 우정읍 멱우방죽2길 32,경기도 화성시 만세구 우정읍 멱우리 236-13,37.1046146470,126.8044706406,20260201,
화성시,부자목장,소,180,경기도 화성시 만세구 팔탄면 고주골길 53-6,경기도 화성시 만세구 팔탄면 고주리 280,37.1281436833,126.8830479820,20260201,
화성시,부자목장,소,0,경기도 화성시 만세구 남양읍 온석길 44-6,경기도 화성시 만세구 남양읍 온석리 489,37.1666842136,126.8519744174,20260201,
화성시,부천목장,소,95,,경기도 화성시 만세구 향남읍 방축리 366-2,37.1130889298,126.9250545474,20260201,
화성시,부흥농장,소,23,경기도 화성시 만세구 남양읍 신남안길129번길 8,경기도 화성시 만세구 남양읍 신남리 729,37.1821269657,126.8107565196,20260201,
화성시,부흥농장,소,50,경기도 화성시 효행구 매송면 매송로236번길 13,경기도 화성시 효행구 매송면 야목리 845,37.2590077338,126.8915452804,20260201,
화성시,부흥농장,소,12,경기도 화성시 만세구 우정읍 쌍봉로 320,경기도 화성시 만세구 우정읍 멱우리 249-1,37.1056785813,126.8091427200,20260201,
화성시,부흥목장,소,12,경기도 화성시 만세구 장안면 남양황라로505번길 42-30,경기도 화성시 만세구 장안면 장안리 1107,37.0352077725,126.8493153906,20260201,
화성시,북양농장,소,11,경기도 화성시 만세구 남양읍 주석로281번길 20,경기도 화성시 만세구 남양읍 북양리 561-6,37.2076912260,126.8607071544,20260201,
화성시,북일제2축산,소,40,경기도 화성시 만세구 송산면 육일안길 38,경기도 화성시 만세구 송산면 육일리 223-1,37.2028178305,126.7211848669,20260201,
화성시,불기둥농장,소,110,경기도 화성시 만세구 우정읍 호곡길 260,경기도 화성시 만세구 우정읍 호곡리 249-16,37.1254764570,126.7719826968,20260201,
화성시,불로목장,소,102,경기도 화성시 만세구 우정읍 석천길 65-32,경기도 화성시 만세구 우정읍 석천리 40-6,37.0523445347,126.7912385300,20260201,
화성시,뿌리2목장,소,110,경기도 화성시 만세구 향남읍 행정남로30번길 116-4,경기도 화성시 만세구 향남읍 하길리 211-59,37.1184980040,126.9076762470,20260201,
화성시,사강목장,소,270,경기도 화성시 만세구 송산면 마산길117번길 75,경기도 화성시 만세구 송산면 마산리 17,37.2381245526,126.6954779409,20260201,
화성시,사랑목장,소,130,경기도 화성시 만세구 마도면 마도로 687,경기도 화성시 만세구 마도면 쌍송리 327,37.1912254011,126.7780219925,20260201,
화성시,사랑한우목장,소,12,경기도 화성시 만세구 장안면 포승장안로 1372,경기도 화성시 만세구 장안면 사랑리 40-1,37.0724502783,126.8355654769,20260201,
화성시,사랑해목장,소,40,경기도 화성시 만세구 남양읍 활초길15번길 65,경기도 화성시 만세구 남양읍 활초리 114-1,37.1744607050,126.8416910442,20260201,
화성시,사만목장,소,87,경기도 화성시 만세구 향남읍 상신로 80-15,경기도 화성시 만세구 향남읍 상신리 1068,37.0840963804,126.8822237707,20260201,
화성시,사창농장,돼지,0,경기도 화성시 만세구 양감면 안요골길82번길 122,경기도 화성시 만세구 양감면 사창리 781-1,37.0963720473,126.9613905160,20260201,
화성시,사철축산,소,0,경기도 화성시 만세구 장안면 장안당골길 181-17,경기도 화성시 만세구 장안면 장안리 3017-2,37.0599450316,126.8697773150,20260201,
화성시,산골농장,소,37,경기도 화성시 만세구 송산면 육일길 41,경기도 화성시 만세구 송산면 육일리 571,37.1982539574,126.7193838021,20260201,
화성시,산골농장1,돼지,547,경기도 화성시 효행구 비봉면 쌍학길83번길 59-11,경기도 화성시 효행구 비봉면 쌍학리 81,37.2393193955,126.9035640766,20260201,
화성시,산골농장2,돼지,222,경기도 화성시 효행구 비봉면 쌍학길83번길 59-11,경기도 화성시 효행구 비봉면 쌍학리 81,37.2393193955,126.9035640766,20260201,
화성시,산돌농장,돼지,683,경기도 화성시 만세구 우정읍 매바위로 252-141,경기도 화성시 만세구 우정읍 주곡리 1010,37.1310808851,126.8201699684,20260201,
화성시,산돌화성농장,돼지,5680,경기도 화성시 만세구 우정읍 구슬2길 7-36,경기도 화성시 만세구 우정읍 주곡리 829-1,37.1303534655,126.8190731909,20260201,
화성시,산우리농장,소,161,경기도 화성시 만세구 우정읍 평밭길 49-31,경기도 화성시 만세구 우정읍 운평리 972,37.0821593044,126.7727121702,20260201,
화성시,산우리한우농장,소,200,경기도 화성시 만세구 우정읍 조암죽말길87번길 19-12,경기도 화성시 만세구 우정읍 한각리 273,37.0888675701,126.8014978060,20260201,
화성시,산우리한우농장,소,100,경기도 화성시 만세구 우정읍 조암죽말길87번길 19-16,경기도 화성시 만세구 우정읍 한각리 274-1,37.0887925442,126.8010034134,20260201,
화성시,살구지농장,소,16,경기도 화성시 만세구 남양읍 안석길138번길 77-1,경기도 화성시 만세구 남양읍 안석리 15-14,37.1671901825,126.8310988612,20260201,
화성시,삼경농장,돼지,1815,경기도 화성시 만세구 장안면 남양황라로 360-79,경기도 화성시 만세구 장안면 장안리 2262,37.0191895861,126.8363105835,20260201,
화성시,삼남매목장,소,24,경기도 화성시 만세구 우정읍 안두미2길 29,경기도 화성시 만세구 우정읍 호곡리 634,37.1174710280,126.7777211614,20260201,
화성시,삼밭골목장,소,5,경기도 화성시 만세구 서신면 효자각로 159-29,경기도 화성시 만세구 서신면 홍법리 395-4,37.1665749689,126.7256342594,20260201,
화성시,삼보농장,돼지,388,경기도 화성시 만세구 향남읍 동오2길 29-49,경기도 화성시 만세구 향남읍 동오리 683,37.1330931997,126.9588673925,20260201,
화성시,삼산목장,소,32,경기도 화성시 만세구 남양읍 남양서로 298-16,경기도 화성시 만세구 남양읍 시리 516,37.2350951838,126.8049872875,20260201,
화성시,삼삼목장,소,60,경기도 화성시 효행구 정남면 음양5길 80-14,경기도 화성시 효행구 정남면 음양리 804,37.1461248290,127.0210673175,20260201,
화성시,삼선목장,소,66,경기도 화성시 만세구 송산면 이봉산동길 104-11,경기도 화성시 만세구 송산면 지화리 1-3,37.2252552878,126.6892347144,20260201,
화성시,삼성목장,소,60,경기도 화성시 만세구 향남읍 솔태상두길 223,경기도 화성시 만세구 향남읍 상두리 169-2,37.1103883796,126.9514092633,20260201,
화성시,삼송농장,소,119,경기도 화성시 만세구 양감면 안요골길82번길 14,경기도 화성시 만세구 양감면 사창리 산131-3,37.1024046317,126.9618542360,20260201,
화성시,삼안농장,소,19,경기도 화성시 만세구 남양읍 남양로 423-11,경기도 화성시 만세구 남양읍 신남리 510,37.1785892723,126.8162522644,20260201,
화성시,삼안목장,소,30,,경기도 화성시 만세구 남양읍 신남리 482-2,37.1785950273,126.8159051013,20260201,
화성시,삼양목장,소,130,경기도 화성시 만세구 우정읍 배미길 16,경기도 화성시 만세구 우정읍 화산리 735-5,37.0624202871,126.7878829004,20260201,
화성시,삼원1농장,돼지,1171,경기도 화성시 만세구 장안면 남양황라로 356-150,경기도 화성시 만세구 장안면 장안리 1889,37.0180151590,126.8278447692,20260201,
화성시,삼원농장,돼지,1942,경기도 화성시 만세구 장안면 남양황라로 356-148,경기도 화성시 만세구 장안면 장안리 1892,37.0177797182,126.8276557396,20260201,
화성시,삼원목장,소,37,경기도 화성시 만세구 양감면 요당길 209-4,경기도 화성시 만세구 양감면 요당리 165-1,37.0699166535,126.9345459699,20260201,
화성시,삼진농장,돼지,2480,경기도 화성시 만세구 양감면 은행나무로 506-28,경기도 화성시 만세구 양감면 대양리 1431,37.1017876244,126.9395759690,20260201,
화성시,삼형제목장,소,15,경기도 화성시 만세구 장안면 덕다길 246-23,경기도 화성시 만세구 장안면 덕다리 638,37.0510903361,126.8313994191,20260201,
화성시,삼형제목장,소,103,경기도 화성시 만세구 우정읍 기아자동차로 269-10,경기도 화성시 만세구 우정읍 매향리 452,37.0521985876,126.7701415943,20260201,
화성시,삼호목장,소,30,경기도 화성시 만세구 우정읍 운평길 61-7,경기도 화성시 만세구 우정읍 운평리 415,37.0807039362,126.7749874501,20260201,
화성시,상기목장,소,32,,경기도 화성시 효행구 봉담읍 상기리 227,37.2055949405,126.9236612191,20260201,
화성시,상기목장,소,165,경기도 화성시 만세구 마도면 청원로231번길 51,경기도 화성시 만세구 마도면 청원리 679,37.1793580824,126.7742597067,20260201,
화성시,상빈목장,소,52,,경기도 화성시 만세구 남양읍 무송리  456,37.1818967413,126.8522451019,20260201,
화성시,상신목장,소,21,경기도 화성시 만세구 향남읍 마곡동길 196-25,경기도 화성시 만세구 향남읍 하길리 555-5,37.1051866793,126.9265296468,20260201,
화성시,상우목장,소,80,,경기도 화성시 만세구 남양읍 북양리  89,37.2240872122,126.8392485433,20260201,
화성시,상하목장,소,25,경기도 화성시 만세구 양감면 송말길 58-13,경기도 화성시 만세구 양감면 송산리 998-4,37.1039942103,126.9932421930,20260201,
화성시,새당골목장,소,120,경기도 화성시 효행구 봉담읍 호련2길 55,경기도 화성시 효행구 봉담읍 상기리 210-1,37.2058644291,126.9227372990,20260201,
화성시,새당진목장,소,53,경기도 화성시 만세구 남양읍 성주골길 91,경기도 화성시 만세구 남양읍 원천리 656-1,37.2174920092,126.8066929383,20260201,
화성시,새대원목장,소,59,경기도 화성시 효행구 정남면 가장로 258,경기도 화성시 효행구 정남면 고지리 154,37.1635853081,127.0079033066,20260201,
화성시,새대원목장2,소,0,경기도 화성시 효행구 정남면 정남동로 453-40,경기도 화성시 효행구 정남면 용수리 148-3,37.1601988228,127.0021025288,20260201,
화성시,새대진 목장,소,70,경기도 화성시 만세구 송산면 마도북로 53-1,경기도 화성시 만세구 송산면 봉가리 500-1,37.2076566963,126.7403720448,20260201,
화성시,새롬농장1,소,76,경기도 화성시 만세구 양감면 용소금각로36번길 154-125,경기도 화성시 만세구 양감면 용소리 139,37.0718115136,126.9885741554,20260201,
화성시,새롬농장2,소,49,,경기도 화성시 만세구 양감면 용소리 138,37.0718302873,126.9881583649,20260201,
화성시,새믿음목장,소,27,경기도 화성시 만세구 팔탄면 고주골길 16,경기도 화성시 만세구 팔탄면 고주리 214-7,37.1276595878,126.8870371192,20260201,
화성시,새백천목장,소,40,경기도 화성시 효행구 봉담읍 분천길95번길 129,경기도 화성시 효행구 봉담읍 분천리 169-2,37.1985999405,126.9671555569,20260201,
화성시,새병선목장,소,70,경기도 화성시 효행구 봉담읍 청궁안뜰길 37-58,경기도 화성시 효행구 봉담읍 내리 80-1,37.2374417322,126.9304672964,20260201,
화성시,새봉목장,소,70,경기도 화성시 효행구 정남면 모산길 4,경기도 화성시 효행구 정남면 보통리 167,37.1887158311,126.9782438980,20260201,
화성시,새삼남목장,소,35,경기도 화성시 효행구 정남면 제기길 47-27,경기도 화성시 효행구 정남면 제기리 542-3,37.1320153188,127.0116429393,20260201,
화성시,새석문목장,소,80,경기도 화성시 만세구 남양읍 신남로299번길 45,경기도 화성시 만세구 남양읍 신남리 1364-1,37.1759038245,126.7994018615,20260201,
화성시,새신남목장,소,36,경기도 화성시 만세구 남양읍 남양로 415-30,경기도 화성시 만세구 남양읍 신남리 500-4,37.1780993817,126.8141501084,20260201,
화성시,새안양목장,소,140,경기도 화성시 만세구 장안면 갈우물길 143-22,경기도 화성시 만세구 장안면 노진리 1079,37.0466457458,126.8265128159,20260201,
화성시,새원목장,소,70,경기도 화성시 만세구 우정읍 매바위로 252-37,경기도 화성시 만세구 우정읍 주곡리 956,37.1349870412,126.8160030807,20260201,
화성시,새원일목장,소,124,경기도 화성시 만세구 장안면 참냉기길 24-104,경기도 화성시 만세구 장안면 노진리 407-2,37.0426825400,126.8222971993,20260201,
화성시,새장성목장,소,30,경기도 화성시 효행구 정남면 보통내길253번길 24-18,경기도 화성시 효행구 정남면 보통리 709-1,37.1971578711,126.9651937917,20260201,
화성시,새준영목장,소,60,경기도 화성시 만세구 남양읍 샘실길 177,경기도 화성시 만세구 남양읍 송림리 666-1,37.2195922761,126.8128841758,20260201,
화성시,새준호 목장,소,102,경기도 화성시 효행구 매송면 매송고색로394번길 52,경기도 화성시 효행구 매송면 천천리 256,37.2397624601,126.9465495791,20260201,
화성시,새지영목장,소,45,경기도 화성시 만세구 장안면 3.1만세로322번길 146,경기도 화성시 만세구 장안면 수촌리 964,37.0995924252,126.8519611395,20260201,
화성시,새천곡목장,소,41,경기도 화성시 효행구 매송면 화성로2357번길 11-21,경기도 화성시 효행구 매송면 원평리 106-4,37.2530089658,126.9230543681,20260201,
화성시,새화성농장,소,130,경기도 화성시 효행구 봉담읍 상리3길 171,경기도 화성시 효행구 봉담읍 수영리 639-23,37.2243133993,126.9486689147,20260201,
화성시,샘농원,소,112,경기도 화성시 만세구 마도면 마도서길 34,경기도 화성시 만세구 마도면 고모리 340,37.1730701112,126.7417547554,20260201,
화성시,샘터농장,소,158,경기도 화성시 만세구 서신면 백미길 269-40,경기도 화성시 만세구 서신면 백미리 408-4,37.1355945350,126.6840677332,20260201,
화성시,서농농장,돼지,473,경기도 화성시 효행구 정남면 금복길53번길 49,경기도 화성시 효행구 정남면 내리 127-1,37.1579154941,127.0144721342,20260201,
화성시,서동목장,소,13,경기도 화성시 만세구 우정읍 봉곡1길 61-13,경기도 화성시 만세구 우정읍 호곡리 579,37.1161718480,126.7731073371,20260201,
화성시,서영농장,돼지,2426,경기도 화성시 만세구 장안면 남양황라로 360-79,경기도 화성시 만세구 장안면 장안리 2261,37.0191895861,126.8363105835,20260201,
화성시,서영농장,소,15,경기도 화성시 병점구 효행로854번길 94 (안녕동),경기도 화성시 병점구 안녕동 71-154,37.1976875683,127.0216094145,20260201,
화성시,서울농장,돼지,2245,경기도 화성시 만세구 남양읍 온석길 61-6,경기도 화성시 만세구 남양읍 온석리 250-1,37.1695447250,126.8525357113,20260201,
화성시,서원석농장,소,18,경기도 화성시 만세구 향남읍 구문천2길 259,경기도 화성시 만세구 향남읍 구문천리 623-14,37.0763023031,126.8898020441,20260201,
화성시,서윤농장,소,0,경기도 화성시 만세구 장안면 남양호로 81-48,경기도 화성시 만세구 장안면 수촌리 1188,37.0899057908,126.8710370831,20260201,
화성시,서이농장,소,107,경기도 화성시 만세구 우정읍 쌍봉로 306-64,경기도 화성시 만세구 우정읍 멱우리 44,37.1076542057,126.8140655628,20260201,
화성시,서주농장,소,2,,경기도 화성시 만세구 우정읍 화산리 256-2,37.0759003562,126.7891504444,20260201,
화성시,서해목장,소,100,경기도 화성시 만세구 남양읍 활초길15번길 172-11,경기도 화성시 만세구 남양읍 활초리 682-1,37.1647208924,126.8392300651,20260201,
화성시,서해목장,소,14,,경기도 화성시 만세구 서신면 송교리 187,37.1650320310,126.6670364395,20260201,
화성시,서현농장,염소,11,경기도 화성시 효행구 비봉면 쌍학길 131-9,경기도 화성시 효행구 비봉면 쌍학리 103-1,37.2394034027,126.9005644622,20260201,
화성시,서호목장,소,110,경기도 화성시 만세구 장안면 덕다길 341,경기도 화성시 만세구 장안면 덕다리 산76-1,37.0483638364,126.8403075928,20260201,
화성시,석천농장,소,10,경기도 화성시 만세구 남양읍 남양서로225번길 64,경기도 화성시 만세구 남양읍 원천리 404-1,37.2319702406,126.7993568821,20260201,
화성시,석천목장,소,30,경기도 화성시 만세구 우정읍 석천길 65-29,경기도 화성시 만세구 우정읍 석천리 41,37.0532037204,126.7917141424,20260201,
화성시,선농장3,소,15,경기도 화성시 효행구 정남면 정남동로 441-112,경기도 화성시 효행구 정남면 금복리 148-1,37.1558775438,127.0012637017,20260201,
화성시,선두목장,소,90,경기도 화성시 만세구 마도면 마도북로 252,경기도 화성시 만세구 마도면 슬항리 394,37.2000564775,126.7571929163,20260201,
화성시,선목장,소,16,경기도 화성시 효행구 정남면 정남동로 441-26,경기도 화성시 효행구 정남면 금복리 120-1,37.1583793503,127.0024298049,20260201,
화성시,선우농장,소,41,경기도 화성시 만세구 송산면 육일안길 34-10,경기도 화성시 만세구 송산면 육일리 461,37.2022075932,126.7215968070,20260201,
화성시,선우목장,소,90,,경기도 화성시 만세구 남양읍 무송리 124-2,37.2002483910,126.8504871990,20260201,
화성시,선일목장,소,98,경기도 화성시 만세구 우정읍 석천길 48-30,경기도 화성시 만세구 우정읍 화산리 789-5,37.0556390572,126.7874514112,20260201,
화성시,선장안농장,소,120,,경기도 화성시 만세구 장안면 장안리 산57,,,20260201,
화성시,선제목장,소,73,경기도 화성시 만세구 장안면 장안고잔길 141-33,경기도 화성시 만세구 장안면 장안리 2100,37.0369424366,126.8289822974,20260201,
화성시,선진농장,소,36,경기도 화성시 만세구 향남읍 요골길 19-16,경기도 화성시 만세구 향남읍 요리 427,37.1093758699,126.9705950567,20260201,
화성시,선진목장,소,140,경기도 화성시 만세구 팔탄면 3.1만세로 879-67,경기도 화성시 만세구 팔탄면 매곡리 83-3,37.1195243750,126.8861684306,20260201,
화성시,선화목장,소,17,경기도 화성시 만세구 우정읍 여술길 25-7,경기도 화성시 만세구 우정읍 화수리 555-2,37.1025226425,126.7861459581,20260201,
화성시,설영목장,소,0,경기도 화성시 만세구 양감면 사릅재길 10,경기도 화성시 만세구 양감면 용소리 638,37.0817082028,126.9883614191,20260201,
화성시,성룡목장,소,35,경기도 화성시 효행구 봉담읍 주석로 1091-69,경기도 화성시 효행구 봉담읍 상기리 403-1,37.2051474298,126.9385984883,20260201,
화성시,성산농원,염소,15,경기도 화성시 만세구 향남읍 삼천병마로 89-45,경기도 화성시 만세구 향남읍 제암리 250-105,37.1238195626,126.8993608216,20260201,
화성시,성실농장,돼지,912,경기도 화성시 만세구 남양읍 온석길 61-5,경기도 화성시 만세구 남양읍 온석리 250-2,37.1691035511,126.8526295855,20260201,
화성시,성심목장,소,33,경기도 화성시 만세구 서신면 궁평항로1194번길 88-1,경기도 화성시 만세구 서신면 궁평리 359,37.1294073022,126.6954032009,20260201,
화성시,성원목장,소,62,경기도 화성시 만세구 장안면 삼수문길 69-71,경기도 화성시 만세구 장안면 독정리 1801,37.0727777949,126.8640688736,20260201,
화성시,성원목장,소,48,경기도 화성시 만세구 장안면 장안고잔길 23,경기도 화성시 만세구 장안면 장안리 산216-28,37.0339307308,126.8433108682,20260201,
화성시,성은목장,소,95,경기도 화성시 만세구 남양읍 현대기아로487번길 35-21,경기도 화성시 만세구 남양읍 무송리 153-2,37.1973184366,126.8430025176,20260201,
화성시,성준농장,소,65,경기도 화성시 만세구 팔탄면 약수터길 158-53,경기도 화성시 만세구 팔탄면 가재리 614,37.1492677845,126.9140577347,20260201,
화성시,성지농장,돼지,236,경기도 화성시 만세구 마도면 쌍송길99번길 42,경기도 화성시 만세구 마도면 쌍송리 607,37.1816758681,126.7818530731,20260201,
화성시,성진목장,소,0,경기도 화성시 만세구 장안면 문두골길 84-18,경기도 화성시 만세구 장안면 장안리 3045-8,37.0529884411,126.8485225553,20260201,
화성시,성진축산,돼지,0,경기도 화성시 만세구 양감면 길목길 30-72,경기도 화성시 만세구 양감면 정문리 535,37.0866232266,126.9888909656,20260201,
화성시,성현목장,소,50,경기도 화성시 만세구 우정읍 매화길 67,경기도 화성시 만세구 우정읍 이화리 814-4,37.0318280691,126.7912043660,20260201,
화성시,성호농장,소,44,경기도 화성시 만세구 양감면 솔미마을길 175,경기도 화성시 만세구 양감면 대양리 1485-3,37.0964120281,126.9465812050,20260201,
화성시,성환목장,소,20,경기도 화성시 만세구 마도면 마도로181번길 63-31,경기도 화성시 만세구 마도면 백곡리 218,37.1885341981,126.7217033808,20260201,
화성시,세기농장,소,16,경기도 화성시 효행구 정남면 발산2길 18,경기도 화성시 효행구 정남면 발산리 681,37.1534546905,126.9827881861,20260201,
화성시,세일제1농장,소,30,,경기도 화성시 만세구 향남읍 요리 116,,,20260201,
화성시,세일제2농장,소,120,경기도 화성시 만세구 향남읍 토성로 441-12,경기도 화성시 만세구 향남읍 요리 196,37.1112612565,126.9668902053,20260201,
화성시,세종1농장,소,30,경기도 화성시 만세구 마도면 마도로 546,경기도 화성시 만세구 마도면 청원리 229-1,37.1894198926,126.7629417518,20260201,
화성시,세종2농장,소,30,경기도 화성시 만세구 마도면 마도로 541,경기도 화성시 만세구 마도면 청원리 77-1,37.1899822660,126.7620574739,20260201,
화성시,세희농장,소,37,경기도 화성시 만세구 송산면 화성로 523-31,경기도 화성시 만세구 송산면 봉가리 276,37.2103828352,126.7480532855,20260201,
화성시,소노지농장,소,2,,경기도 화성시 만세구 서신면 매화리 779-2,37.1629193626,126.6984060746,20260201,
화성시,소라농장,소,30,경기도 화성시 만세구 팔탄면 마곡길 34-36,경기도 화성시 만세구 팔탄면 구장리 716-1,37.1682678622,126.9083017575,20260201,
화성시,소영목장,소,15,경기도 화성시 효행구 봉담읍 호련2길 50-15,경기도 화성시 효행구 봉담읍 상기리 292,37.2057433567,126.9256456901,20260201,
화성시,소우목장,소,20,경기도 화성시 만세구 장안면 금의솔안길 101-42,경기도 화성시 만세구 장안면 금의리 602-21,37.1071282081,126.8324602754,20260201,
화성시,소의목장,소,130,경기도 화성시 만세구 송산면 이봉산동길 28-20,경기도 화성시 만세구 송산면 마산리 513-1,37.2290173317,126.6949998107,20260201,
화성시,소풍목장,소,0,경기도 화성시 만세구 장안면 남양호로 81-60,경기도 화성시 만세구 장안면 수촌리 1171,37.0900494222,126.8743327541,20260201,
화성시,솔로몬목장,소,23,경기도 화성시 만세구 남양읍 남양서로 510-12,경기도 화성시 만세구 남양읍 문호리 440-2,37.2538357077,126.7989852919,20260201,
화성시,솔마루목장,소,78,경기도 화성시 만세구 우정읍 평밭길 152-5,경기도 화성시 만세구 우정읍 원안리 700-2,37.0933374558,126.7742932260,20260201,
화성시,솔미목장,소,6,경기도 화성시 만세구 송산면 중송길 93,경기도 화성시 만세구 송산면 중송리 358-4,37.2171394651,126.7020125117,20260201,
화성시,솔안목장,소,70,,경기도 화성시 만세구 우정읍 한각리 산19-1,,,20260201,
화성시,송교농장,소,5,경기도 화성시 만세구 서신면 살곶이길45번길 20,경기도 화성시 만세구 서신면 송교리 763-1,37.1589689678,126.6622833493,20260201,
화성시,송남목장,소,60,,경기도 화성시 효행구 정남면 백리 276,37.1634384275,126.9615204890,20260201,
화성시,송내동목장,소,70,경기도 화성시 만세구 양감면 줄터길 39-17,경기도 화성시 만세구 양감면 용소리 산34-4,37.0826992345,126.9738184061,20260201,
화성시,송라리목장,소,26,경기도 화성시 효행구 매송면 매송북길264번길 54-5,경기도 화성시 효행구 매송면 송라리 13-1,37.2811532798,126.9108371582,20260201,
화성시,송림농장,소,9,경기도 화성시 만세구 남양읍 샘실길 153-2,경기도 화성시 만세구 남양읍 송림리 670-4,37.2187869129,126.8107950501,20260201,
화성시,송림농장,소,15,경기도 화성시 만세구 남양읍 남양서로182번길 26-43,경기도 화성시 만세구 남양읍 송림리 575,37.2277134520,126.8143773671,20260201,
화성시,송림목장,소,54,경기도 화성시 만세구 남양읍 송림로 121,경기도 화성시 만세구 남양읍 송림리  340-7,37.2256061203,126.8257024159,20260201,
화성시,송마을목장,소,5,경기도 화성시 효행구 비봉면 청요로31번길 3-26,경기도 화성시 효행구 비봉면 청요리 194,37.2041646691,126.8981612495,20260201,
화성시,송산농장,돼지,0,경기도 화성시 만세구 송산면 송산서로 183-26,경기도 화성시 만세구 송산면 지화리 161-11,37.2191576611,126.6925686039,20260201,
화성시,송산염소,염소,20,,경기도 화성시 만세구 송산면 사강리 465-13,37.2106570463,126.7254005195,20260201,
화성시,송원목장,소,97,경기도 화성시 효행구 매송면 어사로 203-11,경기도 화성시 효행구 매송면 어천리 산67-1,37.2685220386,126.9193945427,20260201,
화성시,송원목장,소,115,경기도 화성시 만세구 장안면 장안고잔길 208,경기도 화성시 만세구 장안면 장안리 1475-45,37.0392028920,126.8350119681,20260201,
화성시,송원목장1,소,30,경기도 화성시 만세구 장안면 삼수문길 191,경기도 화성시 만세구 장안면 독정리 1646,37.0625182018,126.8705546378,20260201,
화성시,송정목장,소,9,경기도 화성시 만세구 서신면 돌팍재길129번길 19,경기도 화성시 만세구 서신면 상안리 502,37.1816539977,126.7023409175,20260201,
화성시,송중목장,소,63,경기도 화성시 만세구 양감면 느지지길 5-24,경기도 화성시 만세구 양감면 요당리 489,37.0728812526,126.9157259318,20260201,
화성시,송중목장2,소,0,경기도 화성시 만세구 양감면 서해로 92-21,경기도 화성시 만세구 양감면 요당리 492-3,37.0742666130,126.9151528145,20260201,
화성시,송형1목장,소,115,경기도 화성시 효행구 정남면 가장로 172-28,경기도 화성시 효행구 정남면 용수리 72,37.1674683772,126.9988221855,20260201,
화성시,송형2목장,소,84,경기도 화성시 효행구 정남면 정남동로325번길 35-101,경기도 화성시 효행구 정남면 망월리390,37.1444857856,127.0039058352,20260201,
화성시,쇠죽골목장,소,32,경기도 화성시 효행구 봉담읍 호련2길 50-18,경기도 화성시 효행구 봉담읍 상기리 293-1,37.2061024822,126.9253499663,20260201,
화성시,수도목장,소,90,경기도 화성시 만세구 양감면 솔안길 40,경기도 화성시 만세구 양감면 용소리 1036,37.0788262598,126.9684561973,20260201,
화성시,수만목장,소,85,경기도 화성시 효행구 정남면 보통내길17번길 14-7,경기도 화성시 효행구 정남면 보통리 299-4,37.1799647080,126.9745076347,20260201,
화성시,수산나농장,염소,10,경기도 화성시 만세구 남양읍 남양서로225번길 25,경기도 화성시 만세구 남양읍 원천리 321,37.2302654520,126.8022134115,20260201,
화성시,수산목장,소,12,경기도 화성시 만세구 송산면 화성로583번길 63,경기도 화성시 만세구 송산면 삼존리 574,37.2158488954,126.7529017708,20260201,
화성시,수산목장,소,25,경기도 화성시 만세구 송산면 삼존서길 28-5,경기도 화성시 만세구 송산면 삼존리 534-11,37.2127906101,126.7482209839,20260201,
화성시,수성목장,소,10,경기도 화성시 만세구 남양읍 남양로 1387,경기도 화성시 만세구 남양읍 수화리 261-2,37.2557301302,126.8161984336,20260201,
화성시,수일목장,소,10,경기도 화성시 효행구 매송면 화성로2357번길 11-21,경기도 화성시 효행구 매송면 원평리 106-4,37.2530089658,126.9230543681,20260201,
화성시,수정농장,소,11,경기도 화성시 만세구 향남읍 삼미재길 12,경기도 화성시 만세구 향남읍 길성리 409,37.1219015583,126.9656899133,20260201,
화성시,수정농장,소,75,경기도 화성시 만세구 장안면 장안로 232,경기도 화성시 만세구 장안면 어은리 566-3,37.0857741092,126.8422000465,20260201,
화성시,수정목장,소,140,경기도 화성시 만세구 우정읍 화수길 96,경기도 화성시 만세구 우정읍 화수리 951-23,37.1095071264,126.7904135418,20260201,
화성시,수직목장,소,120,경기도 화성시 만세구 양감면 초록로 740-19,경기도 화성시 만세구 양감면 송산리 산21,37.1157938160,126.9828193505,20260201,
화성시,수청솔목장,소,0,경기도 화성시 만세구 향남읍 구밀안길 14-3,경기도 화성시 만세구 향남읍 구문천리 457-6,37.0782828095,126.8981114300,20260201,
화성시,수향목장,소,18,,경기도 화성시 만세구 팔탄면 노하리 456-4,37.1561476341,126.8512751223,20260201,
화성시,수화농장,소,64,,경기도 화성시 만세구 남양읍 수화리 638,37.2503630733,126.8205932701,20260201,
화성시,순권농장,소,20,,경기도 화성시 만세구 남양읍 송림리 산64-1,37.2270452317,126.8263713913,20260201,
화성시,순이네 흑염소농장,염소,20,경기도 화성시 만세구 남양읍 안석길111번길 66,경기도 화성시 만세구 남양읍 안석리 213-5,37.1751119228,126.8260500523,20260201,
화성시,순임목장,소,78,경기도 화성시 만세구 마도면 마도서길245번길 26,경기도 화성시 만세구 마도면 백곡리 468,37.1835244886,126.7275228955,20260201,
화성시,순정목장,소,30,경기도 화성시 만세구 팔탄면 화당길 54-11,경기도 화성시 만세구 팔탄면 화당리 104-1,37.1194307533,126.8599417217,20260201,
화성시,순종목장,소,74,경기도 화성시 만세구 서신면 궁평항로 1542-19,경기도 화성시 만세구 서신면 용두리 777,37.1528878628,126.7032850955,20260201,
화성시,스카이목장,소,179,경기도 화성시 만세구 장안면 남양호로 81-72,경기도 화성시 만세구 장안면 수촌리 1366,37.0922832315,126.8757209403,20260201,
화성시,스카이목장,소,32,경기도 화성시 만세구 팔탄면 동막골길 35-5,경기도 화성시 만세구 팔탄면 가재리 397,37.1532061972,126.9212459370,20260201,
화성시,스타팜,돼지,871,경기도 화성시 만세구 장안면 남양황라로 308-15,경기도 화성시 만세구 장안면 장안리 1993,37.0242964863,126.8323538223,20260201,
화성시,슬항제1목장,소,47,경기도 화성시 만세구 마도면 마도북로 242,경기도 화성시 만세구 마도면 슬항리 389-3,37.1999236443,126.7561349986,20260201,
화성시,슬항제2목장,소,65,경기도 화성시 만세구 마도면 마도북로 251,경기도 화성시 만세구 마도면 슬항리 333-1,37.2007725275,126.7563858418,20260201,
화성시,승근목장,소,75,경기도 화성시 효행구 봉담읍 호련2길 60-7,경기도 화성시 효행구 봉담읍 상기리 219-1,37.2069734384,126.9227964683,20260201,
화성시,승리목장,소,20,경기도 화성시 만세구 우정읍 버들로292번길 78,경기도 화성시 만세구 우정읍 운평리 6,37.0900761052,126.7849687360,20260201,
화성시,승풍목장,소,60,,경기도 화성시 효행구 매송면 원평리 462,37.2404482487,126.9247045539,20260201,
화성시,승훈목장,소,0,경기도 화성시 만세구 장안면 장안당골길 181-10,경기도 화성시 만세구 장안면 장안리 3039-1,37.0604136265,126.8714493455,20260201,
화성시,승훈목장,소,72,경기도 화성시 만세구 송산면 칠곡길 119-7,경기도 화성시 만세구 송산면 칠곡리 83,37.2077261776,126.7123668148,20260201,
화성시,시온목장,소,77,경기도 화성시 만세구 양감면 초록로 571-31,경기도 화성시 만세구 양감면 사창리 산 56-1,37.1026440566,126.9709907814,20260201,
화성시,신가람목장,소,29,경기도 화성시 만세구 향남읍 솔태상두길 218,경기도 화성시 만세구 향남읍 상두리 187-1,37.1097251014,126.9522244098,20260201,
화성시,신가성목장,소,130,,경기도 화성시 효행구 봉담읍 내리 780-3,37.2376179620,126.9186661521,20260201,
화성시,신광목장,소,55,경기도 화성시 만세구 남양읍 신남안길 154-29,경기도 화성시 만세구 남양읍 신남리 507-3,37.1791064809,126.8121695873,20260201,
화성시,신기목장,소,70,경기도 화성시 만세구 남양읍 송림로92번길 24,경기도 화성시 만세구 남양읍 송림리 315-1,37.2218377870,126.8256119769,20260201,
화성시,신남농장,소,0,경기도 화성시 만세구 남양읍 신남동길 74,경기도 화성시 만세구 남양읍 신남리 184-1,37.1887167040,126.8249376974,20260201,
화성시,신농장,소,31,경기도 화성시 효행구 정남면 신백길 83,경기도 화성시 효행구 정남면 오일리 187-1,37.1657943129,126.9703932673,20260201,
화성시,신느티목장,소,0,,경기도 화성시 만세구 양감면 정문리 652-6,37.0852119646,126.9800513386,20260201,
화성시,신대경목장,소,60,경기도 화성시 만세구 팔탄면 고주골길 12,경기도 화성시 만세구 팔탄면 고주리 214-3,37.1275901544,126.8875555305,20260201,
화성시,신대성목장,소,42,경기도 화성시 만세구 마도면 해운로 576-2,경기도 화성시 만세구 마도면 고모리 597-4,37.1726903270,126.7472217053,20260201,
화성시,신도농장,돼지,990,경기도 화성시 만세구 향남읍 동오1길 127-21,경기도 화성시 만세구 향남읍 동오리 330-7,37.1421410523,126.9524749210,20260201,
화성시,신라농장,소,70,경기도 화성시 만세구 우정읍 평밭길 49-13,경기도 화성시 만세구 우정읍 운평리 941,37.0845473497,126.7725993454,20260201,
화성시,신매바위목장,소,40,경기도 화성시 만세구 남양읍 남양로 76-14,경기도 화성시 만세구 남양읍 장덕리 967-7,37.1526440561,126.7957426370,20260201,
화성시,신매호목장,소,50,경기도 화성시 만세구 남양읍 신남안길83번길 20,경기도 화성시 만세구 남양읍 신남리 856-1,37.1847391969,126.8073529609,20260201,
화성시,신명농장,소,100,경기도 화성시 만세구 양감면 초록로166번길 95-28,경기도 화성시 만세구 양감면 신왕리 6,37.0697948289,126.9646270330,20260201,
화성시,신문지목장,소,66,경기도 화성시 만세구 송산면 문지안길21번길 16-19,경기도 화성시 만세구 송산면 독지리 203-1,37.2537530944,126.6965972677,20260201,
화성시,신박목장,소,,경기도 화성시 만세구 우정읍 평밭길 189-70,경기도 화성시 만세구 우정읍 운평리 757,37.0942082711,126.7693112608,20260201,
화성시,신산목장,소,64,경기도 화성시 효행구 매송면 매송로330번길 24,경기도 화성시 효행구 매송면 야목리 691,37.2632711584,126.8845412978,20260201,
화성시,신선농장,염소,20,,경기도 화성시 만세구 팔탄면 구장리 461-2,37.1541477506,126.8954833885,20260201,
화성시,신성농장,소,45,경기도 화성시 만세구 송산면 송산로152번길 39,경기도 화성시 만세구 송산면 사강리 126-2,37.2237515762,126.7203497047,20260201,
화성시,신성목장,소,45,경기도 화성시 만세구 우정읍 기아자동차로 488-48,경기도 화성시 만세구 우정읍 화산리 711,37.0597301349,126.7887291151,20260201,
화성시,신송산목장,소,101,경기도 화성시 만세구 양감면 송말길 58-61,경기도 화성시 만세구 양감면 송산리 1004-6,37.1016727510,126.9942254888,20260201,
화성시,신안농장,소,104,경기도 화성시 만세구 장안면 남양호로 376-15,경기도 화성시 만세구 장안면 독정리 1550,37.0638754314,126.8800819049,20260201,
화성시,신안목장,소,50,경기도 화성시 만세구 팔탄면 버들로 1413,경기도 화성시 만세구 팔탄면 덕우리 248,37.1248651841,126.8614156884,20260201,
화성시,신애목장,소,42,경기도 화성시 만세구 남양읍 신남안길129번길 29-3,경기도 화성시 만세구 남양읍 신남리 669,37.1844290102,126.8113552320,20260201,
화성시,신양지목장,소,70,경기도 화성시 효행구 정남면 내향로 270-3,경기도 화성시 효행구 정남면 귀래리 253,37.1307370709,126.9948539698,20260201,
화성시,신양축산,돼지,4688,경기도 화성시 만세구 양감면 안요골길 115,경기도 화성시 만세구 양감면 사창리 653-1,37.1019101711,126.9661342078,20260201,
화성시,신양축산제2농장,돼지,188,경기도 화성시 만세구 양감면 안요골길 114,경기도 화성시 만세구 양감면 사창리 651,37.1009935291,126.9647564297,20260201,
화성시,신우목장,소,67,,경기도 화성시 만세구 송산면 신천리 252,,,20260201,
화성시,신우영목장,소,55,경기도 화성시 만세구 우정읍 매향석천로 11-21,경기도 화성시 만세구 우정읍 매향리 488,37.0484430378,126.7692216584,20260201,
화성시,신원목장,소,26,,경기도 화성시 만세구 장안면 수촌리 405-19,,,20260201,
화성시,신지목장,소,24,,경기도 화성시 만세구 송산면 신천리 354-2,37.2497038480,126.7175918963,20260201,
화성시,신진아목장,소,61,경기도 화성시 만세구 남양읍 장덕북길 135,경기도 화성시 만세구 남양읍 장덕리 553-1,37.1678363158,126.8009293422,20260201,
화성시,신진제일농장,소,0,경기도 화성시 효행구 비봉면 비봉로89번길 24-22,경기도 화성시 효행구 비봉면 양노리 190,37.2336109357,126.8699805394,20260201,
화성시,신천농장,소,34,경기도 화성시 만세구 송산면 신천길 98,경기도 화성시 만세구 송산면 신천리 400-1,37.2493759911,126.7186875774,20260201,
화성시,신평화목장,소,113,경기도 화성시 효행구 정남면 원오일길 52,경기도 화성시 효행구 정남면 오일리 118-2,37.1732473031,126.9700258479,20260201,
화성시,신하늘 목장,소,144,경기도 화성시 만세구 남양읍 장덕동길 32-10,경기도 화성시 만세구 남양읍 장덕리 280-1,37.1614022107,126.8104829735,20260201,
화성시,신현목장,소,46,경기도 화성시 만세구 우정읍 소고지길 116-10,경기도 화성시 만세구 우정읍 주곡리 920-6,37.1226358085,126.8109923606,20260201,
화성시,신화목장,소,5,경기도 화성시 만세구 남양읍 신남안길 193,경기도 화성시 만세구 남양읍 신남안길 193,37.1854408203,126.8132950935,20260201,
화성시,신화성목장,소,0,경기도 화성시 만세구 장안면 버들로 1294-67,경기도 화성시 만세구 장안면 석포리 3-1,37.1220659574,126.8489216395,20260201,
화성시,신흥축산,소,70,경기도 화성시 만세구 양감면 창말안길 119,경기도 화성시 만세구 양감면 신왕리 1819-9,37.0733369177,126.9468389343,20260201,
화성시,실비아목장,소,50,경기도 화성시 만세구 팔탄면 3.1만세로 877-6,경기도 화성시 만세구 팔탄면 매곡리 91-1,37.1196546973,126.8887113393,20260201,
화성시,쌍둥목장,소,22,,경기도 화성시 만세구 우정읍 호곡리 589-1,37.1164688884,126.7737766399,20260201,
화성시,쌍정농장,소,35,경기도 화성시 만세구 송산면 공룡로264번길 36,경기도 화성시 만세구 송산면 쌍정리 983-1,37.2324880908,126.7344864224,20260201,
화성시,씨와이농장,돼지,6377,경기도 화성시 만세구 장안면 남양호로 714,경기도 화성시 만세구 장안면 장안리 2706,37.0375222940,126.8622041066,20260201,
화성시,아람농장,소,16,경기도 화성시 만세구 남양읍 남양로 1228-7,경기도 화성시 만세구 남양읍 시리 23-1,37.2432979383,126.8205388189,20260201,
화성시,아침목장,소,120,,경기도 화성시 만세구 우정읍 호곡리 272-4,37.1192126749,126.7635592165,20260201,
화성시,안길목장,소,64,경기도 화성시 만세구 향남읍 제약단지로 76-45,경기도 화성시 만세구 향남읍 하길리 1138-5,37.0878804333,126.9193126496,20260201,
화성시,안드레아목장,소,100,경기도 화성시 효행구 매송면 송숙로 243-25,경기도 화성시 효행구 매송면 숙곡리 77-1,37.2641204217,126.9079022738,20260201,
화성시,안말목장,소,50,경기도 화성시 만세구 장안면 은골길30번길 8,경기도 화성시 만세구 장안면 어은리 139-1,37.0933578909,126.8362494172,20260201,
화성시,안목골농장,소,15,경기도 화성시 효행구 정남면 문학로 23-20,경기도 화성시 효행구 정남면 문학리 438,37.1548058753,126.9683189329,20260201,
화성시,안산목장,소,18,,경기도 화성시 만세구 마도면 고모리 95,,,20260201,
화성시,안양목장,소,45,경기도 화성시 만세구 송산면 송산로292번길 25,경기도 화성시 만세구 송산면 천등리  614-2,37.2290142570,126.7119650783,20260201,
화성시,안희재농장,소,13,경기도 화성시 만세구 남양읍 시동남길 99,경기도 화성시 만세구 남양읍 시리 694-1,37.2390927823,126.7935524202,20260201,
화성시,안희찬목장,소,19,경기도 화성시 만세구 마도면 마도서길 122-60,경기도 화성시 만세구 마도면 고모리 16,37.1764645425,126.7425656914,20260201,
화성시,알짜목장,소,50,경기도 화성시 만세구 양감면 창말안길 31-21,경기도 화성시 만세구 양감면 신왕리 619,37.0791820620,126.9476852615,20260201,
화성시,알짜목장,소,50,경기도 화성시 만세구 남양읍 신남안길83번길 41,경기도 화성시 만세구 남양읍 신남리 853-5,37.1850670974,126.8094792626,20260201,
화성시,애영목장,소,38,경기도 화성시 만세구 팔탄면 노하길330번길 41,경기도 화성시 만세구 팔탄면 노하리 579-2,37.1547637944,126.8645766002,20260201,
화성시,야곱목장,소,117,경기도 화성시 만세구 송산면 송산포도로 411,경기도 화성시 만세구 송산면 중송리 144-1,37.2230567485,126.7066617396,20260201,
화성시,야곱목장,소,70,경기도 화성시 만세구 양감면 솔안길 21-14,경기도 화성시 만세구 양감면 용소리 1124-1,37.0780593905,126.9663014828,20260201,
화성시,야곱제1목장,소,13,경기도 화성시 만세구 남양읍 장덕동길 117-15,경기도 화성시 만세구 남양읍 장덕리 77-2,37.1665870062,126.8154480747,20260201,
화성시,야목목장,소,130,경기도 화성시 효행구 매송면 야목동길26번길 16-5,경기도 화성시 효행구 매송면 야목리 537-1,37.2662073909,126.8841001068,20260201,
화성시,야목목장2,소,159,경기도 화성시 만세구 팔탄면 노하길 229-54,경기도 화성시 만세구 팔탄면 노하리 1184,37.1641949699,126.8583480292,20260201,
화성시,양산목장,소,30,경기도 화성시 만세구 장안면 덕다길 447-16,경기도 화성시 만세구 장안면 장안리 721-1,37.0417265295,126.8495858633,20260201,
화성시,양순선목장,소,51,경기도 화성시 만세구 팔탄면 약수터길 14-31,경기도 화성시 만세구 팔탄면 구장리 248-3,37.1570390519,126.9070378376,20260201,
화성시,양양축산,소,32,경기도 화성시 효행구 정남면 정남동로 441-48,경기도 화성시 효행구 정남면 금복리 115-1,37.1579097387,127.0000790842,20260201,
화성시,양우목장,소,30,경기도 화성시 만세구 팔탄면 지월길 54-9,경기도 화성시 만세구 팔탄면 지월리 613-1,37.1456967081,126.8887720609,20260201,
화성시,양지목장,소,13,경기도 화성시 만세구 송산면 칠곡길 75,경기도 화성시 만세구 송산면 칠곡리 52,37.2082681731,126.7084844738,20260201,
화성시,양지목장,소,28,경기도 화성시 효행구 정남면 음양5길 67-32,경기도 화성시 효행구 정남면 음양리 142,37.1474143932,127.0189759664,20260201,
화성시,양지목장,소,0,경기도 화성시 만세구 마도면 석곡길 46,경기도 화성시 만세구 마도면 두곡리 430-1,37.2029142633,126.7791389605,20260201,
화성시,양지목장,소,35,경기도 화성시 만세구 마도면 마도서길 62-7,경기도 화성시 만세구 마도면 고모리 323-1,37.1739994946,126.7404951163,20260201,
화성시,양지목장,소,100,경기도 화성시 만세구 송산면 칠곡길 66,경기도 화성시 만세구 송산면 칠곡리 48,37.2076748796,126.7087273282,20260201,
화성시,양지목장,소,12,,경기도 화성시 만세구 송산면 사강리 산35,,,20260201,
화성시,양지목장,소,20,경기도 화성시 효행구 정남면 괘랑3길 5,경기도 화성시 효행구 정남면 괘랑리 318-1,37.1840728177,126.9947017690,20260201,
화성시,엄종국농장,소,7,,경기도 화성시 만세구 우정읍 주곡리 681-2,,,20260201,
화성시,에덴농장,소,24,경기도 화성시 만세구 우정읍 평밭길 189-52,경기도 화성시 만세구 우정읍 원안리 672-56,37.0962424202,126.7688191045,20260201,
화성시,에덴농장,염소,14,경기도 화성시 효행구 비봉면 구포동길37번길 38-25,경기도 화성시 효행구 비봉면 구포리 55-1,37.2461229798,126.8872966438,20260201,
화성시,에덴목장,소,100,경기도 화성시 만세구 양감면 송말길 58-55,경기도 화성시 만세구 양감면 송산리 1002-9,37.1023595365,126.9946260654,20260201,
화성시,에덴목장,소,,경기도 화성시 만세구 장안면 3.1만세로322번길 26-23,경기도 화성시 만세구 장안면 어은리 산 15,37.0968145211,126.8402366054,20260201,
화성시,에셀목장,소,29,경기도 화성시 만세구 향남읍 요골길 19-38,경기도 화성시 만세구 향남읍 요리 418,37.1110718350,126.9708871424,20260201,
화성시,에스알(SR),소,2,,경기도 화성시 만세구 우정읍 호곡리 1166-8,37.1132805147,126.7674199307,20260201,
화성시,엘로이목장,소,124,경기도 화성시 만세구 우정읍 버들로 216-41,경기도 화성시 만세구 우정읍 한각리 669,37.0864337197,126.7938803774,20260201,
화성시,엘림농장,소,90,경기도 화성시 만세구 우정읍 굴원길 50,경기도 화성시 만세구 우정읍 호곡리 1122-10,37.1155624703,126.7840650463,20260201,
화성시,여슬농장,소,89,경기도 화성시 만세구 우정읍 화수길 161,경기도 화성시 만세구 우정읍 화수리 983-15,37.1093052975,126.7838313262,20260201,
화성시,연목장,소,33,경기도 화성시 효행구 정남면 정남동로207번길 66,경기도 화성시 효행구 정남면 제기리 548,37.1350771611,127.0175228801,20260201,
화성시,연서농장,염소,30,경기도 화성시 효행구 비봉면 쌍학길 131-9,경기도 화성시 효행구 비봉면 쌍학리 103-1,37.2394034027,126.9005644622,20260201,
화성시,연성목장,소,96,경기도 화성시 만세구 장안면 고해길 23,경기도 화성시 만세구 장안면 독정리 1810,37.0689189385,126.8639211104,20260201,
화성시,연학목장,돼지,0,,경기도 화성시 효행구 매송면 숙곡리 530-50,,,20260201,
화성시,연화목장,소,16,경기도 화성시 효행구 비봉면 삼화길 117,경기도 화성시 효행구 비봉면 삼화리 674-1,37.2449124166,126.8578672602,20260201,
화성시,연흥목장,소,4,경기도 화성시 만세구 송산면 신천안길 15,경기도 화성시 만세구 송산면 신천리 371,37.2492944893,126.7159033426,20260201,
화성시,영광목장,소,4,경기도 화성시 만세구 양감면 창말안길 78-21,경기도 화성시 만세구 양감면 신왕리 856-1,37.0759570899,126.9442773937,20260201,
화성시,영광축산,염소,100,,경기도 화성시 효행구 비봉면 양노리 116,37.2219877275,126.8756500328,20260201,
화성시,영근목장,소,65,경기도 화성시 만세구 장안면 장안고잔길 104-6,경기도 화성시 만세구 장안면 장안리 1487-22,37.0371430228,126.8357945403,20260201,
화성시,영동목장,소,75,,경기도 화성시 만세구 우정읍 석천리 958-6,37.0383602947,126.7734900962,20260201,
화성시,영목장,소,9,경기도 화성시 만세구 남양읍 한가울길252번길 50-3,경기도 화성시 만세구 남양읍 남양리 765,37.2012859918,126.8115063660,20260201,
화성시,영승목장,소,58,경기도 화성시 만세구 남양읍 주석로 314-14,경기도 화성시 만세구 남양읍 북양리 571-3,37.2056075748,126.8604430008,20260201,
화성시,영암농장,돼지,2001,경기도 화성시 효행구 정남면 원오일길 70-10,경기도 화성시 효행구 정남면 오일리 57,37.1748850380,126.9693948503,20260201,
화성시,영은목장,소,65,경기도 화성시 만세구 팔탄면 노하길 14-23,경기도 화성시 만세구 팔탄면 노하리 1127-1,37.1468484422,126.8428988533,20260201,
화성시,영일목장,소,48,경기도 화성시 만세구 향남읍 동오2길 29-42,경기도 화성시 만세구 향남읍 동오리 684,37.1334472558,126.9594165399,20260201,
화성시,영중목장,소,80,,경기도 화성시 만세구 남양읍 문호리 364-2,37.2586901093,126.8010486933,20260201,
화성시,영풍농장,소,50,경기도 화성시 만세구 우정읍 화수길 151,경기도 화성시 만세구 우정읍 화수리 291-4,37.1097894014,126.7848847318,20260201,
화성시,영환목장,소,15,경기도 화성시 만세구 장안면 버들로 1246-10,경기도 화성시 만세구 장안면 석포리 329-2,37.1300519713,126.8439334912,20260201,
화성시,예림농장,소,10,,경기도 화성시 만세구 송산면 신천리 583-2,37.2476741527,126.7164890074,20260201,
화성시,예성1농장,돼지,3000,경기도 화성시 만세구 장안면 남양황라로 308-64,경기도 화성시 만세구 장안면 장안리 1940,37.0202606162,126.8311975131,20260201,
화성시,예준농장,돼지,1980,,경기도 화성시 만세구 장안면 장안리 1948-1,37.0205356973,126.8310305321,20260201,
화성시,예찬농장,돼지,365,경기도 화성시 효행구 매송면 매송로330번길 38,경기도 화성시 효행구 매송면 야목리 677,37.2631613026,126.8859519154,20260201,
화성시,오뚜기목장,소,190,경기도 화성시 만세구 장안면 금의솔안길 101-40,경기도 화성시 만세구 장안면 금의리 600-1,37.1077123210,126.8321400183,20260201,
화성시,오멕이농장,소,5,경기도 화성시 만세구 마도면 마도서길77번길 24-31,경기도 화성시 만세구 마도면 고모리 280,37.1717875495,126.7343445313,20260201,
화성시,오성목장,소,4,경기도 화성시 만세구 서신면 매골길 115-5,경기도 화성시 만세구 서신면 매화리 69-1,37.1709931368,126.7162400821,20260201,
화성시,오월목장,소,130,경기도 화성시 만세구 우정읍 소고지길 71-13,경기도 화성시 만세구 우정읍 주곡리 435-1,37.1200834465,126.8061189249,20260201,
화성시,오일목장,소,8,경기도 화성시 효행구 정남면 원오일길41번길 16-9,경기도 화성시 효행구 정남면 오일리 106-2,37.1729996450,126.9690701021,20260201,
화성시,오케이목장,소,0,,경기도 화성시 만세구 남양읍 활초리 산112-1,,,20260201,
화성시,오훈목장,소,74,경기도 화성시 만세구 우정읍 매향웃말길 48-2,경기도 화성시 만세구 우정읍 매향리 357-2,37.0516376583,126.7625219529,20260201,
화성시,옥이목장,소,15,경기도 화성시 효행구 정남면 보통내길 29-1,경기도 화성시 효행구 정남면 보통리 297-1,37.1807503549,126.9748288939,20260201,
화성시,옥천목장,소,45,경기도 화성시 만세구 팔탄면 건달산로 201-36,경기도 화성시 만세구 팔탄면 기천리 117-4,37.1887185320,126.9060691550,20260201,
화성시,온누리목장,소,130,경기도 화성시 효행구 매송면 매봉로110번길 12,경기도 화성시 효행구 매송면 원평리 397,37.2411554103,126.9248584610,20260201,
화성시,와룡목장,소,12,,경기도 화성시 만세구 마도면 청원리 708-1,37.1767933558,126.7758451132,20260201,
화성시,와룡목장,소,25,경기도 화성시 만세구 마도면 청원로 208,경기도 화성시 만세구 마도면 청원리 708-2,37.1763914383,126.7755610092,20260201,
화성시,요리농장,소,15,,경기도 화성시 만세구 양감면 사창리 86-1,37.1086406666,126.9699052787,20260201,
화성시,요한목장,소,23,경기도 화성시 만세구 남양읍 남양서로416번길 46-37,경기도 화성시 만세구 남양읍 문호리 847-1,37.2472366939,126.8080328938,20260201,
화성시,요한목장,소,41,경기도 화성시 만세구 향남읍 만년로 105-4,경기도 화성시 만세구 향남읍 증거리 447-1,37.1334913042,126.9813816737,20260201,
화성시,용국목장,소,0,경기도 화성시 만세구 장안면 장안당골길 181-20,경기도 화성시 만세구 장안면 장안리 3044,37.0609745751,126.8701399755,20260201,
화성시,용두농장,염소,,경기도 화성시 만세구 서신면 해운로160번길 12,경기도 화성시 만세구 서신면 용두리 1104,37.1491369621,126.7139207811,20260201,
화성시,용성목장,소,39,경기도 화성시 만세구 우정읍 호곡길 254-10,경기도 화성시 만세구 우정읍 호곡리 298-5,37.1250058554,126.7731466942,20260201,
화성시,용성목장,소,26,,경기도 화성시 만세구 향남읍 상신리 171-1,37.1175346633,126.8908087259,20260201,
화성시,용우목장,소,32,경기도 화성시 효행구 정남면 발산5길 29-49,경기도 화성시 효행구 정남면 발산리 562-19,37.1570895882,126.9874484439,20260201,
화성시,용원농장,소,20,경기도 화성시 효행구 정남면 보통내길17번길 28-6,경기도 화성시 효행구 정남면 보통리 304,37.1803284199,126.9731870507,20260201,
화성시,우리농장,소,24,경기도 화성시 만세구 마도면 마도서길 76,경기도 화성시 만세구 마도면 고모리 216,37.1741998334,126.7380036659,20260201,
화성시,우리동물농장,소,98,경기도 화성시 만세구 우정읍 안두미2길 37-15,경기도 화성시 만세구 우정읍 호곡리 694-1,37.1161514164,126.7771371356,20260201,
화성시,우리목장,소,16,,경기도 화성시 만세구 팔탄면 지월리 674,37.1476017856,126.8937829474,20260201,
화성시,우리목장,소,27,경기도 화성시 만세구 서신면 노노피길 24,경기도 화성시 만세구 서신면 백미리 49,37.1434852424,126.6991162376,20260201,
화성시,우리목장,소,60,경기도 화성시 만세구 양감면 창말안길 100,경기도 화성시 만세구 양감면 신왕리 1820,37.0732726890,126.9446682211,20260201,
화성시,우리목장,소,10,경기도 화성시 효행구 봉담읍 청궁안뜰1길 7,경기도 화성시 효행구 봉담읍 내리 151-5,37.2357236496,126.9349784382,20260201,
화성시,우리목장,소,0,경기도 화성시 만세구 우정읍 평밭길 313,경기도 화성시 만세구 우정읍 원안리 540,37.1052627435,126.7712983759,20260201,
화성시,우리축사,소,5,경기도 화성시 효행구 매송면 송숙로 109,경기도 화성시 효행구 매송면 송라리 780,37.2689892323,126.8974426620,20260201,
화성시,우리터농장,염소,,경기도 화성시 만세구 양감면 용소금각로36번길 128-38,경기도 화성시 만세구 양감면 용소리 163,37.0742142656,126.9897279983,20260201,
화성시,우리흑염소농장,염소,20,,경기도 화성시 만세구 우정읍 매향리 621-1,37.0471423423,126.7682031218,20260201,
화성시,우목장,소,48,경기도 화성시 만세구 장안면 장안고잔길 244-18,경기도 화성시 만세구 장안면 장안리 1474-13,37.0391380543,126.8379248680,20260201,
화성시,우석농장,소,264,경기도 화성시 만세구 우정읍 평밭길 558,경기도 화성시 만세구 우정읍 호곡리 1176-12,37.1200112815,126.7671609959,20260201,
화성시,우선목장,소,4,,경기도 화성시 만세구 송산면 삼존리 1236,37.2257241895,126.7375170681,20260201,
화성시,우성목장,소,0,,경기도 화성시 만세구 우정읍 한각리 233-5,37.0851295503,126.7991439018,20260201,
화성시,우승목장,소,40,,경기도 화성시 만세구 장안면 장안리 산221-12,37.0339611228,126.8354524584,20260201,
화성시,우암농장,소,40,경기도 화성시 만세구 송산면 송산로161번길 20,경기도 화성시 만세구 송산면 사강리 255-1,37.2193120817,126.7196402336,20260201,
화성시,우영목장,소,150,경기도 화성시 만세구 우정읍 매향석천로 11-35,경기도 화성시 만세구 우정읍 매향리 587-5,37.0483525721,126.7721014635,20260201,
화성시,우와목장,소,14,경기도 화성시 만세구 우정읍 호곡길 239,경기도 화성시 만세구 우정읍 호곡리 산22-15,37.1233348601,126.7711251671,20260201,
화성시,우인목장,소,75,경기도 화성시 만세구 마도면 청원서길 197,경기도 화성시 만세구 마도면 청원리 454,37.1821194759,126.7645335589,20260201,
화성시,우정목장,소,20,경기도 화성시 만세구 장안면 고해길 36,경기도 화성시 만세구 장안면 독정리 1813,37.0678585092,126.8645261519,20260201,
화성시,우종목장,소,27,경기도 화성시 만세구 남양읍 남양로 415-27,경기도 화성시 만세구 남양읍 신남리 500-2,37.1783766482,126.8137758525,20260201,
화성시,우진농장,소,22,경기도 화성시 효행구 정남면 금복길53번길 70,경기도 화성시 효행구 정남면 내리 118-1,37.1579223108,127.0161388965,20260201,
화성시,우진목장,소,0,경기도 화성시 만세구 장안면 남양황라로 264-29,경기도 화성시 만세구 장안면 장안리 1835,37.0231241867,126.8274849798,20260201,
화성시,우창목장,소,60,경기도 화성시 효행구 매송면 야목길43번길 65,경기도 화성시 효행구 매송면 야목리 산15-1,37.2719204990,126.8751769247,20260201,
화성시,운봉농장,돼지,615,경기도 화성시 만세구 장안면 화곡로440번길 31,경기도 화성시 만세구 장안면 사랑리 572-1,37.0704175832,126.8188782292,20260201,
화성시,운성목장,소,23,경기도 화성시 만세구 남양읍 한가울길252번길 71,경기도 화성시 만세구 남양읍 남양리 770,37.2001850548,126.8128460329,20260201,
화성시,운정목장,소,125,경기도 화성시 만세구 우정읍 하복골길 50-1,경기도 화성시 만세구 우정읍 운평리 315,37.0786462802,126.7790234114,20260201,
화성시,운평목장,소,6,경기도 화성시 만세구 우정읍 버들로 279-17,경기도 화성시 만세구 우정읍 운평리 1372-18,37.0831286584,126.7853715266,20260201,
화성시,웅진목장,소,55,경기도 화성시 효행구 정남면 정남동로325번길 35-116,경기도 화성시 효행구 정남면 망월리 176,37.1484025924,127.0007272320,20260201,
화성시,원곤목장,소,48,경기도 화성시 만세구 남양읍 남양로 200-11,경기도 화성시 만세구 남양읍 장덕리 730-1,37.1599523819,126.8076354955,20260201,
화성시,원광농장,돼지,0,경기도 화성시 효행구 매송면 숙곡길 27,경기도 화성시 효행구 매송면 숙곡리 130,37.2626505064,126.9113873211,20260201,
화성시,원농장,돼지,599,경기도 화성시 만세구 장안면 화곡로440번길 31,경기도 화성시 만세구 장안면 사랑리 572-1,37.0704175832,126.8188782292,20260201,
화성시,원목장,소,20,경기도 화성시 만세구 장안면 황골길46번길 42-46,경기도 화성시 만세구 장안면 수촌리 8-3,37.0959565140,126.8748693394,20260201,
화성시,원안목장,소,20,,경기도 화성시 만세구 우정읍 원안리 373,,,20260201,
화성시,원인목장,소,118,경기도 화성시 만세구 마도면 청원서길 184,경기도 화성시 만세구 마도면 청원리 489,37.1817281972,126.7653935378,20260201,
화성시,원일목장,소,78,경기도 화성시 만세구 송산면 공룡로 54-94,경기도 화성시 만세구 송산면 삼존리 1233-4,37.2228711481,126.7374128276,20260201,
화성시,원진목장,소,70,경기도 화성시 만세구 우정읍 멱우방죽3길 44,경기도 화성시 만세구 우정읍 멱우리 190-3,37.1101819081,126.8085052978,20260201,
화성시,월촌목장,소,14,경기도 화성시 만세구 양감면 월촌길 30,경기도 화성시 만세구 양감면 송산리 484-10,37.1089393160,126.9881895463,20260201,
화성시,웨스트팜,돼지,2400,경기도 화성시 만세구 장안면 남양황라로 398-68,경기도 화성시 만세구 장안면 장안리 2299,37.0198186350,126.8408130287,20260201,
화성시,윈더미어농장,돼지,1115,경기도 화성시 만세구 장안면 장안로280번길 1,경기도 화성시 만세구 장안면 독정리 763-3,37.0835314322,126.8474286827,20260201,
화성시,유가네목장,소,41,경기도 화성시 만세구 장안면 남양황라로 319-145,경기도 화성시 만세구 장안면 장안리 1773,37.0280773434,126.8298472932,20260201,
화성시,유경목장,소,6,,경기도 화성시 만세구 남양읍 신남리 1055-4,,,20260201,
화성시,유나농장,소,0,경기도 화성시 효행구 정남면 발산5길 49-25,경기도 화성시 효행구 정남면 발산리 567-1,37.1554306051,126.9873582867,20260201,
화성시,유나목장,소,90,경기도 화성시 만세구 장안면 장안로280번길 48,경기도 화성시 만세구 장안면 독정리 산316,37.0806555246,126.8457207308,20260201,
화성시,유대목장,소,12,경기도 화성시 효행구 정남면 원오일길 114,경기도 화성시 효행구 정남면 관항리 617-2,37.1767823498,126.9663513022,20260201,
화성시,유성목장,소,17,경기도 화성시 만세구 향남읍 솔태상두길 117-8,경기도 화성시 만세구 향남읍 상두리 65,37.1067329576,126.9445928412,20260201,
화성시,유소미목장,소,42,경기도 화성시 만세구 팔탄면 노하길253번길 37,경기도 화성시 만세구 팔탄면 노하리 244-2,37.1611173797,126.8626538298,20260201,
화성시,유신농장,소,10,경기도 화성시 만세구 남양읍 남양시장로25번길 58-4,경기도 화성시 만세구 남양읍 남양리 1154-2,37.2126914596,126.8166659371,20260201,
화성시,유원목장,소,50,경기도 화성시 만세구 우정읍 평밭길 151-41,경기도 화성시 만세구 우정읍 운평리 755-2,37.0943956086,126.7704572325,20260201,
화성시,유정농장,염소,,경기도 화성시 효행구 정남면 정남동로 291-39,경기도 화성시 효행구 정남면 망월리 214-1,37.1460732457,127.0084672056,20260201,
화성시,유주목장,소,8,경기도 화성시 효행구 정남면 괘랑2길37번길 32,경기도 화성시 효행구 정남면 괘랑리 521-3,37.1874231190,126.9898122893,20260201,
화성시,유진농장,돼지,1913,경기도 화성시 만세구 장안면 남양황라로 398-54,경기도 화성시 만세구 장안면 장안리 2348,37.0207558205,126.8407599648,20260201,
화성시,유진농장,소,22,,경기도 화성시 만세구 서신면 매화리 산51,37.1729165167,126.7154744021,20260201,
화성시,유진목장,소,42,경기도 화성시 만세구 우정읍 매바위로 252-67,경기도 화성시 만세구 우정읍 주곡리 991,37.1312062698,126.8168927299,20260201,
화성시,유천목장,소,90,경기도 화성시 만세구 우정읍 매바위로165번길 45-58,경기도 화성시 만세구 우정읍 주곡리 197-55,37.1249500601,126.8074929084,20260201,
화성시,유한목장,소,60,경기도 화성시 만세구 팔탄면 온천로 139-3,경기도 화성시 만세구 팔탄면 덕우리 91,37.1366524132,126.8624988247,20260201,
화성시,유화목장,염소,20,경기도 화성시 만세구 팔탄면 노하길454번길 80-12,경기도 화성시 만세구 팔탄면 노하길 454번길 80-12,37.1605849158,126.8726706802,20260201,
화성시,유환종목장,소,10,경기도 화성시 만세구 향남읍 삼미재길 24-12,경기도 화성시 만세구 향남읍 길성리 408-2,37.1210313535,126.9646153852,20260201,
화성시,육도리농장,소,24,경기도 화성시 만세구 송산면 육교동길 14-17,경기도 화성시 만세구 송산면 육일리 19-23,37.2090144185,126.7163315983,20260201,
화성시,육일농장,소,20,경기도 화성시 만세구 송산면 육일길 46-6,경기도 화성시 만세구 송산면 육일리 553,37.1982203797,126.7183925629,20260201,
화성시,육일형설목장,소,3,,경기도 화성시 만세구 송산면 육일리 580,,,20260201,
화성시,윤범목장,소,10,경기도 화성시 만세구 남양읍 현대기아로556번길 25-3,경기도 화성시 만세구 남양읍 무송리 93,37.1980245251,126.8550306959,20260201,
화성시,윤우농장,돼지,2148,경기도 화성시 만세구 장안면 남양황라로 264-102,경기도 화성시 만세구 장안면 장안리 1646,37.0204180822,126.8208312227,20260201,
화성시,윤일목장,소,75,경기도 화성시 만세구 남양읍 주석로280번길 29-11,경기도 화성시 만세구 남양읍 북양리 596,37.2067168850,126.8572218698,20260201,
화성시,윤창목장,소,140,경기도 화성시 만세구 장안면 고해길 70,경기도 화성시 만세구 장안면 독정리 1835,37.0650626223,126.8676202836,20260201,
화성시,율리목장,소,130,경기도 화성시 만세구 우정읍 한말배미길 66,경기도 화성시 만세구 우정읍 화산리 1044-1,37.0665305643,126.7803866920,20260201,
화성시,은교목장,소,10,경기도 화성시 만세구 우정읍 조암죽말길 191,경기도 화성시 만세구 우정읍 조암리 424-2,37.0866764387,126.8121731179,20260201,
화성시,은규목장,소,105,경기도 화성시 만세구 남양읍 활초길 45-17,경기도 화성시 만세구 남양읍 활초리 509,37.1716602248,126.8357453430,20260201,
화성시,은빛농장,소,72,경기도 화성시 만세구 마도면 마도서길 122-13,경기도 화성시 만세구 마도면 고모리 708,37.1773077045,126.7377020933,20260201,
화성시,은빛농장,소,97,경기도 화성시 만세구 마도면 송정로 29,경기도 화성시 만세구 마도면 두곡리 262-1,37.2092549632,126.7753483785,20260201,
화성시,은빛목장,소,113,경기도 화성시 만세구 향남읍 장안로 764-11,경기도 화성시 만세구 향남읍 구문천리 659,37.0845793155,126.8884418058,20260201,
화성시,은아목장,소,18,경기도 화성시 만세구 마도면 마도로790번길 18,경기도 화성시 만세구 마도면 쌍송리 164,37.1905045531,126.7884958145,20260201,
화성시,은영목장,소,31,경기도 화성시 만세구 마도면 금당길63번길 20,경기도 화성시 만세구 마도면 금당리 464-3,37.1835648908,126.7463927763,20260201,
화성시,은영목장,염소,60,,경기도 화성시 효행구 봉담읍 상기리 404-7,37.2088455057,126.9376291414,20260201,
화성시,은진혜목장,소,0,경기도 화성시 만세구 우정읍 한뿌리1길 128-15,경기도 화성시 만세구 우정읍 한각리 257-1,37.0912208459,126.8000696822,20260201,
화성시,은행목장,소,7,경기도 화성시 만세구 우정읍 가래길 25-3,경기도 화성시 만세구 우정읍 석천리 828-1,37.0423605762,126.7724960255,20260201,
화성시,은혜목장,소,10,경기도 화성시 만세구 남양읍 송림로 118-11,경기도 화성시 만세구 남양읍 송림리 334-4,37.2246027043,126.8267821905,20260201,
화성시,은혜목장,소,90,경기도 화성시 만세구 양감면 용소금각로36번길 128-6,경기도 화성시 만세구 양감면 용소리 180,37.0741881499,126.9857682464,20260201,
화성시,은화목장,소,130,경기도 화성시 만세구 양감면 송말길 74-16,경기도 화성시 만세구 양감면 송산리 994,37.1057556888,126.9920037217,20260201,
화성시,응지목장,소,46,경기도 화성시 만세구 남양읍 신남안길 173,경기도 화성시 만세구 남양읍 신남리 683,37.1838665909,126.8122954115,20260201,
화성시,이경목장,소,1,,경기도 화성시 만세구 장안면 독정리 산107-9,,,20260201,
화성시,이동목장,소,22,경기도 화성시 만세구 우정읍 호곡길 190,경기도 화성시 만세구 우정읍 호곡리 434-1,37.1204708345,126.7744620419,20260201,
화성시,이레농장,소,101,경기도 화성시 만세구 양감면 용소말길 64-8,경기도 화성시 만세구 양감면 용소리 54,37.0773529607,126.9901344754,20260201,
화성시,이레한우농장,소,30,경기도 화성시 만세구 우정읍 조암죽말길87번길 19-19,경기도 화성시 만세구 우정읍 한각리 295-2,37.0886902099,126.8004642655,20260201,
화성시,이레한우농장,소,9,경기도 화성시 만세구 우정읍 조암죽말길87번길 19-17,경기도 화성시 만세구 우정읍 한각리 295-4,37.0882478787,126.8003558133,20260201,
화성시,이봉선목장,소,0,,경기도 화성시 만세구 마도면 슬항리 461-2,37.2003951492,126.7611457735,20260201,
화성시,이솔농장,돼지,2823,경기도 화성시 만세구 양감면 사릅재길 24-24,경기도 화성시 만세구 양감면 용소리 660,37.0825851748,126.9889630812,20260201,
화성시,이심목장,소,26,,경기도 화성시 효행구 비봉면 구포리 686,,,20260201,
화성시,이옥선농장,소,20,경기도 화성시 만세구 서신면 수풀오얏길 11,경기도 화성시 만세구 서신면 장외리 347,37.1751132445,126.6816829017,20260201,
화성시,이을농장,소,50,경기도 화성시 만세구 송산면 육일안길 22-5,경기도 화성시 만세구 송산면 육일리 446,37.2009662762,126.7219926808,20260201,
화성시,이조농장,소,8,경기도 화성시 만세구 팔탄면 노하길 216-37,경기도 화성시 만세구 팔탄면 노하리 1234,37.1560863838,126.8557700284,20260201,
화성시,이주흥농장,소,19,경기도 화성시 만세구 송산면 천등길 51-5,경기도 화성시 만세구 송산면 천등리 18,37.2439920860,126.7060928160,20260201,
화성시,이티목장,소,45,경기도 화성시 만세구 송산면 이봉산동길 104-13,경기도 화성시 만세구 송산면 지화리 1-5,37.2251792457,126.6886606565,20260201,
화성시,이풍희농장,소,15,경기도 화성시 만세구 장안면 점말길 24-11,경기도 화성시 만세구 장안면 어은리 211-1,37.0960760079,126.8307005128,20260201,
화성시,이해권농장,소,6,경기도 화성시 만세구 남양읍 신남로 128,경기도 화성시 만세구 남양읍 신남리 906-4,37.1837701935,126.7989236345,20260201,
화성시,인경목장,소,74,경기도 화성시 만세구 우정읍 소고지길 25,경기도 화성시 만세구 우정읍 주곡리 412-1,37.1178350434,126.8054528204,20260201,
화성시,인목장,소,29,경기도 화성시 효행구 매송면 매송북길64번길 160,경기도 화성시 효행구 매송면 송라리 344-1,37.2813487106,126.9048569620,20260201,
화성시,인영농장,소,17,경기도 화성시 만세구 서신면 밸미길 57,경기도 화성시 만세구 서신면 백미리 569-12,37.1432585993,126.6922839081,20260201,
화성시,인영목장,소,45,경기도 화성시 만세구 서신면 밸미길 59,경기도 화성시 만세구 서신면 백미리 569-7,37.1429350407,126.6924224660,20260201,
화성시,인철목장,소,58,경기도 화성시 만세구 향남읍 구문천2길 247-5,경기도 화성시 만세구 향남읍 구문천리 623-28,37.0763404193,126.8884517316,20260201,
화성시,인철목장,소,33,경기도 화성시 만세구 향남읍 범허리길 118-37,경기도 화성시 만세구 향남읍 상신리 327-295,37.1099886922,126.8899032887,20260201,
화성시,인호목장,소,10,경기도 화성시 효행구 봉담읍 쇠틀길 59-19,경기도 화성시 효행구 봉담읍 수기리 105-12,37.2033786804,126.9755285875,20260201,
화성시,인환목장,소,83,경기도 화성시 만세구 장안면 남양호로 80-38,경기도 화성시 만세구 장안면 독정리 1177,37.0837296508,126.8656875690,20260201,
화성시,일번지목장,소,45,경기도 화성시 만세구 양감면 정문송산로184번길 70-27,경기도 화성시 만세구 양감면 송산리 570,37.1112253429,126.9957714702,20260201,
화성시,일성목장,소,75,경기도 화성시 효행구 비봉면 쌍학안길 22-16,경기도 화성시 효행구 비봉면 쌍학리 414,37.2426625510,126.8944841156,20260201,
화성시,일하는 소망 농장,소,8,경기도 화성시 만세구 마도면 석교안길30번길 42,경기도 화성시 만세구 마도면 석교리 382-3,37.1963144780,126.7773988754,20260201,
화성시,일호목장,소,35,경기도 화성시 만세구 남양읍 원천길 71,경기도 화성시 만세구 남양읍 원천리 18-1,37.2327914595,126.8118174579,20260201,
화성시,임보빈농장,소,22,경기도 화성시 효행구 정남면 괘랑3길29번길 23,경기도 화성시 효행구 정남면 괘랑리 383,37.1869668706,126.9948289523,20260201,
화성시,입북농장,돼지,0,경기도 화성시 만세구 양감면 정문송산로93번길 46,경기도 화성시 만세구 양감면 사창리 198-3,37.0992664782,126.9818176213,20260201,
화성시,자가섬농장,소,17,경기도 화성시 만세구 우정읍 호곡길 208-31,경기도 화성시 만세구 우정읍 호곡리 1188-7,37.1232734189,126.7743339806,20260201,
화성시,자안목장,소,150,경기도 화성시 만세구 양감면 용소금각로36번길 128-11,경기도 화성시 만세구 양감면 용소리 176,37.0748690683,126.9868886375,20260201,
화성시,자연농장,소,27,경기도 화성시 만세구 우정읍 원목길 61-2,경기도 화성시 만세구 우정읍 주곡리 503-1,37.1209051026,126.7986933280,20260201,
화성시,잔딧골2목장,소,35,경기도 화성시 효행구 정남면 보통내길 109-34,경기도 화성시 효행구 정남면 보통리 452-1,37.1875250031,126.9719202741,20260201,
화성시,잔딧골목장,소,31,경기도 화성시 효행구 정남면 보통내길 109-22,경기도 화성시 효행구 정남면 보통리 458,37.1879742846,126.9716016797,20260201,
화성시,잠두농장,소,2,경기도 화성시 만세구 송산면 송산로625번길 39,경기도 화성시 만세구 송산면 독지리 120,37.2507281819,126.6892099062,20260201,
화성시,장덕한우농장,소,90,경기도 화성시 만세구 남양읍 장덕동길 43-1,경기도 화성시 만세구 남양읍 장덕리 255,37.1625352933,126.8100221701,20260201,
화성시,장마목장,소,15,경기도 화성시 만세구 장안면 동편길11번길 37,경기도 화성시 만세구 장안면 장안리 1151-4,37.0377915347,126.8536561493,20260201,
화성시,장성목장,소,23,경기도 화성시 효행구 정남면 만년로 312,경기도 화성시 효행구 정남면 계향리 467-15,37.1501179020,126.9824280374,20260201,
화성시,장스팜,소,0,경기도 화성시 만세구 남양읍 신남안길83번길 36,경기도 화성시 만세구 남양읍 신남리 853,37.1841610182,126.8086763609,20260201,
화성시,장안농산영농조합법인,소,364,경기도 화성시 만세구 장안면 문두골길 84-31,경기도 화성시 만세구 장안면 장안리 198-1,37.0542606052,126.8470945866,20260201,
화성시,장안농장,소,0,경기도 화성시 만세구 장안면 남양황라로 319-197,경기도 화성시 만세구 장안면 장안리 1781,37.0270561907,126.8246283869,20260201,
화성시,장안대성목장,소,92,경기도 화성시 만세구 장안면 장안고잔길 266-5,경기도 화성시 만세구 장안면 장안리 1328,37.0400371814,126.8407507172,20260201,
화성시,장안뜰목장,소,21,경기도 화성시 효행구 봉담읍 청궁안뜰길 108,경기도 화성시 효행구 봉담읍 내리 131-2,37.2358622405,126.9356876499,20260201,
화성시,장안목장,소,76,경기도 화성시 만세구 장안면 진개골길 136-66,경기도 화성시 만세구 장안면 사랑리 630,37.0674352157,126.8254178972,20260201,
화성시,장안목장,소,51,경기도 화성시 만세구 장안면 3.1만세로 519-73,경기도 화성시 만세구 장안면 수촌리 산243-1,37.1094551045,126.8588214065,20260201,
화성시,장외목장,소,55,경기도 화성시 만세구 서신면 담밭성지길 20,경기도 화성시 만세구 서신면 장외리 252,37.1739562220,126.6786089413,20260201,
화성시,장주익목장,소,13,경기도 화성시 만세구 양감면 용소말길 30-33,경기도 화성시 만세구 양감면 용소리 314-1,37.0779794102,126.9849101170,20260201,
화성시,장중목장,소,56,경기도 화성시 효행구 봉담읍 청궁안뜰1길 52,경기도 화성시 효행구 봉담읍 내리 146,37.2326055777,126.9351369867,20260201,
화성시,재건목장,소,130,경기도 화성시 효행구 매송면 송숙로99번길 14,경기도 화성시 효행구 매송면 송라리 779,37.2690728213,126.8979269790,20260201,
화성시,재관목장,소,307,경기도 화성시 만세구 장안면 남양황라로505번길 241,경기도 화성시 만세구 장안면 장안리 1735,37.0332189922,126.8288801356,20260201,
화성시,재근목장,소,28,경기도 화성시 효행구 정남면 가장로 274-65,경기도 화성시 효행구 정남면 고지리 90-8,37.1612354508,127.0085830385,20260201,
화성시,재성농장,돼지,0,경기도 화성시 만세구 향남읍 만년로151번길 6-25,경기도 화성시 만세구 향남읍 증거리 176,37.1361654126,126.9745404932,20260201,
화성시,재원목장,소,31,경기도 화성시 만세구 향남읍 당너머길 8-10,경기도 화성시 만세구 향남읍 상두리 354-3,37.1029005437,126.9481545841,20260201,
화성시,재윤2농장,소,23,,경기도 화성시 만세구 향남읍 증거리 110-1,37.1391754216,126.9735491569,20260201,
화성시,재윤농장,소,79,경기도 화성시 만세구 향남읍 증거길 53-18,경기도 화성시 만세구 향남읍 증거리 28,37.1406851616,126.9692960262,20260201,
화성시,재은목장,소,145,경기도 화성시 만세구 팔탄면 3.1만세로 613-5,경기도 화성시 만세구 팔탄면 해창리 241-10,37.1063175877,126.8670973861,20260201,
화성시,재학목장,소,38,,경기도 화성시 만세구 장안면 금의리 469-5,37.1002802860,126.8381595066,20260201,
화성시,재형농장,돼지,2610,경기도 화성시 만세구 남양읍 현대기아로125번길 120,경기도 화성시 만세구 남양읍 온석리 416,37.1721246159,126.8430517535,20260201,
화성시,쟁골목장,소,140,경기도 화성시 만세구 송산면 송산포도로 602-30,경기도 화성시 만세구 송산면 마산리 323-1,37.2332671596,126.6916628498,20260201,
화성시,전목장,소,82,경기도 화성시 만세구 장안면 남양황라로505번길 197,경기도 화성시 만세구 장안면 장안리 2073,37.0323269354,126.8321373645,20260201,
화성시,점보목장,소,103,경기도 화성시 만세구 장안면 황골길46번길 60-24,경기도 화성시 만세구 장안면 수촌리 1441,37.0953295569,126.8705196349,20260201,
화성시,정규목장,소,7,경기도 화성시 효행구 정남면 발산4길 37,경기도 화성시 효행구 정남면 발산리 549-1,37.1579870400,126.9844579028,20260201,
화성시,정남농장,소,59,,경기도 화성시 만세구 우정읍 화수리 927-7,37.1152062191,126.7883368127,20260201,
화성시,정다운농장,소,380,경기도 화성시 만세구 장안면 장안당골길 51,경기도 화성시 만세구 장안면 장안리 산15,37.0589723452,126.8615072158,20260201,
화성시,정득채염소농장,염소,30,,경기도 화성시 만세구 서신면 장외리 582-7,37.1624965569,126.6816000355,20260201,
화성시,정보목장,소,170,경기도 화성시 만세구 우정읍 남양황라로 113-42,경기도 화성시 만세구 우정읍 이화리 1660,37.0293133288,126.8111391995,20260201,
화성시,정성농장,돼지,2544,경기도 화성시 만세구 남양읍 신남안길83번길 17,경기도 화성시 만세구 남양읍 신남리 858-2,37.1853250077,126.8073363448,20260201,
화성시,정성영농,소,0,경기도 화성시 만세구 마도면 금당길40번길 75-10,경기도 화성시 만세구 마도면 금당리 1069,37.1882935298,126.7500750185,20260201,
화성시,정수목장,소,83,경기도 화성시 만세구 장안면 장안고잔길 141-53,경기도 화성시 만세구 장안면 장안리 1730,37.0356209738,126.8296235901,20260201,
화성시,정우목장,소,50,,경기도 화성시 만세구 송산면 봉가리 26,,,20260201,
화성시,정원농장,소,13,,경기도 화성시 만세구 송산면 봉가리 110-13,37.2133887247,126.7433481064,20260201,
화성시,정원농장,소,50,,경기도 화성시 효행구 정남면 문학리 599-10,37.1542872514,126.9625312273,20260201,
화성시,정의농장,소,22,경기도 화성시 만세구 향남읍 도이2길 122,경기도 화성시 만세구 향남읍 도이리 263-5,37.1383152929,126.9325060493,20260201,
화성시,정일농장,돼지,3795,경기도 화성시 만세구 장안면 산운내길 35,경기도 화성시 만세구 장안면 석포리 86-2,37.1200175050,126.8339117682,20260201,
화성시,정재윤목장,소,119,경기도 화성시 만세구 향남읍 두머리길 53-18,경기도 화성시 만세구 향남읍 화리현리 590,37.1009208704,126.9450291553,20260201,
화성시,정현목장,소,103,경기도 화성시 만세구 장안면 남양황라로 654-6,경기도 화성시 만세구 장안면 장안리 2719,37.0390871157,126.8598521529,20260201,
화성시,정현목장2,소,78,경기도 화성시 만세구 남양읍 남양서로225번길 6,경기도 화성시 만세구 남양읍 원천리 314,37.2303870735,126.8045006802,20260201,
화성시,정호농장,소,10,,경기도 화성시 만세구 송산면 삼존리 700,37.2150999414,126.7544231670,20260201,
화성시,정환농장,소,28,,경기도 화성시 만세구 남양읍 장덕리 323,37.1608874599,126.8083148706,20260201,
화성시,정환목장,소,10,경기도 화성시 만세구 송산면 용포로 194-4,경기도 화성시 만세구 송산면 용포리 263-5,37.2304575118,126.7538736663,20260201,
화성시,제2우석농장,소,100,경기도 화성시 만세구 우정읍 평밭길 556,경기도 화성시 만세구 우정읍 호곡리 1176-13,37.1195852107,126.7667711298,20260201,
화성시,제2청원농장,염소,20,,경기도 화성시 만세구 마도면 청원리 582-39,37.1788056367,126.7721299150,20260201,
화성시,제2형성목장,소,30,경기도 화성시 만세구 장안면 남양호로 197-69,경기도 화성시 만세구 장안면 수촌리 1327,37.0863974008,126.8775132042,20260201,
화성시,제덕목장,소,6,경기도 화성시 만세구 우정읍 굴원안길 104,경기도 화성시 만세구 우정읍 화수리 156-4,37.1128343936,126.7831002570,20260201,
화성시,제동농장,소,44,경기도 화성시 만세구 송산면 칠곡길 112,경기도 화성시 만세구 송산면 칠곡리 86,37.2076443967,126.7109139112,20260201,
화성시,제이비팜,돼지,3,경기도 화성시 만세구 향남읍 동오2길 29-51,경기도 화성시 만세구 향남읍 동오리 674-1,37.1327447572,126.9575751530,20260201,
화성시,제이에스목장,소,56,경기도 화성시 만세구 양감면 초록로 250-12,경기도 화성시 만세구 양감면 용소리 1053-2,37.0758788079,126.9684992725,20260201,
화성시,조동현농장,소,7,경기도 화성시 효행구 매송면 매봉로 122,경기도 화성시 효행구 매송면 원평리 458-2,37.2397253113,126.9255006891,20260201,
화성시,조란목장,소,7,경기도 화성시 만세구 장안면 장안공단로 168-16,경기도 화성시 만세구 장안면 석포리 59-8,37.1173960537,126.8342048809,20260201,
화성시,조성목장,소,110,경기도 화성시 만세구 우정읍 쌍봉로 588-80,경기도 화성시 만세구 우정읍 주곡리 633,37.1234628561,126.8044333023,20260201,
화성시,조영목장,소,70,경기도 화성시 만세구 남양읍 장덕북길146번길 3,경기도 화성시 만세구 남양읍 장덕리 1055,37.1689619400,126.8007387538,20260201,
화성시,조영축산,소,97,경기도 화성시 만세구 장안면 덕다길 118-20,경기도 화성시 만세구 장안면 덕다리 150-1,37.0593749301,126.8379290215,20260201,
화성시,조은목장,소,24,경기도 화성시 만세구 장안면 덕다길 371-9,경기도 화성시 만세구 장안면 장안리 637,37.0463847252,126.8442831744,20260201,
화성시,조일목장,소,0,경기도 화성시 만세구 우정읍 포승향남로 990-19,경기도 화성시 만세구 우정읍 이화리 199,37.0385593584,126.8060631503,20260201,
화성시,조한홍목장,소,25,경기도 화성시 만세구 송산면 고정길 122-5,경기도 화성시 만세구 송산면 고정리 153-1,37.2476760804,126.7470852673,20260201,
화성시,종범농장,소,30,경기도 화성시 만세구 남양읍 안석길 13-10,경기도 화성시 만세구 남양읍 신남리 428-1,37.1782224527,126.8182945548,20260201,
화성시,종완목장,소,51,경기도 화성시 효행구 매송면 매봉로110번길 19,경기도 화성시 효행구 매송면 원평리 390,37.2408977129,126.9237667934,20260201,
화성시,종춘목장,소,150,경기도 화성시 만세구 마도면 마도로181번길 91-1,경기도 화성시 만세구 마도면 백곡리 179,37.1935065213,126.7225649952,20260201,
화성시,종현목장,소,42,경기도 화성시 만세구 마도면 해문서길 22,경기도 화성시 만세구 마도면 해문리 155,37.2047260363,126.7387899533,20260201,
화성시,주만농장,소,3,경기도 화성시 만세구 우정읍 한뿌리2길 71,경기도 화성시 만세구 우정읍 한각리 762-9,37.0894309921,126.7946514577,20260201,
화성시,주말목장,소,76,경기도 화성시 만세구 팔탄면 월문길 71,경기도 화성시 만세구 팔탄면 월문리 150-3,37.1216544442,126.8729132869,20260201,
화성시,주목장,소,240,경기도 화성시 만세구 우정읍 호곡길 268,경기도 화성시 만세구 우정읍 호곡리 1192-2,37.1258090931,126.7733078726,20260201,
화성시,주석농장,돼지,0,경기도 화성시 만세구 향남읍 안요골길 42-13,경기도 화성시 만세구 향남읍 요리 382,37.1072864341,126.9649822618,20260201,
화성시,주영농장,소,5,경기도 화성시 만세구 송산면 봉가남길 45,경기도 화성시 만세구 송산면 봉가리 521-3,37.2068537852,126.7374613419,20260201,
화성시,주영목장,소,45,경기도 화성시 만세구 장안면 수정로 383-43,경기도 화성시 만세구 장안면 수촌리 1421-8,37.0971869425,126.8605002398,20260201,
화성시,주은목장,소,15,경기도 화성시 만세구 장안면 남양호로 376-27,경기도 화성시 만세구 장안면 독정리 1553,37.0646790228,126.8786130827,20260201,
화성시,주혁농장,소,40,경기도 화성시 만세구 팔탄면 온천로 465-6,경기도 화성시 만세구 팔탄면 율암리 781-1,37.1556876510,126.8841981808,20260201,
화성시,주혁목장,소,140,경기도 화성시 만세구 팔탄면 온천로 465-6,경기도 화성시 만세구 팔탄면 율암리 811-2,37.1556876510,126.8841981808,20260201,
화성시,준목장,소,56,경기도 화성시 만세구 양감면 정문송산로184번길 36,경기도 화성시 만세구 양감면 송산리 992-2,37.1067881874,126.9931447968,20260201,
화성시,준영목장,소,34,경기도 화성시 만세구 향남읍 진개울길 22,경기도 화성시 만세구 향남읍 증거리 146,37.1394888858,126.9759587169,20260201,
화성시,준준목장,소,70,경기도 화성시 만세구 장안면 고해길 175-46,경기도 화성시 만세구 장안면 독정리 3-4,37.0683622315,126.8744996954,20260201,
화성시,준현목장,소,35,경기도 화성시 만세구 향남읍 토성로 110,경기도 화성시 만세구 향남읍 백토리 460-1,37.1233724349,126.9387189400,20260201,
화성시,준화선목장,소,45,,경기도 화성시 만세구 우정읍 주곡리 401-1,37.1192447887,126.8081797471,20260201,
화성시,중권목장,소,66,경기도 화성시 효행구 봉담읍 왕림1길 31-36,경기도 화성시 효행구 봉담읍 왕림리 468,37.1911643725,126.9343191274,20260201,
화성시,중규목장,소,100,경기도 화성시 만세구 우정읍 평밭길 142,경기도 화성시 만세구 우정읍 운평리 741-7,37.0929892308,126.7748366643,20260201,
화성시,중부목장,소,67,,경기도 화성시 만세구 팔탄면 서근리 218-1,,,20260201,
화성시,중앙목장,소,24,경기도 화성시 만세구 우정읍 남양만로 683-6,경기도 화성시 만세구 우정읍 이화리 695-6,37.0433199936,126.7955506051,20260201,
화성시,중원농장,염소,20,,경기도 화성시 만세구 양감면 요당리 566-14,37.0743486442,126.9157726994,20260201,
화성시,중정목장,소,68,경기도 화성시 효행구 봉담읍 청궁안뜰길 37-13,경기도 화성시 효행구 봉담읍 내리 177-3,37.2344673446,126.9286408122,20260201,
화성시,지니팜,돼지,763,경기도 화성시 만세구 장안면 남양황라로 308-17,경기도 화성시 만세구 장안면 장안리 1990,37.0241512537,126.8321752161,20260201,
화성시,지미농장,염소,20,,경기도 화성시 만세구 마도면 백곡리 394-1,37.1850465814,126.7237625847,20260201,
화성시,지수목장,소,200,경기도 화성시 만세구 우정읍 매바위로 138-46,경기도 화성시 만세구 우정읍 주곡리 125-30,37.1304229221,126.8186109899,20260201,
화성시,지양농장,돼지,5199,경기도 화성시 만세구 장안면 장안로280번길 1,경기도 화성시 만세구 장안면 독정리 763-5,37.0835314322,126.8474286827,20260201,
화성시,지영2목장,소,42,경기도 화성시 만세구 마도면 금해로 65-8,경기도 화성시 만세구 마도면 해문리 469-2,37.1954080850,126.7433905622,20260201,
화성시,지영목장,소,42,경기도 화성시 만세구 마도면 금해로45번길 128,경기도 화성시 만세구 마도면 해문리 475-2,37.1965635327,126.7422409850,20260201,
화성시,지원농장,돼지,292,경기도 화성시 만세구 장안면 남양황라로 308-72,경기도 화성시 만세구 장안면 장안리 1937,37.0195593145,126.8315184261,20260201,
화성시,지현농장,소,9,경기도 화성시 만세구 마도면 마도로 155-33,경기도 화성시 만세구 마도면 백곡리 309-2,37.1867289174,126.7199530981,20260201,
화성시,지현목장,소,24,경기도 화성시 만세구 양감면 늠말길 19,경기도 화성시 만세구 양감면 송산리 94-1,37.1187937932,126.9928509003,20260201,
화성시,지혜농장,소,93,,경기도 화성시 만세구 팔탄면 해창리 74-11,37.1079994156,126.8851382369,20260201,
화성시,지혜농장Ⅱ,소,101,경기도 화성시 만세구 팔탄면 해창길 111-34,경기도 화성시 만세구 팔탄면 해창리 76-43,37.1027626410,126.8853021046,20260201,
화성시,지화목장,소,150,경기도 화성시 만세구 송산면 이봉산동길 104-15,경기도 화성시 만세구 송산면 지화리 산1-2,37.2258175597,126.6884171040,20260201,
화성시,진솔목장,소,30,경기도 화성시 효행구 정남면 문학로 42,경기도 화성시 효행구 정남면 문학리 334-2,37.1528529589,126.9690195542,20260201,
화성시,진수농장,소,19,경기도 화성시 만세구 송산면 삼존서길73번길 28,경기도 화성시 만세구 송산면 삼존리 474-1,37.2168146287,126.7488234884,20260201,
화성시,진아목장,소,24,경기도 화성시 만세구 송산면 칠곡길 125,경기도 화성시 만세구 송산면 칠곡리 100-3,37.2070874349,126.7125537627,20260201,
화성시,진양농장,돼지,3400,경기도 화성시 만세구 장안면 포승장안로1186번길 47-22,경기도 화성시 만세구 장안면 독정리 794-11,37.0757706460,126.8458639550,20260201,
화성시,진원농장,소,11,,경기도 화성시 만세구 송산면 사강리 259-1,37.2193800583,126.7208180415,20260201,
화성시,진장골목장,소,0,경기도 화성시 만세구 서신면 구러매길 66-31,경기도 화성시 만세구 서신면 사곳리 469-3,37.1619199734,126.7181921062,20260201,
화성시,진주농장,소,99,경기도 화성시 효행구 비봉면 일묵동길 16,경기도 화성시 효행구 비봉면 구포리 941-43,37.2408108545,126.8798083097,20260201,
화성시,진주목장,소,30,,경기도 화성시 만세구 장안면 석포리 522,,,20260201,
화성시,진한목장,소,83,경기도 화성시 만세구 우정읍 버들로 1033-20,경기도 화성시 만세구 우정읍 주곡리 26-6,37.1198357891,126.8272720509,20260201,
화성시,진형목장,소,24,경기도 화성시 만세구 우정읍 버들로430번길 40-6,경기도 화성시 만세구 우정읍 운평리 1336,37.0908733018,126.7856251225,20260201,
화성시,진형목장,소,20,,경기도 화성시 효행구 봉담읍 상기리 230,37.2055643158,126.9241840045,20260201,
화성시,진호목장,소,42,경기도 화성시 만세구 장안면 상두원길 132,경기도 화성시 만세구 장안면 장안리 454-5,37.0449198506,126.8533033362,20260201,
화성시,진환농장,소,30,경기도 화성시 만세구 마도면 금해로135번길 49,경기도 화성시 만세구 마도면 해문리 261-1,37.2002816899,126.7443448014,20260201,
화성시,진훈목장,소,40,경기도 화성시 효행구 봉담읍 유리마을길 41-8,경기도 화성시 효행구 봉담읍 유리 72,37.1756439646,126.9309202494,20260201,
화성시,진희농장,소,20,,경기도 화성시 만세구 장안면 석포리 453-2,37.1305530443,126.8365273825,20260201,
화성시,찬희목장,소,26,경기도 화성시 만세구 송산면 육일안길 34-13,경기도 화성시 만세구 송산면 육일리 223,37.2030642257,126.7216443532,20260201,
화성시,참조은목장,소,127,경기도 화성시 만세구 장안면 장안고잔길 244-24,경기도 화성시 만세구 장안면 장안리 1448-4,37.0387605501,126.8397385072,20260201,
화성시,참한우농장,소,8,,경기도 화성시 효행구 정남면 망월리 20-1,37.1520880210,127.0138747642,20260201,
화성시,창명목장,소,2,경기도 화성시 만세구 남양읍 현대기아로 651,경기도 화성시 만세구 남양읍 북양리 615,37.2061979113,126.8546117965,20260201,
화성시,창안목장,소,57,경기도 화성시 만세구 양감면 정문회화로 36,경기도 화성시 만세구 양감면 사창리 332,37.0912858045,126.9769997120,20260201,
화성시,창운목장,소,19,경기도 화성시 효행구 봉담읍 덕고개길 46-53,경기도 화성시 효행구 봉담읍 내리 678-1,37.2348544896,126.9156168934,20260201,
화성시,창헌목장,소,43,경기도 화성시 만세구 향남읍 상신로 468-48,경기도 화성시 만세구 향남읍 상신리 195,37.1128702593,126.8928403576,20260201,
화성시,처음처럼,소,78,경기도 화성시 만세구 마도면 금당길63번길 8,경기도 화성시 만세구 마도면 금당리 457,37.1826983261,126.7476180843,20260201,
화성시,천등목장,소,8,,경기도 화성시 만세구 송산면 천등리 229-1,37.2424324766,126.7066699862,20260201,
화성시,천등목장,소,3,경기도 화성시 만세구 송산면 천등길69번길 23-3,경기도 화성시 만세구 송산면 천등리 211,37.2440008820,126.7087535804,20260201,
화성시,천등산목장,소,70,경기도 화성시 만세구 송산면 송산로 306,경기도 화성시 만세구 송산면 천등리 619,37.2290133482,126.7091243960,20260201,
화성시,천보목장,소,2,,경기도 화성시 만세구 장안면 장안리 1486-19,37.0364632511,126.8348463446,20260201,
화성시,천연농장,소,8,경기도 화성시 만세구 양감면 정문회화로 51-88,경기도 화성시 만세구 양감면 사창리 181,37.0993404101,126.9740409451,20260201,
화성시,천우농장,소,40,경기도 화성시 만세구 장안면 황골길 178,경기도 화성시 만세구 장안면 수촌리 산20-4,37.1020353355,126.8686860446,20260201,
화성시,천지목장,소,80,경기도 화성시 만세구 송산면 송산로 203,경기도 화성시 만세구 송산면 사강리 214-9,37.2229623976,126.7168636042,20260201,
화성시,천지목장,소,50,경기도 화성시 만세구 마도면 해운로 658-80,경기도 화성시 만세구 마도면 청원리 1193,37.1724132675,126.7575987829,20260201,
화성시,청궁목장,소,40,경기도 화성시 효행구 봉담읍 매봉로 140-5,경기도 화성시 효행구 봉담읍 내리 816-5,37.2373373925,126.9238051693,20260201,
화성시,청명목장,소,28,경기도 화성시 만세구 마도면 마도서길117번길 22,경기도 화성시 만세구 마도면 고모리 171-4,37.1758886273,126.7343031461,20260201,
화성시,청명축산,돼지,1360,,경기도 화성시 만세구 우정읍 운평리 917,,,20260201,
화성시,청솔목장,소,80,경기도 화성시 만세구 마도면 금당길40번길 58,경기도 화성시 만세구 마도면 금당리 412-1,37.1856480889,126.7508109456,20260201,
화성시,청솔목장,소,93,경기도 화성시 만세구 송산면 송산로 199-12,경기도 화성시 만세구 송산면 사강리 227-4,37.2222752292,126.7165438333,20260201,
화성시,청솔목장,소,4,,경기도 화성시 만세구 서신면 매화리 48-2,37.1731480860,126.7164520780,20260201,
화성시,청송축산,돼지,2363,경기도 화성시 효행구 정남면 안념길150번길 46-11,경기도 화성시 효행구 정남면 수면리 138-1,37.1530068796,127.0243685733,20260201,
화성시,청수농장,소,6,,경기도 화성시 만세구 송산면 사강리 117-4,,,20260201,
화성시,청원농장,소,29,경기도 화성시 만세구 마도면 청원로231번길 42-3,경기도 화성시 만세구 마도면 청원리 687,37.1794476819,126.7756444766,20260201,
화성시,청하농장,돼지,760,경기도 화성시 만세구 마도면 청원로274번길 54-15,경기도 화성시 만세구 마도면 청원리 950,37.1726968874,126.7772296016,20260201,
화성시,초록농장,돼지,1125,경기도 화성시 만세구 양감면 안요골길82번길 88-9,경기도 화성시 만세구 양감면 사창리 777-18,37.0975515333,126.9591090138,20260201,
화성시,초록농장,소,17,경기도 화성시 만세구 양감면 솔미마을길 165,경기도 화성시 만세구 양감면 대양리 1599,37.0958610862,126.9482844113,20260201,
화성시,초롱목장,소,79,경기도 화성시 만세구 양감면 창말안길 121-21,경기도 화성시 만세구 양감면 신왕리 1815-7,37.0743925402,126.9470450127,20260201,
화성시,초영목장,소,85,경기도 화성시 만세구 장안면 장안당골길 162,경기도 화성시 만세구 장안면 장안리 2998,37.0581587471,126.8711980100,20260201,
화성시,초원농원,소,30,,경기도 화성시 효행구 봉담읍 내리 150-4,37.2342327666,126.9351486914,20260201,
화성시,초원농원,소,96,경기도 화성시 효행구 봉담읍 청궁안뜰1길 2-18,경기도 화성시 효행구 봉담읍 내리 150-5,37.2338780592,126.9354544233,20260201,
화성시,초원목장,소,55,경기도 화성시 효행구 정남면 정남동로 475-11,경기도 화성시 효행구 정남면 용수리 146,37.1614807277,127.0025558927,20260201,
화성시,초원목장,소,8,경기도 화성시 만세구 장안면 덕다길 167,경기도 화성시 만세구 장안면 덕다리 439-25,37.0546301456,126.8389487197,20260201,
화성시,최병향목장,소,11,경기도 화성시 효행구 정남면 발산1길 47-7,경기도 화성시 효행구 정남면 발산리 646,37.1520182560,126.9861988860,20260201,
화성시,최용준목장,소,15,경기도 화성시 효행구 정남면 발산6길 52,경기도 화성시 효행구 정남면 발산리 562-6,37.1583123493,126.9867194051,20260201,
화성시,최학근농장,소,40,경기도 화성시 만세구 향남읍 한두골안길 19,경기도 화성시 만세구 향남읍 백토리 103,37.1226695476,126.9503075231,20260201,
화성시,최해강목장,소,70,경기도 화성시 만세구 양감면 제약단지로 187,경기도 화성시 만세구 양감면 대양리 720-1,37.0893326245,126.9306548369,20260201,
화성시,춘원농장,돼지,0,경기도 화성시 만세구 마도면 석교로110번길 34-14,경기도 화성시 만세구 마도면 석교리 109,37.1990650832,126.7761444253,20260201,
화성시,충북목장,돼지,0,경기도 화성시 효행구 정남면 용수길 72,경기도 화성시 효행구 정남면 용수리 29-1,37.1734216899,126.9997741421,20260201,
화성시,친구목장,소,70,경기도 화성시 만세구 향남읍 문언동길 66-25,경기도 화성시 만세구 향남읍 구문천리 379-3,37.0863374040,126.8955386527,20260201,
화성시,칠보농장,소,40,,경기도 화성시 만세구 장안면 장안리 3087-1,,,20260201,
화성시,칠보산목장,소,54,경기도 화성시 효행구 정남면 관항길 112-13,경기도 화성시 효행구 정남면 관항리 119-2,37.1747617584,126.9740930841,20260201,
화성시,카우드림목장,소,14,경기도 화성시 만세구 장안면 구래길 115-24,경기도 화성시 만세구 장안면 덕다리 549,37.0589170993,126.8286426051,20260201,
화성시,컴퍼터블(comfortable),소,58,경기도 화성시 만세구 마도면 마도서길 34,경기도 화성시 만세구 마도면 고모리 340,37.1730701112,126.7417547554,20260201,
화성시,케이비제네틱스유한회사농업회사법인,돼지,8135,경기도 화성시 만세구 장안면 남양황라로505번길 195-46,경기도 화성시 만세구 장안면 장안리 1738-1,37.0310857183,126.8294273442,20260201,
화성시,크로바목장,소,99,경기도 화성시 만세구 양감면 조리울길 60,경기도 화성시 만세구 양감면 신왕리 548-3,37.0854223617,126.9521068062,20260201,
화성시,큰경원목장,소,78,경기도 화성시 만세구 양감면 요당길 209-4,경기도 화성시 만세구 양감면 요당리 165-2,37.0699166535,126.9345459699,20260201,
화성시,큰고향목장,소,73,경기도 화성시 만세구 팔탄면 녹막말길9번길 51,경기도 화성시 만세구 팔탄면 노하리 308,37.1672842509,126.8679409501,20260201,
화성시,큰광진목장,소,62,경기도 화성시 효행구 봉담읍 청궁안뜰길 12,경기도 화성시 효행구 봉담읍 내리 199,37.2328076625,126.9265452318,20260201,
화성시,큰매화목장,소,125,,경기도 화성시 만세구 서신면 매화리 산37-1,37.1691435125,126.7126284834,20260201,
화성시,큰샘목장,소,101,경기도 화성시 만세구 장안면 중원길 30-8,경기도 화성시 만세구 장안면 사랑리 86,37.0721233753,126.8335321871,20260201,
화성시,큰신샘목장,소,100,경기도 화성시 만세구 우정읍 쌍봉로449번길 33,경기도 화성시 만세구 우정읍 화수리 44-17,37.1101606038,126.7972167200,20260201,
화성시,큰정현목장,소,75,경기도 화성시 만세구 장안면 남양황라로505번길 215,경기도 화성시 만세구 장안면 장안리 2091,37.0336075410,126.8306419796,20260201,
화성시,탑목장,소,0,,경기도 화성시 만세구 우정읍 원안리 959-35,37.0918901564,126.7770025085,20260201,
화성시,태돈영농조합법인,돼지,1259,경기도 화성시 만세구 장안면 남양황라로505번길 239,경기도 화성시 만세구 장안면 장안리 1733,37.0339827443,126.8284461513,20260201,
화성시,태돈영농조합법인,돼지,3863,경기도 화성시 만세구 장안면 남양황라로 308-24,경기도 화성시 만세구 장안면 장안리 1963,37.0236604584,126.8314600084,20260201,
화성시,태민목장,소,57,경기도 화성시 만세구 양감면 용소말길 78,경기도 화성시 만세구 양감면 용소리 42,37.0796125105,126.9894330582,20260201,
화성시,태산농장 농업회사법인 유한회사,돼지,2000,경기도 화성시 만세구 장안면 장안고잔길 169-60,경기도 화성시 만세구 장안면 덕다리 718,37.0408856407,126.8296897510,20260201,
화성시,태성목장,소,55,,경기도 화성시 만세구 향남읍 상두리 산27,,,20260201,
화성시,태양목장,소,60,경기도 화성시 만세구 마도면 금해로45번길 67,경기도 화성시 만세구 마도면 해문리 522,37.1955074618,126.7378008293,20260201,
화성시,태양목장,소,23,,경기도 화성시 만세구 남양읍 무송리 119,37.1979642671,126.8511521179,20260201,
화성시,태영농장,돼지,0,경기도 화성시 효행구 정남면 금복길 102,경기도 화성시 효행구 정남면 망월리 3-1,37.1517969193,127.0171689226,20260201,
화성시,태영목장,소,30,,경기도 화성시 만세구 서신면 홍법리 429-5,37.1640872174,126.7217195510,20260201,
화성시,태용목장,소,163,경기도 화성시 만세구 장안면 갈우물길 143-17,경기도 화성시 만세구 장안면 노진리 1089,37.0449381116,126.8274050424,20260201,
화성시,태용목장,소,38,경기도 화성시 만세구 송산면 신천길 156-6,경기도 화성시 만세구 송산면 신천리 159,37.2508384707,126.7231377104,20260201,
화성시,태인농장,돼지,0,경기도 화성시 효행구 정남면 금복길 102,경기도 화성시 효행구 정남면 망월리 28,37.1517969193,127.0171689226,20260201,
화성시,태진목장,소,11,경기도 화성시 만세구 우정읍 바수게길 70-12,경기도 화성시 만세구 우정읍 주곡리 산128-13,37.1145037719,126.8061248216,20260201,
화성시,태창목장,소,45,경기도 화성시 만세구 양감면 솔안길 25,경기도 화성시 만세구 양감면 용소리 1029-5,37.0784241453,126.9672327100,20260201,
화성시,태창목장2,소,57,경기도 화성시 만세구 양감면 용소금각로36번길 20,경기도 화성시 만세구 양감면 용소리 878,37.0759967615,126.9747422280,20260201,
화성시,태평농장,소,36,,경기도 화성시 만세구 남양읍 신남리 383-3,37.1840935867,126.8265296343,20260201,
화성시,태평목장,소,550,경기도 화성시 만세구 남양읍 고향의봄길 156,경기도 화성시 만세구 남양읍 신남리 383-1,37.1841306413,126.8284709738,20260201,
화성시,태평양목장,소,10,경기도 화성시 만세구 송산면 중송길 24,경기도 화성시 만세구 송산면 중송리 252-2,37.2222876958,126.7048888852,20260201,
화성시,태행목장,소,2,경기도 화성시 효행구 비봉면 자청로207번길 21-73,경기도 화성시 효행구 비봉면 청요리 702-4,37.2106366685,126.8946161586,20260201,
화성시,태환목장,소,70,경기도 화성시 만세구 양감면 송말길 58-81,경기도 화성시 만세구 양감면 송산리 1003-3,37.1011106926,126.9892775646,20260201,
화성시,투세븐목장,소,31,경기도 화성시 만세구 우정읍 버들로 957-24,경기도 화성시 만세구 우정읍 주곡리 산60-36,37.1189597082,126.8238015989,20260201,
화성시,평화목장,소,120,,경기도 화성시 만세구 장안면 석포리 59-1,37.1184727499,126.8359029711,20260201,
화성시,푸르내목장,소,27,경기도 화성시 만세구 장안면 매바위로 276,경기도 화성시 만세구 장안면 석포리 1097,37.1364521104,126.8168343099,20260201,
화성시,푸르른목장,소,3,경기도 화성시 효행구 봉담읍 노루고개길 39,경기도 화성시 효행구 봉담읍 왕림리 590-3,37.1880078345,126.9415758500,20260201,
화성시,푸르른목장2,소,79,경기도 화성시 만세구 장안면 남양황라로 630-13,경기도 화성시 만세구 장안면 장안리 2713,37.0374679046,126.8604729388,20260201,
화성시,푸른목장,소,162,경기도 화성시 만세구 장안면 갈우물길69번길 21-45,경기도 화성시 만세구 장안면 노진리 1027,37.0515490236,126.8264357501,20260201,
화성시,푸른목장,소,43,경기도 화성시 만세구 우정읍 매바위로 252-45,경기도 화성시 만세구 우정읍 주곡리 967,37.1333497511,126.8165694830,20260201,
화성시,푸른목장 2호,염소,20,,경기도 화성시 만세구 우정읍 주곡리 968,37.1332873784,126.8160672807,20260201,
화성시,푸른목장2,소,50,경기도 화성시 만세구 우정읍 쌍봉로 306-86,경기도 화성시 만세구 우정읍 멱우리 774-1,37.1077806108,126.8125450436,20260201,
화성시,풀시온목장,소,136,경기도 화성시 만세구 장안면 3.1만세로 472-11,경기도 화성시 만세구 장안면 수촌리 산232-1,37.1010899307,126.8554820444,20260201,
화성시,품무골목장,소,0,경기도 화성시 만세구 남양읍 장덕동길 60,경기도 화성시 만세구 남양읍 장덕리 231-1,37.1623830044,126.8117354926,20260201,
화성시,풍천농장,소,6,,경기도 화성시 효행구 정남면 괘랑리 414,37.1855479303,126.9943809470,20260201,
화성시,하나더목장,소,465,경기도 화성시 만세구 장안면 수정로 406,경기도 화성시 만세구 장안면 수촌리 397-4,37.1002260247,126.8640983460,20260201,
화성시,하나로목장,소,40,경기도 화성시 만세구 양감면 용소금각로36번길 122,경기도 화성시 만세구 양감면 용소리 200,37.0740131751,126.9849144457,20260201,
화성시,하나목장,소,61,경기도 화성시 만세구 양감면 요댕이길 19-66,경기도 화성시 만세구 양감면 요당리 226-4,37.0726827620,126.9286419224,20260201,
화성시,하늘목장,소,5,경기도 화성시 만세구 장안면 남양황라로 559-25,경기도 화성시 만세구 장안면 장안리 1093,37.0333470573,126.8535701374,20260201,
화성시,하얀목장,소,53,경기도 화성시 만세구 우정읍 한뿌리2길 18-9,경기도 화성시 만세구 우정읍 한각리 757-4,37.0932762059,126.7955272710,20260201,
화성시,하연농장,염소,20,,경기도 화성시 만세구 남양읍 안석리 산 113-12,37.1674591036,126.8316276521,20260201,
화성시,하원목장,소,42,경기도 화성시 만세구 우정읍 호곡길 208-32,경기도 화성시 만세구 우정읍 호곡리 1189-2,37.1225285191,126.7733955189,20260201,
화성시,학교목장,소,39,경기도 화성시 만세구 양감면 안산말길 31,경기도 화성시 만세구 양감면 용소리 879,37.0759941195,126.9741459934,20260201,
화성시,학산농장,소,9,경기도 화성시 효행구 기배로43번길 36-11 (기안동),경기도 화성시 효행구 기안동 273,37.2254054730,126.9788366581,20260201,
화성시,학산목장,소,100,경기도 화성시 만세구 남양읍 고향의봄길 156,경기도 화성시 만세구 남양읍 신남리 383-1,37.1841306413,126.8284709738,20260201,
화성시,학태목장,소,19,경기도 화성시 만세구 마도면 청원로231번길 13,경기도 화성시 만세구 마도면 청원리 848-1,37.1775496233,126.7777578859,20260201,
화성시,학현목장,소,60,,경기도 화성시 만세구 장안면 독정리 821-2,37.0766541989,126.8394861260,20260201,
화성시,한강목장,소,37,경기도 화성시 만세구 우정읍 버들로 215-26,경기도 화성시 만세구 우정읍 운평리 103,37.0818117187,126.7897266989,20260201,
화성시,한라농장,돼지,2673,경기도 화성시 만세구 우정읍 점말길 24-23,경기도 화성시 만세구 우정읍 멱우리 440-3,37.0976980866,126.8306187252,20260201,
화성시,한미목장,소,17,경기도 화성시 만세구 우정읍 버들로 957-24,경기도 화성시 만세구 우정읍 주곡리 산60-36,37.1189597082,126.8238015989,20260201,
화성시,한백목장,소,14,경기도 화성시 만세구 마도면 송정서길 83-36,경기도 화성시 만세구 마도면 송정리 304-3,37.2217704610,126.7834456219,20260201,
화성시,한복순농장,소,60,,경기도 화성시 만세구 장안면 석포리 746,,,20260201,
화성시,한뿌리농장,소,16,,경기도 화성시 만세구 우정읍 한각리 525-2,37.0881243190,126.7951828123,20260201,
화성시,한샘목장,소,100,경기도 화성시 효행구 매송면 숙곡길 6-6,경기도 화성시 효행구 매송면 숙곡리 192,37.2610207131,126.9099226542,20260201,
화성시,한성농장,돼지,1460,경기도 화성시 만세구 마도면 마도서길117번길 12,경기도 화성시 만세구 마도면 고모리 171-1,37.1765235640,126.7349163019,20260201,
화성시,한수목장,소,50,경기도 화성시 효행구 비봉면 자청로207번길 32,경기도 화성시 효행구 비봉면 청요리 659,37.2060024202,126.8926472463,20260201,
화성시,한영축산,염소,20,경기도 화성시 효행구 정남면 정남동로325번길 35-168,경기도 화성시 효행구 정남면 망월리 446-4,37.1441664559,127.0008451583,20260201,
화성시,한우농장,소,30,경기도 화성시 만세구 송산면 삼존서길73번길 111-25,경기도 화성시 만세구 송산면 삼존리 1210,37.2236487961,126.7490825942,20260201,
화성시,한우농장,소,0,경기도 화성시 만세구 우정읍 문화마을1길 24-4,경기도 화성시 만세구 우정읍 호곡리 1-84,37.1258245456,126.7937622626,20260201,
화성시,한우농장,소,85,경기도 화성시 만세구 남양읍 성주골길 95,경기도 화성시 만세구 남양읍 원천리 655,37.2177604986,126.8063636227,20260201,
화성시,한우농장,소,0,경기도 화성시 만세구 양감면 창말안길 121-19,경기도 화성시 만세구 양감면 신왕리 1815-8,37.0742946981,126.9473269679,20260201,
화성시,한우리농장,소,88,경기도 화성시 만세구 우정읍 매바위로165번길 37-3,경기도 화성시 만세구 우정읍 주곡리 196,37.1284189296,126.8103207614,20260201,
화성시,한우목장,소,15,경기도 화성시 만세구 서신면 살곶이길 71,경기도 화성시 만세구 서신면 송교리 765-1,37.1591048148,126.6610993237,20260201,
화성시,한우목장,소,10,경기도 화성시 만세구 향남읍 한두골안길 93,경기도 화성시 만세구 향남읍 백토리 180-1,37.1188216253,126.9564137884,20260201,
화성시,한우목장,소,35,경기도 화성시 만세구 마도면 청원로231번길 21,경기도 화성시 만세구 마도면 청원리 849-2,37.1775834793,126.7773970840,20260201,
화성시,한우사랑,소,27,,경기도 화성시 만세구 마도면 해문리 산78,,,20260201,
화성시,한일농장,소,110,경기도 화성시 효행구 매송면 매송북길264번길 53-8,경기도 화성시 효행구 매송면 송라리 80-3,37.2815073326,126.9113420226,20260201,
화성시,한주목장,소,20,경기도 화성시 만세구 송산면 송산로360번길 77-10,경기도 화성시 만세구 송산면 천등리 513-2,37.2352292517,126.7112803464,20260201,
화성시,한진목장,소,100,경기도 화성시 만세구 양감면 길목길 22,경기도 화성시 만세구 양감면 정문리 554-1,37.0869081503,126.9818455063,20260201,
화성시,한진목장,소,25,경기도 화성시 만세구 양감면 길목길 63,경기도 화성시 만세구 양감면 정문리 493,37.0903547614,126.9825759382,20260201,
화성시,한축농장,소,13,,경기도 화성시 만세구 장안면 금의리 715,37.1092207871,126.8152843854,20260201,
화성시,한펄농장,소,15,경기도 화성시 만세구 송산면 송산로625번길 27,경기도 화성시 만세구 송산면 독지리 238,37.2511550492,126.6909981952,20260201,
화성시,한호목장,소,34,경기도 화성시 만세구 향남읍 수리재길 5,경기도 화성시 만세구 향남읍 화리현리 197-3,37.1135948170,126.9354932283,20260201,
화성시,해문목장,소,0,경기도 화성시 만세구 마도면 금해로135번길 61,경기도 화성시 만세구 마도면 해문리 246-1,37.2008858919,126.7429752987,20260201,
화성시,해브론농장,소,0,,경기도 화성시 만세구 팔탄면 율암리 313-3,37.1690195225,126.8714793583,20260201,
화성시,해수목장,소,19,경기도 화성시 만세구 향남읍 송뒷말길 20,경기도 화성시 만세구 향남읍 상두리 192,37.1092238743,126.9510462495,20260201,
화성시,해오름농장,소,0,,경기도 화성시 만세구 송산면 지화리 216-1,37.2177228264,126.6782030955,20260201,
화성시,해오름목장,소,50,경기도 화성시 만세구 우정읍 버들로 253-7,경기도 화성시 만세구 우정읍 운평리 107-1,37.0829563548,126.7881971380,20260201,
화성시,해한목장,소,0,경기도 화성시 만세구 우정읍 기아자동차로 292-94,경기도 화성시 만세구 우정읍 매향리 596-2,37.0453647360,126.7728946821,20260201,
화성시,해한목장,소,50,경기도 화성시 만세구 우정읍 매향고잔길 23,경기도 화성시 만세구 우정읍 매향리 375-5,37.0515689627,126.7645244626,20260201,
화성시,행복가득목장,소,17,경기도 화성시 만세구 장안면 문두골길 159-9,경기도 화성시 만세구 장안면 장안리 638-3,37.0466545052,126.8457990163,20260201,
화성시,행복목장,소,8,,경기도 화성시 효행구 정남면 관항리 581-1,37.1791669580,126.9606390262,20260201,
화성시,행복목장,소,0,경기도 화성시 만세구 우정읍 남양황라로 113-41,경기도 화성시 만세구 우정읍 이화리 1650,37.0295748546,126.8096077750,20260201,
화성시,행복한목장,소,115,경기도 화성시 만세구 장안면 고해길 178-21,경기도 화성시 만세구 장안면 독정리 1565,37.0633786189,126.8781625161,20260201,
화성시,행복한목장,소,67,경기도 화성시 효행구 봉담읍 호련2길 60-14,경기도 화성시 효행구 봉담읍 상기리 235-5,37.2061295022,126.9234903242,20260201,
화성시,행복한목장,소,135,경기도 화성시 만세구 마도면 청원로116번길 19,경기도 화성시 만세구 마도면 천원리 582-5,37.1783602651,126.7688394756,20260201,
화성시,행복한목장,소,47,경기도 화성시 만세구 송산면 공룡로 70-94,경기도 화성시 만세구 송산면 쌍정리 1297-3,37.2267355248,126.7370132028,20260201,
화성시,행정목장,소,198,경기도 화성시 만세구 우정읍 쌍봉로449번길 114,경기도 화성시 만세구 우정읍 화수리 942-2,37.1136846358,126.7895754191,20260201,
화성시,행정제2목장,소,0,경기도 화성시 만세구 장안면 남양호로 442-14,경기도 화성시 만세구 장안면 독정리 1670,37.0589506000,126.8777712517,20260201,
화성시,향나무목장,소,0,경기도 화성시 만세구 양감면 정문회화로 49-7,경기도 화성시 만세구 양감면 사창리 286,37.0923852538,126.9769358940,20260201,
화성시,향버들목장,소,35,경기도 화성시 만세구 향남읍 솔태상두길 182-24,경기도 화성시 만세구 향남읍 상두리 582,37.1067904325,126.9491842953,20260201,
화성시,헌진목장,소,100,,경기도 화성시 만세구 팔탄면 율암리 산97-1,,,20260201,
화성시,혁농장,소,16,,경기도 화성시 만세구 남양읍 장전리 335-2,37.2621727715,126.8256125328,20260201,
화성시,현2목장,소,15,,경기도 화성시 만세구 양감면 송산리 425,37.1097137092,126.9855758944,20260201,
화성시,현농장,소,9,경기도 화성시 효행구 정남면 발산1길 26,경기도 화성시 효행구 정남면 계향리 114,37.1514216400,126.9837367147,20260201,
화성시,현농장,소,5,경기도 화성시 만세구 서신면 염전길89번길 7,경기도 화성시 만세구 서신면 매화리 859-73,37.1626044913,126.6952203864,20260201,
화성시,현동목장,소,59,경기도 화성시 만세구 향남읍 구밀안길 19,경기도 화성시 만세구 향남읍 구문천리 416-2,37.0785482528,126.8971305478,20260201,
화성시,현목장1,소,10,경기도 화성시 만세구 양감면 월촌길 23,경기도 화성시 만세구 양감면 송산리 484-6,37.1092436987,126.9877035340,20260201,
화성시,현우농장,소,23,경기도 화성시 효행구 매송면 숙곡길 6-12,경기도 화성시 효행구 매송면 숙곡리 178-2,37.2613738150,126.9102356705,20260201,
화성시,현준목장,소,0,경기도 화성시 만세구 우정읍 석천길 45-16,경기도 화성시 만세구 우정읍 석천리 1036-37,37.0549285507,126.7922379593,20260201,
화성시,현지농장,돼지,2670,경기도 화성시 만세구 장안면 남양황라로 264-84,경기도 화성시 만세구 장안면 장안리 1669,37.0214375381,126.8209795348,20260201,
화성시,현진목장,소,71,경기도 화성시 효행구 봉담읍 복만터길 47,경기도 화성시 효행구 봉담읍 마하리 141-1,37.1804393871,126.9422849685,20260201,
화성시,현진목장,소,130,경기도 화성시 만세구 장안면 남양황라로 654-19,경기도 화성시 만세구 장안면 장안리 2731,37.0398429577,126.8612738781,20260201,
화성시,형성목장,소,115,경기도 화성시 효행구 봉담읍 유리마을길 34-6,경기도 화성시 효행구 봉담읍 유리 275,37.1747375030,126.9298681706,20260201,
화성시,형용농장,소,0,,경기도 화성시 만세구 장안면 석포리 산222-1,,,20260201,
화성시,형용목장,소,25,경기도 화성시 만세구 우정읍 조암각골길 24-12,경기도 화성시 만세구 우정읍 조암리 646-1,37.0831943028,126.7978707829,20260201,
화성시,형제농장,소,49,경기도 화성시 만세구 우정읍 굴원길 66,경기도 화성시 만세구 우정읍 호곡리 1127-12,37.1148410107,126.7825185545,20260201,
화성시,형제농장,소,10,,경기도 화성시 만세구 우정읍 운평리 85-3,37.0836276617,126.7883188191,20260201,
화성시,형제농장,염소,23,,경기도 화성시 효행구 비봉면 구포리 557-3,37.2509089425,126.8707878008,20260201,
화성시,형제목장,소,50,,경기도 화성시 만세구 양감면 송산리 559-1,37.1090644765,126.9940342440,20260201,
화성시,형제목장,소,16,,경기도 화성시 만세구 송산면 칠곡리 71-1,37.2086117125,126.7106527920,20260201,
화성시,형제목장,소,32,경기도 화성시 효행구 매송면 송숙로 116,경기도 화성시 효행구 매송면 야목리 12-1,37.2683765425,126.8974926586,20260201,
화성시,형진목장,소,134,경기도 화성시 만세구 우정읍 쌍봉로449번길 110,경기도 화성시 만세구 우정읍 화수리 942-22,37.1134571564,126.7907256040,20260201,
화성시,형환목장,소,50,경기도 화성시 만세구 남양읍 안석길 10,경기도 화성시 만세구 남양읍 안석리 345,37.1774711538,126.8177493211,20260201,
화성시,혜림목장,소,42,경기도 화성시 효행구 봉담읍 복만터길72번길 16,경기도 화성시 효행구 봉담읍 당하리 92,37.1834742486,126.9435920377,20260201,
화성시,혜림목장,소,112,경기도 화성시 만세구 우정읍 석천길 65-32,경기도 화성시 만세구 우정읍 석천리 40-3,37.0523445347,126.7912385300,20260201,
화성시,혜영농장,돼지,0,,경기도 화성시 만세구 마도면 금당리 581,,,20260201,
화성시,혜지농장,염소,20,경기도 화성시 효행구 매송면 매송로 294,경기도 화성시 효행구 매송면 매송로 294,37.2614643637,126.8855033134,20260201,
화성시,호걸목장,소,136,,경기도 화성시 만세구 서신면 매화리 701-1,37.1649784012,126.7015530529,20260201,
화성시,호련목장,소,60,,경기도 화성시 효행구 봉담읍 상기리 215,37.2063770686,126.9214588296,20260201,
화성시,호석목장,소,27,경기도 화성시 만세구 우정읍 화수동길 130,경기도 화성시 만세구 우정읍 화수리 838-3,37.1073149832,126.7961738290,20260201,
화성시,호수제1목장,소,76,경기도 화성시 만세구 남양읍 현대기아로 441-9,경기도 화성시 만세구 남양읍 무송리 208,37.1898071984,126.8441604835,20260201,
화성시,호수제2목장,소,100,,경기도 화성시 만세구 장안면 독정리 산73,,,20260201,
화성시,호승농장,소,29,경기도 화성시 만세구 향남읍 토성로 389-22,경기도 화성시 만세구 향남읍 요리 103-4,37.1153187537,126.9651396121,20260201,
화성시,호일목장,소,95,경기도 화성시 만세구 우정읍 호곡길 155,경기도 화성시 만세구 우정읍 호곡리 419-4,37.1188675767,126.7776178438,20260201,
화성시,호진목장,소,36,경기도 화성시 만세구 송산면 송산로625번길 48-48,경기도 화성시 만세구 송산면 독지리 53,37.2526642316,126.6863024789,20260201,
화성시,홍구목장,소,92,경기도 화성시 만세구 향남읍 상신로 80-36,경기도 화성시 만세구 향남읍 상신리 1103,37.0838174196,126.8840487225,20260201,
화성시,홍원목장,소,83,경기도 화성시 만세구 팔탄면 3.1만세로 625-23,경기도 화성시 만세구 팔탄면 해창리 259-23,37.1067897834,126.8660580386,20260201,
화성시,화당목장,소,46,경기도 화성시 만세구 팔탄면 화당길 22-26,경기도 화성시 만세구 팔탄면 화당리 57-2,37.1230563436,126.8619712178,20260201,
화성시,화련목장,소,45,경기도 화성시 만세구 장안면 문두골길 149-21,경기도 화성시 만세구 장안면 장안리 634-6,37.0478349662,126.8473633004,20260201,
화성시,화산록색목장,소,3,경기도 화성시 만세구 우정읍 장포길55번길 53,경기도 화성시 만세구 우정읍 화산리 1056-31,37.0654561449,126.7860660275,20260201,
화성시,화산목장,소,6,경기도 화성시 만세구 송산면 마도북로 53-10,경기도 화성시 만세구 송산면 봉가리 502-1,37.2077146048,126.7409687446,20260201,
화성시,화성가축,소,0,경기도 화성시 만세구 양감면 송말길 74-12,경기도 화성시 만세구 양감면 송산리 994-6,37.1064688760,126.9943624179,20260201,
화성시,화성국사농장,돼지,2913,경기도 화성시 만세구 장안면 남양황라로 319-123,경기도 화성시 만세구 장안면 장안리 2030,37.0281951473,126.8315551817,20260201,
화성시,화성농장,소,11,,경기도 화성시 만세구 팔탄면 노하리 239,37.1601532788,126.8621841881,20260201,
화성시,화성목장,소,30,경기도 화성시 만세구 남양읍 장전길42번길 76,경기도 화성시 만세구 남양읍 장전리 47,37.2639340194,126.8274359631,20260201,
화성시,화성목장,소,26,경기도 화성시 만세구 우정읍 소고지길 100-18,경기도 화성시 만세구 우정읍 주곡리 335-2,37.1209735119,126.8103545433,20260201,
화성시,화성목장,소,48,경기도 화성시 만세구 마도면 쌍송길99번길 29,경기도 화성시 만세구 마도면 쌍송리 602,37.1824605156,126.7819245043,20260201,
화성시,화성목장,소,50,경기도 화성시 만세구 향남읍 성재길 20-4,경기도 화성시 만세구 향남읍 요리 215-2,37.1132298722,126.9656720602,20260201,
화성시,화성큰염소농장,염소,40,,경기도 화성시 만세구 우정읍 운평리 668-9,37.0850227882,126.7785250423,20260201,
화성시,화성흑염소농장,염소,,경기도 화성시 만세구 남양읍 고향의봄길282번길 43,경기도 화성시 만세구 남양읍 활초리 569,37.1744615119,126.8305729163,20260201,
화성시,화홍농장,돼지,159,경기도 화성시 만세구 양감면 정문회화로 77-7,경기도 화성시 만세구 양감면 정문리 645-1,37.0942941018,126.9805461623,20260201,
화성시,환이목장,소,90,경기도 화성시 효행구 비봉면 쌍학안길53번길 87-11,경기도 화성시 효행구 비봉면 쌍학리 488-1,37.2350154758,126.8938463195,20260201,
화성시,활초농장,소,127,경기도 화성시 만세구 남양읍 활초길15번길 172-6,경기도 화성시 만세구 남양읍 활초리  681-1,37.1655005789,126.8400342300,20260201,
화성시,황골목장,소,167,경기도 화성시 만세구 장안면 황골길46번길 36-33,경기도 화성시 만세구 장안면 수촌리 1135-2,37.0905925609,126.8696586448,20260201,
화성시,황굴목장,소,140,경기도 화성시 만세구 장안면 화곡로 145-19,경기도 화성시 만세구 장안면 노진리 513-6,37.0525387475,126.8057896780,20260201,
화성시,황금농장,소,4,경기도 화성시 만세구 송산면 고포길76번길 42-14,경기도 화성시 만세구 송산면 고포리 694-13,37.2348197252,126.6672618486,20260201,
화성시,황정규목장,소,25,경기도 화성시 만세구 송산면 송산포도로 742-37,경기도 화성시 만세구 송산면 고포리 233-18,37.2390566432,126.6789402553,20260201,
화성시,횟돌목장,소,5,경기도 화성시 만세구 마도면 해문서길 104,경기도 화성시 만세구 마도면 해문리 7,37.2014713370,126.7303149181,20260201,
화성시,효근목장,염소,,,경기도 화성시 만세구 향남읍 상신리 327-202,37.1126714819,126.8922695501,20260201,
화성시,효성목장,소,24,경기도 화성시 효행구 비봉면 삼화길 275,경기도 화성시 효행구 비봉면 삼화리 1093,37.2543583271,126.8511339845,20260201,
화성시,효원목장,소,15,경기도 화성시 효행구 정남면 보통내길17번길 28-3,경기도 화성시 효행구 정남면 보통리 306-2,37.1804347814,126.9727807532,20260201,
화성시,효진목장,소,11,경기도 화성시 만세구 양감면 정문길 103-4,경기도 화성시 만세구 양감면 송산리 1005-8,37.1007143526,126.9914409386,20260201,
화성시,흑염소농장,염소,8,경기도 화성시 만세구 우정읍 발라곳1길 45,경기도 화성시 만세구 우정읍 운평리 512-4,37.0737966303,126.7731070347,20260201,
화성시,흥목장,소,105,경기도 화성시 만세구 양감면 솔미마을길 132-20,경기도 화성시 만세구 양감면 대양리 135,37.0922936021,126.9506845423,20260201,
화성시,흥석농장,돼지,0,경기도 화성시 효행구 비봉면 푸른들판로1430번길 81,경기도 화성시 효행구 비봉면 양노리 16-3,37.2256925421,126.8794361604,20260201,
화성시,흥우목장,소,45,경기도 화성시 만세구 남양읍 남양로 1452-14,경기도 화성시 만세구 남양읍 수화리 3-5,37.2617618795,126.8195835541,20260201,
화성시,흥천목장,소,12,경기도 화성시 만세구 장안면 흥천길 116-38,경기도 화성시 만세구 장안면 사곡리 596,37.0617193395,126.8049636748,20260201,
화성시,희망목장,소,19,경기도 화성시 만세구 서신면 매골길 126,경기도 화성시 만세구 서신면 매화리 66-4,37.1707075368,126.7153081265,20260201,
화성시,희망목장,소,63,경기도 화성시 만세구 향남읍 구문천2길 88-17,경기도 화성시 만세구 향남읍 구문천리 187-1,37.0776413433,126.9049679075,20260201,
화성시,희야목장,소,30,경기도 화성시 만세구 장안면 은골길30번길 9-12,경기도 화성시 만세구 장안면 어은리 126,37.0932661018,126.8375667636,20260201,
화성시,희주농장,돼지,1550,경기도 화성시 만세구 장안면 남양황라로 308-50,경기도 화성시 만세구 장안면 장안리 1955,37.0212150633,126.8310092766,20260201,

