시도,시군구,농장명,축종,지번주소,도로명주소,읍면,사육두수,동수,면적,위도,경도,기준일자,원본파일
강원도,영월군,,,중동면 녹전리 322,,,90,,,,,20210407,강원도 영월군_영월군 양돈농가 현황_20210407.csv
강원도,영월군,,,김삿갓면 예밀리 67,,,2000,,,,,20210407,강원도 영월군_영월군 양돈농가 현황_20210407.csv
강원도,영월군,,,북면 연덕리 620,,,1100,,,,,20210407,강원도 영월군_영월군 양돈농가 현황_20210407.csv
강원도,영월군,,,남면 연당리 270-5,,,160,,,,,20210407,강원도 영월군_영월군 양돈농가 현황_20210407.csv
강원도,영월군,,,주천면 용석리 1623-1,,,394,,,,,20210407,강원도 영월군_영월군 양돈농가 현황_20210407.csv
강원도,영월군,,,무릉도원면 운학리 1311-2,,,170,,,,,20210407,강원도 영월군_영월군 양돈농가 현황_20210407.csv
강원도,태백시,수한촌농장,,강원도 태백시 사군드리길 170-16(동점동),,,216,,,,,2021-04-09,"강원도 태백시_양돈농가 주소, 사업장 명칭 및 사육두수_20210409.csv"
강원도,태백시,학 농장,,강원도 태백시 서학로 865-1(황지동),,,803,,,,,2021-04-09,"강원도 태백시_양돈농가 주소, 사업장 명칭 및 사육두수_20210409.csv"
강원도,태백시,번영농장,,강원도 태백시 사배리길 60-56(문곡동),,,921,,,,,2021-04-09,"강원도 태백시_양돈농가 주소, 사업장 명칭 및 사육두수_20210409.csv"
강원특별자치도,강릉시,명인농장,돼지,강원특별자치도 강릉시 강동면 모전리 260번지 8호,강원특별자치도 강릉시 강동면 아래장작골길 100,,3000,10,2808,,,2026-02-03,강원특별자치도 강릉시_양돈_20260203.csv
강원특별자치도,강릉시,모전농장,돼지,강원특별자치도 강릉시 강동면 모전리 675번지 2호,,,2500,12,2565.7,,,2026-02-03,강원특별자치도 강릉시_양돈_20260203.csv
강원특별자치도,강릉시,태완농장,돼지,"강원특별자치도 강릉시 강동면 모전리 109번지 (111,112,113,114)",강원특별자치도 강릉시 강동면 임곡로 154-54,,2000,5,1732,,,2026-02-03,강원특별자치도 강릉시_양돈_20260203.csv
강원특별자치도,강릉시,동해영농조합법인,돼지,강원특별자치도 강릉시 강동면 임곡리 36번지 2호,강원특별자치도 강릉시 강동면 임곡로 529-24,,15000,34,16479.8,,,2026-02-03,강원특별자치도 강릉시_양돈_20260203.csv
강원특별자치도,강릉시,피내농장,돼지,강원특별자치도 강릉시 강동면 산성우리 373번지 1호,강원특별자치도 강릉시 강동면 율곡로 516,,4000,9,1629.12,,,2026-02-03,강원특별자치도 강릉시_양돈_20260203.csv
강원특별자치도,강릉시,주문축산,돼지,강원특별자치도 강릉시 구정면 학산리 70번지 69호,강원특별자치도 강릉시 구정면 미륵굼길 32,,2800,12,3147.86,,,2026-02-03,강원특별자치도 강릉시_양돈_20260203.csv
강원특별자치도,강릉시,영동 해피 팜,돼지,강원특별자치도 강릉시 강동면 산성우리 320번지 11호 외 11필지,강원특별자치도 강릉시 강동면 율곡로 707-36,,2840,5,2872.32,,,2026-02-03,강원특별자치도 강릉시_양돈_20260203.csv
강원특별자치도,강릉시,주남영농조합법인,돼지,강원특별자치도 강릉시 강동면 임곡리 72번지,강원특별자치도 강릉시 강동면 임곡로 651-10,,3500,4,3231.86,,,2026-02-03,강원특별자치도 강릉시_양돈_20260203.csv
강원특별자치도,강릉시,유성농장,돼지,강원특별자치도 강릉시 구정면 어단리 472번지 52호,강원특별자치도 강릉시 구정면 칠성로 116,,1600,7,2880,,,2026-02-03,강원특별자치도 강릉시_양돈_20260203.csv
강원특별자치도,강릉시,신국선,돼지,강원특별자치도 강릉시 옥계면 남양리 1648번지,강원특별자치도 강릉시 옥계면 남양2길 201,,350,3,466.56,,,2026-02-03,강원특별자치도 강릉시_양돈_20260203.csv
강원특별자치도,강릉시,구라미농장,돼지,강원특별자치도 강릉시 사천면 석교리 757번지 6호,강원특별자치도 강릉시 사천면 구라미길 319,,2200,5,2932,,,2026-02-03,강원특별자치도 강릉시_양돈_20260203.csv
강원특별자치도,강릉시,주문진희망농장,돼지,강원특별자치도 강릉시 주문진읍 향호리 821번지 2호,강원특별자치도 강릉시 주문진읍 거문동길 298-39,,1500,7,1526.99,,,2026-02-03,강원특별자치도 강릉시_양돈_20260203.csv
강원특별자치도,강릉시,하슬라농장,돼지,강원특별자치도 강릉시 강동면 모전리 268번지 1호,강원특별자치도 강릉시 강동면 아래장작골길 14-19,,2000,5,2080.5,,,2026-02-03,강원특별자치도 강릉시_양돈_20260203.csv
강원특별자치도,강릉시,홍가네농장,돼지,강원특별자치도 강릉시 주문진읍 장덕리 46번지,강원특별자치도 강릉시 주문진읍 장덕고개길 272-50,,1750,5,1650,,,2026-02-03,강원특별자치도 강릉시_양돈_20260203.csv
강원특별자치도,강릉시,주남영농조합법인 2농장,돼지,강원특별자치도 강릉시 강동면 임곡리 619번지,강원특별자치도 강릉시 강동면 임곡로 1123,,2077,1,943.8,,,2026-02-03,강원특별자치도 강릉시_양돈_20260203.csv
강원특별자치도,철원군,,돼지,강원특별자치도 철원군 서면 자등리 551번지,강원특별자치도 철원군 서면 금강로 7458,,,,,,,20250827,강원특별자치도 철원군_양돈농가현황_20250827.csv
강원특별자치도,철원군,,돼지,강원특별자치도 철원군 갈말읍 강포리 281번지,강원특별자치도 철원군 갈말읍 중군봉길 113,,,,,,,20250827,강원특별자치도 철원군_양돈농가현황_20250827.csv
강원특별자치도,철원군,,돼지,강원특별자치도 철원군 갈말읍 지포리 386,,,,,,,,20250827,강원특별자치도 철원군_양돈농가현황_20250827.csv
강원특별자치도,철원군,,돼지,강원특별자치도 철원군 갈말읍 강포리 104-3,강원특별자치도 철원군 갈말읍 중군봉길 7,,,,,,,20250827,강원특별자치도 철원군_양돈농가현황_20250827.csv
강원특별자치도,철원군,,돼지,강원특별자치도 철원군 갈말읍 강포리 351외,,,,,,,,20250827,강원특별자치도 철원군_양돈농가현황_20250827.csv
강원특별자치도,철원군,,돼지,강원특별자치도 철원군 갈말읍 동막리 601번지,강원특별자치도 철원군 갈말읍 신동막길 275,,,,,,,20250827,강원특별자치도 철원군_양돈농가현황_20250827.csv
강원특별자치도,철원군,,돼지,"강원특별자치도 철원군 동송읍 오지리 1043번지 4호 , 1043-6",강원특별자치도 철원군 동송읍 금학산로 84-11,,,,,,,20250827,강원특별자치도 철원군_양돈농가현황_20250827.csv
강원특별자치도,철원군,,돼지,강원특별자치도 철원군 동송읍 오지리 1043번지 11호,강원특별자치도 철원군 동송읍 금학산로 84-16,,,,,,,20250827,강원특별자치도 철원군_양돈농가현황_20250827.csv
강원특별자치도,철원군,,돼지,강원특별자치도 철원군 동송읍 오지리 1047번지 5호,강원특별자치도 철원군 동송읍 금학산로 68-16,,,,,,,20250827,강원특별자치도 철원군_양돈농가현황_20250827.csv
강원특별자치도,철원군,,돼지,강원특별자치도 철원군 동송읍 오지리 209번지 2호,강원특별자치도 철원군 동송읍 골말길 14-26,,,,,,,20250827,강원특별자치도 철원군_양돈농가현황_20250827.csv
강원특별자치도,철원군,,돼지,강원특별자치도 철원군 동송읍 오지리 127번지 1호,강원특별자치도 철원군 동송읍 오지로 207,,,,,,,20250827,강원특별자치도 철원군_양돈농가현황_20250827.csv
강원특별자치도,철원군,,돼지,강원특별자치도 철원군 동송읍 오지리 128번지 1호,강원특별자치도 철원군 동송읍 오지로 207,,,,,,,20250827,강원특별자치도 철원군_양돈농가현황_20250827.csv
강원특별자치도,철원군,,돼지,강원특별자치도 철원군 동송읍 오지리 151번지 3호,강원특별자치도 철원군 동송읍 오지로 207-16,,,,,,,20250827,강원특별자치도 철원군_양돈농가현황_20250827.csv
강원특별자치도,철원군,,돼지,강원특별자치도 철원군 동송읍 오지리 1105번지 22호,,,,,,,,20250827,강원특별자치도 철원군_양돈농가현황_20250827.csv
강원특별자치도,철원군,,돼지,강원특별자치도 철원군 동송읍 오지리 1125번지 8호,강원특별자치도 철원군 동송읍 상노로 377-30,,,,,,,20250827,강원특별자치도 철원군_양돈농가현황_20250827.csv
강원특별자치도,철원군,,돼지,"강원특별자치도 철원군 동송읍 오지리 1047번지 16호 (-19,-21,-82,-91,1102-71,-72,-75,1040-7)",강원특별자치도 철원군 동송읍 금학산로 50-1,,,,,,,20250827,강원특별자치도 철원군_양돈농가현황_20250827.csv
강원특별자치도,철원군,,돼지,강원특별자치도 철원군 갈말읍 지경리 160번지,강원특별자치도 철원군 갈말읍 호국로 5664,,,,,,,20250827,강원특별자치도 철원군_양돈농가현황_20250827.csv
강원특별자치도,철원군,,돼지,강원특별자치도 철원군 동송읍 상노리 488번지,강원특별자치도 철원군 동송읍 상노로 317,,,,,,,20250827,강원특별자치도 철원군_양돈농가현황_20250827.csv
강원특별자치도,철원군,,돼지,강원특별자치도 철원군 갈말읍 문혜리 751-4외1필,,,,,,,,20250827,강원특별자치도 철원군_양돈농가현황_20250827.csv
강원특별자치도,철원군,,돼지,강원특별자치도 철원군 갈말읍 문혜리 460번지 13호,강원특별자치도 철원군 갈말읍 호국로 5327-1,,,,,,,20250827,강원특별자치도 철원군_양돈농가현황_20250827.csv
강원특별자치도,철원군,,돼지,강원특별자치도 철원군 갈말읍 문혜리 산 189번지 송원농장,"강원특별자치도 철원군 갈말읍 호국로 5327, 송원농장",,,,,,,20250827,강원특별자치도 철원군_양돈농가현황_20250827.csv
강원특별자치도,철원군,,돼지,강원특별자치도 철원군 철원읍 대마리 339번지,강원특별자치도 철원군 철원읍 대마2길 189,,,,,,,20250827,강원특별자치도 철원군_양돈농가현황_20250827.csv
강원특별자치도,철원군,,돼지,강원특별자치도 철원군 동송읍 오지리 1043번지 14호 웰빙농장,"강원특별자치도 철원군 동송읍 금학산로 84-8, 웰빙농장",,,,,,,20250827,강원특별자치도 철원군_양돈농가현황_20250827.csv
강원특별자치도,철원군,,돼지,강원특별자치도 철원군 갈말읍 문혜리 111번지 2호,강원특별자치도 철원군 갈말읍 능곡길 63,,,,,,,20250827,강원특별자치도 철원군_양돈농가현황_20250827.csv
강원특별자치도,철원군,,돼지,강원특별자치도 철원군 갈말읍 문혜리 344번지 1호,강원특별자치도 철원군 갈말읍 태봉로 1176,,,,,,,20250827,강원특별자치도 철원군_양돈농가현황_20250827.csv
강원특별자치도,철원군,,돼지,강원특별자치도 철원군 갈말읍 지경리 217번지,강원특별자치도 철원군 갈말읍 호국로 5714-73,,,,,,,20250827,강원특별자치도 철원군_양돈농가현황_20250827.csv
강원특별자치도,철원군,,돼지,강원특별자치도 철원군 갈말읍 지경리 235번지,강원특별자치도 철원군 갈말읍 호국로 5719,,,,,,,20250827,강원특별자치도 철원군_양돈농가현황_20250827.csv
강원특별자치도,철원군,,돼지,강원특별자치도 철원군 갈말읍 토성리 213번지 2호,강원특별자치도 철원군 갈말읍 도창로 203-17,,,,,,,20250827,강원특별자치도 철원군_양돈농가현황_20250827.csv
강원특별자치도,철원군,,돼지,강원특별자치도 철원군 갈말읍 신철원리 1036번지,강원특별자치도 철원군 갈말읍 여우냇길 51,,,,,,,20250827,강원특별자치도 철원군_양돈농가현황_20250827.csv
강원특별자치도,철원군,,돼지,강원특별자치도 철원군 김화읍 청양리 205번지,강원특별자치도 철원군 김화읍 망경동길 63-7,,,,,,,20250827,강원특별자치도 철원군_양돈농가현황_20250827.csv
강원특별자치도,철원군,,돼지,강원특별자치도 철원군 김화읍 청양리 531번지,강원특별자치도 철원군 김화읍 청하골길 227,,,,,,,20250827,강원특별자치도 철원군_양돈농가현황_20250827.csv
강원특별자치도,철원군,,돼지,강원특별자치도 철원군 김화읍 청양리 668번지,강원특별자치도 철원군 김화읍 청하골길 207,,,,,,,20250827,강원특별자치도 철원군_양돈농가현황_20250827.csv
강원특별자치도,철원군,,돼지,강원특별자치도 철원군 서면 자등리 1399번지 1호,강원특별자치도 철원군 서면 조막동길 34-10,,,,,,,20250827,강원특별자치도 철원군_양돈농가현황_20250827.csv
강원특별자치도,철원군,,돼지,강원특별자치도 철원군 서면 자등리 1359번지 6호,강원특별자치도 철원군 서면 조막동길 26,,,,,,,20250827,강원특별자치도 철원군_양돈농가현황_20250827.csv
강원특별자치도,철원군,,돼지,강원특별자치도 철원군 근남면 사곡리 233번지 3호 선녀농장,"강원특별자치도 철원군 근남면 호국로 7003-64, 선녀농장",,,,,,,20250827,강원특별자치도 철원군_양돈농가현황_20250827.csv
강원특별자치도,철원군,,돼지,강원특별자치도 철원군 서면 자등리 816번지,강원특별자치도 철원군 서면 태봉로 213-43,,,,,,,20250827,강원특별자치도 철원군_양돈농가현황_20250827.csv
강원특별자치도,철원군,,돼지,강원특별자치도 철원군 근남면 사곡리 233번지 1호,강원특별자치도 철원군 근남면 호국로 7003-48,,,,,,,20250827,강원특별자치도 철원군_양돈농가현황_20250827.csv
강원특별자치도,철원군,,돼지,"강원특별자치도 철원군 근남면 사곡리 676번지 (-1,-2,663-2)",강원특별자치도 철원군 근남면 하오재로 2256,,,,,,,20250827,강원특별자치도 철원군_양돈농가현황_20250827.csv
강원특별자치도,철원군,,돼지,강원특별자치도 철원군 동송읍 오지리 1102번지 61호,강원특별자치도 철원군 동송읍 금학산로 68-20,,,,,,,20250827,강원특별자치도 철원군_양돈농가현황_20250827.csv
강원특별자치도,철원군,,돼지,강원특별자치도 철원군 갈말읍 내대리 499번지,강원특별자치도 철원군 갈말읍 갈말로 378,,,,,,,20250827,강원특별자치도 철원군_양돈농가현황_20250827.csv
강원특별자치도,철원군,,돼지,강원특별자치도 철원군 김화읍 청양리 259번지 외3필,강원특별자치도 철원군 김화읍 망경동길 5-38 (외3필),,,,,,,20250827,강원특별자치도 철원군_양돈농가현황_20250827.csv
강원특별자치도,철원군,,돼지,강원특별자치도 철원군 갈말읍 문혜리 767번지 3호,,,,,,,,20250827,강원특별자치도 철원군_양돈농가현황_20250827.csv
강원특별자치도,철원군,,돼지,강원특별자치도 철원군 김화읍 청양리 619번지 2호,강원특별자치도 철원군 김화읍 청하골길 227,,,,,,,20250827,강원특별자치도 철원군_양돈농가현황_20250827.csv
강원특별자치도,철원군,,돼지,강원특별자치도 철원군 갈말읍 문혜리 757번지,강원특별자치도 철원군 갈말읍 호국로 5074-21,,,,,,,20250827,강원특별자치도 철원군_양돈농가현황_20250827.csv
강원특별자치도,철원군,,돼지,강원특별자치도 철원군 서면 와수리 1979번지,,,,,,,,20250827,강원특별자치도 철원군_양돈농가현황_20250827.csv
강원특별자치도,철원군,,돼지,강원특별자치도 철원군 서면 와수리 산 95번지 4호,강원특별자치도 철원군 서면 와수로62번길 85,,,,,,,20250827,강원특별자치도 철원군_양돈농가현황_20250827.csv
강원특별자치도,철원군,,돼지,강원특별자치도 철원군 동송읍 장흥리 1782번지,강원특별자치도 철원군 동송읍 오대로 153,,,,,,,20250827,강원특별자치도 철원군_양돈농가현황_20250827.csv
강원특별자치도,철원군,,돼지,,강원특별자치도 철원군 갈말읍 신동막길 297,,,,,,,20250827,강원특별자치도 철원군_양돈농가현황_20250827.csv
강원특별자치도,철원군,,돼지,강원특별자치도 철원군 동송읍 오지리 1667번지,강원특별자치도 철원군 동송읍 오지로 52-112,,,,,,,20250827,강원특별자치도 철원군_양돈농가현황_20250827.csv
강원특별자치도,철원군,,돼지,강원특별자치도 철원군 동송읍 장흥리 517번지 2호,강원특별자치도 철원군 동송읍 구수동2길 57,,,,,,,20250827,강원특별자치도 철원군_양돈농가현황_20250827.csv
강원특별자치도,철원군,,돼지,강원특별자치도 철원군 김화읍 청양리 1482번지,강원특별자치도 철원군 김화읍 김화로 137,,,,,,,20250827,강원특별자치도 철원군_양돈농가현황_20250827.csv
강원특별자치도,철원군,,,강원특별자치도 철원군 동송읍 오지리 1675번지,강원특별자치도 철원군 동송읍 왜매길 153-106,,,,,,,20250827,강원특별자치도 철원군_양돈농가현황_20250827.csv
강원특별자치도,철원군,,돼지,강원특별자치도 철원군 동송읍 오지리 1685번지,강원특별자치도 철원군 동송읍 왜매길 153-125,,,,,,,20250827,강원특별자치도 철원군_양돈농가현황_20250827.csv
강원특별자치도,철원군,,돼지,강원특별자치도 철원군 동송읍 양지리 2153번지,강원특별자치도 철원군 동송읍 금강산로 953,,,,,,,20250827,강원특별자치도 철원군_양돈농가현황_20250827.csv
강원특별자치도,철원군,,돼지,강원특별자치도 철원군 동송읍 오지리 1686번지,강원특별자치도 철원군 동송읍 왜매길 153-127,,,,,,,20250827,강원특별자치도 철원군_양돈농가현황_20250827.csv
강원특별자치도,철원군,,돼지,강원특별자치도 철원군 동송읍 오지리 1739번지,강원특별자치도 철원군 동송읍 왜매길 153-72,,,,,,,20250827,강원특별자치도 철원군_양돈농가현황_20250827.csv
강원특별자치도,철원군,,돼지,강원특별자치도 철원군 철원읍 율이리 176번지 4호,강원특별자치도 철원군 철원읍 독서당길 43-1,,,,,,,20250827,강원특별자치도 철원군_양돈농가현황_20250827.csv
강원특별자치도,철원군,,돼지,강원특별자치도 철원군 동송읍 양지리 2677번지,강원특별자치도 철원군 동송읍 금강산로 927,,,,,,,20250827,강원특별자치도 철원군_양돈농가현황_20250827.csv
강원특별자치도,철원군,,돼지,강원특별자치도 철원군 동송읍 오지리 1747번지,강원특별자치도 철원군 동송읍 왜매길 153-110,,,,,,,20250827,강원특별자치도 철원군_양돈농가현황_20250827.csv
강원특별자치도,철원군,,돼지,강원특별자치도 철원군 동송읍 양지리 2095번지,강원특별자치도 철원군 동송읍 두루미로 1191-127,,,,,,,20250827,강원특별자치도 철원군_양돈농가현황_20250827.csv
강원특별자치도,철원군,,돼지,강원특별자치도 철원군 동송읍 양지리 2550번지,강원특별자치도 철원군 동송읍 금강산로 901,,,,,,,20250827,강원특별자치도 철원군_양돈농가현황_20250827.csv
강원특별자치도,철원군,,,강원특별자치도 철원군 동송읍 양지리 2154번지,강원특별자치도 철원군 동송읍 금강산로 951,,,,,,,20250827,강원특별자치도 철원군_양돈농가현황_20250827.csv
강원특별자치도,철원군,,돼지,"강원특별자치도 철원군 김화읍 청양리 523번지 1호 , 523-2, 524, 621",강원특별자치도 철원군 김화읍 청하골길 227,,,,,,,20250827,강원특별자치도 철원군_양돈농가현황_20250827.csv
경기도,고양시,노루메농장,돼지,경기도 고양시 일산서구 구산동 1289번지,,,748,3,1758,,,20250819,경기도 고양시_양돈 농장 현황_20250819.csv
경기도,고양시,정우농장,돼지,경기도 고양시 일산서구 구산동 1286번지,"경기도 고양시 일산서구 곳산길 100-8 (구산동, 송포양돈단지)",,1639,3,1815,,,20250819,경기도 고양시_양돈 농장 현황_20250819.csv
경기도,고양시,대영농장,돼지,"경기도 고양시 일산서구 구산동 1290번지  나, 다동",,,370,2,925,,,20250819,경기도 고양시_양돈 농장 현황_20250819.csv
경기도,고양시,원당양돈,돼지,"경기도 고양시 덕양구 도내동 572, 572-2, 572-3",,,700,3,1032,,,20250819,경기도 고양시_양돈 농장 현황_20250819.csv
경기도,고양시,도흥농장,돼지,경기도 고양시 덕양구 도내동 470번지 3호,경기도 고양시 덕양구 흥도로278번길 119 (도내동),,503,2,996,,,20250819,경기도 고양시_양돈 농장 현황_20250819.csv
경기도,고양시,명지농장1,돼지,경기도 고양시 덕양구 원당동 820번지 1호,경기도 고양시 덕양구 월현길 128-66 (원당동),,807,2,660,,,20250819,경기도 고양시_양돈 농장 현황_20250819.csv
경기도,고양시,보령농장,돼지,경기도 고양시 덕양구 행주외동 288번지,경기도 고양시 덕양구 양곡1길 121-37 (행주외동),,124,1,384,,,20250819,경기도 고양시_양돈 농장 현황_20250819.csv
경기도,고양시,정진고양,돼지,경기도 고양시 일산서구 구산동 1287번지 0호,,,1454,3,1755,,,20250819,경기도 고양시_양돈 농장 현황_20250819.csv
경기도,동두천시,태원축산,돼지,경기도 동두천시 갈마지길 111 (상패동),,,1756,13,2459.30,,,2024-03-12,경기도 동두천시_양돈농가현황_20240312.csv
경기도,동두천시,형제농장,돼지,경기도 동두천시 벌마들로40번길 225 (상패동),,,2346,10,4370.12,,,2024-03-12,경기도 동두천시_양돈농가현황_20240312.csv
경기도,동두천시,국연농장,돼지,경기도 동두천시 갈마지길 103 (상패동),,,1990,7,2984.35,,,2024-03-12,경기도 동두천시_양돈농가현황_20240312.csv
경기도,동두천시,개미와베짱이,돼지,경기도 동두천시 삼육사로596번길 51-12 (상패동),,,,12,4725.89,,,2024-03-12,경기도 동두천시_양돈농가현황_20240312.csv
경기도,동두천시,덕천농장,돼지,경기도 동두천시 삼육사로548번길 56 (상패동),,,2238,14,2560.20,,,2024-03-12,경기도 동두천시_양돈농가현황_20240312.csv
경기도,동두천시,남균농장,돼지,경기도 동두천시 갈마지길 141 (상패동),,,,14,2026.83,,,2024-03-12,경기도 동두천시_양돈농가현황_20240312.csv
경기도,동두천시,돼지,돼지,경기도 동두천시 삼육사로596번길 85-31 (상패동),,,,2,1826.40,,,2024-03-12,경기도 동두천시_양돈농가현황_20240312.csv
경기도,동두천시,상패농장,돼지,경기도 동두천시 삼육사로692번길 246-14 (상패동),,,,2,997.92,,,2024-03-12,경기도 동두천시_양돈농가현황_20240312.csv
경기도,동두천시,승기농장,돼지,경기도 동두천시 벌마들로40번길 253-11 (상패동),,,2357,10,3162.80,,,2024-03-12,경기도 동두천시_양돈농가현황_20240312.csv
경기도,시흥시,000농장,흑돼지,000-0,경기도 시흥시 00동,,200,3,629,,,2024-03-20,경기도 시흥시_양돈농가 현황_20240320.csv
경기도,안성시,신하농장,돼지,경기도 안성시 미양면 고지리 460번지,경기도 안성시 미양면 보촌4길 128,,2500,,,,,20240208,경기도 안성시_양돈농가 현황_20240208.csv
경기도,안성시,농업회사법인 (주) 대덕,돼지,경기도 안성시 대덕면 신령리 111번지 5호 (외 11필지),"경기도 안성시 대덕면 신령로 223, (외 11필지)",,3600,,,,,20240208,경기도 안성시_양돈농가 현황_20240208.csv
경기도,안성시,은진농장,돼지,경기도 안성시 죽산면 장계리 109번지,경기도 안성시 죽산면 장계길 14-60,,1300,,,,,20240208,경기도 안성시_양돈농가 현황_20240208.csv
경기도,안성시,승양농장,돼지,경기도 안성시 죽산면 장계리 362번지 1호,경기도 안성시 죽산면 능앞길 181-78,,2511,,,,,20240208,경기도 안성시_양돈농가 현황_20240208.csv
경기도,안성시,네남매농장,돼지,"경기도 안성시 죽산면 장계리 330번지 , 330-1, 330-2, 331, 331-1, 332",경기도 안성시 죽산면 장계길 14-108,,4059,,,,,20240208,경기도 안성시_양돈농가 현황_20240208.csv
경기도,안성시,진영농장,돼지,경기도 안성시 죽산면 당목리 666번지 1호 외 8필지,경기도 안성시 죽산면 목동길 47-23,,0,,,,,20240208,경기도 안성시_양돈농가 현황_20240208.csv
경기도,안성시,진성농장,돼지,경기도 안성시 고삼면 대갈리 398번지,경기도 안성시 고삼면 한내로 553-22,,1000,,,,,20240208,경기도 안성시_양돈농가 현황_20240208.csv
경기도,안성시,문호농장,돼지,경기도 안성시 일죽면 월정리 402번지 외 5필지,경기도 안성시 일죽면 소라태길 86,,1400,,,,,20240208,경기도 안성시_양돈농가 현황_20240208.csv
경기도,안성시,민우농장,돼지,"경기도 안성시 일죽면 금산리 510번지 4호 , 510-5",경기도 안성시 일죽면 일생로 205-99,,0,,,,,20240208,경기도 안성시_양돈농가 현황_20240208.csv
경기도,안성시,학열 농장,돼지,경기도 안성시 원곡면 성주리 221번지,경기도 안성시 원곡면 성주리 221번지,,1680,,,,,20240208,경기도 안성시_양돈농가 현황_20240208.csv
경기도,안성시,반제농장,돼지,경기도 안성시 원곡면 반제리 9번지 1호 외 12필지,경기도 안성시 원곡면 원당로 335,,23000,,,,,20240208,경기도 안성시_양돈농가 현황_20240208.csv
경기도,안성시,유민농장,돼지,경기도 안성시 보개면 신안리 116번지 1호,경기도 안성시 보개면 신곡길 37-15,,600,,,,,20240208,경기도 안성시_양돈농가 현황_20240208.csv
경기도,안성시,이레농장,돼지,"경기도 안성시 보개면 동평리 413번지 1호 , 324, 324-1, 410-1, 413",경기도 안성시 보개면 동평길 90-11,,4500,,,,,20240208,경기도 안성시_양돈농가 현황_20240208.csv
경기도,안성시,대유농장,돼지,경기도 안성시 보개면 상삼리 452번지,경기도 안성시 보개면 내방상삼로 216-95,,1400,,,,,20240208,경기도 안성시_양돈농가 현황_20240208.csv
경기도,안성시,대유농장,돼지,경기도 안성시 보개면 상삼리 365번지,경기도 안성시 보개면 내방상삼로 231-33,,700,,,,,20240208,경기도 안성시_양돈농가 현황_20240208.csv
경기도,안성시,삼본농장,돼지,경기도 안성시 보개면 남풍리 588번지 2호 외 10필지,경기도 안성시 보개면 시드물길 28-41,,0,,,,,20240208,경기도 안성시_양돈농가 현황_20240208.csv
경기도,안성시,영진농장,돼지,경기도 안성시 일죽면 장암리 523번지,경기도 안성시 일죽면 장암초교길 87,,1300,,,,,20240208,경기도 안성시_양돈농가 현황_20240208.csv
경기도,안성시,송일농장,돼지,경기도 안성시 일죽면 화곡리 652번지,경기도 안성시 일죽면 죽화로 251-16,,902,,,,,20240208,경기도 안성시_양돈농가 현황_20240208.csv
경기도,안성시,부건농장,돼지,"경기도 안성시 일죽면 고은리 184번지 외 4필지(184-1, 1164-1, 1164-2, 1163-10)","경기도 안성시 일죽면 고목길 51-19 (외 4필지(184-1, 1164-1, 1164-2, 1163-10))",,1550,,,,,20240208,경기도 안성시_양돈농가 현황_20240208.csv
경기도,안성시,신촌목장,돼지,경기도 안성시 일죽면 능국리 81번지 3호 외 8필지,경기도 안성시 일죽면 국동길 128-37,,3000,,,,,20240208,경기도 안성시_양돈농가 현황_20240208.csv
경기도,안성시,농업회사법인 주식회사 국제축산,돼지,경기도 안성시 일죽면 화봉리 60번지 6호 외 11필지,경기도 안성시 일죽면 금일로 140-116,,4500,,,,,20240208,경기도 안성시_양돈농가 현황_20240208.csv
경기도,안성시,서울농장,돼지,"경기도 안성시 미양면 보체리 361번지 1호 , 361-2, 361-4",경기도 안성시 미양면 양변길 212-37,,3140,,,,,20240208,경기도 안성시_양돈농가 현황_20240208.csv
경기도,안성시,샘골농장,돼지,경기도 안성시 미양면 갈전리 270번지 1호,경기도 안성시 미양면 갈전길 43,,600,,,,,20240208,경기도 안성시_양돈농가 현황_20240208.csv
경기도,안성시,농업회사법인 허브한돈팜 주식회사,돼지,경기도 안성시 미양면 진촌리 169번지 1호,경기도 안성시 미양면 미양로 269-114,,3245,,,,,20240208,경기도 안성시_양돈농가 현황_20240208.csv
경기도,안성시,세민농장,돼지,경기도 안성시 고삼면 쌍지리 1183번지,경기도 안성시 고삼면 풀무골길 50-8,,600,,,,,20240208,경기도 안성시_양돈농가 현황_20240208.csv
경기도,안성시,텃골농장,돼지,경기도 안성시 고삼면 봉산리 600번지 5호,경기도 안성시 고삼면 이전봉산길 437-16,,112,,,,,20240208,경기도 안성시_양돈농가 현황_20240208.csv
경기도,안성시,봉춘농장,돼지,경기도 안성시 일죽면 장암리 227번지,경기도 안성시 일죽면 장암로 123-5,,3000,,,,,20240208,경기도 안성시_양돈농가 현황_20240208.csv
경기도,안성시,상현농장,돼지,경기도 안성시 일죽면 월정리 491번지,경기도 안성시 일죽면 월정리 491번지,,660,,,,,20240208,경기도 안성시_양돈농가 현황_20240208.csv
경기도,안성시,(주)안성농장 장암지점,돼지,"경기도 안성시 일죽면 장암리 494번지 ,495번지","경기도 안성시 일죽면 장암로 168-22 (,495번지)",,3600,,,,,20240208,경기도 안성시_양돈농가 현황_20240208.csv
경기도,안성시,장일농장,돼지,경기도 안성시 일죽면 죽림리 38번지,경기도 안성시 일죽면 장암로 235-21,,2000,,,,,20240208,경기도 안성시_양돈농가 현황_20240208.csv
경기도,안성시,구여울농장,돼지,경기도 안성시 일죽면 송천리 606번지 10호,경기도 안성시 일죽면 내둔길 60-64,,3521,,,,,20240208,경기도 안성시_양돈농가 현황_20240208.csv
경기도,안성시,신광농장,돼지,경기도 안성시 일죽면 월정리 1584번지,경기도 안성시 일죽면 서동대로 7079-24,,1000,,,,,20240208,경기도 안성시_양돈농가 현황_20240208.csv
경기도,안성시,영조농장,돼지,경기도 안성시 일죽면 장암리 425번지 4호 외 3필지,경기도 안성시 일죽면 장암로 97-7,,2000,,,,,20240208,경기도 안성시_양돈농가 현황_20240208.csv
경기도,안성시,영석농장,돼지,경기도 안성시 일죽면 화봉리 881번지 1호,경기도 안성시 일죽면 윗송산길 63,,2500,,,,,20240208,경기도 안성시_양돈농가 현황_20240208.csv
경기도,안성시,풍산농장,돼지,"경기도 안성시 일죽면 장암리 232번지 , 232-1, 232-2, 232-3",경기도 안성시 일죽면 장암로 127-15,,2400,,,,,20240208,경기도 안성시_양돈농가 현황_20240208.csv
경기도,안성시,한양농장,돼지,경기도 안성시 공도읍 승두리 284번지 1호,경기도 안성시 공도읍 고무다리길 80-24,,800,,,,,20240208,경기도 안성시_양돈농가 현황_20240208.csv
경기도,안성시,사곡농장,돼지,경기도 안성시 사곡동 118번지,경기도 안성시 사곡1길 65-35(사곡동),,0,,,,,20240208,경기도 안성시_양돈농가 현황_20240208.csv
경기도,안성시,효성농장,돼지,경기도 안성시 일죽면 능국리 257번지 7호,경기도 안성시 일죽면 서동대로 7594-69,,1500,,,,,20240208,경기도 안성시_양돈농가 현황_20240208.csv
경기도,안성시,삼강농장,돼지,경기도 안성시 일죽면 신흥리 43번지 1호,경기도 안성시 일죽면 죽화로 531-19,,1943,,,,,20240208,경기도 안성시_양돈농가 현황_20240208.csv
경기도,안성시,구성농장(능국),돼지,"경기도 안성시 일죽면 능국리 746번지 5호 , -1, -3, -4, -8",경기도 안성시 일죽면 지내동길 18,,2915,,,,,20240208,경기도 안성시_양돈농가 현황_20240208.csv
경기도,안성시,승문농장,돼지,"경기도 안성시 일죽면 신흥리 386번지 1호 외4필지,370-1 외5필지","경기도 안성시 일죽면 덕현길 54 (외4필지,370-1 외5필지)",,2700,,,,,20240208,경기도 안성시_양돈농가 현황_20240208.csv
경기도,안성시,돈돌이농장,돼지,경기도 안성시 죽산면 장계리 298번지 4호,경기도 안성시 죽산면 장계길 14-37,,1000,,,,,20240208,경기도 안성시_양돈농가 현황_20240208.csv
경기도,안성시,홍란농장,돼지,경기도 안성시 죽산면 장능리 46번지,경기도 안성시 죽산면 능앞길 117,,800,,,,,20240208,경기도 안성시_양돈농가 현황_20240208.csv
경기도,안성시,(주)다비육종 도화농장2,돼지,"경기도 안성시 죽산면 당목리 338번지 , 339, 340-1",경기도 안성시 죽산면 용설로 607-57,,0,,,,,20240208,경기도 안성시_양돈농가 현황_20240208.csv
경기도,안성시,신성농장,돼지,경기도 안성시 양성면 명목리 366번지 외 2필지,경기도 안성시 양성면 속말길 26-28,,800,,,,,20240208,경기도 안성시_양돈농가 현황_20240208.csv
경기도,안성시,덕봉농장,돼지,경기도 안성시 양성면 덕봉리 36번지,경기도 안성시 양성면 덕봉서원로 575-50,,1800,,,,,20240208,경기도 안성시_양돈농가 현황_20240208.csv
경기도,안성시,청학농장,돼지,경기도 안성시 미양면 강덕리 175번지 외 4필지,경기도 안성시 미양면 서변1길 96-11,,0,,,,,20240208,경기도 안성시_양돈농가 현황_20240208.csv
경기도,안성시,서흥농장,돼지,경기도 안성시 서운면 신흥리 28번지 4호,경기도 안성시 서운면 신흥리 28번지 4호,,2000,,,,,20240208,경기도 안성시_양돈농가 현황_20240208.csv
경기도,안성시,지일농장,돼지,경기도 안성시 삼죽면 기솔리 239번지 외12필지,경기도 안성시 삼죽면 국사봉로 391,,6300,,,,,20240208,경기도 안성시_양돈농가 현황_20240208.csv
경기도,안성시,경기농장,돼지,경기도 안성시 대덕면 보동리 산 16번지 외 1필지(16-3),경기도 안성시 대덕면 김중만장군길 157-79 (외 1필지(16-3)),,0,,,,,20240208,경기도 안성시_양돈농가 현황_20240208.csv
경기도,안성시,태광농장,돼지,경기도 안성시 대덕면 명당리 199번지 (외3필지),"경기도 안성시 대덕면 선인장길 35-7, (외3필지)",,1900,,,,,20240208,경기도 안성시_양돈농가 현황_20240208.csv
경기도,안성시,정현농장,돼지,경기도 안성시 대덕면 무능리 310번지 1호,경기도 안성시 대덕면 능말길 43-65,,0,,,,,20240208,경기도 안성시_양돈농가 현황_20240208.csv
경기도,안성시,신촌양돈영농조합법인,돼지,경기도 안성시 대덕면 신령리 485번지,경기도 안성시 대덕면 신촌길 4-210,,2500,,,,,20240208,경기도 안성시_양돈농가 현황_20240208.csv
경기도,안성시,기찬축산,돼지,경기도 안성시 보개면 복평리 84번지 1호 외1필지,경기도 안성시 보개면 복평리 84번지 1호 외1필지,,1500,,,,,20240208,경기도 안성시_양돈농가 현황_20240208.csv
경기도,안성시,해동축산,돼지,경기도 안성시 보개면 복평리 107번지 2호 외 6필지,경기도 안성시 보개면 보개산로 100,,4000,,,,,20240208,경기도 안성시_양돈농가 현황_20240208.csv
경기도,안성시,우석농장,돼지,경기도 안성시 삼죽면 미장리 280번지,경기도 안성시 삼죽면 서동대로 6188-14,,3100,,,,,20240208,경기도 안성시_양돈농가 현황_20240208.csv
경기도,안성시,화성농장,돼지,경기도 안성시 삼죽면 율곡리 526번지 7호,경기도 안성시 삼죽면 삼백로 189-17,,1663,,,,,20240208,경기도 안성시_양돈농가 현황_20240208.csv
경기도,안성시,유나농장,돼지,경기도 안성시 삼죽면 미장리 27번지,경기도 안성시 삼죽면 서동대로 6172-107,,5000,,,,,20240208,경기도 안성시_양돈농가 현황_20240208.csv
경기도,안성시,윤선농장,돼지,경기도 안성시 삼죽면 기솔리 441번지,경기도 안성시 삼죽면 국사봉로 212-9,,1280,,,,,20240208,경기도 안성시_양돈농가 현황_20240208.csv
경기도,안성시,삼죽영농조합법인,돼지,경기도 안성시 삼죽면 덕산리 788번지 (외3필지),"경기도 안성시 삼죽면 삼죽초교길 112, (외3필지)",,2787,,,,,20240208,경기도 안성시_양돈농가 현황_20240208.csv
경기도,안성시,비봉농장,돼지,"경기도 안성시 삼죽면 내장리 58번지 1호 , 58-3, 59-2",경기도 안성시 삼죽면 상삼로 236-11,,2700,,,,,20240208,경기도 안성시_양돈농가 현황_20240208.csv
경기도,안성시,선유농장,돼지,경기도 안성시 일죽면 신흥리 451번지 3호,경기도 안성시 일죽면 신흥리 451번지 3호,,1500,,,,,20240208,경기도 안성시_양돈농가 현황_20240208.csv
경기도,안성시,달우물농장,돼지,"경기도 안성시 일죽면 월정리 44번지 3호 , 44-2",경기도 안성시 일죽면 일죽신동길 128,,2104,,,,,20240208,경기도 안성시_양돈농가 현황_20240208.csv
경기도,안성시,여울목영농조합법인,돼지,경기도 안성시 일죽면 산북리 531번지 외7필지,경기도 안성시 일죽면 주래본죽로 276-83 (외7필지),,2719,,,,,20240208,경기도 안성시_양돈농가 현황_20240208.csv
경기도,안성시,바우농장,돼지,"경기도 안성시 보개면 상삼리 331번지 , 335번지","경기도 안성시 보개면 내방상삼로 216-67 (, 335번지)",,1200,,,,,20240208,경기도 안성시_양돈농가 현황_20240208.csv
경기도,안성시,신흥농장,돼지,경기도 안성시 일죽면 신흥리 320번지 1호,경기도 안성시 일죽면 덕현길 13-51,,0,,,,,20240208,경기도 안성시_양돈농가 현황_20240208.csv
경기도,안성시,유일농장,돼지,"경기도 안성시 일죽면 장암리 60번지 1호 , -3, 61-3, 62-1, -3, 63-1, 413-1",경기도 안성시 일죽면 장암로 24-73,,4200,,,,,20240208,경기도 안성시_양돈농가 현황_20240208.csv
경기도,안성시,한샘농장,돼지,경기도 안성시 고삼면 쌍지리 795번지,경기도 안성시 고삼면 사동길 64,,1071,,,,,20240208,경기도 안성시_양돈농가 현황_20240208.csv
경기도,안성시,광무농장,돼지,"경기도 안성시 일죽면 고은리 1169번지 2호 , -3, 423","경기도 안성시 일죽면 고목남길 86-14 (, -3, 423)",,1900,,,,,20240208,경기도 안성시_양돈농가 현황_20240208.csv
경기도,안성시,고은농장,돼지,경기도 안성시 일죽면 고은리 814번지,경기도 안성시 일죽면 죽화로 110-51,,900,,,,,20240208,경기도 안성시_양돈농가 현황_20240208.csv
경기도,안성시,동부농장,돼지,경기도 안성시 삼죽면 덕산리 582번지,경기도 안성시 삼죽면 꺽지길 74,,1200,,,,,20240208,경기도 안성시_양돈농가 현황_20240208.csv
경기도,안성시,동산농장,돼지,경기도 안성시 대덕면 삼한리 236번지,경기도 안성시 대덕면 동산말길 80-12,,3000,,,,,20240208,경기도 안성시_양돈농가 현황_20240208.csv
경기도,안성시,씨프로팜,돼지,"경기도 안성시 보개면 상삼리 168번지 외 4필지(상삼리 439,440,441,445번지)",경기도 안성시 보개면 내방상삼로 216-11,,2750,,,,,20240208,경기도 안성시_양돈농가 현황_20240208.csv
경기도,안성시,찬식농장,돼지,경기도 안성시 일죽면 장암리 351번지 3호,경기도 안성시 일죽면 장암로 167-53,,900,,,,,20240208,경기도 안성시_양돈농가 현황_20240208.csv
경기도,안성시,장성골농장,돼지,경기도 안성시 일죽면 금산리 89번지 3호 (외12필지),경기도 안성시 일죽면 일생로 356,,4273,,,,,20240208,경기도 안성시_양돈농가 현황_20240208.csv
경기도,안성시,해성농장,돼지,경기도 안성시 보개면 북좌리 196번지,경기도 안성시 보개면 북좌길 43-31,,850,,,,,20240208,경기도 안성시_양돈농가 현황_20240208.csv
경기도,안성시,한결양돈영농조합법인,돼지,경기도 안성시 고삼면 신창리 279번지 외 7필지,경기도 안성시 고삼면 범골길 70,,0,,,,,20240208,경기도 안성시_양돈농가 현황_20240208.csv
경기도,안성시,농업회사법인 (주)안성,돼지,경기도 안성시 일죽면 화곡리 209번지 1호,경기도 안성시 일죽면 화곡리 209번지 1호,,20000,,,,,20240208,경기도 안성시_양돈농가 현황_20240208.csv
경기도,안성시,녹지농장,돼지,경기도 안성시 일죽면 화봉리 377번지 1호,경기도 안성시 일죽면 일생로 22-11,,400,,,,,20240208,경기도 안성시_양돈농가 현황_20240208.csv
경기도,안성시,해성농장,돼지,경기도 안성시 죽산면 칠장리 259번지,경기도 안성시 죽산면 칠장로 168-9,,950,,,,,20240208,경기도 안성시_양돈농가 현황_20240208.csv
경기도,안성시,(주)엑스피바이오,돼지,"경기도 안성시 일죽면 화곡리 869번지 4호 , 869-5번지",경기도 안성시 일죽면 화곡길 147-34,,630,,,,,20240208,경기도 안성시_양돈농가 현황_20240208.csv
경기도,안성시,한성농장,돼지,경기도 안성시 원곡면 산하리 54번지,경기도 안성시 원곡면 행골길 216-61,,1457,,,,,20240208,경기도 안성시_양돈농가 현황_20240208.csv
경기도,안성시,해오름농장,돼지,"경기도 안성시 서운면 신촌리 253번지 6호 외 4필지(서운면 신촌리 253-9, 253-10, 253-11, 산9-4)","경기도 안성시 서운면 서운로 241-45 (외 4필지(서운면 신촌리 253-9, 253-10, 253-11, 산9-4))",,3000,,,,,20240208,경기도 안성시_양돈농가 현황_20240208.csv
경기도,안성시,율곡농산,돼지,경기도 안성시 삼죽면 율곡리 산 16번지 1호,경기도 안성시 삼죽면 밤고개안길 168-74,,9000,,,,,20240208,경기도 안성시_양돈농가 현황_20240208.csv
경기도,안성시,산마을 농장,돼지,경기도 안성시 삼죽면 미장리 40번지 4호,경기도 안성시 삼죽면 미장리 40번지 4호,,1000,,,,,20240208,경기도 안성시_양돈농가 현황_20240208.csv
경기도,안성시,바우농장,돼지,경기도 안성시 일죽면 신흥리 326번지 1호 외 5필지,경기도 안성시 일죽면 노성로 193-27,,1000,,,,,20240208,경기도 안성시_양돈농가 현황_20240208.csv
경기도,안성시,영구농장,돼지,경기도 안성시 미양면 강덕리 175번지 1호,경기도 안성시 미양면 서변1길 84,,2450,,,,,20240208,경기도 안성시_양돈농가 현황_20240208.csv
경기도,안성시,방은농장,돼지,경기도 안성시 일죽면 방초리 1107번지 5호,경기도 안성시 일죽면 한다리길 36-13,,1920,,,,,20240208,경기도 안성시_양돈농가 현황_20240208.csv
경기도,안성시,대광축산,돼지,"경기도 안성시 삼죽면 덕산리 560번지 , 561-1, 739-3",경기도 안성시 삼죽면 삼백로 167,,600,,,,,20240208,경기도 안성시_양돈농가 현황_20240208.csv
경기도,안성시,다인농장,돼지,경기도 안성시 일죽면 고은리 1141번지 1호,경기도 안성시 일죽면 죽화로 22-9,,2400,,,,,20240208,경기도 안성시_양돈농가 현황_20240208.csv
경기도,안성시,구성농장,돼지,경기도 안성시 일죽면 장암리 436번지 외 8필지,경기도 안성시 일죽면 장암로 127-33,,7543,,,,,20240208,경기도 안성시_양돈농가 현황_20240208.csv
경기도,안성시,함박농장,돼지,"경기도 안성시 죽산면 장계리 35번지 1호 , 35-2",경기도 안성시 죽산면 걸미로 723-10,,390,,,,,20240208,경기도 안성시_양돈농가 현황_20240208.csv
경기도,안성시,한아름농장,돼지,경기도 안성시 죽산면 장계리 329번지,경기도 안성시 죽산면 장계길 14-102,,2200,,,,,20240208,경기도 안성시_양돈농가 현황_20240208.csv
경기도,안성시,엑스피농장,돼지,경기도 안성시 일죽면 화곡리 869번지 6호,경기도 안성시 일죽면 화곡길 147-34,,70,,,,,20240208,경기도 안성시_양돈농가 현황_20240208.csv
경기도,안성시,대유농장,돼지,경기도 안성시 양성면 산정리 48번지 1호,경기도 안성시 양성면 양성로 345,,1600,,,,,20240208,경기도 안성시_양돈농가 현황_20240208.csv
경기도,안성시,태기농장,돼지,경기도 안성시 일죽면 신흥리 689번지,경기도 안성시 일죽면 죽화로 431,,550,,,,,20240208,경기도 안성시_양돈농가 현황_20240208.csv
경기도,안성시,에이스 안성팜,돼지,경기도 안성시 미양면 갈전리 16번지,경기도 안성시 미양면 안골길 66,,400,,,,,20240208,경기도 안성시_양돈농가 현황_20240208.csv
경기도,안성시,현득농장,돼지,"경기도 안성시 일죽면 고은리 1176번지 4호 외 2필지(1177-5,1177-6)","경기도 안성시 일죽면 죽화로 112-84 (외 2필지(1177-5,1177-6))",,2400,,,,,20240208,경기도 안성시_양돈농가 현황_20240208.csv
경기도,안성시,오광농장,돼지,경기도 안성시 일죽면 방초리 1119번지 3호,경기도 안성시 일죽면 한다리길 35-12,,1300,,,,,20240208,경기도 안성시_양돈농가 현황_20240208.csv
경기도,안성시,다물농장,돼지,경기도 안성시 일죽면 화곡리 209번지 8호,경기도 안성시 일죽면 일죽신흥로 159-27,,700,,,,,20240208,경기도 안성시_양돈농가 현황_20240208.csv
경기도,안성시,농업회사법인(유)미래에이엠씨,돼지,경기도 안성시 일죽면 월정리 1440번지 외 4필지,경기도 안성시 일죽면 서동대로 7219-56 (외 4필지),,7000,,,,,20240208,경기도 안성시_양돈농가 현황_20240208.csv
경기도,안성시,태광농장,돼지,경기도 안성시 대덕면 명당리 195번지 1호,경기도 안성시 대덕면 선인장길 13,,1120,,,,,20240208,경기도 안성시_양돈농가 현황_20240208.csv
경기도,안성시,해돈농장,돼지,경기도 안성시 보개면 북좌리 337번지 외 1필(338),경기도 안성시 보개면 보개산로 145-16 (외 1필(338)),,2000,,,,,20240208,경기도 안성시_양돈농가 현황_20240208.csv
경기도,안성시,명성농장,돼지,경기도 안성시 일죽면 고은리 1152번지 13호,경기도 안성시 일죽면 오방길 38,,1800,,,,,20240208,경기도 안성시_양돈농가 현황_20240208.csv
경기도,안성시,성돈농장,돼지,경기도 안성시 일죽면 방초리 1108번지 5호,경기도 안성시 일죽면 한다리길 28,,3210,,,,,20240208,경기도 안성시_양돈농가 현황_20240208.csv
경기도,안성시,도나도나,돼지,경기도 안성시 죽산면 두교리 377번지,경기도 안성시 죽산면 걸미로 145-56,,6300,,,,,20240208,경기도 안성시_양돈농가 현황_20240208.csv
경기도,안성시,동양축산,돼지,경기도 안성시 죽산면 매산리 906번지,경기도 안성시 죽산면 한평길 57,,850,,,,,20240208,경기도 안성시_양돈농가 현황_20240208.csv
경기도,안성시,구일농장,돼지,경기도 안성시 일죽면 화곡리 204번지 (외 4필지),"경기도 안성시 일죽면 화곡길 46, (외 4필지)",,4378,,,,,20240208,경기도 안성시_양돈농가 현황_20240208.csv
경기도,안성시,형제농장,돼지,경기도 안성시 일죽면 방초리 1124번지 5호,경기도 안성시 일죽면 한다리길 15-23,,1600,,,,,20240208,경기도 안성시_양돈농가 현황_20240208.csv
경기도,안성시,고은농장,돼지,경기도 안성시 일죽면 고은리 883번지 외4필지,경기도 안성시 일죽면 죽화로 178-18,,1800,,,,,20240208,경기도 안성시_양돈농가 현황_20240208.csv
경기도,안성시,한수농장,돼지,"경기도 안성시 죽산면 두현리 229번지 ,224-3번지","경기도 안성시 죽산면 두평길 33-15 (,224-3번지)",,1200,,,,,20240208,경기도 안성시_양돈농가 현황_20240208.csv
경기도,안성시,(주)농업회사법인 가율,돼지,"경기도 안성시 보개면 남풍리 845번지 외 7필지(846,846-1,847,847-2,848,848-1,849-1)","경기도 안성시 보개면 보개원삼로 884-57 (외 7필지(846,846-1,847,847-2,848,848-1,849-1))",,4800,,,,,20240208,경기도 안성시_양돈농가 현황_20240208.csv
경기도,안성시,맘마농장,돼지,경기도 안성시 일죽면 방초리 1116번지 3호 외 1필지(1116-2),경기도 안성시 일죽면 한다리길 59-12,,1600,,,,,20240208,경기도 안성시_양돈농가 현황_20240208.csv
경기도,안성시,민들레 농장,돼지,"경기도 안성시 죽산면 장계리 374번지 외 3필지(375,378,380)","경기도 안성시 죽산면 장계길 20-112 (외 3필지(375,378,380))",,1500,,,,,20240208,경기도 안성시_양돈농가 현황_20240208.csv
경기도,안성시,이석농장,돼지,경기도 안성시 일죽면 방초리 1120번지 3호,경기도 안성시 일죽면 한다리길 35-11,,3000,,,,,20240208,경기도 안성시_양돈농가 현황_20240208.csv
경기도,안성시,고바우농장,돼지,경기도 안성시 고삼면 쌍지리 1035번지 2호 외 1필지(1035),경기도 안성시 고삼면 쌍지길 11-125,,9800,,,,,20240208,경기도 안성시_양돈농가 현황_20240208.csv
경기도,안성시,신촌제1목장,돼지,"경기도 안성시 일죽면 능국리 84번지 외 2필지(81-5, 81-6)","경기도 안성시 일죽면 능국리 84번지 외 2필지(81-5, 81-6)",,1200,,,,,20240208,경기도 안성시_양돈농가 현황_20240208.csv
경기도,안성시,만희농장,돼지,"경기도 안성시 죽산면 매산리 945번지 외 2필지(946,947)",경기도 안성시 죽산면 하구산길 196-36,,4113,,,,,20240208,경기도 안성시_양돈농가 현황_20240208.csv
경기도,안성시,승빈농장,돼지,"경기도 안성시 죽산면 장계리 442번지 1호 , 441-2, 441-3",경기도 안성시 죽산면 장계길 20-64,,7477,,,,,20240208,경기도 안성시_양돈농가 현황_20240208.csv
경기도,안성시,시영농장,돼지,경기도 안성시 삼죽면 기솔리 440번지 2호,경기도 안성시 삼죽면 국사봉로 212-18,,700,,,,,20240208,경기도 안성시_양돈농가 현황_20240208.csv
경기도,안성시,범민농장,돼지,"경기도 안성시 일죽면 장암리 514번지 , 513, 515",경기도 안성시 일죽면 장암초교길 102-22,,800,,,,,20240208,경기도 안성시_양돈농가 현황_20240208.csv
경기도,안성시,도암농업회사법인,돼지,경기도 안성시 보개면 북가현리 206번지 외 7필지,경기도 안성시 보개면 보삼로 230-6,,5195,,,,,20240208,경기도 안성시_양돈농가 현황_20240208.csv
경기도,안성시,해돈농장,돼지,경기도 안성시 일죽면 화곡리 288번지 외 20필지,"경기도 안성시 일죽면 화곡길 27-25, (외 20필지)",,3450,,,,,20240208,경기도 안성시_양돈농가 현황_20240208.csv
경기도,안성시,농업회사법인 성원팜 주식회사,돼지,경기도 안성시 미양면 갈전리 8번지,경기도 안성시 미양면 안골길 53,,1400,,,,,20240208,경기도 안성시_양돈농가 현황_20240208.csv
경기도,안성시,태산농장,돼지,경기도 안성시 일죽면 고은리 1158번지 3호 외 1필지,경기도 안성시 일죽면 죽화로 112-40,,1500,,,,,20240208,경기도 안성시_양돈농가 현황_20240208.csv
경기도,안성시,민기농장,돼지,"경기도 안성시 삼죽면 미장리 12, 14, 17, 18",경기도 안성시 삼죽면 서동대로 6172-89,,1500,,,,,20240208,경기도 안성시_양돈농가 현황_20240208.csv
경기도,안성시,대성농장,돼지,경기도 안성시 삼죽면 진촌리 187번지,경기도 안성시 삼죽면 서동대로 6362-56,,1500,,,,,20240208,경기도 안성시_양돈농가 현황_20240208.csv
경기도,안성시,농업회사법인 (주)클론메드,돼지,경기도 안성시 일죽면 능국리 115번지 1호,경기도 안성시 일죽면 국동길 78-27,,600,,,,,20240208,경기도 안성시_양돈농가 현황_20240208.csv
경기도,안성시,전진농장,돼지,경기도 안성시 양성면 덕봉리 687번지 10호,경기도 안성시 양성면 지남촌길 27-120,,1700,,,,,20240208,경기도 안성시_양돈농가 현황_20240208.csv
경기도,안성시,농업회사법인 동화농산(주)안성,돼지,경기도 안성시 죽산면 두교리 377번지,경기도 안성시 죽산면 걸미로 145-56,,5634,,,,,20240208,경기도 안성시_양돈농가 현황_20240208.csv
경기도,안성시,노엘농장,돼지,경기도 안성시 죽산면 장계리 61번지 1호 외 1필지(63번지),경기도 안성시 죽산면 두평길 1-107,,1800,,,,,20240208,경기도 안성시_양돈농가 현황_20240208.csv
경기도,안성시,계림축산,돼지,경기도 안성시 일죽면 장암리 510번지,경기도 안성시 일죽면 장암초교길 102-32,,1500,,,,,20240208,경기도 안성시_양돈농가 현황_20240208.csv
경기도,안성시,태광농장,돼지,경기도 안성시 미양면 정동리 524번지 11호,경기도 안성시 미양면 중앙배수1길 170-28,,2500,,,,,20240208,경기도 안성시_양돈농가 현황_20240208.csv
경기도,안성시,더존햇살코리아,돼지,경기도 안성시 미양면 정동리 524번지 15호,경기도 안성시 미양면 중앙배수1길 170-12,,2000,,,,,20240208,경기도 안성시_양돈농가 현황_20240208.csv
경기도,안성시,태현농장,돼지,경기도 안성시 일죽면 장암리 413번지 1호,경기도 안성시 일죽면 장암초교길 50-29,,950,,,,,20240208,경기도 안성시_양돈농가 현황_20240208.csv
경기도,안성시,신태양농장,돼지,경기도 안성시 일죽면 월정리 1707번지,경기도 안성시 일죽면 장암초교길 102-79,,800,,,,,20240208,경기도 안성시_양돈농가 현황_20240208.csv
경기도,안성시,라온제나팜스,돼지,"경기도 안성시 일죽면 장암리 44번지 1호 , 44-2",경기도 안성시 일죽면 장암로 24-21,,0,,,,,20240208,경기도 안성시_양돈농가 현황_20240208.csv
경기도,안성시,번성팜,돼지,경기도 안성시 죽산면 매산리 992번지,경기도 안성시 죽산면 하구산길 154,,1250,,,,,20240208,경기도 안성시_양돈농가 현황_20240208.csv
경기도,안성시,제2문호농장,돼지,경기도 안성시 일죽면 월정리 358번지 외1필지,경기도 안성시 일죽면 소라태길 93,,1100,,,,,20240208,경기도 안성시_양돈농가 현황_20240208.csv
경기도,안성시,거니양돈,돼지,경기도 안성시 서운면 신촌리 282번지 1호 외 2필지,경기도 안성시 서운면 신촌리 282번지 1호 외 2필지,,1410,,,,,20240208,경기도 안성시_양돈농가 현황_20240208.csv
경기도,안성시,찬양축산,돼지,경기도 안성시 대덕면 보동리 307번지 1호 외1필지,경기도 안성시 대덕면 시미실길 154,,675,,,,,20240208,경기도 안성시_양돈농가 현황_20240208.csv
경기도,안성시,삼죽농장,돼지,경기도 안성시 삼죽면 내장리 20번지 외 1필지,경기도 안성시 삼죽면 상삼로 199,,500,,,,,20240208,경기도 안성시_양돈농가 현황_20240208.csv
경기도,안성시,재현농장,돼지,"경기도 안성시 삼죽면 내장리 66번지 , 72, 33, 33-1",경기도 안성시 삼죽면 상삼로 259,,2000,,,,,20240208,경기도 안성시_양돈농가 현황_20240208.csv
경기도,안성시,도담농장,돼지,경기도 안성시 죽산면 매산리 957번지 외 1필지,경기도 안성시 죽산면 하구산길 178-37,,800,,,,,20240208,경기도 안성시_양돈농가 현황_20240208.csv
경기도,안성시,서영농장,돼지,경기도 안성시 일죽면 고은리 1153번지 10호,경기도 안성시 일죽면 죽화로 44-77,,1543,,,,,20240208,경기도 안성시_양돈농가 현황_20240208.csv
경기도,안성시,지팜얼라이언스 농업회사법인(주),돼지,경기도 안성시 일죽면 방초리 139번지,경기도 안성시 일죽면 사실로 225-49,,6000,,,,,20240208,경기도 안성시_양돈농가 현황_20240208.csv
경기도,안성시,도드람농장,돼지,경기도 안성시 일죽면 고은리 806번지 20호 외2필지,경기도 안성시 일죽면 죽화로 110-77 (외2필지),,300,,,,,20240208,경기도 안성시_양돈농가 현황_20240208.csv
경기도,안성시,구성농장(미양점),돼지,경기도 안성시 미양면 정동리 507번지 10호 외4필지,경기도 안성시 미양면 중앙배수1길 106-26,,6396,,,,,20240208,경기도 안성시_양돈농가 현황_20240208.csv
경기도,안성시,매산농장,돼지,경기도 안성시 죽산면 매산리 958번지,경기도 안성시 죽산면 하구산길 178-35,,1028,,,,,20240208,경기도 안성시_양돈농가 현황_20240208.csv
경기도,안성시,기쁨농장,돼지,경기도 안성시 대덕면 보동리 308번지 1호,경기도 안성시 대덕면 시미실길 151,,789,,,,,20240208,경기도 안성시_양돈농가 현황_20240208.csv
경기도,안성시,태광농장,돼지,경기도 안성시 미양면 정동리 524번지 8호,경기도 안성시 미양면 중앙배수1길 170-48,,2000,,,,,20240208,경기도 안성시_양돈농가 현황_20240208.csv
경기도,안성시,팜스코바이오인티 삼죽농장,돼지,경기도 안성시 삼죽면 율곡리 24번지 1호 번지 외 9필지,경기도 안성시 삼죽면 밤고개길 79-111,,2840,,,,,20240208,경기도 안성시_양돈농가 현황_20240208.csv
경기도,안성시,대화농장,돼지,"경기도 안성시 일죽면 화곡리 764번지 7호 , 764-2",경기도 안성시 일죽면 죽화로 251-19,,3000,,,,,20240208,경기도 안성시_양돈농가 현황_20240208.csv
경기도,안성시,여명축산,돼지,"경기도 안성시 일죽면 신흥리 213번지 5호 , 214, 215",경기도 안성시 일죽면 지내동길 39-28,,950,,,,,20240208,경기도 안성시_양돈농가 현황_20240208.csv
경기도,안성시,신흥농장2,돼지,경기도 안성시 일죽면 신흥리 958번지 7호,경기도 안성시 일죽면 지내동길 40-37,,0,,,,,20240208,경기도 안성시_양돈농가 현황_20240208.csv
경기도,안성시,농업회사법인(주)국제축산(제2농장),돼지,경기도 안성시 일죽면 화봉리 336번지 2호,경기도 안성시 일죽면 금일로 254-28,,1512,,,,,20240208,경기도 안성시_양돈농가 현황_20240208.csv
경기도,안성시,지니팜,돼지,경기도 안성시 미양면 정동리 505번지 1호 외 1필지,경기도 안성시 미양면 중앙배수1길 170-47,,2500,,,,,20240208,경기도 안성시_양돈농가 현황_20240208.csv
경기도,안성시,새마을농장,돼지,경기도 안성시 일죽면 신흥리 686번지 4호 번지 외 3필지,경기도 안성시 일죽면 죽화로 433,,0,,,,,20240208,경기도 안성시_양돈농가 현황_20240208.csv
경기도,안성시,농업회사법인(주) 팜스월드 광일농장,돼지,경기도 안성시 삼죽면 진촌리 310번지 3호,경기도 안성시 삼죽면 동아예대길 99,,2800,,,,,20240208,경기도 안성시_양돈농가 현황_20240208.csv
경기도,안성시,C·F,돼지,경기도 안성시 죽산면 당목리 970번지 3호,경기도 안성시 죽산면 걸미로 478-12,,554,,,,,20240208,경기도 안성시_양돈농가 현황_20240208.csv
경기도,안성시,청해농장,돼지,경기도 안성시 죽산면 장능리 69번지 1호,경기도 안성시 죽산면 능앞길 129-16,,614,,,,,20240208,경기도 안성시_양돈농가 현황_20240208.csv
경기도,안성시,행복농장,돼지,경기도 안성시 일죽면 장암리 425번지 1호,경기도 안성시 일죽면 장암로 93,,0,,,,,20240208,경기도 안성시_양돈농가 현황_20240208.csv
경기도,안성시,동산비육장,돼지,"경기도 안성시 삼죽면 내장리 210번지 1호 , 210-2, 209-5, 209-6, 209-7",경기도 안성시 삼죽면 상삼로 121,,0,,,,,20240208,경기도 안성시_양돈농가 현황_20240208.csv
경기도,안성시,세민농장2,돼지,경기도 안성시 고삼면 쌍지리 302번지 4호,경기도 안성시 고삼면 쌍지길 215-42,,300,,,,,20240208,경기도 안성시_양돈농가 현황_20240208.csv
경기도,안성시,덕산농장,돼지,경기도 안성시 삼죽면 덕산리 455번지,경기도 안성시 삼죽면 삼죽초교길 157,,1400,,,,,20240208,경기도 안성시_양돈농가 현황_20240208.csv
경기도,안성시,능국농장,돼지,"경기도 안성시 일죽면 능국리 745-2, 745-3",경기도 안성시 일죽면 지내동길 20,,660,,,,,20240208,경기도 안성시_양돈농가 현황_20240208.csv
경기도,안성시,민근농장,돼지,경기도 안성시 미양면 정동리 506번지 2호,경기도 안성시 미양면 중앙배수1길 128-37,,2818,,,,,20240208,경기도 안성시_양돈농가 현황_20240208.csv
경기도,양주시,형제농장,돼지,경기도 양주시 광적면 광석리 326-18,경기도 양주시 광적면 부흥로597번길 168-5,,1100,,,,,2024-03-06,경기도 양주시_양돈농가 현황_20240306.csv
경기도,양주시,광남농본축산단지,돼지,경기도 양주시 광적면 덕도리 120-,경기도 양주시 광적면 삼일로 365-63,,5700,,,,,2024-03-06,경기도 양주시_양돈농가 현황_20240306.csv
경기도,양주시,상학농장,돼지,경기도 양주시 광적면 석우리 339,경기도 양주시 광적면 광적로156번길 83,,600,,,,,2024-03-06,경기도 양주시_양돈농가 현황_20240306.csv
경기도,양주시,성암농장,돼지,경기도 양주시 광적면 효촌리 603,경기도 양주시 광적면 화합로74번길 198,,1300,,,,,2024-03-06,경기도 양주시_양돈농가 현황_20240306.csv
경기도,양주시,덕수농장,돼지,경기도 양주시 남면 경신리 202-3,경기도 양주시 남면 현석로785번길 128,,700,,,,,2024-03-06,경기도 양주시_양돈농가 현황_20240306.csv
경기도,양주시,이레에듀팜,돼지,경기도 양주시 남면 상수리 162-22,경기도 양주시 남면 삼일로 690-61,,1500,,,,,2024-03-06,경기도 양주시_양돈농가 현황_20240306.csv
경기도,양주시,지정팜,돼지,경기도 양주시 남면 상수리 224,경기도 양주시 남면 화합로610번길 30-262,,5500,,,,,2024-03-06,경기도 양주시_양돈농가 현황_20240306.csv
경기도,양주시,이천농장,돼지,경기도 양주시 남면 상수리 489-18,경기도 양주시 백석읍 양주산성로 864-8,,200,,,,,2024-03-06,경기도 양주시_양돈농가 현황_20240306.csv
경기도,양주시,상수2농장,돼지,경기도 양주시 남면 상수리 520,경기도 양주시 남면 감악산로83번길 439,,0,,,,,2024-03-06,경기도 양주시_양돈농가 현황_20240306.csv
경기도,양주시,신승농장,돼지,경기도 양주시 남면 입암리 413,경기도 양주시 남면 삼일로 679-18,,5500,,,,,2024-03-06,경기도 양주시_양돈농가 현황_20240306.csv
경기도,양주시,무림농원,돼지,경기도 양주시 남면 입암리 64,경기도 양주시 남면 삼일로 708-54,,2400,,,,,2024-03-06,경기도 양주시_양돈농가 현황_20240306.csv
경기도,양주시,해오름팜,돼지,경기도 양주시 남면 한산리 116,경기도 양주시 남면 은남로 76-85,,4300,,,,,2024-03-06,경기도 양주시_양돈농가 현황_20240306.csv
경기도,양주시,용마농장,돼지,경기도 양주시 백석읍 연곡리 19-3,경기도 양주시 백석읍 연곡로 73-64,,300,,,,,2024-03-06,경기도 양주시_양돈농가 현황_20240306.csv
경기도,양주시,원일2농장,돼지,경기도 양주시 백석읍 오산리 233-19,경기도 양주시 부흥로910번길 126,,700,,,,,2024-03-06,경기도 양주시_양돈농가 현황_20240306.csv
경기도,양주시,장흥농장,돼지,경기도 양주시 봉양동 580-1,경기도 양주시 칠봉산로227번길 76-41,,900,,,,,2024-03-06,경기도 양주시_양돈농가 현황_20240306.csv
경기도,양주시,명선농장,돼지,경기도 양주시 봉양동 625-1,경기도 양주시 칠봉산로227번길 76-26 (봉양동),,200,,,,,2024-03-06,경기도 양주시_양돈농가 현황_20240306.csv
경기도,양주시,옥성농장,돼지,경기도 양주시 은현면 도하리 18-1,경기도 양주시 은현면 그루고개로589번길 25-12,,900,,,,,2024-03-06,경기도 양주시_양돈농가 현황_20240306.csv
경기도,양주시,선봉농장,돼지,경기도 양주시 은현면 도하리 768-1,경기도 양주시 은현면 검준2길 282,,500,,,,,2024-03-06,경기도 양주시_양돈농가 현황_20240306.csv
경기도,양주시,도담농장,돼지,경기도 양주시 은현면 봉암리 13,경기도 양주시 은현면 은현로 376-90,,2500,,,,,2024-03-06,경기도 양주시_양돈농가 현황_20240306.csv
경기도,양주시,정은농장,돼지,경기도 양주시 은현면 봉암리 465-3,경기도 양주시 은현면 운하로99번길 290-8,,1300,,,,,2024-03-06,경기도 양주시_양돈농가 현황_20240306.csv
경기도,양주시,양지농장,돼지,경기도 양주시 은현면 선암리 19-1,경기도 양주시 만송로331번길 18 (만송동),,900,,,,,2024-03-06,경기도 양주시_양돈농가 현황_20240306.csv
경기도,양주시,부농농장,돼지,경기도 양주시 은현면 선암리 445,경기도 양주시 은현로56번길 159-15,,800,,,,,2024-03-06,경기도 양주시_양돈농가 현황_20240306.csv
경기도,양주시,성원농장,돼지,경기도 양주시 은현면 용암리 358,경기도 양주시 은현면 화합로1169번길 72-3,,700,,,,,2024-03-06,경기도 양주시_양돈농가 현황_20240306.csv
경기도,양주시,필진농장,돼지,경기도 양주시 은현면 용암리 359,경기도 양주시 은현면 화합로1169번길 78,,700,,,,,2024-03-06,경기도 양주시_양돈농가 현황_20240306.csv
경기도,양주시,병영농장,돼지,경기도 양주시 은현면 용암리 407-1,경기도 양주시 은현면 화합로1162번길 70-74,,0,,,,,2024-03-06,경기도 양주시_양돈농가 현황_20240306.csv
경기도,양주시,덕정농장,돼지,경기도 양주시 은현면 용암리 483,경기도 양주시 은현면 화합로1112번길 43-24,,50,,,,,2024-03-06,경기도 양주시_양돈농가 현황_20240306.csv
경기도,양주시,용암농장,돼지,경기도 양주시 은현면 용암리 869-3,경기도 양주시 은현면 화합로1080번길 177-18,,800,,,,,2024-03-06,경기도 양주시_양돈농가 현황_20240306.csv
경기도,양주시,양주농장,돼지,경기도 양주시 은현면 운암리 529-1,경기도 양주시 은현면 화합로720번길 134-3,,900,,,,,2024-03-06,경기도 양주시_양돈농가 현황_20240306.csv
경기도,양주시,비젼축산양돈장,돼지,경기도 양주시 은현면 하패리 1006,경기도 양주시 은현면 은현로 137-17,,800,,,,,2024-03-06,경기도 양주시_양돈농가 현황_20240306.csv
경기도,양주시,유유농장,돼지,경기도 양주시 은현면 하패리 230,경기도 양주시 은현면 운하로528번길 170,,1100,,,,,2024-03-06,경기도 양주시_양돈농가 현황_20240306.csv
경기도,양주시,황주농장,돼지,경기도 양주시 은현면 하패리 285-1,경기도 양주시 은현면 운하로434번길 54-22,,1600,,,,,2024-03-06,경기도 양주시_양돈농가 현황_20240306.csv
경기도,양주시,신실농장,돼지,경기도 양주시 은현면 하패리 508-5,경기도 양주시 은현면 은현로312번길 232-47,,400,,,,,2024-03-06,경기도 양주시_양돈농가 현황_20240306.csv
경기도,양주시,병동농장,돼지,경기도 양주시 은현면 하패리 579-4,경기도 양주시 은현면 운하로434번길 54-22,,1700,,,,,2024-03-06,경기도 양주시_양돈농가 현황_20240306.csv
경기도,양주시,다솜농장,돼지,경기도 양주시 은현면 하패리 757-1,경기도 양주시 은현면 은현로312번길 150-16,,4000,,,,,2024-03-06,경기도 양주시_양돈농가 현황_20240306.csv
경기도,양주시,기령농장,돼지,경기도 양주시 은현면 하패리 767-31,경기도 양주시 은현면 은현로312번길 194,,1200,,,,,2024-03-06,경기도 양주시_양돈농가 현황_20240306.csv
경기도,양주시,이레농장,돼지,경기도 양주시 남면 매곡리 372-1,경기도 양주시 남면 휴암로451번길 173,,1300,,,,,2024-03-06,경기도 양주시_양돈농가 현황_20240306.csv
경기도,양주시,이레팜,돼지,경기도 양주시 남면 매곡리 372-3,경기도 양주시 남면 휴암로451번길 173,,1400,,,,,2024-03-06,경기도 양주시_양돈농가 현황_20240306.csv
경기도,양주시,은성농장,돼지,경기도 양주시 광적면 가납리 236-1,경기도 양주시 광적면 그루고개로221번길 121,,1300,,,,,2024-03-06,경기도 양주시_양돈농가 현황_20240306.csv
경기도,양주시,운암팜,돼지,경기도 양주시 은현면 운암리 539,경기도 양주시 은현면 화합로720번길 178-64,,2400,,,,,2024-03-06,경기도 양주시_양돈농가 현황_20240306.csv
경기도,양주시,이담농장,돼지,경기도 양주시 은현면 하패리 771-3,경기도 양주시 은현면 은현로312번길 158,,2300,,,,,2024-03-06,경기도 양주시_양돈농가 현황_20240306.csv
경기도,양주시,백두농장,돼지,경기도 양주시 은현면 하패리 773-3,경기도 양주시 은현면 은현로312번길 148,,400,,,,,2024-03-06,경기도 양주시_양돈농가 현황_20240306.csv
경기도,양주시,팜스플랜 양주 제2농장,돼지,경기도 양주시 백석읍 연곡리 55-2,경기도 양주시 백석읍 연곡로124번길 185,,1000,,,,,2024-03-06,경기도 양주시_양돈농가 현황_20240306.csv
경기도,용인시,백봉농장,,"경기도 용인시 처인구 백암면 백봉리 439번지 1호 , 1376-1,2,4",,,5500,23,6566.83,,,2026-03-13,경기도 용인시_양돈농가 현황_20260313.csv
경기도,용인시,태양농장,,"경기도 용인시 처인구 백암면 옥산리 696번지 외 2필지(696-1,697)",,,700,14,1804.60,,,2026-03-13,경기도 용인시_양돈농가 현황_20260313.csv
경기도,용인시,대성농장,,"경기도 용인시 처인구 원삼면 목신리 464번지 2호 외 3필지(464-3, 464-4, 464-5)",,,1840,3,1473.35,,,2026-03-13,경기도 용인시_양돈농가 현황_20260313.csv
경기도,용인시,목신농장,,경기도 용인시 처인구 원삼면 목신리 465번지,,,1000,4,1127.00,,,2026-03-13,경기도 용인시_양돈농가 현황_20260313.csv
경기도,용인시,현민농장,,경기도 용인시 처인구 백암면 고안리 402번지,,,1200,6,1393.90,,,2026-03-13,경기도 용인시_양돈농가 현황_20260313.csv
경기도,용인시,큰솔농장,,경기도 용인시 처인구 백암면 근창리 312번지 외 1필지(312-1번지),,,900,8,1110.80,,,2026-03-13,경기도 용인시_양돈농가 현황_20260313.csv
경기도,용인시,태성2농장,,경기도 용인시 처인구 백암면 석천리 130번지,,,2000,10,1158.00,,,2026-03-13,경기도 용인시_양돈농가 현황_20260313.csv
경기도,용인시,여아농장,,경기도 용인시 처인구 백암면 근삼리 443번지,,,1200,5,1208.16,,,2026-03-13,경기도 용인시_양돈농가 현황_20260313.csv
경기도,용인시,봉담농장,,경기도 용인시 처인구 백암면 근삼리 261번지 1호,,,700,2,936.00,,,2026-03-13,경기도 용인시_양돈농가 현황_20260313.csv
경기도,용인시,영농장,,경기도 용인시 처인구 원삼면 미평리 276번지,,,1250,3,861.80,,,2026-03-13,경기도 용인시_양돈농가 현황_20260313.csv
경기도,용인시,쌍둥이농장,,경기도 용인시 처인구 원삼면 미평리 374번지 2호,,,850,1,966.00,,,2026-03-13,경기도 용인시_양돈농가 현황_20260313.csv
경기도,용인시,봉천농장,,경기도 용인시 처인구 백암면 백봉리 432번지 1호,,,1000,4,1743.49,,,2026-03-13,경기도 용인시_양돈농가 현황_20260313.csv
경기도,용인시,중앙농장,,경기도 용인시 처인구 백암면 근곡리 168-20번지외 1필지(168-1),,,1029,10,1553.65,,,2026-03-13,경기도 용인시_양돈농가 현황_20260313.csv
경기도,용인시,조은농장,,경기도 용인시 처인구 원삼면 문촌리 54-1번지외 5필지,,,963,4,771.68,,,2026-03-13,경기도 용인시_양돈농가 현황_20260313.csv
경기도,용인시,복농장,,경기도 용인시 처인구 백암면 근곡리 228번지,,,1350,3,981.00,,,2026-03-13,경기도 용인시_양돈농가 현황_20260313.csv
경기도,용인시,솔밭농장,,경기도 용인시 처인구 백암면 옥산리 697번지 1호,,,330,1,412.20,,,2026-03-13,경기도 용인시_양돈농가 현황_20260313.csv
경기도,용인시,옥산영농조합법인,,경기도 용인시 처인구 백암면 옥산리 592번지 10호 외 24필지 옥산영농조합법인,,,12000,53,18908.39,,,2026-03-13,경기도 용인시_양돈농가 현황_20260313.csv
경기도,용인시,박석3농장,,경기도 용인시 처인구 백암면 박곡리 201번지,,,1327,6,1858.64,,,2026-03-13,경기도 용인시_양돈농가 현황_20260313.csv
경기도,용인시,진성농장,,경기도 용인시 처인구 원삼면 맹리 572번지,,,1500,7,1245.14,,,2026-03-13,경기도 용인시_양돈농가 현황_20260313.csv
경기도,용인시,정진농장,,경기도 용인시 처인구 원삼면 두창리 1143번지 1호,,,1500,9,1844.67,,,2026-03-13,경기도 용인시_양돈농가 현황_20260313.csv
경기도,용인시,한영농장,,경기도 용인시 처인구 백암면 옥산리 958번지 2호,,,600,4,816.00,,,2026-03-13,경기도 용인시_양돈농가 현황_20260313.csv
경기도,용인시,소망농장,,경기도 용인시 처인구 모현읍 갈담리 653번지 소망농장,,,1300,6,1634.40,,,2026-03-13,경기도 용인시_양돈농가 현황_20260313.csv
경기도,용인시,조은농장,,경기도 용인시 처인구 백암면 옥산리 975번지 1호,,,960,1,966.05,,,2026-03-13,경기도 용인시_양돈농가 현황_20260313.csv
경기도,용인시,대덕농장,,경기도 용인시 처인구 백암면 고안리 559번지,,,600,2,1116.32,,,2026-03-13,경기도 용인시_양돈농가 현황_20260313.csv
경기도,용인시,조암농장,,"경기도 용인시 처인구 백암면 용천리 368번지 2호 외 2필지(368-3, 368-7)",,,1071,3,1502.00,,,2026-03-13,경기도 용인시_양돈농가 현황_20260313.csv
경기도,용인시,은진농장,,경기도 용인시 처인구 원삼면 문촌리 273번지,,,900,6,1100.02,,,2026-03-13,경기도 용인시_양돈농가 현황_20260313.csv
경기도,용인시,용비농장,,경기도 용인시 처인구 백암면 석천리 178번지 3호,,,709,4,1346.20,,,2026-03-13,경기도 용인시_양돈농가 현황_20260313.csv
경기도,용인시,한별농장,,경기도 용인시 처인구 이동면 묵리 766번지 1호,,,1500,7,1752.72,,,2026-03-13,경기도 용인시_양돈농가 현황_20260313.csv
경기도,용인시,마리아농장,,경기도 용인시 처인구 백암면 백봉리 1391번지,,,1200,2,1794.80,,,2026-03-13,경기도 용인시_양돈농가 현황_20260313.csv
경기도,용인시,백근농장,,경기도 용인시 처인구 백암면 근삼리 1018번지 11호,,,500,3,358.90,,,2026-03-13,경기도 용인시_양돈농가 현황_20260313.csv
경기도,용인시,우진농장,,경기도 용인시 처인구 포곡읍 신원리 581번지,,,300,3,591.75,,,2026-03-13,경기도 용인시_양돈농가 현황_20260313.csv
경기도,용인시,피그랜드,,경기도 용인시 처인구 포곡읍 신원리 69번지,,,700,4,749.56,,,2026-03-13,경기도 용인시_양돈농가 현황_20260313.csv
경기도,용인시,준농장,,경기도 용인시 처인구 포곡읍 신원리 477번지 1호,,,380,5,927.24,,,2026-03-13,경기도 용인시_양돈농가 현황_20260313.csv
경기도,용인시,구암농장,,경기도 용인시 처인구 백암면 석천리 362번지,,,1200,5,918.55,,,2026-03-13,경기도 용인시_양돈농가 현황_20260313.csv
경기도,용인시,용원농장,,경기도 용인시 처인구 백암면 옥산리 693번지,,,950,5,1289.70,,,2026-03-13,경기도 용인시_양돈농가 현황_20260313.csv
경기도,용인시,유암농장,,"경기도 용인시 처인구 백암면 옥산리 546번지 5호 2필지(1763,1764)",,,1950,8,2038.60,,,2026-03-13,경기도 용인시_양돈농가 현황_20260313.csv
경기도,용인시,이수농장,,경기도 용인시 처인구 백암면 고안리 57번지 6호,,,750,1,768.00,,,2026-03-13,경기도 용인시_양돈농가 현황_20260313.csv
경기도,용인시,수정농장,,경기도 용인시 처인구 원삼면 맹리 657번지 2호,,,700,3,775.20,,,2026-03-13,경기도 용인시_양돈농가 현황_20260313.csv
경기도,용인시,성재농장,,경기도 용인시 처인구 백암면 고안리 29번지 1호,,,700,4,1236.00,,,2026-03-13,경기도 용인시_양돈농가 현황_20260313.csv
경기도,용인시,경식농장,,경기도 용인시 처인구 백암면 근곡리 512번지,,,80,5,1303.25,,,2026-03-13,경기도 용인시_양돈농가 현황_20260313.csv
경기도,용인시,소라농장,,경기도 용인시 처인구 백암면 고안리 126번지,,,700,4,990.40,,,2026-03-13,경기도 용인시_양돈농가 현황_20260313.csv
경기도,용인시,유일농장2,,경기도 용인시 처인구 백암면 근삼리 410번지 5호,,,600,2,732.00,,,2026-03-13,경기도 용인시_양돈농가 현황_20260313.csv
경기도,용인시,효성농장,,경기도 용인시 처인구 백암면 용천리 419번지,,,900,6,1014.00,,,2026-03-13,경기도 용인시_양돈농가 현황_20260313.csv
경기도,용인시,삼육영농조합법인 2농장,,경기도 용인시 처인구 백암면 가창리 38번지,,,1700,4,2423.53,,,2026-03-13,경기도 용인시_양돈농가 현황_20260313.csv
경기도,용인시,장수농장,,경기도 용인시 처인구 백암면 고안리 57번지 1호,,,1000,2,1214.40,,,2026-03-13,경기도 용인시_양돈농가 현황_20260313.csv
경기도,용인시,태양2농장,,경기도 용인시 처인구 백암면 고안리 609번지,,,2000,7,1941.36,,,2026-03-13,경기도 용인시_양돈농가 현황_20260313.csv
경기도,용인시,유일농장,,경기도 용인시 처인구 백암면 근삼리 410번지 1호,,,600,4,804.60,,,2026-03-13,경기도 용인시_양돈농가 현황_20260313.csv
경기도,용인시,성웅농장,,경기도 용인시 처인구 백암면 고안리 898번지 7호,,,2400,4,2199.60,,,2026-03-13,경기도 용인시_양돈농가 현황_20260313.csv
경기도,용인시,상원농장,,"경기도 용인시 처인구 백암면 용천리 539번지 2호 외 6필지(539,487-3,539-3,607-1,864,864-5)",,,2000,1,1986.53,,,2026-03-13,경기도 용인시_양돈농가 현황_20260313.csv
경기도,용인시,송현농장,,경기도 용인시 처인구 백암면 옥산리 1543번지,,,943,1,930.00,,,2026-03-13,경기도 용인시_양돈농가 현황_20260313.csv
경기도,용인시,선미1농장,,경기도 용인시 처인구 백암면 고안리 352번지,,,950,4,1087.09,,,2026-03-13,경기도 용인시_양돈농가 현황_20260313.csv
경기도,용인시,선덕농장,,경기도 용인시 처인구 백암면 박곡리 176번지 1호,,,9800,32,15237.87,,,2026-03-13,경기도 용인시_양돈농가 현황_20260313.csv
경기도,용인시,에이스팜,,경기도 용인시 처인구 백암면 옥산리 292번지 외4필지,,,2500,13,3307.10,,,2026-03-13,경기도 용인시_양돈농가 현황_20260313.csv
경기도,용인시,서정농장,,경기도 용인시 처인구 백암면 고안리 181번지,,,1900,2,1439.38,,,2026-03-13,경기도 용인시_양돈농가 현황_20260313.csv
경기도,용인시,신옥산농장,,"경기도 용인시 처인구 백암면 옥산리 510-1, 산55-4번지",,,733,5,1028.80,,,2026-03-13,경기도 용인시_양돈농가 현황_20260313.csv
경기도,용인시,영곡농장,,"경기도 용인시 처인구 백암면 근삼리 448번지 ,449-2, 450, 451",,,650,3,993.50,,,2026-03-13,경기도 용인시_양돈농가 현황_20260313.csv
경기도,용인시,박석1농장,,경기도 용인시 처인구 백암면 박곡리 213번지,,,3409,16,4090.97,,,2026-03-13,경기도 용인시_양돈농가 현황_20260313.csv
경기도,용인시,둥지(주)농업회사법인,,경기도 용인시 처인구 백암면 석천리 396번지 4호 외 6필지,,,10000,13,4501.30,,,2026-03-13,경기도 용인시_양돈농가 현황_20260313.csv
경기도,용인시,대림농장,,경기도 용인시 처인구 포곡읍 신원리 441번지 2호,,,800,5,673.24,,,2026-03-13,경기도 용인시_양돈농가 현황_20260313.csv
경기도,용인시,근삼농장,,경기도 용인시 처인구 백암면 근삼리 513번지 1호 외 1필지(근삼리 513-2),,,900,3,980.00,,,2026-03-13,경기도 용인시_양돈농가 현황_20260313.csv
경기도,용인시,호준농장,,경기도 용인시 처인구 백암면 옥산리 122번지,,,750,2,1084.00,,,2026-03-13,경기도 용인시_양돈농가 현황_20260313.csv
경기도,용인시,백암농장,,경기도 용인시 처인구 백암면 근삼리 709번지,,,850,6,1120.00,,,2026-03-13,경기도 용인시_양돈농가 현황_20260313.csv
경기도,용인시,대산2농장,,경기도 용인시 처인구 백암면 근곡리 187번지,,,900,4,798.00,,,2026-03-13,경기도 용인시_양돈농가 현황_20260313.csv
경기도,용인시,고안농장,,"경기도 용인시 처인구 백암면 고안리 188번지 , 187",,,964,7,1350.00,,,2026-03-13,경기도 용인시_양돈농가 현황_20260313.csv
경기도,용인시,혜인2농장,,경기도 용인시 처인구 백암면 백봉리 1702번지,,,1200,3,1052.50,,,2026-03-13,경기도 용인시_양돈농가 현황_20260313.csv
경기도,용인시,오복농장,,"경기도 용인시 처인구 백암면 용천리 469번지 외 5필지(469-1, 620-1, 620-2, 620-4, 793)",,,2300,14,3012.90,,,2026-03-13,경기도 용인시_양돈농가 현황_20260313.csv
경기도,용인시,김해농장,,경기도 용인시 처인구 백암면 가창리 616번지 1호,,,1566,6,2192.44,,,2026-03-13,경기도 용인시_양돈농가 현황_20260313.csv
경기도,용인시,신신농장,,경기도 용인시 처인구 백암면 근삼리 900번지,,,670,5,1074.21,,,2026-03-13,경기도 용인시_양돈농가 현황_20260313.csv
경기도,용인시,대왕농장,,경기도 용인시 처인구 백암면 옥산리 245번지 1호,,,300,3,598.89,,,2026-03-13,경기도 용인시_양돈농가 현황_20260313.csv
경기도,용인시,가애농장,,경기도 용인시 처인구 백암면 백봉리 443번지,,,7000,12,7743.40,,,2026-03-13,경기도 용인시_양돈농가 현황_20260313.csv
경기도,용인시,사은농장,,경기도 용인시 처인구 백암면 백봉리 276번지,,,820,4,775.00,,,2026-03-13,경기도 용인시_양돈농가 현황_20260313.csv
경기도,용인시,덕인농장,,경기도 용인시 처인구 원삼면 죽능리 915번지,,,663,3,928.90,,,2026-03-13,경기도 용인시_양돈농가 현황_20260313.csv
경기도,용인시,용원피그,,"경기도 용인시 처인구 이동읍 묘봉리 321번지 외 8필지(322-1,322-2,331,332,344-3,326,327,324-3)",,,4000,5,4629.12,,,2026-03-13,경기도 용인시_양돈농가 현황_20260313.csv
경기도,용인시,새용인양돈영농조합법인,,경기도 용인시 처인구 백암면 근삼리 198번지 16호,,,3000,13,5025.75,,,2026-03-13,경기도 용인시_양돈농가 현황_20260313.csv
경기도,용인시,준원농장,,경기도 용인시 처인구 백암면 용천리 348번지 1호,,,1500,2,1607.40,,,2026-03-13,경기도 용인시_양돈농가 현황_20260313.csv
경기도,용인시,행운농장,,경기도 용인시 처인구 백암면 근삼리 732번지,,,800,3,971.07,,,2026-03-13,경기도 용인시_양돈농가 현황_20260313.csv
경기도,용인시,곡율농장,,경기도 용인시 처인구 백암면 용천리 378번지 4호,,,2000,9,2042.00,,,2026-03-13,경기도 용인시_양돈농가 현황_20260313.csv
경기도,용인시,석천농장,,경기도 용인시 처인구 백암면 석천리 192번지 1호,,,1500,4,1575.10,,,2026-03-13,경기도 용인시_양돈농가 현황_20260313.csv
경기도,용인시,형제축산,,"경기도 용인시 처인구 포곡읍 신원리 465번지 2호 (464-1, 464-2)",,,1030,6,943.34,,,2026-03-13,경기도 용인시_양돈농가 현황_20260313.csv
경기도,용인시,대풍농장,,"경기도 용인시 처인구 백암면 근삼리 493번지 1호 외 7필지(493-2, 494, 632-1, 632-2, 634-1, 476-1, 477-1)",,,2500,12,4916.44,,,2026-03-13,경기도 용인시_양돈농가 현황_20260313.csv
경기도,용인시,백암무지개농장,,경기도 용인시 처인구 백암면 백봉리 1713번지,,,1400,2,1166.10,,,2026-03-13,경기도 용인시_양돈농가 현황_20260313.csv
경기도,용인시,구봉농장,,경기도 용인시 처인구 백암면 장평리 812번지,,,1000,1,1101.00,,,2026-03-13,경기도 용인시_양돈농가 현황_20260313.csv
경기도,용인시,진정2농장,,경기도 용인시 처인구 백암면 백봉리 1373번지 2호  3호,,,500,1,395.00,,,2026-03-13,경기도 용인시_양돈농가 현황_20260313.csv
경기도,용인시,현대농장,,경기도 용인시 처인구 포곡읍 신원리 703번지 9통,,,800,3,837.99,,,2026-03-13,경기도 용인시_양돈농가 현황_20260313.csv
경기도,용인시,성홍축산,,경기도 용인시 처인구 포곡읍 신원리 459번지 6호 외 1필지(459-5),,,800,5,724.63,,,2026-03-13,경기도 용인시_양돈농가 현황_20260313.csv
경기도,용인시,뉴그린농장,,경기도 용인시 처인구 백암면 근삼리 447번지 1호,,,650,2,828.00,,,2026-03-13,경기도 용인시_양돈농가 현황_20260313.csv
경기도,용인시,진선농장,,경기도 용인시 처인구 백암면 근창리 593번지 1호,,,600,4,1018.90,,,2026-03-13,경기도 용인시_양돈농가 현황_20260313.csv
경기도,용인시,용천농장,,경기도 용인시 처인구 백암면 용천리 251번지 2호 외 4필지,,,1000,3,1188.00,,,2026-03-13,경기도 용인시_양돈농가 현황_20260313.csv
경기도,용인시,선용농장,,경기도 용인시 처인구 백암면 박곡리 214번지 1호,,,2500,13,3732.01,,,2026-03-13,경기도 용인시_양돈농가 현황_20260313.csv
경기도,용인시,시후농장,,경기도 용인시 처인구 백암면 용천리 409번지 2호,,,757,4,1063.00,,,2026-03-13,경기도 용인시_양돈농가 현황_20260313.csv
경기도,용인시,삼육영농조합법인,,경기도 용인시 처인구 백암면 박곡리 179번지 3호,,,7000,10,4864.64,,,2026-03-13,경기도 용인시_양돈농가 현황_20260313.csv
경기도,용인시,강호농장,,경기도 용인시 처인구 백암면 장평리 1113번지,,,600,3,938.00,,,2026-03-13,경기도 용인시_양돈농가 현황_20260313.csv
경기도,용인시,세곡농장,,경기도 용인시 처인구 백암면 근삼리 388번지,,,15,4,670.20,,,2026-03-13,경기도 용인시_양돈농가 현황_20260313.csv
경기도,용인시,준석농장,,경기도 용인시 처인구 백암면 가좌리 79번지 2호,,,900,1,972.90,,,2026-03-13,경기도 용인시_양돈농가 현황_20260313.csv
경기도,용인시,진선농장2,,경기도 용인시 처인구 백암면 옥산리 955번지 2호 7통 1반,,,350,2,526.00,,,2026-03-13,경기도 용인시_양돈농가 현황_20260313.csv
경기도,용인시,호정농장,,경기도 용인시 처인구 백암면 옥산리 694번지,,,500,3,1116.00,,,2026-03-13,경기도 용인시_양돈농가 현황_20260313.csv
경기도,용인시,농업회사법인 성지팜(주),,경기도 용인시 처인구 백암면 석천리 192번지 1호,,,1100,6,1686.57,,,2026-03-13,경기도 용인시_양돈농가 현황_20260313.csv
경기도,용인시,진정1농장,,경기도 용인시 처인구 백암면 백봉리 1373번지 4호,,,950,1,765.00,,,2026-03-13,경기도 용인시_양돈농가 현황_20260313.csv
경기도,용인시,로이농장,,경기도 용인시 처인구 백암면 옥산리 1594번지,,,2550,2,564.00,,,2026-03-13,경기도 용인시_양돈농가 현황_20260313.csv
경기도,용인시,정한농장,,경기도 용인시 처인구 백암면 백봉리 1027번지 외1필지,,,1500,2,1260.00,,,2026-03-13,경기도 용인시_양돈농가 현황_20260313.csv
경기도,용인시,인곡농장,,"경기도 용인시 처인구 백암면 근곡리 527번지 1호 외 2필지(527, 528)",,,1800,6,1673.00,,,2026-03-13,경기도 용인시_양돈농가 현황_20260313.csv
경기도,용인시,성홍축산,,경기도 용인시 처인구 포곡읍 신원리 303번지 1호 외 2필지,,,1300,5,987.00,,,2026-03-13,경기도 용인시_양돈농가 현황_20260313.csv
경기도,용인시,대한농장,,경기도 용인시 처인구 포곡읍 유운리 164번지 3호 외 1필지(168-3),,,1400,7,1310.20,,,2026-03-13,경기도 용인시_양돈농가 현황_20260313.csv
경기도,용인시,신옥산영농조합법인,,경기도 용인시 처인구 백암면 옥산리 271번지,,,2500,10,3448.00,,,2026-03-13,경기도 용인시_양돈농가 현황_20260313.csv
경기도,용인시,마루농장,,경기도 용인시 처인구 백암면 옥산리 1799번지,,,1500,1,1377.50,,,2026-03-13,경기도 용인시_양돈농가 현황_20260313.csv
경기도,용인시,청미농장,,경기도 용인시 처인구 백암면 옥산리 1382번지,,,1200,5,1522.00,,,2026-03-13,경기도 용인시_양돈농가 현황_20260313.csv
경기도,용인시,옥산영농조합법인2,,경기도 용인시 처인구 백암면 옥산리 1532번지,,,2500,9,3040.00,,,2026-03-13,경기도 용인시_양돈농가 현황_20260313.csv
경기도,용인시,돈이농장,,경기도 용인시 처인구 백암면 옥산리 1531번지,,,1100,4,1409.80,,,2026-03-13,경기도 용인시_양돈농가 현황_20260313.csv
경기도,용인시,진농장,,경기도 용인시 처인구 백암면 옥산로 103-51,,,600,2,700.00,,,2026-03-13,경기도 용인시_양돈농가 현황_20260313.csv
경기도,용인시,선미2농장,,경기도 용인시 처인구 백암면 장평리 952번지 외 1필지(952-1),,,1863,7,2580.00,,,2026-03-13,경기도 용인시_양돈농가 현황_20260313.csv
경기도,용인시,태경농장,,경기도 용인시 처인구 백암면 근삼리 1466번지,,,1800,3,2160.00,,,2026-03-13,경기도 용인시_양돈농가 현황_20260313.csv
경기도,용인시,신옥산영농조합법인,,경기도 용인시 처인구 백암면 옥산리 1925번지,,,1200,3,1188.00,,,2026-03-13,경기도 용인시_양돈농가 현황_20260313.csv
경기도,용인시,삼부축산,,경기도 용인시 처인구 포곡읍 신원리 148번지,,,850,2,642.29,,,2026-03-13,경기도 용인시_양돈농가 현황_20260313.csv
경기도,용인시,예성농장,,경기도 용인시 처인구 백암면 근삼리 1307번지,,,2673,10,2554.40,,,2026-03-13,경기도 용인시_양돈농가 현황_20260313.csv
경기도,용인시,토옥농장,,경기도 용인시 처인구 백암면 옥산리 1549번지,,,1420,5,1423.62,,,2026-03-13,경기도 용인시_양돈농가 현황_20260313.csv
경기도,용인시,마리아농장2,,"경기도 용인시 처인구 백암면 옥산리 680번지 2호 외 2필지(680-3,680-4)",,,1968,4,1574.40,,,2026-03-13,경기도 용인시_양돈농가 현황_20260313.csv
경기도,용인시,마리아농장,,경기도 용인시 처인구 백암면 백봉로 495,,,750,3,844.90,,,2026-03-13,경기도 용인시_양돈농가 현황_20260313.csv
경기도,용인시,태형농장,,"경기도 용인시 처인구 백암면 고안리 802번지 2호 외 필지(802, 1194, 1195)",,,3090,15,4327.25,,,2026-03-13,경기도 용인시_양돈농가 현황_20260313.csv
경기도,용인시,명농장2,,경기도 용인시 처인구 백암면 용천리 250번지 1호 외 6필지,,,1271,5,1737.45,,,2026-03-13,경기도 용인시_양돈농가 현황_20260313.csv
경기도,용인시,예준팜,,경기도 용인시 처인구 백암면 근삼리 1503번지 외 1502번지,,,21000,2,2800.00,,,2026-03-13,경기도 용인시_양돈농가 현황_20260313.csv
경기도,용인시,혜인1농장,,경기도 용인시 처인구 백암면 백봉리 438번지 2호 혜인1농장,,,1000,3,1065.90,,,2026-03-13,경기도 용인시_양돈농가 현황_20260313.csv
경기도,용인시,태성농장,,"경기도 용인시 처인구 백암면 석천리 185번지 ,(185-2, 186, 786-1)",,,686,3,959.96,,,2026-03-13,경기도 용인시_양돈농가 현황_20260313.csv
경기도,용인시,용천축산,,경기도 용인시 처인구 백암면 용천리 523번지외 6필지,,,3505,2,4906.20,,,2026-03-13,경기도 용인시_양돈농가 현황_20260313.csv
경기도,용인시,돈돈농장,,경기도 용인시 처인구 백암면 백봉리 452번지,,,950,1,990.00,,,2026-03-13,경기도 용인시_양돈농가 현황_20260313.csv
경기도,용인시,YHC농장,,"경기도 용인시 처인구 백암면 옥산리 1536번지 ,1536-1 ,1539 ,1540",,,,16,7370.40,,,2026-03-13,경기도 용인시_양돈농가 현황_20260313.csv
경기도,용인시,로이농장2,,경기도 용인시 처인구 백암면 옥산리 1594번지 (1595),,,,5,1002.40,,,2026-03-13,경기도 용인시_양돈농가 현황_20260313.csv
경기도,용인시,용인유전자영농조합법인,,경기도 용인시 처인구 백암면 옥산리 168번지 1호 용인A.I.센터,,,929,3,1301.12,,,2026-03-13,경기도 용인시_양돈농가 현황_20260313.csv
경기도,이천시,문○○,돼지,경기도 이천시 신둔면,경기도 이천시 신둔면 석동로,,,,,,,2026-02-25,경기도 이천시_양돈농가현황_20260225.csv
경기도,이천시,원재농장,돼지,경기도 이천시 신둔면,경기도 이천시 신둔면 이여로,,,,,,,2026-02-25,경기도 이천시_양돈농가현황_20260225.csv
경기도,이천시,그린농장,돼지,경기도 이천시 설성면,경기도 이천시 설성면 진상미로,,,,,,,2026-02-25,경기도 이천시_양돈농가현황_20260225.csv
경기도,이천시,모전영농조합법인,돼지,경기도 이천시 백사면,경기도 이천시 백사면 이여로,,,,,,,2026-02-25,경기도 이천시_양돈농가현황_20260225.csv
경기도,이천시,농업회사법인(주)선진한마을 오름설성농장,돼지,경기도 이천시 설성면,경기도 이천시 설성면 설성로,,,,,,,2026-02-25,경기도 이천시_양돈농가현황_20260225.csv
경기도,이천시,설성농장,돼지,경기도 이천시 설성면,,,,,,,,2026-02-25,경기도 이천시_양돈농가현황_20260225.csv
경기도,이천시,선희농장,돼지,경기도 이천시 모가면,경기도 이천시 모가면 공원로,,,,,,,2026-02-25,경기도 이천시_양돈농가현황_20260225.csv
경기도,이천시,개척농업회사법인 주식회사,돼지,경기도 이천시 신둔면,경기도 이천시 신둔면 석동로,,,,,,,2026-02-25,경기도 이천시_양돈농가현황_20260225.csv
경기도,이천시,정훈농장,돼지,경기도 이천시 대월면,경기도 이천시 대월면 대평로,,,,,,,2026-02-25,경기도 이천시_양돈농가현황_20260225.csv
경기도,이천시,태진농장,돼지,경기도 이천시 모가면,경기도 이천시 모가면 사실로,,,,,,,2026-02-25,경기도 이천시_양돈농가현황_20260225.csv
경기도,이천시,가나안농장,돼지,경기도 이천시 설성면,경기도 이천시 설성면 자석로,,,,,,,2026-02-25,경기도 이천시_양돈농가현황_20260225.csv
경기도,이천시,농업회사법인(주)선진한마을 제일종축(1),돼지,경기도 이천시 부발읍,경기도 이천시 부발읍 중부대로,,,,,,,2026-02-25,경기도 이천시_양돈농가현황_20260225.csv
경기도,이천시,태송농장,돼지,경기도 이천시 백사면,경기도 이천시 백사면 원적로,,,,,,,2026-02-25,경기도 이천시_양돈농가현황_20260225.csv
경기도,이천시,명진농장,돼지,경기도 이천시 백사면,경기도 이천시 백사면 원적로,,,,,,,2026-02-25,경기도 이천시_양돈농가현황_20260225.csv
경기도,이천시,수산농장,돼지,경기도 이천시 설성면,경기도 이천시 설성면 진상미로,,,,,,,2026-02-25,경기도 이천시_양돈농가현황_20260225.csv
경기도,이천시,농업회사법인(주)두미,돼지,경기도 이천시 모가면,경기도 이천시 모가면 사실로,,,,,,,2026-02-25,경기도 이천시_양돈농가현황_20260225.csv
경기도,이천시,지구농장,돼지,경기도 이천시 모가면,,,,,,,,2026-02-25,경기도 이천시_양돈농가현황_20260225.csv
경기도,이천시,일화농장,돼지,경기도 이천시 부발읍,경기도 이천시 부발읍 중부대로,,,,,,,2026-02-25,경기도 이천시_양돈농가현황_20260225.csv
경기도,이천시,송암농장(1),돼지,경기도 이천시 호법면,,,,,,,,2026-02-25,경기도 이천시_양돈농가현황_20260225.csv
경기도,이천시,우리농장,돼지,경기도 이천시 모가면,경기도 이천시 모가면 공원로,,,,,,,2026-02-25,경기도 이천시_양돈농가현황_20260225.csv
경기도,이천시,두레영농조합법인,돼지,경기도 이천시 대월면,경기도 이천시 대월면 대월로,,,,,,,2026-02-25,경기도 이천시_양돈농가현황_20260225.csv
경기도,이천시,개척농장,돼지,경기도 이천시 신둔면,경기도 이천시 신둔면 석동로,,,,,,,2026-02-25,경기도 이천시_양돈농가현황_20260225.csv
경기도,이천시,동연농장,돼지,경기도 이천시 신둔면,,,,,,,,2026-02-25,경기도 이천시_양돈농가현황_20260225.csv
경기도,이천시,대경농장,돼지,경기도 이천시 신둔면,경기도 이천시 신둔면 원적로,,,,,,,2026-02-25,경기도 이천시_양돈농가현황_20260225.csv
경기도,이천시,농업회사법인(주) 선진한마을오름율면농장,돼지,경기도 이천시 율면,경기도 이천시 율면 일생로4,,,,,,,2026-02-25,경기도 이천시_양돈농가현황_20260225.csv
경기도,이천시,옥야농장,돼지,경기도 이천시 율면,경기도 이천시 율면 고월로1,,,,,,,2026-02-25,경기도 이천시_양돈농가현황_20260225.csv
경기도,이천시,방아골농장,돼지,경기도 이천시 대월면,경기도 이천시 대월면 대월로,,,,,,,2026-02-25,경기도 이천시_양돈농가현황_20260225.csv
경기도,이천시,태현농장,돼지,경기도 이천시 호법면,경기도 이천시 호법면 대덕산로,,,,,,,2026-02-25,경기도 이천시_양돈농가현황_20260225.csv
경기도,이천시,농업회사법인 주식회사 월포,돼지,경기도 이천시 율면,경기도 이천시 율면 고월로,,,,,,,2026-02-25,경기도 이천시_양돈농가현황_20260225.csv
경기도,이천시,형제농장,돼지,경기도 이천시 율면,경기도 이천시 율면 주래본죽로,,,,,,,2026-02-25,경기도 이천시_양돈농가현황_20260225.csv
경기도,이천시,기대축산,돼지,경기도 이천시 율면,경기도 이천시 율면 일생로,,,,,,,2026-02-25,경기도 이천시_양돈농가현황_20260225.csv
경기도,이천시,한울농장,돼지,경기도 이천시 율면,경기도 이천시 율면 일생로,,,,,,,2026-02-25,경기도 이천시_양돈농가현황_20260225.csv
경기도,이천시,송말농장,돼지,경기도 이천시 백사면,경기도 이천시 백사면 원적로,,,,,,,2026-02-25,경기도 이천시_양돈농가현황_20260225.csv
경기도,이천시,자유농장,돼지,경기도 이천시 마장면,경기도 이천시 마장면 마도로,,,,,,,2026-02-25,경기도 이천시_양돈농가현황_20260225.csv
경기도,이천시,신갈농장,돼지,경기도 이천시 모가면,경기도 이천시 모가면 사실로,,,,,,,2026-02-25,경기도 이천시_양돈농가현황_20260225.csv
경기도,이천시,동원농장,돼지,경기도 이천시 모가면,경기도 이천시 모가면 공원로,,,,,,,2026-02-25,경기도 이천시_양돈농가현황_20260225.csv
경기도,이천시,선민농장,돼지,경기도 이천시 대월면,경기도 이천시 대월면 다솔로,,,,,,,2026-02-25,경기도 이천시_양돈농가현황_20260225.csv
경기도,이천시,이천축산,돼지,경기도 이천시 신둔면,경기도 이천시 신둔면 증신로,,,,,,,2026-02-25,경기도 이천시_양돈농가현황_20260225.csv
경기도,이천시,장산농장,돼지,경기도 이천시 신둔면,경기도 이천시 신둔면 원적로,,,,,,,2026-02-25,경기도 이천시_양돈농가현황_20260225.csv
경기도,이천시,대원농장,돼지,경기도 이천시 신둔면,경기도 이천시 신둔면 석동로,,,,,,,2026-02-25,경기도 이천시_양돈농가현황_20260225.csv
경기도,이천시,청명농장,돼지,경기도 이천시 부발읍,경기도 이천시 부발읍 중부대로,,,,,,,2026-02-25,경기도 이천시_양돈농가현황_20260225.csv
경기도,이천시,일심농장,돼지,경기도 이천시 호법면,경기도 이천시 호법면 이섭대천,,,,,,,2026-02-25,경기도 이천시_양돈농가현황_20260225.csv
경기도,이천시,한얼농장,돼지,경기도 이천시 율면,,,,,,,,2026-02-25,경기도 이천시_양돈농가현황_20260225.csv
경기도,이천시,하람농장,돼지,경기도 이천시 율면,경기도 이천시 율면 고당로,,,,,,,2026-02-25,경기도 이천시_양돈농가현황_20260225.csv
경기도,이천시,율면농장,돼지,경기도 이천시 율면,경기도 이천시 율면 고당로,,,,,,,2026-02-25,경기도 이천시_양돈농가현황_20260225.csv
경기도,이천시,엄일농장,돼지,경기도 이천시 대월면,경기도 이천시 대월면 대월로,,,,,,,2026-02-25,경기도 이천시_양돈농가현황_20260225.csv
경기도,이천시,수형농장,돼지,경기도 이천시 마장면,경기도 이천시 마장면 덕이로,,,,,,,2026-02-25,경기도 이천시_양돈농가현황_20260225.csv
경기도,이천시,은경농장,돼지,경기도 이천시 호법면,경기도 이천시 호법면 송갈로,,,,,,,2026-02-25,경기도 이천시_양돈농가현황_20260225.csv
경기도,이천시,용수농장,돼지,경기도 이천시 설성면,경기도 이천시 설성면 대죽로,,,,,,,2026-02-25,경기도 이천시_양돈농가현황_20260225.csv
경기도,이천시,하나농장,돼지,경기도 이천시 설성면,경기도 이천시 설성면 진상미로,,,,,,,2026-02-25,경기도 이천시_양돈농가현황_20260225.csv
경기도,이천시,번성농장,돼지,경기도 이천시 설성면,경기도 이천시 설성면 대죽로,,,,,,,2026-02-25,경기도 이천시_양돈농가현황_20260225.csv
경기도,이천시,송계농장,돼지,경기도 이천시 설성면,경기도 이천시 설성면 설가로,,,,,,,2026-02-25,경기도 이천시_양돈농가현황_20260225.csv
경기도,이천시,대지영농 암산농장,돼지,경기도 이천시 설성면,경기도 이천시 설성면 설성로,,,,,,,2026-02-25,경기도 이천시_양돈농가현황_20260225.csv
경기도,이천시,반석농장,돼지,경기도 이천시 설성면,경기도 이천시 설성면 설가로,,,,,,,2026-02-25,경기도 이천시_양돈농가현황_20260225.csv
경기도,이천시,와현농장,돼지,경기도 이천시 장호원읍,경기도 이천시 장호원읍 나래천,,,,,,,2026-02-25,경기도 이천시_양돈농가현황_20260225.csv
경기도,이천시,동원농장,돼지,경기도 이천시 장호원읍,경기도 이천시 장호원읍 설장로,,,,,,,2026-02-25,경기도 이천시_양돈농가현황_20260225.csv
경기도,이천시,대명농장,돼지,경기도 이천시 설성면,경기도 이천시 설성면 대죽로,,,,,,,2026-02-25,경기도 이천시_양돈농가현황_20260225.csv
경기도,이천시,장군농장,돼지,경기도 이천시 설성면,경기도 이천시 설성면 설장로,,,,,,,2026-02-25,경기도 이천시_양돈농가현황_20260225.csv
경기도,이천시,시온농장,돼지,경기도 이천시 설성면,,,,,,,,2026-02-25,경기도 이천시_양돈농가현황_20260225.csv
경기도,이천시,새우리농장,돼지,경기도 이천시 백사면,경기도 이천시 백사면 청백리로,,,,,,,2026-02-25,경기도 이천시_양돈농가현황_20260225.csv
경기도,이천시,가보영농조합법인,돼지,경기도 이천시 부발읍,경기도 이천시 부발읍 부발중앙,,,,,,,2026-02-25,경기도 이천시_양돈농가현황_20260225.csv
경기도,이천시,주민농장,돼지,경기도 이천시 장호원읍,경기도 이천시 장호원읍 나래천,,,,,,,2026-02-25,경기도 이천시_양돈농가현황_20260225.csv
경기도,이천시,송산농장,돼지,경기도 이천시 장호원읍,경기도 이천시 장호원읍 서동대,,,,,,,2026-02-25,경기도 이천시_양돈농가현황_20260225.csv
경기도,이천시,석강농장,돼지,경기도 이천시 대월면,경기도 이천시 대월면 대월로,,,,,,,2026-02-25,경기도 이천시_양돈농가현황_20260225.csv
경기도,이천시,유원Farmland,돼지,경기도 이천시 호법면,경기도 이천시 호법면 이섭대천,,,,,,,2026-02-25,경기도 이천시_양돈농가현황_20260225.csv
경기도,이천시,동산농장,돼지,경기도 이천시 호법면,경기도 이천시 호법면 동산로,,,,,,,2026-02-25,경기도 이천시_양돈농가현황_20260225.csv
경기도,이천시,새서울농장(2),돼지,경기도 이천시 장호원읍,경기도 이천시 장호원읍 복숭아,,,,,,,2026-02-25,경기도 이천시_양돈농가현황_20260225.csv
경기도,이천시,오성농장,돼지,경기도 이천시 모가면,,,,,,,,2026-02-25,경기도 이천시_양돈농가현황_20260225.csv
경기도,이천시,대풍농장,돼지,경기도 이천시 모가면,경기도 이천시 모가면 진상미로,,,,,,,2026-02-25,경기도 이천시_양돈농가현황_20260225.csv
경기도,이천시,엔도르핀농장,돼지,경기도 이천시 백사면,경기도 이천시 백사면 청백리로,,,,,,,2026-02-25,경기도 이천시_양돈농가현황_20260225.csv
경기도,이천시,초월농장,돼지,경기도 이천시 대월면,경기도 이천시 대월면 대평로,,,,,,,2026-02-25,경기도 이천시_양돈농가현황_20260225.csv
경기도,이천시,태영농장,돼지,경기도 이천시 대월면,경기도 이천시 대월면 대평로,,,,,,,2026-02-25,경기도 이천시_양돈농가현황_20260225.csv
경기도,이천시,하나농장,돼지,경기도 이천시 대월면,경기도 이천시 대월면 대월로,,,,,,,2026-02-25,경기도 이천시_양돈농가현황_20260225.csv
경기도,이천시,행진농장,돼지,경기도 이천시 장호원읍,경기도 이천시 장호원읍 경충대,,,,,,,2026-02-25,경기도 이천시_양돈농가현황_20260225.csv
경기도,이천시,장원농장,돼지,경기도 이천시 장호원읍,경기도 이천시 장호원읍 이풍로,,,,,,,2026-02-25,경기도 이천시_양돈농가현황_20260225.csv
경기도,이천시,영진농장,돼지,경기도 이천시 설성면,경기도 이천시 설성면 진상미로,,,,,,,2026-02-25,경기도 이천시_양돈농가현황_20260225.csv
경기도,이천시,보은농장,돼지,경기도 이천시 설성면,경기도 이천시 설성면 원설로,,,,,,,2026-02-25,경기도 이천시_양돈농가현황_20260225.csv
경기도,이천시,오금영농조합법인,돼지,경기도 이천시 설성면,경기도 이천시 설성면 자석로,,,,,,,2026-02-25,경기도 이천시_양돈농가현황_20260225.csv
경기도,이천시,부부농장,돼지,경기도 이천시 마장면,,,,,,,,2026-02-25,경기도 이천시_양돈농가현황_20260225.csv
경기도,이천시,(사)대한한돈협회 제1검정소,돼지,경기도 이천시 마장면,경기도 이천시 마장면 서이천로,,,,,,,2026-02-25,경기도 이천시_양돈농가현황_20260225.csv
경기도,이천시,용회농장,돼지,경기도 이천시 모가면,,,,,,,,2026-02-25,경기도 이천시_양돈농가현황_20260225.csv
경기도,이천시,농업회사법인 주식회사 대원,돼지,경기도 이천시 모가면,경기도 이천시 모가면 대월로,,,,,,,2026-02-25,경기도 이천시_양돈농가현황_20260225.csv
경기도,이천시,성지축산,돼지,경기도 이천시 모가면,경기도 이천시 모가면 진상미로,,,,,,,2026-02-25,경기도 이천시_양돈농가현황_20260225.csv
경기도,이천시,대지농장(1),돼지,경기도 이천시 모가면,경기도 이천시 모가면 공원로,,,,,,,2026-02-25,경기도 이천시_양돈농가현황_20260225.csv
경기도,이천시,이천농장,돼지,경기도 이천시 대월면,경기도 이천시 대월면 대장로,,,,,,,2026-02-25,경기도 이천시_양돈농가현황_20260225.csv
경기도,이천시,호산나농장,돼지,경기도 이천시 부발읍,경기도 이천시 부발읍 죽당로,,,,,,,2026-02-25,경기도 이천시_양돈농가현황_20260225.csv
경기도,이천시,농업회사법인(주)선진한마을 제일종축(2),돼지,경기도 이천시 부발읍,경기도 이천시 부발읍 중부대로,,,,,,,2026-02-25,경기도 이천시_양돈농가현황_20260225.csv
경기도,이천시,농업회사법인 주식회사 팜스월드 대덕팜,돼지,경기도 이천시 호법면,경기도 이천시 호법면 대덕산로,,,,,,,2026-02-25,경기도 이천시_양돈농가현황_20260225.csv
경기도,이천시,송갈농장,돼지,경기도 이천시 호법면,경기도 이천시 호법면 대덕산로,,,,,,,2026-02-25,경기도 이천시_양돈농가현황_20260225.csv
경기도,이천시,설호농장,돼지,경기도 이천시 설성면,경기도 이천시 설성면 신암로,,,,,,,2026-02-25,경기도 이천시_양돈농가현황_20260225.csv
경기도,이천시,으뜸농장,돼지,경기도 이천시 설성면,경기도 이천시 설성면 서동대로,,,,,,,2026-02-25,경기도 이천시_양돈농가현황_20260225.csv
경기도,이천시,엘림농장,돼지,경기도 이천시 설성면,경기도 이천시 설성면 서동대로,,,,,,,2026-02-25,경기도 이천시_양돈농가현황_20260225.csv
경기도,이천시,누리농장,돼지,경기도 이천시 설성면,경기도 이천시 설성면 신암로,,,,,,,2026-02-25,경기도 이천시_양돈농가현황_20260225.csv
경기도,이천시,설성농장,돼지,경기도 이천시 설성면,,,,,,,,2026-02-25,경기도 이천시_양돈농가현황_20260225.csv
경기도,이천시,태기농장,돼지,경기도 이천시 설성면,경기도 이천시 설성면 원설로,,,,,,,2026-02-25,경기도 이천시_양돈농가현황_20260225.csv
경기도,이천시,황돈농장,돼지,경기도 이천시 설성면,경기도 이천시 설성면 설가로,,,,,,,2026-02-25,경기도 이천시_양돈농가현황_20260225.csv
경기도,이천시,매일R&D,돼지,경기도 이천시 설성면,경기도 이천시 설성면 설가로,,,,,,,2026-02-25,경기도 이천시_양돈농가현황_20260225.csv
경기도,이천시,천호농장,돼지,경기도 이천시 설성면,경기도 이천시 설성면 대죽로,,,,,,,2026-02-25,경기도 이천시_양돈농가현황_20260225.csv
경기도,이천시,대한농장,돼지,경기도 이천시 마장면,경기도 이천시 마장면 서이천로,,,,,,,2026-02-25,경기도 이천시_양돈농가현황_20260225.csv
경기도,이천시,새신원농장,돼지,경기도 이천시 부발읍,경기도 이천시 부발읍 중부대로,,,,,,,2026-02-25,경기도 이천시_양돈농가현황_20260225.csv
경기도,이천시,농업회사법인 주식회사 제일,돼지,경기도 이천시 율면 월,경기도 이천시 율면 고월로,,,,,,,2026-02-25,경기도 이천시_양돈농가현황_20260225.csv
경기도,이천시,돼지보러오면돼지,돼지,경기도 이천시 율면 월,경기도 이천시 율면 임오산로,,,,,,,2026-02-25,경기도 이천시_양돈농가현황_20260225.csv
경기도,이천시,도암농장,돼지,경기도 이천시 신둔면,경기도 이천시 신둔면 석동로,,,,,,,2026-02-25,경기도 이천시_양돈농가현황_20260225.csv
경기도,이천시,태화농장,돼지,경기도 이천시 대월면,경기도 이천시 대월면 다솔로,,,,,,,2026-02-25,경기도 이천시_양돈농가현황_20260225.csv
경기도,이천시,피그넷,돼지,경기도 이천시 설성면,경기도 이천시 설성면 진상미로,,,,,,,2026-02-25,경기도 이천시_양돈농가현황_20260225.csv
경기도,이천시,백사농장,돼지,경기도 이천시 백사면,경기도 이천시 백사면 지읍로,,,,,,,2026-02-25,경기도 이천시_양돈농가현황_20260225.csv
경기도,이천시,백영목장,돼지,경기도 이천시 백사면,경기도 이천시 백사면 청백리로,,,,,,,2026-02-25,경기도 이천시_양돈농가현황_20260225.csv
경기도,이천시,진기농장,돼지,경기도 이천시 백사면,경기도 이천시 백사면 이여로,,,,,,,2026-02-25,경기도 이천시_양돈농가현황_20260225.csv
경기도,이천시,삼일농장,돼지,경기도 이천시 백사면,경기도 이천시 백사면 원적로,,,,,,,2026-02-25,경기도 이천시_양돈농가현황_20260225.csv
경기도,이천시,울안농장,돼지,경기도 이천시 장호원읍,경기도 이천시 장호원읍 설장로,,,,,,,2026-02-25,경기도 이천시_양돈농가현황_20260225.csv
경기도,이천시,영현농장,돼지,경기도 이천시 장호원읍,,,,,,,,2026-02-25,경기도 이천시_양돈농가현황_20260225.csv
경기도,이천시,진배농장,돼지,경기도 이천시 장호원읍,,,,,,,,2026-02-25,경기도 이천시_양돈농가현황_20260225.csv
경기도,이천시,통미농장,돼지,경기도 이천시 장호원읍,경기도 이천시 장호원읍 나래천로,,,,,,,2026-02-25,경기도 이천시_양돈농가현황_20260225.csv
경기도,이천시,하경농장,돼지,경기도 이천시 백사면,,,,,,,,2026-02-25,경기도 이천시_양돈농가현황_20260225.csv
경기도,이천시,현덕농장,돼지,경기도 이천시 설성면,경기도 이천시 설성면 설장로,,,,,,,2026-02-25,경기도 이천시_양돈농가현황_20260225.csv
경기도,이천시,지성농장,돼지,경기도 이천시 설성면,경기도 이천시 설성면 설가로,,,,,,,2026-02-25,경기도 이천시_양돈농가현황_20260225.csv
경기도,이천시,형제농장,돼지,경기도 이천시 설성면,경기도 이천시 설성면 대죽로,,,,,,,2026-02-25,경기도 이천시_양돈농가현황_20260225.csv
경기도,이천시,샛말농장,돼지,경기도 이천시 설성면,경기도 이천시 설성면 대죽로,,,,,,,2026-02-25,경기도 이천시_양돈농가현황_20260225.csv
경기도,이천시,혜성농장,돼지,경기도 이천시 설성면,,,,,,,,2026-02-25,경기도 이천시_양돈농가현황_20260225.csv
경기도,이천시,옥황농장(1),돼지,경기도 이천시 장호원읍,경기도 이천시 장호원읍 설장로,,,,,,,2026-02-25,경기도 이천시_양돈농가현황_20260225.csv
경기도,이천시,신송암농장,돼지,경기도 이천시 율면 월,경기도 이천시 율면 고월로,,,,,,,2026-02-25,경기도 이천시_양돈농가현황_20260225.csv
경기도,이천시,상승농장,돼지,경기도 이천시 모가면,경기도 이천시 모가면 공원로,,,,,,,2026-02-25,경기도 이천시_양돈농가현황_20260225.csv
경기도,이천시,영길농장,돼지,경기도 이천시 대월면,경기도 이천시 대월면 양녕로,,,,,,,2026-02-25,경기도 이천시_양돈농가현황_20260225.csv
경기도,이천시,선옥농장,돼지,경기도 이천시 대월면,경기도 이천시 대월면 진상미로,,,,,,,2026-02-25,경기도 이천시_양돈농가현황_20260225.csv
경기도,이천시,도영농장,돼지,경기도 이천시 대월면,경기도 이천시 대월면 대월로,,,,,,,2026-02-25,경기도 이천시_양돈농가현황_20260225.csv
경기도,이천시,꿀꿀이농장,돼지,경기도 이천시 장호원읍,경기도 이천시 장호원읍 어석로,,,,,,,2026-02-25,경기도 이천시_양돈농가현황_20260225.csv
경기도,이천시,기범농장,돼지,경기도 이천시 장호원읍,경기도 이천시 장호원읍 설장로,,,,,,,2026-02-25,경기도 이천시_양돈농가현황_20260225.csv
경기도,이천시,송원농장,돼지,경기도 이천시 설성면,경기도 이천시 설성면 신암로,,,,,,,2026-02-25,경기도 이천시_양돈농가현황_20260225.csv
경기도,이천시,거성농장,돼지,경기도 이천시 설성면,경기도 이천시 설성면 설성로,,,,,,,2026-02-25,경기도 이천시_양돈농가현황_20260225.csv
경기도,이천시,대지영농조합법인,돼지,경기도 이천시 설성면,경기도 이천시 설성면 설장로,,,,,,,2026-02-25,경기도 이천시_양돈농가현황_20260225.csv
경기도,이천시,동양축산,돼지,경기도 이천시 장호원읍,경기도 이천시 장호원읍 경충대,,,,,,,2026-02-25,경기도 이천시_양돈농가현황_20260225.csv
경기도,이천시,참존농장,돼지,경기도 이천시 설성면,경기도 이천시 설성면 대죽로,,,,,,,2026-02-25,경기도 이천시_양돈농가현황_20260225.csv
경기도,이천시,설봉영농조합법인,돼지,경기도 이천시 대월면,경기도 이천시 대월면 대월로,,,,,,,2026-02-25,경기도 이천시_양돈농가현황_20260225.csv
경기도,이천시,만수농장,돼지,경기도 이천시 모가면,경기도 이천시 모가면 대월로,,,,,,,2026-02-25,경기도 이천시_양돈농가현황_20260225.csv
경기도,이천시,편안농장,돼지,경기도 이천시 모가면,경기도 이천시 모가면 진상미로,,,,,,,2026-02-25,경기도 이천시_양돈농가현황_20260225.csv
경기도,이천시,영성팜,돼지,경기도 이천시 율면 본,경기도 이천시 율면 주래본죽로,,,,,,,2026-02-25,경기도 이천시_양돈농가현황_20260225.csv
경기도,이천시,진환농장,돼지,경기도 이천시 율면 신,,,,,,,,2026-02-25,경기도 이천시_양돈농가현황_20260225.csv
경기도,이천시,해진농장,돼지,경기도 이천시 호법면,경기도 이천시 호법면 이섭대천,,,,,,,2026-02-25,경기도 이천시_양돈농가현황_20260225.csv
경기도,이천시,이드로농장,돼지,경기도 이천시 모가면,경기도 이천시 모가면 사실로,,,,,,,2026-02-25,경기도 이천시_양돈농가현황_20260225.csv
경기도,이천시,실로암농장,돼지,경기도 이천시 모가면,,,,,,,,2026-02-25,경기도 이천시_양돈농가현황_20260225.csv
경기도,이천시,유원농장,돼지,경기도 이천시 설성면,경기도 이천시 설성면 진상미로,,,,,,,2026-02-25,경기도 이천시_양돈농가현황_20260225.csv
경기도,이천시,초월농장(2),돼지,경기도 이천시 대월면,경기도 이천시 대월면 대평로,,,,,,,2026-02-25,경기도 이천시_양돈농가현황_20260225.csv
경기도,이천시,대지대삼농장,돼지,경기도 이천시 설성면,경기도 이천시 설성면 설장로,,,,,,,2026-02-25,경기도 이천시_양돈농가현황_20260225.csv
경기도,이천시,소담농장,돼지,경기도 이천시 대월면,경기도 이천시 대월면 대장로,,,,,,,2026-02-25,경기도 이천시_양돈농가현황_20260225.csv
경기도,이천시,한아름농장,돼지,경기도 이천시 율면,경기도 이천시 율면 임오산로,,,,,,,2026-02-25,경기도 이천시_양돈농가현황_20260225.csv
경기도,이천시,청지기농장,돼지,경기도 이천시 모가면,,,,,,,,2026-02-25,경기도 이천시_양돈농가현황_20260225.csv
경기도,이천시,경인농장,돼지,경기도 이천시 모가면,경기도 이천시 모가면 진상미로,,,,,,,2026-02-25,경기도 이천시_양돈농가현황_20260225.csv
경기도,이천시,송암농장(2),돼지,경기도 이천시 호법면,경기도 이천시 호법면 대덕산로,,,,,,,2026-02-25,경기도 이천시_양돈농가현황_20260225.csv
경기도,이천시,농업회사법인 주식회사 팜스코바이오인티,돼지,경기도 이천시 부발읍,경기도 이천시 부발읍 부흥로,,,,,,,2026-02-25,경기도 이천시_양돈농가현황_20260225.csv
경기도,이천시,상승농장2,돼지,경기도 이천시 모가면,경기도 이천시 모가면 사실로,,,,,,,2026-02-25,경기도 이천시_양돈농가현황_20260225.csv
경기도,이천시,행진농장2농장,돼지,경기도 이천시 장호원읍,경기도 이천시 장호원읍 경충대,,,,,,,2026-02-25,경기도 이천시_양돈농가현황_20260225.csv
경기도,이천시,에스디팜,돼지,경기도 이천시 모가면,,,,,,,,2026-02-25,경기도 이천시_양돈농가현황_20260225.csv
경기도,이천시,참살이 농장,돼지,경기도 이천시 대월면,경기도 이천시 대월면 대월로,,,,,,,2026-02-25,경기도 이천시_양돈농가현황_20260225.csv
경기도,이천시,동그라미,돼지,경기도 이천시 대월면,경기도 이천시 대월면 대월로,,,,,,,2026-02-25,경기도 이천시_양돈농가현황_20260225.csv
경기도,이천시,신청봉농장 선읍지점,돼지,경기도 이천시 장호원읍,경기도 이천시 장호원읍 경충대,,,,,,,2026-02-25,경기도 이천시_양돈농가현황_20260225.csv
경기도,이천시,신세계농장,돼지,경기도 이천시 설성면,경기도 이천시 설성면 대죽로,,,,,,,2026-02-25,경기도 이천시_양돈농가현황_20260225.csv
경기도,이천시,신세계농장(1),돼지,경기도 이천시 설성면,경기도 이천시 설성면 대죽로,,,,,,,2026-02-25,경기도 이천시_양돈농가현황_20260225.csv
경기도,이천시,피그애팜,돼지,경기도 이천시 부발읍,경기도 이천시 부발읍 황무로,,,,,,,2026-02-25,경기도 이천시_양돈농가현황_20260225.csv
경기도,이천시,단천리농장,돼지,경기도 이천시 호법면,,,,,,,,2026-02-25,경기도 이천시_양돈농가현황_20260225.csv
경기도,이천시,하늘농장,돼지,경기도 이천시 설성면,,,,,,,,2026-02-25,경기도 이천시_양돈농가현황_20260225.csv
경기도,이천시,뉴서울농장2,돼지,경기도 이천시 율면 월,경기도 이천시 율면 고월로,,,,,,,2026-02-25,경기도 이천시_양돈농가현황_20260225.csv
경기도,이천시,세은농장,돼지,경기도 이천시 장호원읍,경기도 이천시 장호원읍 설장로,,,,,,,2026-02-25,경기도 이천시_양돈농가현황_20260225.csv
경기도,이천시,다솜농장,돼지,경기도 이천시 장호원읍,경기도 이천시 장호원읍 이풍로,,,,,,,2026-02-25,경기도 이천시_양돈농가현황_20260225.csv
경기도,이천시,다온팜스,돼지,경기도 이천시 모가면,경기도 이천시 모가면 진상미로,,,,,,,2026-02-25,경기도 이천시_양돈농가현황_20260225.csv
경기도,이천시,펠릭스팜,돼지,경기도 이천시 대월면,,,,,,,,2026-02-25,경기도 이천시_양돈농가현황_20260225.csv
경기도,이천시,이천미래팜,돼지,경기도 이천시 호법면,경기도 이천시 호법면 이섭대천,,,,,,,2026-02-25,경기도 이천시_양돈농가현황_20260225.csv
경기도,이천시,에이치알 농장,돼지,경기도 이천시 호법면,경기도 이천시 호법면 대덕산로,,,,,,,2026-02-25,경기도 이천시_양돈농가현황_20260225.csv
경기도,이천시,리치팜제2농장,돼지,경기도 이천시 율면 고,경기도 이천시 율면 고월로,,,,,,,2026-02-25,경기도 이천시_양돈농가현황_20260225.csv
경기도,이천시,석강양평농장,돼지,경기도 이천시 대월면,경기도 이천시 대월면 대월로,,,,,,,2026-02-25,경기도 이천시_양돈농가현황_20260225.csv
경기도,이천시,수정농장,돼지,경기도 이천시 설성면,경기도 이천시 설성면 원설로,,,,,,,2026-02-25,경기도 이천시_양돈농가현황_20260225.csv
경기도,이천시,더드림 농장,돼지,경기도 이천시 대월면,경기도 이천시 대월면 대월로,,,,,,,2026-02-25,경기도 이천시_양돈농가현황_20260225.csv
경기도,이천시,일우농장,돼지,경기도 이천시 모가면,경기도 이천시 모가면 사실로,,,,,,,2026-02-25,경기도 이천시_양돈농가현황_20260225.csv
경기도,이천시,주식회사 엠젠솔루션,돼지,경기도 이천시 장호원읍,경기도 이천시 장호원읍 경충대,,,,,,,2026-02-25,경기도 이천시_양돈농가현황_20260225.csv
경기도,이천시,피그애플,돼지,경기도 이천시 신둔면,,,,,,,,2026-02-25,경기도 이천시_양돈농가현황_20260225.csv
경기도,파주시,부승농장,양돈,경기도 파주시 파평면 덕천리 580-2,경기도 파주시 파평면 장마루1길 253,파평면,3002,17,4480,37.9396148489,126.8469043529,2026-02-09,경기도 파주시_양돈농가현황_20260209.csv
경기도,파주시,한아름농장,양돈,경기도 파주시 적성면 자장리 710,경기도 파주시 적성면 자장로 94-13,적성면,2489,11,2005.3,37.9538295588,126.8442940586,2026-02-09,경기도 파주시_양돈농가현황_20260209.csv
경기도,파주시,솥배미농장,양돈,경기도 파주시 파평면 마산리 374-1,경기도 파주시 파평면 배머리길 857-129,파평면,2870,6,3220.01,37.8832714394,126.8462056909,2026-02-09,경기도 파주시_양돈농가현황_20260209.csv
경기도,파주시,도담이농장,양돈,경기도 파주시 파평면 덕천리 154-1,경기도 파주시 파평면 파산서원길 434-26,파평면,200,1,1050.12,37.9368630664,126.8637962796,2026-02-09,경기도 파주시_양돈농가현황_20260209.csv
경기도,파주시,태화축산,양돈,경기도 파주시 문산읍 이천리 11-1,경기도 파주시 문산읍 배머리길 466,문산읍,2783,5,3822.84,37.8741658993,126.8477526448,2026-02-09,경기도 파주시_양돈농가현황_20260209.csv
경기도,파주시,형제농장,양돈,경기도 파주시 적성면 장현리 138-1,경기도 파주시 적성면 산덕골길 240,적성면,2338,12,3449.4,37.9826165554,126.9811165651,2026-02-09,경기도 파주시_양돈농가현황_20260209.csv
경기도,파주시,JB행복농장,양돈,경기도 파주시 적성면 객현리 138,경기도 파주시 적성면 배우니안길 187,적성면,886,1,892.55,37.9747597844,126.9563484143,2026-02-09,경기도 파주시_양돈농가현황_20260209.csv
경기도,파주시,동우농장,양돈,경기도 파주시 파평면 덕천리 144,경기도 파주시 파평면 파산서원길 434-122,파평면,1042,2,993.9,37.9373791751,126.8612948482,2026-02-09,경기도 파주시_양돈농가현황_20260209.csv
경기도,파주시,당지농장,양돈,경기도 파주시 파평면 금파리 81,경기도 파주시 파평면 청송로266번길 39-107,파평면,1632,7,2131.34,37.9258489282,126.8508295666,2026-02-09,경기도 파주시_양돈농가현황_20260209.csv
경기도,파주시,현일농장,양돈,경기도 파주시 적성면 율포리 239-13,경기도 파주시 적성면 율포길 42,적성면,2303,6,3324,37.9822407759,126.9588662462,2026-02-09,경기도 파주시_양돈농가현황_20260209.csv
경기도,파주시,임마누엘농장,양돈,경기도 파주시 법원읍 웅담리 195-1,경기도 파주시 법원읍 만월로 824-10,법원읍,926,6,1267.99,37.9091665931,126.9012278699,2026-02-09,경기도 파주시_양돈농가현황_20260209.csv
경기도,파주시,거진축산,양돈,경기도 파주시 법원읍 법원리 648-1,경기도 파주시 법원읍 술이홀로1131번길 80,법원읍,72,16,3594.38,37.8679644656,126.8794981971,2026-02-09,경기도 파주시_양돈농가현황_20260209.csv
경기도,파주시,부원농장,양돈,경기도 파주시 광탄면 분수리 64-2,경기도 파주시 광탄면 장지산로 217,광탄면,496,1,913.42,37.7533619568,126.8802806077,2026-02-09,경기도 파주시_양돈농가현황_20260209.csv
경기도,파주시,효진농장,양돈,경기도 파주시 광탄면 분수리 211,경기도 파주시 광탄면 장지산로 351-25,광탄면,3795,18,4645.7,37.7583201643,126.8660563186,2026-02-09,경기도 파주시_양돈농가현황_20260209.csv
경기도,파주시,태희농장,양돈,경기도 파주시 파주읍 부곡리 469,경기도 파주시 파주읍 정문로 711-1,파주읍,800,7,1168.78,37.820029858,126.8180042205,2026-02-09,경기도 파주시_양돈농가현황_20260209.csv
경기도,파주시,경지양돈,양돈,경기도 파주시 적성면 장현리 153-2,경기도 파주시 적성면 산덕골길 395,적성면,4813,12,7013.17,37.9787226054,126.9773731045,2026-02-09,경기도 파주시_양돈농가현황_20260209.csv
경기도,파주시,대양농장,양돈,경기도 파주시 파평면 눌노리 280-8,경기도 파주시 파평면 파산서원길 130,파평면,1103,10,3428.97,37.934547457,126.8522100189,2026-02-09,경기도 파주시_양돈농가현황_20260209.csv
경기도,파주시,전진농장,양돈,경기도 파주시 파평면 덕천리 508-3,경기도 파주시 파평면 파산서원길 241,파평면,853,2,959.51,37.9382009023,126.8551478887,2026-02-09,경기도 파주시_양돈농가현황_20260209.csv
경기도,파주시,고도농장,양돈,경기도 파주시 파평면 덕천리 199,경기도 파주시 파평면 듸링거리길 117-204,파평면,1096,3,1338.34,37.940710759,126.8654892308,2026-02-09,경기도 파주시_양돈농가현황_20260209.csv
경기도,파주시,반달농장,양돈,경기도 파주시 법원읍 금곡리 291,경기도 파주시 법원읍 파평산로 36,법원읍,3047,5,2984.83,37.8898378704,126.8762169005,2026-02-09,경기도 파주시_양돈농가현황_20260209.csv
경기도,파주시,평광농장,양돈,경기도 파주시 파평면 금파리 116-7,경기도 파주시 파평면 청송로266번길 59,파평면,957,1,1099,37.9253451229,126.845028835,2026-02-09,경기도 파주시_양돈농가현황_20260209.csv
경기도,파주시,파주양돈단지(3),양돈,경기도 파주시 파평면 덕천리 207,경기도 파주시 파평면 듸링거리길 117-76,파평면,,5,1919.4,37.9440714374,126.8716188845,2026-02-09,경기도 파주시_양돈농가현황_20260209.csv
경기도,파주시,파주양돈단지(1),양돈,경기도 파주시 파평면 덕천리 207,경기도 파주시 파평면 듸링거리길 117-76,파평면,,7,3371.62,37.9440714374,126.8716188845,2026-02-09,경기도 파주시_양돈농가현황_20260209.csv
경기도,파주시,유한농장,양돈,경기도 파주시 파평면 마산리 366,경기도 파주시 파평면 배머리길 857-153,파평면,1060,6,1253.92,37.8822645987,126.8465257239,2026-02-09,경기도 파주시_양돈농가현황_20260209.csv
경기도,파주시,술이홀농장,양돈,경기도 파주시 적성면 객현리 130,경기도 파주시 적성면 배우니안길 115,적성면,599,5,1432,37.9720917797,126.9578857463,2026-02-09,경기도 파주시_양돈농가현황_20260209.csv
경기도,파주시,변산농장,양돈,경기도 파주시 적성면 마지리 228-6,경기도 파주시 적성면 말굽두리길 170,적성면,2126,5,1932.72,37.9557492857,126.9064882602,2026-02-09,경기도 파주시_양돈농가현황_20260209.csv
경기도,파주시,한국농장,양돈,경기도 파주시 적성면 마지리 331-6,경기도 파주시 적성면 술이홀로 2052-112,적성면,740,4,1231.7,37.9421901965,126.9049307254,2026-02-09,경기도 파주시_양돈농가현황_20260209.csv
경기도,파주시,해동농장,양돈,경기도 파주시 법원읍 웅담리 460-2,경기도 파주시 법원읍 술이홀로1494번길 55,법원읍,2948,9,3423.89,37.9003977889,126.8864743788,2026-02-09,경기도 파주시_양돈농가현황_20260209.csv
경기도,파주시,삼마농장,양돈,경기도 파주시 적성면 답곡리 2,경기도 파주시 적성면 듸링거리길 326-80,적성면,2432,7,2242.4,37.9535803435,126.8705215278,2026-02-09,경기도 파주시_양돈농가현황_20260209.csv
경기도,파주시,순만농장,양돈,경기도 파주시 적성면 장현리 375-4,경기도 파주시 적성면 율곡로2663번길 37,적성면,2239,8,3949.5,37.9846267523,126.9689774006,2026-02-09,경기도 파주시_양돈농가현황_20260209.csv
경기도,파주시,부흥농장,양돈,경기도 파주시 조리읍 대원리 1290,경기도 파주시 조리읍 둑방길 360,조리읍,2534,4,2793.88,37.73050365,126.8308535216,2026-02-09,경기도 파주시_양돈농가현황_20260209.csv
경기도,파주시,태화농장,양돈,경기도 파주시 법원읍 동문리 387-1,경기도 파주시 법원읍 못말길 392-91,법원읍,1075,3,1267.99,37.8739793723,126.8519958087,2026-02-09,경기도 파주시_양돈농가현황_20260209.csv
경기도,파주시,그날농장,양돈,경기도 파주시 파평면 마산리 306-6,경기도 파주시 파평면 배머리길 811-16,파평면,,6,1552.69,37.8845244281,126.8511449923,2026-02-09,경기도 파주시_양돈농가현황_20260209.csv
경기도,파주시,재호농장,양돈,경기도 파주시 파평면 덕천리 53,경기도 파주시 파평면 술이홀로 2003-234,파평면,1905,7,1952.85,37.9397458698,126.8908230759,2026-02-09,경기도 파주시_양돈농가현황_20260209.csv
경기도,파주시,좋은농장,양돈,경기도 파주시 상지석동 1537,경기도 파주시 능안로231번길 51-28,운정4동,300,13,1456.79,37.7329115747,126.7850080939,2026-02-09,경기도 파주시_양돈농가현황_20260209.csv
경기도,파주시,지은농장,양돈,경기도 파주시 적성면 어유지리 175,경기도 파주시 적성면 어못내길 53-66,적성면,1000,2,790,38.0062183517,126.9866185094,2026-02-09,경기도 파주시_양돈농가현황_20260209.csv
경기도,파주시,선유농장,양돈,경기도 파주시 광탄면 창만리 419-1,경기도 파주시 광탄면 소라울1길 56,광탄면,2082,5,1976.94,37.78863317,126.8657344907,2026-02-09,경기도 파주시_양돈농가현황_20260209.csv
경기도,파주시,웰빙농장,양돈,경기도 파주시 파평면 덕천리 329-2,경기도 파주시 파평면 듸링거리길 87-15,파평면,2300,3,2942.28,37.94479578,126.8750397604,2026-02-09,경기도 파주시_양돈농가현황_20260209.csv
경기도,파주시,에덴농장,양돈,경기도 파주시 법원읍 동문리 383,경기도 파주시 법원읍 못말길 392-93,법원읍,704,1,972,37.8741578936,126.8511014093,2026-02-09,경기도 파주시_양돈농가현황_20260209.csv
경기도,파주시,청마농장,양돈,경기도 파주시 적성면 객현리 130-1,경기도 파주시 적성면 배우니안길 101,적성면,950,2,780,37.9714880815,126.95818723,2026-02-09,경기도 파주시_양돈농가현황_20260209.csv
경기도,파주시,서울농장,양돈,경기도 파주시 파주읍 부곡리 147-2,경기도 파주시 파주읍 여울길 273,파주읍,1064,3,1016.58,37.8146840954,126.8284316251,2026-02-09,경기도 파주시_양돈농가현황_20260209.csv
경기도,파주시,진호농장,양돈,경기도 파주시 적성면 객현리 129,경기도 파주시 적성면 배우니안길 95,적성면,1779,9,1199.2,37.9710641479,126.958316643,2026-02-09,경기도 파주시_양돈농가현황_20260209.csv
경기도,파주시,평광농장,양돈,경기도 파주시 파평면 눌노리 739,경기도 파주시 파평면 금마루1길 153,파평면,3470,6,2396.69,37.9325071047,126.8435705559,2026-02-09,경기도 파주시_양돈농가현황_20260209.csv
경기도,파주시,돈우리농장,양돈,경기도 파주시 적성면 어유지리 10,경기도 파주시 적성면 율곡로 2951-49,적성면,2255,4,2544,37.994724193,126.9965180517,2026-02-09,경기도 파주시_양돈농가현황_20260209.csv
경기도,파주시,파주양돈단지(4),양돈,경기도 파주시 파평면 덕천리 207,경기도 파주시 파평면 듸링거리길 117-76,파평면,,4,2385.9,37.9440714374,126.8716188845,2026-02-09,경기도 파주시_양돈농가현황_20260209.csv
경기도,파주시,파주양돈단지(5),양돈,경기도 파주시 파평면 덕천리 207,경기도 파주시 파평면 듸링거리길 117-76,파평면,,3,3751.54,37.9440714374,126.8716188845,2026-02-09,경기도 파주시_양돈농가현황_20260209.csv
경기도,파주시,청마농장2,양돈,경기도 파주시 적성면 객현리 123-1,경기도 파주시 적성면 배우니안길 51,적성면,1200,3,999.6,37.9698697906,126.9586024038,2026-02-09,경기도 파주시_양돈농가현황_20260209.csv
경기도,파주시,부원농장,양돈,경기도 파주시 문산읍 선유리 348-1,경기도 파주시 문산읍 화석정로37번길 98,문산읍,490,9,777.4,37.877919493,126.8008518262,2026-02-09,경기도 파주시_양돈농가현황_20260209.csv
경기도,파주시,형제농장,양돈,경기도 파주시 적성면 어유지리 489-1,경기도 파주시 적성면 어삼로182번길 83,적성면,1870,6,2106,38.0059824132,126.975516971,2026-02-09,경기도 파주시_양돈농가현황_20260209.csv
경기도,파주시,부곡농장,양돈,경기도 파주시 파주읍 연풍리 23,경기도 파주시 파주읍 혜음로 1614-55,파주읍,2445,7,2449.25,37.822452389,126.8486600246,2026-02-09,경기도 파주시_양돈농가현황_20260209.csv
경기도,파주시,만나농장,양돈,경기도 파주시 적성면 답곡리 205,경기도 파주시 적성면 듸링거리길 525-32,적성면,2820,6,2950.59,37.9558612341,126.8580714291,2026-02-09,경기도 파주시_양돈농가현황_20260209.csv
경기도,파주시,새벽농장,양돈,경기도 파주시 적성면 답곡리 31-2,경기도 파주시 적성면 듸링거리길 257-46,적성면,1500,5,1613.25,37.9494206553,126.8652992719,2026-02-09,경기도 파주시_양돈농가현황_20260209.csv
경기도,파주시,종훈농장,양돈,경기도 파주시 파평면 덕천리 513,경기도 파주시 파평면 파산서원길 307-59,파평면,2147,9,2765,37.9392171683,126.8544401381,2026-02-09,경기도 파주시_양돈농가현황_20260209.csv
경기도,파주시,꿀이농장,양돈,경기도 파주시 파평면 장파리 1094,경기도 파주시 파평면 파산서원길 307-239,파평면,3142,3,4427.2,37.9426983289,126.8525993405,2026-02-09,경기도 파주시_양돈농가현황_20260209.csv
경기도,파주시,농업회사법인 주식회사 장강축산,양돈,경기도 파주시 적성면 답곡리 144,경기도 파주시 적성면 듸링거리길 525-34,적성면,2400,2,3233.3,37.9549261531,126.8585425484,2026-02-09,경기도 파주시_양돈농가현황_20260209.csv
경기도,평택시,토성농장,돼지,경기도 평택시 고덕면 두릉리 207번지,경기도 평택시 고덕면 고덕북로 301-49,,3000,3,1923.3,37.0681904,127.0228801,2024-06-30,경기도 평택시_양돈농가현황_20240630.csv
경기도,평택시,문곡농장,돼지,경기도 평택시 고덕면 문곡리 204번지,경기도 평택시 고덕면 문곡3길 41-5,,1000,3,1251.7,37.05716696,127.0051779,2024-06-30,경기도 평택시_양돈농가현황_20240630.csv
경기도,평택시,다올농장,돼지,경기도 평택시 고덕면 문곡리 41번지 1호 외1필지(41-2),경기도 평택시 고덕면 문곡1길 128,,1000,1,732.6,37.07107739,127.004839,2024-06-30,경기도 평택시_양돈농가현황_20240630.csv
경기도,평택시,에스팜,돼지,경기도 평택시 고덕면 문곡리 773번지 7호,경기도 평택시 고덕면 문곡3길 71-69,,2954,4,2659.2,37.06056001,126.9950478,2024-06-30,경기도 평택시_양돈농가현황_20240630.csv
경기도,평택시,한우물농장,돼지,경기도 평택시 고덕면 해창리 152번지 152-1,경기도 평택시 고덕면 고덕로 36-49,,995,4,2787.12,37.02553589,127.022347,2024-06-30,경기도 평택시_양돈농가현황_20240630.csv
경기도,평택시,지성농장,돼지,경기도 평택시 고덕면 해창리 153번지 외 1필지(153-1),경기도 평택시 고덕면 고덕로 36-51,,2500,3,1999.2,37.02526267,127.0230923,2024-06-30,경기도 평택시_양돈농가현황_20240630.csv
경기도,평택시,해창농장,돼지,경기도 평택시 고덕면 해창리 154번지,경기도 평택시 고덕면 고덕로 36-53,,574,1,803.7,37.0253847,127.0236864,2024-06-30,경기도 평택시_양돈농가현황_20240630.csv
경기도,평택시,덕풍 2농장,돼지,경기도 평택시 독곡동 186번지 외1필지(186-2),경기도 평택시 송탄고가길 185-9 (독곡동),,1081,4,1514,37.09251408,127.0761123,2024-06-30,경기도 평택시_양돈농가현황_20240630.csv
경기도,평택시,덕풍3농장,돼지,경기도 평택시 독곡동 187번지,경기도 평택시 송탄고가길 185-13 (독곡동),,1155,2,1617.3,37.09289444,127.0763552,2024-06-30,경기도 평택시_양돈농가현황_20240630.csv
경기도,평택시,한양농원,돼지,경기도 평택시 서탄면 마두리 408번지 25호,경기도 평택시 서탄면 마두길 75-109,,1695,1,2372.84,37.10810166,127.0013177,2024-06-30,경기도 평택시_양돈농가현황_20240630.csv
경기도,평택시,덕풍농장,돼지,경기도 평택시 서탄면 적봉리 383번지 7호,경기도 평택시 서탄면 정문회화로 483,,2185,10,3060,37.09818397,127.0289078,2024-06-30,경기도 평택시_양돈농가현황_20240630.csv
경기도,평택시,천연농산,돼지,경기도 평택시 안중읍 대반리 188번지 1호,경기도 평택시 안중읍 대반3길 30-12,,10932,5,7652.66,36.98454984,126.9542613,2024-06-30,경기도 평택시_양돈농가현황_20240630.csv
경기도,평택시,용성농장,돼지,경기도 평택시 안중읍 용성리 123번지 1호,,,300,1,332,37.01831365,126.9408872,2024-06-30,경기도 평택시_양돈농가현황_20240630.csv
경기도,평택시,창원농장,돼지,경기도 평택시 안중읍 학현리 337번지 1호 외2필지,경기도 평택시 안중읍 학현4길 132 (외2필지),,3207,7,4491.02,36.9967425,126.9170769,2024-06-30,경기도 평택시_양돈농가현황_20240630.csv
경기도,평택시,장안농장,돼지,경기도 평택시 안중읍 학현리 338번지,경기도 평택시 안중읍 현화6길 100,,269,2,900,36.9967425,126.9170769,2024-06-30,경기도 평택시_양돈농가현황_20240630.csv
경기도,평택시,해림2농장,돼지,"경기도 평택시 오성면 교포리 2번지 5호 외 4필지(2-7, -29, 신리 91-50)",경기도 평택시 오성면 교포1길 150-3,,3000,5,2396.47,37.00735592,127.0044669,2024-06-30,경기도 평택시_양돈농가현황_20240630.csv
경기도,평택시,해림농장,돼지,경기도 평택시 오성면 양교리 740번지,경기도 평택시 오성면 양교길 227-12,,1132,3,1258.29,37.01798238,126.9594901,2024-06-30,경기도 평택시_양돈농가현황_20240630.csv
경기도,평택시,농업회사법인 다리농산 주식회사,돼지,"경기도 평택시 오성면 양교리 744번지 , 744-1, 746, 746-1, 746-3, 746-4, 748, 746-5",경기도 평택시 오성면 양교길 267,,2029,8,2841.42,37.01825963,126.9571939,2024-06-30,경기도 평택시_양돈농가현황_20240630.csv
경기도,평택시,현석농장,돼지,경기도 평택시 오성면 양교리 749번지 1호,경기도 평택시 오성면 양교길 267,,18000,7,1884.5,37.01776758,126.9555487,2024-06-30,경기도 평택시_양돈농가현황_20240630.csv
경기도,평택시,준농장,돼지,경기도 평택시 오성면 죽리 20번지 24호,경기도 평택시 오성면 오성서로 5-73,,799,7,1121.59,37.00671401,126.9745425,2024-06-30,경기도 평택시_양돈농가현황_20240630.csv
경기도,평택시,황금농장,돼지,경기도 평택시 유천동 688번지 1호,경기도 평택시 유천2길 23-35 (유천동),,2500,4,2423.1,36.98187214,127.1089794,2024-06-30,경기도 평택시_양돈농가현황_20240630.csv
경기도,평택시,신흥농장,돼지,경기도 평택시 지산동 197번지,경기도 평택시 지산로 251-157 (지산동),,2000,7,2363,37.07855339,127.0886416,2024-06-30,경기도 평택시_양돈농가현황_20240630.csv
경기도,평택시,신북농장,돼지,경기도 평택시 진위면 가곡리 217번지,,,1000,13,3720.1,37.11561926,127.0784989,2024-06-30,경기도 평택시_양돈농가현황_20240630.csv
경기도,평택시,한별농장,돼지,경기도 평택시 진위면 신리 28번지 3호,경기도 평택시 진위면 경기대로 1713-73,,1500,5,1833.48,37.0986181,127.0593326,2024-06-30,경기도 평택시_양돈농가현황_20240630.csv
경기도,평택시,진영농장,돼지,경기도 평택시 진위면 하북리 596번지 6호,,,1784,6,2497.55,37.09575051,127.0579393,2024-06-30,경기도 평택시_양돈농가현황_20240630.csv
경기도,평택시,우리농장,돼지,경기도 평택시 청북면 고렴리 744번지 14호 외 1필지,경기도 평택시 청북면 청북중앙로 832-126 (외 1필지),,80,4,488.5,37.06080697,126.9106248,2024-06-30,경기도 평택시_양돈농가현황_20240630.csv
경기도,평택시,화성양돈,돼지,경기도 평택시 청북면 고잔리 10번지 8호 외 1필지(11-14),경기도 평택시 청북면 고잔길 141-18,,1250,7,1345.14,37.06446405,126.9055688,2024-06-30,경기도 평택시_양돈농가현황_20240630.csv
경기도,평택시,세원농장,돼지,경기도 평택시 청북면 고잔리 11번지 10호,경기도 평택시 청북면 청북중앙로 732-19,,1200,6,997.56,37.06370211,126.9030723,2024-06-30,경기도 평택시_양돈농가현황_20240630.csv
경기도,평택시,덕지이농장,돼지,경기도 평택시 청북면 고잔리 11번지 8호 외 11번지 12호,경기도 평택시 청북면 청북중앙로 732-12 (외 11번지 12호),,700,3,546.1,37.06370211,126.9030723,2024-06-30,경기도 평택시_양돈농가현황_20240630.csv
경기도,평택시,금형농장,돼지,경기도 평택시 청북면 고잔리 182번지 1호,경기도 평택시 청북면 고잔1길 35-49,,2493,6,1909.81,37.0563381,126.8999401,2024-06-30,경기도 평택시_양돈농가현황_20240630.csv
경기도,평택시,가람농장,돼지,경기도 평택시 청북면 고잔리 710번지 4호,경기도 평택시 청북면 청북중앙로 500,,3200,8,2655,37.05236755,126.8915766,2024-06-30,경기도 평택시_양돈농가현황_20240630.csv
경기도,평택시,보성농장,돼지,경기도 평택시 청북면 고잔리 710번지 5호,경기도 평택시 청북면 청북중앙로 500,,1500,5,2118,37.05236755,126.8915766,2024-06-30,경기도 평택시_양돈농가현황_20240630.csv
경기도,평택시,충남농장,돼지,경기도 평택시 청북면 현곡리 358번지,경기도 평택시 청북면 청북새싹길 11-69,,800,5,799,37.0473033,126.9359209,2024-06-30,경기도 평택시_양돈농가현황_20240630.csv
경기도,평택시,덕지농장,돼지,"경기도 평택시 청북읍 고렴리 529번지 3호 ,-4, -12, -13, -15, -17",경기도 평택시 청북읍 고렴길 161-51,,3626,9,5076.46,37.06154652,126.928526,2024-06-30,경기도 평택시_양돈농가현황_20240630.csv
경기도,평택시,덕지농장2,돼지,"경기도 평택시 청북읍 고렴리 918번지 6호 , 529-1",경기도 평택시 청북읍 고렴길 161-39,,1128,2,1578,37.06222935,126.9283028,2024-06-30,경기도 평택시_양돈농가현황_20240630.csv
경기도,평택시,부연농장,돼지,경기도 평택시 청북읍 고잔리 10번지 10호,"경기도 평택시 청북읍 고잔길 141-6, (고잔리 10-10 외2필지(10-11, 11-46)",,1047,5,1074.23,37.06446405,126.9055688,2024-06-30,경기도 평택시_양돈농가현황_20240630.csv
경기도,평택시,청북축산,돼지,경기도 평택시 청북읍 고잔리 11번지 13호,경기도 평택시 청북읍 고잔길 141-20,,315,4,441.12,37.06370211,126.9030723,2024-06-30,경기도 평택시_양돈농가현황_20240630.csv
경기도,평택시,화성양돈2,돼지,"경기도 평택시 청북읍 고잔리 11번지 20호 11-34, 11-35, 산5-48",경기도 평택시 청북읍 고잔길 141-19,,500,4,842.7,37.06370211,126.9030723,2024-06-30,경기도 평택시_양돈농가현황_20240630.csv
경기도,평택시,덕산농장,돼지,"경기도 평택시 청북읍 고잔리 11번지 21호 ,11-31",,,1000,8,1344.67,37.06370211,126.9030723,2024-06-30,경기도 평택시_양돈농가현황_20240630.csv
경기도,평택시,문화농장2,돼지,"경기도 평택시 청북읍 고잔리 1460번지 외 3필지(1460-1, -2, -3)",경기도 평택시 청북읍 고잔5길 1-194 (1-196),,6198,5,5578.23,37.03435506,126.8725053,2024-06-30,경기도 평택시_양돈농가현황_20240630.csv
경기도,평택시,용일농장,돼지,경기도 평택시 청북읍 고잔리 3번지 1호,"경기도 평택시 청북읍 고잔길 173-25, (고잔리 3-1, 2, 10-4,-5,산 5-79)",,1700,8,2298.4,37.0658404,126.9062912,2024-06-30,경기도 평택시_양돈농가현황_20240630.csv
경기도,평택시,민성농장,돼지,경기도 평택시 칠원동 169번지 1호,경기도 평택시 새말로27번길 123-8 (칠원동),,1881,2,1486.52,37.0284151,127.1125055,2024-06-30,경기도 평택시_양돈농가현황_20240630.csv
경기도,평택시,경북농장,돼지,"경기도 평택시 팽성읍 남산리 204번지 1호 외 6필지(-3,-7,-9,-14,-15,-16)",경기도 평택시 팽성읍 대사로 211-36,,9171,5,12843.15,36.94947439,127.06531,2024-06-30,경기도 평택시_양돈농가현황_20240630.csv
경기도,평택시,제일농장,돼지,"경기도 평택시 팽성읍 노와리 187번지 3호 외1필지,186-1번지",경기도 평택시 팽성읍 노와길 260,,1800,5,2694,36.95252582,127.0951621,2024-06-30,경기도 평택시_양돈농가현황_20240630.csv
경기도,평택시,그린농장,돼지,경기도 평택시 팽성읍 노와리 248번지 1호,경기도 평택시 팽성읍 노와2길 48-13,,615,4,1232,36.94822117,127.0967174,2024-06-30,경기도 평택시_양돈농가현황_20240630.csv
경기도,평택시,새천연농장,돼지,"경기도 평택시 팽성읍 대사리 111번지 ,109-4,110,110-29,281-2,281-10,281-11",경기도 평택시 팽성읍 대사로 197-7,,5557,13,7780.78,36.94678932,127.0664992,2024-06-30,경기도 평택시_양돈농가현황_20240630.csv
경기도,평택시,잘커농장,돼지,경기도 평택시 팽성읍 송화리 696번지,경기도 평택시 팽성읍 송화1길 131,,710,4,994.17,36.94547543,127.0395589,2024-06-30,경기도 평택시_양돈농가현황_20240630.csv
경기도,평택시,로즈팜,돼지,"경기도 평택시 팽성읍 신호리 172번지 1호 ,-2",경기도 평택시 팽성읍 신호2길 58-105,,10848,4,6881.68,36.99069866,127.0581112,2024-06-30,경기도 평택시_양돈농가현황_20240630.csv
경기도,평택시,영광농장,돼지,경기도 평택시 포승읍 방림리 182번지 1호 외 1필지(182-2),경기도 평택시 포승읍 운정길 160-27,,1162,3,1627.45,36.97315455,126.8891311,2024-06-30,경기도 평택시_양돈농가현황_20240630.csv
경기도,평택시,길농장,돼지,경기도 평택시 포승읍 방림리 628번지 2호,경기도 평택시 포승읍 원방림길 48,,739,5,1035.1,36.96418328,126.8934162,2024-06-30,경기도 평택시_양돈농가현황_20240630.csv
경기도,평택시,강원축산,돼지,경기도 평택시 포승읍 석정리 751번지 2호,경기도 평택시 포승읍 석정로 153-17,,3100,7,3467.38,36.99461276,126.8788435,2024-06-30,경기도 평택시_양돈농가현황_20240630.csv
경기도,평택시,광일농장,돼지,경기도 평택시 포승읍 원정리 1037번지 3호,경기도 평택시 포승읍 포승향남로 572-43,,2300,4,2355.3,37.00978756,126.8247539,2024-06-30,경기도 평택시_양돈농가현황_20240630.csv
경기도,평택시,문성농장,돼지,"경기도 평택시 현덕면 황산리 194번지 15호 (황산리 산1-4, 대안리 520-8)",경기도 평택시 현덕면 황산3길 53,,2800,8,2863.3,36.95071984,126.9337836,2024-06-30,경기도 평택시_양돈농가현황_20240630.csv
경기도,포천시,내가리농장,돼지,경기도 포천시 소흘읍 죽엽산로237번길 21-41,경기도 포천시 소흘읍 고모리 488번지 3호,,,,,,,20240312,경기도 포천시_양돈농가 현황_20240312.csv
경기도,포천시,팔팔농장,돼지,경기도 포천시 창수면 가영로150번길 74,경기도 포천시 창수면 가양리 155번지 2호,,,,,,,20240312,경기도 포천시_양돈농가 현황_20240312.csv
경기도,포천시,보성농장,돼지,경기도 포천시 창수면 옥수로298번길 52,경기도 포천시 창수면 주원리 85번지 4호,,,,,,,20240312,경기도 포천시_양돈농가 현황_20240312.csv
경기도,포천시,지성농장,돼지,경기도 포천시 창수면 옥수로298번길 56,경기도 포천시 창수면 주원리 85번지 2호,,,,,,,20240312,경기도 포천시_양돈농가 현황_20240312.csv
경기도,포천시,성운축산,돼지,경기도 포천시 창수면 가영로 281-26,경기도 포천시 창수면 가양리 256번지 4호,,,,,,,20240312,경기도 포천시_양돈농가 현황_20240312.csv
경기도,포천시,덕암농장,돼지,경기도 포천시 창수면 방골길 182,"경기도 포천시 창수면 운산리 18번지 1호 ,-2",,,,,,,20240312,경기도 포천시_양돈농가 현황_20240312.csv
경기도,포천시,세일농장,돼지,경기도 포천시 창수면 가영로 281-38,"경기도 포천시 창수면 가양리 256번지 2호 -1, -14",,,,,,,20240312,경기도 포천시_양돈농가 현황_20240312.csv
경기도,포천시,덕영농장,돼지,경기도 포천시 일동면 정자골길 92,"경기도 포천시 일동면 길명리 538번지 1호 ,-4,-5,-6,-8,-10,537번지",,,,,,,20240312,경기도 포천시_양돈농가 현황_20240312.csv
경기도,포천시,수용농장,돼지,"경기도 포천시 영북면 호국로4232번길 45-29, 등 3필지(자일리 461,-1,459-2)","경기도 포천시 영북면 자일리 461번지 등 3필지(-1,459-2)",,,,,,,20240312,경기도 포천시_양돈농가 현황_20240312.csv
경기도,포천시,샘터농장,돼지,경기도 포천시 화현면 봉화로709번길 32,경기도 포천시 화현면 지현리 134번지,,,,,,,20240312,경기도 포천시_양돈농가 현황_20240312.csv
경기도,포천시,성동농장,돼지,경기도 포천시 일동면 무리울길 265,경기도 포천시 일동면 화대리 11번지 3호,,,,,,,20240312,경기도 포천시_양돈농가 현황_20240312.csv
경기도,포천시,농업회사법인 그린팜스 유한회사,돼지,경기도 포천시 이동면 화동로1908번길 87-9,"경기도 포천시 이동면 연곡리 306번지 3호 외 4필지(307-2, 308-2, 285-3, 310-4)",,,,,,,20240312,경기도 포천시_양돈농가 현황_20240312.csv
경기도,포천시,태양농장,돼지,경기도 포천시 화현면 문암동길 129,경기도 포천시 화현면 지현리 334번지 13호,,,,,,,20240312,경기도 포천시_양돈농가 현황_20240312.csv
경기도,포천시,대수농장,돼지,경기도 포천시 영북면 영북로12번길 73,"경기도 포천시 영북면 문암리 16번지 , -1, -5",,,,,,,20240312,경기도 포천시_양돈농가 현황_20240312.csv
경기도,포천시,건섭농장,돼지,경기도 포천시 일동면 정자골1길 121,경기도 포천시 일동면 길명리 187번지,,,,,,,20240312,경기도 포천시_양돈농가 현황_20240312.csv
경기도,포천시,농업회사법인 주식회사 현주팜,돼지,경기도 포천시 관인면 창동로1586번길 30-23,"경기도 포천시 관인면 초과리 520번지 6호 ,-9,-12",,,,,,,20240312,경기도 포천시_양돈농가 현황_20240312.csv
경기도,포천시,멧골농장,돼지,경기도 포천시 신북면 양지말1길 70-124,경기도 포천시 신북면 계류리 136번지,,,,,,,20240312,경기도 포천시_양돈농가 현황_20240312.csv
경기도,포천시,태산농장,돼지,경기도 포천시 일동면 수입로157번길 85,경기도 포천시 일동면 수입리 276번지 3호,,,,,,,20240312,경기도 포천시_양돈농가 현황_20240312.csv
경기도,포천시,정연farm,돼지,경기도 포천시 영북면 영북로12번길 63,"경기도 포천시 영북면 문암리 13번지 , -1, 14-3",,,,,,,20240312,경기도 포천시_양돈농가 현황_20240312.csv
경기도,포천시,수경농장,돼지,경기도 포천시 관인면 창동로1071번길 80,경기도 포천시 관인면 중리 163번지 1호,,,,,,,20240312,경기도 포천시_양돈농가 현황_20240312.csv
경기도,포천시,성태농장,돼지,경기도 포천시 신북면 신평로16번길 12,경기도 포천시 신북면 만세교리 341번지 3호,,,,,,,20240312,경기도 포천시_양돈농가 현황_20240312.csv
경기도,포천시,동암영농조합법인 심곡농장,돼지,경기도 포천시 신북면 깊이울로 18-29,경기도 포천시 신북면 심곡리 392번지,,,,,,,20240312,경기도 포천시_양돈농가 현황_20240312.csv
경기도,포천시,농업회사법인 주식회사 화현축산,돼지,경기도 포천시 영중면 사은다리1길 99,경기도 포천시 영중면 거사리 984번지 1호,,,,,,,20240312,경기도 포천시_양돈농가 현황_20240312.csv
경기도,포천시,한주농장,돼지,경기도 포천시 군내면 꽃배산2길 59,"경기도 포천시 군내면 명산리 151번지 1호 , 152-5",,,,,,,20240312,경기도 포천시_양돈농가 현황_20240312.csv
경기도,포천시,영일농장,돼지,경기도 포천시 가산면 방산길 230,경기도 포천시 가산면 정교리 147번지 3호,,,,,,,20240312,경기도 포천시_양돈농가 현황_20240312.csv
경기도,포천시,다우농장,돼지,경기도 포천시 창수면 옥수로298번길 12,"경기도 포천시 창수면 주원리 419번지 , -2, -3, -7, 473-2, 106-1",,,,,,,20240312,경기도 포천시_양돈농가 현황_20240312.csv
경기도,포천시,한솔농장,돼지,경기도 포천시 영중면 호국로 3371-39,경기도 포천시 영중면 성동리 361번지 2호,,,,,,,20240312,경기도 포천시_양돈농가 현황_20240312.csv
경기도,포천시,-,돼지,경기도 포천시 이동면 화동로 2006,경기도 포천시 이동면 장암리 177번지 4호 외 1필지(279번지),,,,,,,20240312,경기도 포천시_양돈농가 현황_20240312.csv
경기도,포천시,화엄농장,돼지,경기도 포천시 군내면 꽃배산3길 27-67,경기도 포천시 군내면 명산리 82번지 1호,,,,,,,20240312,경기도 포천시_양돈농가 현황_20240312.csv
경기도,포천시,감암축산,돼지,경기도 포천시 가산면 정교길 87,경기도 포천시 가산면 정교리 482번지 1호,,,,,,,20240312,경기도 포천시_양돈농가 현황_20240312.csv
경기도,포천시,어진농장,돼지,"경기도 포천시 일동면 무리울길 245-13 (외2필지(23-1,-2))","경기도 포천시 일동면 화대리 16번지 7호 외2필지(23-1,-2)",,,,,,,20240312,경기도 포천시_양돈농가 현황_20240312.csv
경기도,포천시,정경농장,돼지,경기도 포천시 일동면 무리울길 185,경기도 포천시 일동면 화대리 58번지,,,,,,,20240312,경기도 포천시_양돈농가 현황_20240312.csv
경기도,포천시,문화농장,돼지,경기도 포천시 일동면 무리울길 152,"경기도 포천시 일동면 화대리 60번지 2호 ,-3, -4, -5",,,,,,,20240312,경기도 포천시_양돈농가 현황_20240312.csv
경기도,포천시,무리울농장,돼지,경기도 포천시 일동면 무리울길 110,경기도 포천시 일동면 화대리 69번지,,,,,,,20240312,경기도 포천시_양돈농가 현황_20240312.csv
경기도,포천시,한솔농장2,돼지,경기도 포천시 영북면 호국로 3371-48,경기도 포천시 영북면 야미리 760번지 3호,,,,,,,20240312,경기도 포천시_양돈농가 현황_20240312.csv
경기도,포천시,-,돼지,경기도 포천시 영중면 호국로 3344,경기도 포천시 영중면 성동리 348번지,,,,,,,20240312,경기도 포천시_양돈농가 현황_20240312.csv
경기도,포천시,영송농장,돼지,경기도 포천시 영중면 은잿말길 230-1,경기도 포천시 영중면 영송리 190번지 1호,,,,,,,20240312,경기도 포천시_양돈농가 현황_20240312.csv
경기도,포천시,양문농장,돼지,경기도 포천시 영중면 나삼길 45-27,경기도 포천시 영중면 양문리 933번지 2호,,,,,,,20240312,경기도 포천시_양돈농가 현황_20240312.csv
경기도,포천시,동우축산,돼지,경기도 포천시 영중면 나삼길 102-32,경기도 포천시 영중면 양문리 1112번지,,,,,,,20240312,경기도 포천시_양돈농가 현황_20240312.csv
경기도,포천시,신흥농장,돼지,,경기도 포천시 영중면 금주리 723번지,,,,,,,20240312,경기도 포천시_양돈농가 현황_20240312.csv
경기도,포천시,삼양농장,돼지,"경기도 포천시 영중면 호국로2709번길 36-1, 등 4필지(724,-2,-3,704-1)","경기도 포천시 영중면 금주리 724번지 2호 등 4필지(724,-3,704-1)",,,,,,,20240312,경기도 포천시_양돈농가 현황_20240312.csv
경기도,포천시,갈보리농장,돼지,경기도 포천시 창수면 포천로2721번길 26-45,경기도 포천시 창수면 추동리 395번지 2호,,,,,,,20240312,경기도 포천시_양돈농가 현황_20240312.csv
경기도,포천시,정석농장,돼지,경기도 포천시 관인면 느릅실길 44 (외1필지(93번지)),경기도 포천시 관인면 탄동리 92번지 외1필지(93번지),,,,,,,20240312,경기도 포천시_양돈농가 현황_20240312.csv
경기도,포천시,자성농장,돼지,경기도 포천시 일동면 수입로280번길 20-36,경기도 포천시 일동면 수입리 560번지 7호,,,,,,,20240312,경기도 포천시_양돈농가 현황_20240312.csv
경기도,포천시,-,돼지,,경기도 포천시 이동면 도평리 330번지,,,,,,,20240312,경기도 포천시_양돈농가 현황_20240312.csv
경기도,포천시,재영농장,돼지,경기도 포천시 신북면 포천로2505번길 89,경기도 포천시 신북면 고일리 195번지,,,,,,,20240312,경기도 포천시_양돈농가 현황_20240312.csv
경기도,포천시,두남축산,돼지,경기도 포천시 군내면 반월산성로153번길 82-44 (외1필지(32-3)),경기도 포천시 군내면 하성북리 32번지 외1필지(32-3),,,,,,,20240312,경기도 포천시_양돈농가 현황_20240312.csv
경기도,포천시,동진축산,돼지,경기도 포천시 군내면 꽃배산2길 105,경기도 포천시 군내면 명산리 104번지 2호,,,,,,,20240312,경기도 포천시_양돈농가 현황_20240312.csv
경기도,포천시,미여니농장,돼지,경기도 포천시 일동면 성장로 950-102,"경기도 포천시 일동면 사직리 588번지 4호 588-40, 588-41, 588-42",,,,,,,20240312,경기도 포천시_양돈농가 현황_20240312.csv
경기도,포천시,협성농장,돼지,경기도 포천시 이동면 화동로2290번길 96,경기도 포천시 이동면 도평리 303번지,,,,,,,20240312,경기도 포천시_양돈농가 현황_20240312.csv
경기도,포천시,고찬모농장,돼지,경기도 포천시 이동면 제비울1길 44-87,경기도 포천시 이동면 연곡리 599번지 3호,,,,,,,20240312,경기도 포천시_양돈농가 현황_20240312.csv
경기도,포천시,호남농장,돼지,경기도 포천시 이동면 여우고개로255번길 207,경기도 포천시 이동면 장암리 산 285번지,,,,,,,20240312,경기도 포천시_양돈농가 현황_20240312.csv
경기도,포천시,소망농장,돼지,경기도 포천시 이동면 새낭로 497,경기도 포천시 이동면 노곡리 1093번지 1호,,,,,,,20240312,경기도 포천시_양돈농가 현황_20240312.csv
경기도,포천시,동암영농조합법인(신애농장),돼지,경기도 포천시 영중면 가영로535번길 71,경기도 포천시 영중면 영송리 685번지 1호,,,,,,,20240312,경기도 포천시_양돈농가 현황_20240312.csv
경기도,포천시,-,돼지,,경기도 포천시 영중면 금주리 788번지,,,,,,,20240312,경기도 포천시_양돈농가 현황_20240312.csv
경기도,포천시,형제농장,돼지,경기도 포천시 일동면 수입로280번길 20-32,경기도 포천시 일동면 수입리 567번지,,,,,,,20240312,경기도 포천시_양돈농가 현황_20240312.csv
경기도,포천시,진호농장,돼지,경기도 포천시 영북면 호국로4350번길 148,경기도 포천시 영북면 자일리 78번지 5호,,,,,,,20240312,경기도 포천시_양돈농가 현황_20240312.csv
경기도,포천시,종배농장,돼지,경기도 포천시 영북면 호국로3552번길 67,경기도 포천시 영북면 야미리 116번지 1호,,,,,,,20240312,경기도 포천시_양돈농가 현황_20240312.csv
경기도,포천시,미성농장2,돼지,"경기도 포천시 일동면 수입로280번길 20-36, (수입리 560-1,-6)",경기도 포천시 일동면 수입리 560번지 1호 등 2필지(560-6),,,,,,,20240312,경기도 포천시_양돈농가 현황_20240312.csv
경기도,포천시,현대축산,돼지,경기도 포천시 관인면 창동로1071번길 89,경기도 포천시 관인면 중리 176번지 4호,,,,,,,20240312,경기도 포천시_양돈농가 현황_20240312.csv
경기도,포천시,수희농장,돼지,경기도 포천시 이동면 새낭로 430,경기도 포천시 이동면 노곡리 746번지 6호,,,,,,,20240312,경기도 포천시_양돈농가 현황_20240312.csv
경기도,포천시,양특의농장,돼지,경기도 포천시 소흘읍 죽엽산로237번길 27-28,경기도 포천시 소흘읍 고모리 475번지 5호,,,,,,,20240312,경기도 포천시_양돈농가 현황_20240312.csv
경기도,포천시,정상농장,돼지,경기도 포천시 이동면 새낭로420번길 10,경기도 포천시 이동면 노곡리 746번지 8호,,,,,,,20240312,경기도 포천시_양돈농가 현황_20240312.csv
경기도,포천시,일광농장,돼지,경기도 포천시 일동면 인곡1길 44-38,경기도 포천시 일동면 사직리 351번지 10호,,,,,,,20240312,경기도 포천시_양돈농가 현황_20240312.csv
경기도,포천시,서원농장,돼지,경기도 포천시 영북면 문암길 32-23,경기도 포천시 영북면 문암리 250번지 1호,,,,,,,20240312,경기도 포천시_양돈농가 현황_20240312.csv
경기도,포천시,영북축산,돼지,경기도 포천시 영북면 금곡동로 34-20,경기도 포천시 영북면 야미리 386번지,,,,,,,20240312,경기도 포천시_양돈농가 현황_20240312.csv
경기도,포천시,양지농장,돼지,경기도 포천시 관인면 창동로1754번길 83,경기도 포천시 관인면 초과리 145번지 5호,,,,,,,20240312,경기도 포천시_양돈농가 현황_20240312.csv
경기도,포천시,대산농장,돼지,경기도 포천시 영북면 대회산길 79-65,경기도 포천시 영북면 대회산리 133번지,,,,,,,20240312,경기도 포천시_양돈농가 현황_20240312.csv
경기도,포천시,지혜농장,돼지,경기도 포천시 영북면 금곡동로 34-10,경기도 포천시 영북면 야미리 358번지,,,,,,,20240312,경기도 포천시_양돈농가 현황_20240312.csv
경기도,포천시,준농장,돼지,경기도 포천시 창수면 옥수로298번길 44,경기도 포천시 창수면 주원리 100번지,,,,,,,20240312,경기도 포천시_양돈농가 현황_20240312.csv
경기도,포천시,-,돼지,경기도 포천시 관인면 창동로1173번길 61,경기도 포천시 관인면 삼율리 323번지 7호,,,,,,,20240312,경기도 포천시_양돈농가 현황_20240312.csv
경기도,포천시,승환농장,돼지,경기도 포천시 내촌면 음고개길 82,경기도 포천시 내촌면 음현리 244번지 1호,,,,,,,20240312,경기도 포천시_양돈농가 현황_20240312.csv
경기도,포천시,탱크농장,돼지,경기도 포천시 화현면 봉화로 679-60,"경기도 포천시 화현면 지현리 149번지 3호 ,-1,-2, 150-1, 152-9",,,,,,,20240312,경기도 포천시_양돈농가 현황_20240312.csv
경기도,포천시,양구농장,돼지,경기도 포천시 이동면 화동로1929번길 13-48,경기도 포천시 이동면 연곡리 921번지,,,,,,,20240312,경기도 포천시_양돈농가 현황_20240312.csv
경기도,포천시,흙돼지농장,돼지,경기도 포천시 이동면 화동로1877번길 68,경기도 포천시 이동면 연곡리 953번지,,,,,,,20240312,경기도 포천시_양돈농가 현황_20240312.csv
경기도,포천시,-,돼지,경기도 포천시 이동면 성장로1100번길 40,경기도 포천시 이동면 노곡리 69번지 7호,,,,,,,20240312,경기도 포천시_양돈농가 현황_20240312.csv
경기도,포천시,성태농장,돼지,"경기도 포천시 신북면 신평로16번길 12, 등 3필지(341-1,-6,-2)","경기도 포천시 신북면 만세교리 341번지 2호 등 3필지(341-1,-6)",,,,,,,20240312,경기도 포천시_양돈농가 현황_20240312.csv
경기도,포천시,최씨농장,돼지,경기도 포천시 영북면 비둘기낭길 55,경기도 포천시 영북면 대회산리 298번지,,,,,,,20240312,경기도 포천시_양돈농가 현황_20240312.csv
경기도,포천시,한비축산,돼지,경기도 포천시 관인면 찬우물길 290,경기도 포천시 관인면 냉정리,,,,,,,20240312,경기도 포천시_양돈농가 현황_20240312.csv
경기도,포천시,한비축산,돼지,경기도 포천시 관인면 창동로1586번길 41,경기도 포천시 관인면 초과리 524번지,,,,,,,20240312,경기도 포천시_양돈농가 현황_20240312.csv
경기도,포천시,동경농장,돼지,경기도 포천시 영중면 은잿말길 31,"경기도 포천시 영중면 거사리 412번지 , 413-4, 414-5, 415-3, -4, -8, 416-1, -10",,,,,,,20240312,경기도 포천시_양돈농가 현황_20240312.csv
경기도,포천시,신화농장,돼지,경기도 포천시 관인면 창동로1071번길 97 (외1필지(178)),경기도 포천시 관인면 중리 181번지 외1필지(178),,,,,,,20240312,경기도 포천시_양돈농가 현황_20240312.csv
경기도,포천시,자일농장,돼지,경기도 포천시 영북면 북원로 194-18,"경기도 포천시 영북면 자일리 1164번지 ,694-12",,,,,,,20240312,경기도 포천시_양돈농가 현황_20240312.csv
경기도,포천시,진원농장,돼지,경기도 포천시 호병골길 119-13 (신읍동),경기도 포천시 신읍동 460번지,,,,,,,20240312,경기도 포천시_양돈농가 현황_20240312.csv
경기도,포천시,경주농장,돼지,경기도 포천시 일동면 인곡길 20,경기도 포천시 일동면 사직리 399번지,,,,,,,20240312,경기도 포천시_양돈농가 현황_20240312.csv
경기도,포천시,YD농장,돼지,경기도 포천시 일동면 사기막1길 56,경기도 포천시 일동면 화대리 344번지,,,,,,,20240312,경기도 포천시_양돈농가 현황_20240312.csv
경기도,포천시,수성농장,돼지,경기도 포천시 화현면 문암동길 138-15,경기도 포천시 화현면 지현리 335번지 6호,,,,,,,20240312,경기도 포천시_양돈농가 현황_20240312.csv
경기도,포천시,정상농장,돼지,,경기도 포천시 일동면 화대리 16번지 1호,,,,,,,20240312,경기도 포천시_양돈농가 현황_20240312.csv
경기도,포천시,일동농장,돼지,경기도 포천시 일동면 무리울길 237,경기도 포천시 일동면 화대리 22번지,,,,,,,20240312,경기도 포천시_양돈농가 현황_20240312.csv
경기도,포천시,농업법인(주)골드바이오텍,돼지,경기도 포천시 일동면 무리울길 213-29,"경기도 포천시 일동면 화대리 42번지 , 43, 44",,,,,,,20240312,경기도 포천시_양돈농가 현황_20240312.csv
경기도,포천시,용선농장,돼지,경기도 포천시 영북면 호국로3539번길 55-18,경기도 포천시 영북면 야미리 544번지,,,,,,,20240312,경기도 포천시_양돈농가 현황_20240312.csv
경기도,포천시,나라청산,돼지,경기도 포천시 신북면 간자동길 93-41,경기도 포천시 신북면 삼정리 79번지,,,,,,,20240312,경기도 포천시_양돈농가 현황_20240312.csv
경기도,포천시,황토농장,돼지,경기도 포천시 이동면 새낭로 424,"경기도 포천시 이동면 노곡리 1022번지 5호 , 756-2, -4",,,,,,,20240312,경기도 포천시_양돈농가 현황_20240312.csv
경기도,포천시,농업회사법인 주식회사 브니엘농장,돼지,경기도 포천시 신북면 깊이울로1길 12-17,경기도 포천시 신북면 심곡리 630번지,,,,,,,20240312,경기도 포천시_양돈농가 현황_20240312.csv
경기도,포천시,브니엘농장,돼지,경기도 포천시 영중면 가영로 464-17,경기도 포천시 영중면 영송리 573번지,,,,,,,20240312,경기도 포천시_양돈농가 현황_20240312.csv
경기도,포천시,나라축산,돼지,경기도 포천시 관인면 창동로1173번길 87,"경기도 포천시 관인면 삼율리 322번지 322-1, -2, -3 번지 등 4필지",,,,,,,20240312,경기도 포천시_양돈농가 현황_20240312.csv
경기도,포천시,농업회사법인(주)더함께,돼지,경기도 포천시 이동면 새낭로 490,경기도 포천시 이동면 노곡리 1043번지 1호,,,,,,,20240312,경기도 포천시_양돈농가 현황_20240312.csv
경기도,포천시,동암영농조합법인(청람농장),돼지,경기도 포천시 영중면 가영로 436-55 (외10필지),경기도 포천시 영중면 영송리 612번지 외10필지,,,,,,,20240312,경기도 포천시_양돈농가 현황_20240312.csv
경기도,포천시,금호영농조합법인,돼지,경기도 포천시 창수면 옥수로327번길 44,경기도 포천시 창수면 주원리 500번지,,,,,,,20240312,경기도 포천시_양돈농가 현황_20240312.csv
경기도,포천시,동암영농조합법인(효성농장),돼지,경기도 포천시 창수면 옥수로 372 (외3필지),경기도 포천시 창수면 주원리 468번지 외3필지,,,,,,,20240312,경기도 포천시_양돈농가 현황_20240312.csv
경기도,포천시,낭유농장,돼지,경기도 포천시 이동면 새낭로420번길 59,"경기도 포천시 이동면 노곡리 734번지 3호 , -1, -8, -11, 733-1, -2, 736-2, 742-4",,,,,,,20240312,경기도 포천시_양돈농가 현황_20240312.csv
경기도,포천시,경인농장,돼지,경기도 포천시 이동면 새낭로 466,경기도 포천시 이동면 노곡리 1042번지 3호,,,,,,,20240312,경기도 포천시_양돈농가 현황_20240312.csv
경기도,포천시,-,돼지,경기도 포천시 이동면 새낭로 466,경기도 포천시 이동면 노곡리 1041번지 1호,,,,,,,20240312,경기도 포천시_양돈농가 현황_20240312.csv
경기도,포천시,혜선농장,돼지,경기도 포천시 이동면 성장로 818-85,경기도 포천시 이동면 노곡리 867번지 2호,,,,,,,20240312,경기도 포천시_양돈농가 현황_20240312.csv
경기도,포천시,선경농장,돼지,경기도 포천시 신북면 삼성당4길 77,경기도 포천시 신북면 삼성당리 185번지 1호,,,,,,,20240312,경기도 포천시_양돈농가 현황_20240312.csv
경기도,포천시,한결농장,돼지,경기도 포천시 이동면 화동로1908번길 141,경기도 포천시 이동면 연곡리 40번지 1호,,,,,,,20240312,경기도 포천시_양돈농가 현황_20240312.csv
경기도,포천시,한돈농장,돼지,경기도 포천시 창수면 옥수로 383,경기도 포천시 창수면 주원리 484번지 1호,,,,,,,20240312,경기도 포천시_양돈농가 현황_20240312.csv
경기도,포천시,보림농장,돼지,경기도 포천시 창수면 옥수로298번길 68-19,경기도 포천시 창수면 주원리 86번지,,,,,,,20240312,경기도 포천시_양돈농가 현황_20240312.csv
경기도,포천시,천그린농장,돼지,경기도 포천시 창수면 옥수로298번길 78,경기도 포천시 창수면 주원리 82번지,,,,,,,20240312,경기도 포천시_양돈농가 현황_20240312.csv
경기도,포천시,도유축산,돼지,경기도 포천시 신북면 신평로16번길 188,경기도 포천시 신북면 만세교리 118번지 .-5.-7.119.-3,,,,,,,20240312,경기도 포천시_양돈농가 현황_20240312.csv
경기도,포천시,진우농장,돼지,경기도 포천시 창수면 옥수로327번길 51 (외1필지(626)),경기도 포천시 창수면 주원리 517번지 외1필지(626),,,,,,,20240312,경기도 포천시_양돈농가 현황_20240312.csv
경기도,포천시,초록팜,돼지,"경기도 포천시 군내면 반월산성로199번길 11, 등4필지(663,664-1,-3,666-1)","경기도 포천시 군내면 상성북리 663번지 등4필지(664-1,-3,666-1)",,,,,,,20240312,경기도 포천시_양돈농가 현황_20240312.csv
경기도,포천시,창수농장,돼지,경기도 포천시 창수면 가영로150번길 91-34,경기도 포천시 창수면 가양리 181번지 2호,,,,,,,20240312,경기도 포천시_양돈농가 현황_20240312.csv
경기도,포천시,보장팜,돼지,경기도 포천시 창수면 방골길 26-37,경기도 포천시 창수면 오가리 113번지 3호,,,,,,,20240312,경기도 포천시_양돈농가 현황_20240312.csv
경기도,포천시,현진농장,돼지,경기도 포천시 창수면 옥수로262번길 176-25,경기도 포천시 창수면 주원리 196번지 8호,,,,,,,20240312,경기도 포천시_양돈농가 현황_20240312.csv
경기도,포천시,무지개축산,돼지,경기도 포천시 화현면 문암동길 113,경기도 포천시 화현면 지현리 산 39번지 1호,,,,,,,20240312,경기도 포천시_양돈농가 현황_20240312.csv
경기도,포천시,정호농장,돼지,경기도 포천시 일동면 무리울길 213-37,경기도 포천시 일동면 화대리,,,,,,,20240312,경기도 포천시_양돈농가 현황_20240312.csv
경기도,포천시,까망께돈 흑돼지농장,돼지,경기도 포천시 일동면 화동로 609-33,경기도 포천시 일동면 유동리 75번지 1호,,,,,,,20240312,경기도 포천시_양돈농가 현황_20240312.csv
경기도,포천시,인성축산,돼지,경기도 포천시 신북면 포천로1967번길 25,"경기도 포천시 신북면 심곡리 449번지 1호 , -2, -12",,,,,,,20240312,경기도 포천시_양돈농가 현황_20240312.csv
경기도,포천시,-,돼지,경기도 포천시 이동면 금강로6263번길 195,경기도 포천시 이동면 도평리 665번지,,,,,,,20240312,경기도 포천시_양돈농가 현황_20240312.csv
경기도,포천시,-,돼지,경기도 포천시 내촌면 내진로155번길 25-11,경기도 포천시 내촌면 진목리 538번지,,,,,,,20240312,경기도 포천시_양돈농가 현황_20240312.csv
경기도,포천시,진양농장,돼지,경기도 포천시 일동면 사당말6길 80,경기도 포천시 일동면 사직리 152번지 2호,,,,,,,20240312,경기도 포천시_양돈농가 현황_20240312.csv
경기도,포천시,영신농장,돼지,경기도 포천시 영북면 북원로166번길 23,경기도 포천시 영북면 자일리 690번지 1호,,,,,,,20240312,경기도 포천시_양돈농가 현황_20240312.csv
경기도,포천시,천호농장,돼지,경기도 포천시 이동면 화동로1723번길 57,"경기도 포천시 이동면 연곡리 1135번지 ,1136,1133,1134-2",,,,,,,20240312,경기도 포천시_양돈농가 현황_20240312.csv
경기도,포천시,보림축산,돼지,경기도 포천시 가산면 마현3길 129,경기도 포천시 가산면 금현리 406번지,,,,,,,20240312,경기도 포천시_양돈농가 현황_20240312.csv
경기도,포천시,한탄강 JC팜,돼지,경기도 포천시 영북면 북원로166번길 77-44,경기도 포천시 영북면 자일리 1014번지 4호,,,,,,,20240312,경기도 포천시_양돈농가 현황_20240312.csv
경기도,포천시,덕양농장,돼지,경기도 포천시 가산면 마현3길 106,경기도 포천시 가산면 금현리 389번지 2호,,,,,,,20240312,경기도 포천시_양돈농가 현황_20240312.csv
경기도,포천시,베스트팜농장,돼지,경기도 포천시 창수면 가영로150번길 91-34 (외3필지(-3.-4.-5)),경기도 포천시 창수면 가양리 181번지 2호 외3필지(-3.-4.-5),,,,,,,20240312,경기도 포천시_양돈농가 현황_20240312.csv
경기도,포천시,칠성농장,돼지,,경기도 포천시 일동면 사직리 152번지,,,,,,,20240312,경기도 포천시_양돈농가 현황_20240312.csv
경기도,포천시,약사골농장,돼지,경기도 포천시 이동면 금강로 6280,경기도 포천시 이동면 도평리 540번지 1호,,,,,,,20240312,경기도 포천시_양돈농가 현황_20240312.csv
경기도,포천시,대연축산,돼지,경기도 포천시 창수면 옥수로298번길 68-55,"경기도 포천시 창수면 주원리 91번지 91-1,91-2,49,50-1",,,,,,,20240312,경기도 포천시_양돈농가 현황_20240312.csv
경기도,포천시,고구려농장,돼지,경기도 포천시 관인면 창동로 1516-16,경기도 포천시 관인면 초과리 542번지,,,,,,,20240312,경기도 포천시_양돈농가 현황_20240312.csv
경기도,포천시,인록축산,돼지,경기도 포천시 창수면 가영로535번길 225,경기도 포천시 창수면 주원리 64번지,,,,,,,20240312,경기도 포천시_양돈농가 현황_20240312.csv
경기도,포천시,양문농장,돼지,경기도 포천시 영중면 사은다리길 50-61,경기도 포천시 영중면 양문리 866번지 2호,,,,,,,20240312,경기도 포천시_양돈농가 현황_20240312.csv
경기도,포천시,한반도농장,돼지,"경기도 포천시 영중면 옥수로262번길 201, (영송리 627,628-4)",경기도 포천시 영중면 영송리 627번지 등 2필지(628-4),,,,,,,20240312,경기도 포천시_양돈농가 현황_20240312.csv
경기도,포천시,늘푸른농장,돼지,경기도 포천시 창수면 가영로535번길 209,경기도 포천시 창수면 주원리 59번지 2호,,,,,,,20240312,경기도 포천시_양돈농가 현황_20240312.csv
경기도,포천시,명진농장,돼지,경기도 포천시 관인면 윗찬물길 205,"경기도 포천시 관인면 냉정리 760번지 ,-1",,,,,,,20240312,경기도 포천시_양돈농가 현황_20240312.csv
경기도,포천시,주원농장2,돼지,경기도 포천시 창수면 옥수로298번길 51,경기도 포천시 창수면 주원리 75번지,,,,,,,20240312,경기도 포천시_양돈농가 현황_20240312.csv
경기도,포천시,민지농장,돼지,경기도 포천시 이동면 화동로1823번길 78,경기도 포천시 이동면 연곡리 1005번지 2호,,,,,,,20240312,경기도 포천시_양돈농가 현황_20240312.csv
경기도,포천시,대성농장,돼지,경기도 포천시 영중면 궁들길 253-52,경기도 포천시 영중면 금주리 318번지,,,,,,,20240312,경기도 포천시_양돈농가 현황_20240312.csv
경기도,포천시,고은농장,돼지,경기도 포천시 이동면 제비울1길 44-87,경기도 포천시 이동면 연곡리 599번지 13호,,,,,,,20240312,경기도 포천시_양돈농가 현황_20240312.csv
경기도,포천시,우리농산,돼지,경기도 포천시 이동면 화동로2290번길 81,경기도 포천시 이동면 도평리 299번지,,,,,,,20240312,경기도 포천시_양돈농가 현황_20240312.csv
경기도,포천시,지앤알팜3,돼지,경기도 포천시 일동면 사당말6길 78,경기도 포천시 일동면 사직리 산 3번지 4호 외1필지(산3-5),,,,,,,20240312,경기도 포천시_양돈농가 현황_20240312.csv
경기도,포천시,정원농장,돼지,,경기도 포천시 일동면 사직리 699번지,,,,,,,20240312,경기도 포천시_양돈농가 현황_20240312.csv
경기도,포천시,에코농장,돼지,경기도 포천시 창수면 가영로535번길 225,경기도 포천시 창수면 주원리 65번지 5호,,,,,,,20240312,경기도 포천시_양돈농가 현황_20240312.csv
경기도,포천시,사계영농조합법인,돼지,경기도 포천시 일동면 새낭로215번길 68-213,경기도 포천시 일동면 사직리 1421번지,,,,,,,20240312,경기도 포천시_양돈농가 현황_20240312.csv
경기도,포천시,연곡농장,돼지,"경기도 포천시 이동면 화동로1908번길 44-151 (외2필지(235-3, -6))","경기도 포천시 이동면 연곡리 234번지 4호 외2필지(235-3, -6)",,,,,,,20240312,경기도 포천시_양돈농가 현황_20240312.csv
경기도,포천시,부광농장,돼지,경기도 포천시 영중면 은잿말길 21 (외1필지(413-1)),경기도 포천시 영중면 거사리 413번지 외1필지(413-1),,,,,,,20240312,경기도 포천시_양돈농가 현황_20240312.csv
경기도,포천시,미성농장,돼지,경기도 포천시 영북면 방골길 954-29,경기도 포천시 영북면 문암리 341번지,,,,,,,20240312,경기도 포천시_양돈농가 현황_20240312.csv
경기도,포천시,대흥농장,돼지,경기도 포천시 창수면 방골길 283-19,경기도 포천시 창수면 운산리 50번지 1호,,,,,,,20240312,경기도 포천시_양돈농가 현황_20240312.csv
경기도,포천시,농업회사법인 에이비씨축산(주),돼지,경기도 포천시 관인면 창동로 1339-57,"경기도 포천시 관인면 삼율리 157번지 4호 -3,-5,-6,-7,-9,-10",,,,,,,20240312,경기도 포천시_양돈농가 현황_20240312.csv
경기도,포천시,영송농장2,돼지,경기도 포천시 영중면 은잿말길 257-17 (외1필지(-3)),경기도 포천시 영중면 영송리 565번지 2호 외1필지(-3),,,,,,,20240312,경기도 포천시_양돈농가 현황_20240312.csv
경기도,포천시,지앤알팜2,돼지,,"경기도 포천시 화현면 화현리 277번지 외2필지(279-1,280)",,,,,,,20240312,경기도 포천시_양돈농가 현황_20240312.csv
경기도,포천시,푸른농장,돼지,경기도 포천시 이동면 화동로1908번길 83,경기도 포천시 이동면 연곡리 263번지,,,,,,,20240312,경기도 포천시_양돈농가 현황_20240312.csv
경기도,포천시,신기농장-1,돼지,경기도 포천시 일동면 수입로 181 (외1필지),경기도 포천시 일동면 수입리 400번지 7호 외1필지,,,,,,,20240312,경기도 포천시_양돈농가 현황_20240312.csv
경기도,포천시,하나더농장,돼지,"경기도 포천시 신북면 신평로72번길 38 (외4필지(-3,-5,-7,-10))","경기도 포천시 신북면 신평리 193번지 1호 외4필지(-3,-5,-7,-10)",,,,,,,20240312,경기도 포천시_양돈농가 현황_20240312.csv
경기도,포천시,포천농장,돼지,경기도 포천시 영북면 호국로3539번길 46-22,경기도 포천시 영북면 야미리 574번지,,,,,,,20240312,경기도 포천시_양돈농가 현황_20240312.csv
경기도,포천시,진주농장,돼지,"경기도 포천시 이동면 새낭로420번길 14, (노곡리 747, 746-7)",경기도 포천시 이동면 노곡리 747번지 외 1번지(746-7),,,,,,,20240312,경기도 포천시_양돈농가 현황_20240312.csv
경기도,포천시,-,돼지,경기도 포천시 일동면 무리울길 267-1,경기도 포천시 일동면 화대리 11번지 5호,,,,,,,20240312,경기도 포천시_양돈농가 현황_20240312.csv
경기도,포천시,세한농장,돼지,경기도 포천시 이동면 화동로1908번길 147,경기도 포천시 이동면 연곡리 73번지,,,,,,,20240312,경기도 포천시_양돈농가 현황_20240312.csv
경기도,포천시,산마루농장,돼지,경기도 포천시 일동면 무리울길 213-37,경기도 포천시 일동면 화대리 37번지,,,,,,,20240312,경기도 포천시_양돈농가 현황_20240312.csv
경기도,포천시,에스투제이팜,돼지,경기도 포천시 창수면 옥수로298번길 8,경기도 포천시 창수면 주원리 418번지,,,,,,,20240312,경기도 포천시_양돈농가 현황_20240312.csv
경기도,포천시,동암영농조합법인 산중마을,돼지,경기도 포천시 영중면 가영로 436-31,경기도 포천시 영중면 영송리 642번지,,,,,,,20240312,경기도 포천시_양돈농가 현황_20240312.csv
경기도,포천시,협동농장,돼지,"경기도 포천시 창수면 금화봉길 222-1, 등5필지(34,35,-1,37-1,90)","경기도 포천시 창수면 가양리 34번지 등5필지(35,-1,37-1,90)",,,,,,,20240312,경기도 포천시_양돈농가 현황_20240312.csv
경기도,포천시,산들농장,돼지,경기도 포천시 일동면 윗갈기길 17-55,경기도 포천시 일동면 수입리 150번지 2호,,,,,,,20240312,경기도 포천시_양돈농가 현황_20240312.csv
경기도,포천시,돈세이프팜,돼지,,경기도 포천시 일동면 사직리 853번지 9호 등 2필지(-12),,,,,,,20240312,경기도 포천시_양돈농가 현황_20240312.csv
경기도,포천시,건섭농장2,돼지,경기도 포천시 일동면 정자골1길 93,경기도 포천시 일동면 길명리 180번지,,,,,,,20240312,경기도 포천시_양돈농가 현황_20240312.csv
경기도,포천시,한비축산,돼지,경기도 포천시 관인면 찬우물길 290,경기도 포천시 관인면 냉정리 660번지 2호,,,,,,,20240312,경기도 포천시_양돈농가 현황_20240312.csv
경기도,포천시,소리농장,돼지,경기도 포천시 일동면 새낭로 263-108,경기도 포천시 일동면 사직리 1578번지,,,,,,,20240312,경기도 포천시_양돈농가 현황_20240312.csv
경기도,포천시,정원축산,돼지,경기도 포천시 관인면 창동로 1516-16,경기도 포천시 관인면 초과리 542번지,,,,,,,20240312,경기도 포천시_양돈농가 현황_20240312.csv
경기도,포천시,이레농장,돼지,경기도 포천시 신북면 신평로16번길 174,경기도 포천시 신북면 만세교리 164번지 1호,,,,,,,20240312,경기도 포천시_양돈농가 현황_20240312.csv
경기도,포천시,태욱농장,돼지,경기도 포천시 가산면 감암1길 60-75,경기도 포천시 가산면 감암리 416번지 외 3필지,,,,,,,20240312,경기도 포천시_양돈농가 현황_20240312.csv
경기도,포천시,경목농장,돼지,경기도 포천시 영북면 문암길 32-36,경기도 포천시 영북면 문암리 270번지 2호,,,,,,,20240312,경기도 포천시_양돈농가 현황_20240312.csv
경기도,포천시,상수농장,돼지,경기도 포천시 영중면 궁들1길 30,"경기도 포천시 영중면 금주리 416번지 ,413-3,-4,416-3,-5",,,,,,,20240312,경기도 포천시_양돈농가 현황_20240312.csv
경기도,포천시,농업회사법인 돈호새(주),돼지,경기도 포천시 화현면 문암동길 150,"경기도 포천시 화현면 지현리 335번지 1호 ,-2,-15,-16,-17,-28,-29,-36,-37,-45,-52,-54",,,,,,,20240312,경기도 포천시_양돈농가 현황_20240312.csv
경기도,포천시,삼익농장,돼지,경기도 포천시 어룡3길 41 (어룡동),경기도 포천시 어룡동 700번지 1호,,,,,,,20240312,경기도 포천시_양돈농가 현황_20240312.csv
경기도,포천시,팜스플랜 포천 제1농장,돼지,경기도 포천시 창수면 가영로 436-367,경기도 포천시 창수면 가양리 277번지 1호,,,,,,,20240312,경기도 포천시_양돈농가 현황_20240312.csv
경기도,포천시,가온농장,돼지,경기도 포천시 영중면 호국로 3341-27,경기도 포천시 영중면 성동리 377번지 4호,,,,,,,20240312,경기도 포천시_양돈농가 현황_20240312.csv
경기도,포천시,신기농장,돼지,경기도 포천시 일동면 새낭로196번길 55,경기도 포천시 일동면 사직리 853번지 10호,,,,,,,20240312,경기도 포천시_양돈농가 현황_20240312.csv
경기도,포천시,가림농장,돼지,경기도 포천시 영북면 호국로 3396,경기도 포천시 영북면 야미리 433번지,,,,,,,20240312,경기도 포천시_양돈농가 현황_20240312.csv
경기도,포천시,새여리팜,돼지,경기도 포천시 창수면 포천로 2821,경기도 포천시 창수면 추동리 760번지,,,,,,,20240312,경기도 포천시_양돈농가 현황_20240312.csv
경기도,포천시,다온농장,돼지,경기도 포천시 창수면 포천로2811번길 79,경기도 포천시 창수면 추동리 672번지,,,,,,,20240312,경기도 포천시_양돈농가 현황_20240312.csv
경기도,포천시,농업회사법인 새여리팜 주식회사,돼지,경기도 포천시 창수면 포천로2811번길 15,경기도 포천시 창수면 추동리 755번지 4호,,,,,,,20240312,경기도 포천시_양돈농가 현황_20240312.csv
경기도,포천시,신흥농장,돼지,경기도 포천시 영중면 호국로2709번길 26-4,경기도 포천시 영중면 금주리 717번지 1호,,,,,,,20240312,경기도 포천시_양돈농가 현황_20240312.csv
경기도,포천시,농업회사법인(주)창암농원,돼지,경기도 포천시 창수면 옥수로298번길 75,경기도 포천시 창수면 주원리 77번지 6호,,,,,,,20240312,경기도 포천시_양돈농가 현황_20240312.csv
경기도,포천시,수농장,돼지,"경기도 포천시 일동면 인곡1길 44-40, 등 2필지(351-5,-12)",경기도 포천시 일동면 사직리 351번지 5호 등 2필지(-12),,,,,,,20240312,경기도 포천시_양돈농가 현황_20240312.csv
경기도,포천시,이일오농장,돼지,"경기도 포천시 일동면 새낭로215번길 68-58, 등 2필지(1586,1587)",경기도 포천시 일동면 사직리 1586번지 등 2필지(1587),,,,,,,20240312,경기도 포천시_양돈농가 현황_20240312.csv
경기도,포천시,돈메이드팜,돼지,"경기도 포천시 일동면 새낭로196번길 51, 등 2필지(853-1,-11)",경기도 포천시 일동면 사직리 853번지 1호 등 2필지(-11),,,,,,,20240312,경기도 포천시_양돈농가 현황_20240312.csv
경기도,포천시,이레농장,돼지,"경기도 포천시 창수면 가영로535번길 181-2, 등 3필지(56-1,-2,58-4)","경기도 포천시 창수면 주원리 56번지 1호 등 3필지(-2,58-4)",,,,,,,20240312,경기도 포천시_양돈농가 현황_20240312.csv
경기도,포천시,대덕농장,돼지,경기도 포천시 일동면 인곡1길 44-24,경기도 포천시 일동면 사직리 351번지 4호,,,,,,,20240312,경기도 포천시_양돈농가 현황_20240312.csv
경기도,포천시,대연농장,돼지,경기도 포천시 창수면 옥수로298번길 68-51,경기도 포천시 창수면 주원리 88번지 1호 90-1,,,,,,,20240312,경기도 포천시_양돈농가 현황_20240312.csv
경기도,포천시,삼사농장,돼지,경기도 포천시 군내면 반월산성로317번길 143-1,경기도 포천시 군내면 상성북리 180번지 2호,,,,,,,20240312,경기도 포천시_양돈농가 현황_20240312.csv
경기도,포천시,화성축산,돼지,경기도 포천시 창수면 옥수로327번길 54,"경기도 포천시 창수면 주원리 495번지 ,496-2, -3, -4, -5, 871-60",,,,,,,20240312,경기도 포천시_양돈농가 현황_20240312.csv
경기도,포천시,영규농장,돼지,경기도 포천시 영북면 방골길 960,"경기도 포천시 영북면 문암리 320번지 ,321-2",,,,,,,20240312,경기도 포천시_양돈농가 현황_20240312.csv
경기도,포천시,다돈농장,돼지,경기도 포천시 영중면 은잿말길 226,경기도 포천시 영중면 영송리 204번지 24호,,,,,,,20240312,경기도 포천시_양돈농가 현황_20240312.csv
경기도,포천시,한탄강스마트팜,돼지,경기도 포천시 영북면 호국로4350번길 136-51,경기도 포천시 영북면 자일리 52번지 1호,,,,,,,20240312,경기도 포천시_양돈농가 현황_20240312.csv
경기도,포천시,호암농장,돼지,경기도 포천시 일동면 앵바위길 222-153,경기도 포천시 일동면 사직리 1626번지,,,,,,,20240312,경기도 포천시_양돈농가 현황_20240312.csv
경기도,포천시,지앤알팜사계,돼지,경기도 포천시 일동면 새낭로215번길 68-213,경기도 포천시 일동면 사직리 1424번지,,,,,,,20240312,경기도 포천시_양돈농가 현황_20240312.csv
경기도,포천시,무리울농장,돼지,경기도 포천시 일동면 무리울길 245-14,"경기도 포천시 일동면 화대리 14번지 1호 14-2, 13, 13-2, 15-1",,,,,,,20240312,경기도 포천시_양돈농가 현황_20240312.csv
경기도,포천시,진우농장,돼지,경기도 포천시 창수면 옥수로327번길 51-1,"경기도 포천시 창수면 주원리 619번지 ,-1,621,-3,871-56,-58",,,,,,,20240312,경기도 포천시_양돈농가 현황_20240312.csv
경기도,포천시,95Farm,돼지,경기도 포천시 창수면 옥수로214번길 112,경기도 포천시 창수면 주원리 29번지 4호,,,,,,,20240312,경기도 포천시_양돈농가 현황_20240312.csv
경기도,포천시,(주)로고농업회사법인,돼지,,"경기도 포천시 창수면 주원리 465번지 ,-1,467,산186,산187-3",,,,,,,20240312,경기도 포천시_양돈농가 현황_20240312.csv
경기도,포천시,동암농장,돼지,"경기도 포천시 영중면 가영로535번길 63, [*미고시]","경기도 포천시 영중면 영송리 685번지 7호 684-9,-13",,,,,,,20240312,경기도 포천시_양돈농가 현황_20240312.csv
경기도,포천시,삼성농장2,돼지,경기도 포천시 일동면 사당말6길 88,경기도 포천시 일동면 사직리 164번지 5호,,,,,,,20240312,경기도 포천시_양돈농가 현황_20240312.csv
경기도,화성시,대화농장,돼지,경기도 화성시 만세구 마도면 고모리 149-1,,,2000,9,1525.97,,,20260720,경기도 화성시_양돈농가 현황_20260720.csv
경기도,화성시,화성 아린팜스,돼지,경기도 화성시 만세구 마도면 백곡리 740-1,,,,3,886,,,20260720,경기도 화성시_양돈농가 현황_20260720.csv
경기도,화성시,광명농장,돼지,경기도 화성시 만세구 남양읍 무송리 580,,,3000,10,2443,,,20260720,경기도 화성시_양돈농가 현황_20260720.csv
경기도,화성시,개성농장,돼지,경기도 화성시 만세구 팔탄면 고주리 313,,,1700,6,1760.78,,,20260720,경기도 화성시_양돈농가 현황_20260720.csv
경기도,화성시,진양농장,돼지,"경기도 화성시 만세구 장안면 독정리 794 11 ,-12,-1",,,2000,10,4738.2,,,20260720,경기도 화성시_양돈농가 현황_20260720.csv
경기도,화성시,서농농장,돼지,경기도 화성시 효행구 정남면 내리 127-1,,,1000,4,1127.14,,,20260720,경기도 화성시_양돈농가 현황_20260720.csv
경기도,화성시,농업회사법인주식회사향남,돼지,경기도 화성시 만세구 향남읍 상두리 276-1,,,4500,11,5551.8,,,20260720,경기도 화성시_양돈농가 현황_20260720.csv
경기도,화성시,삼보농장,돼지,경기도 화성시 만세구 향남읍 동오리 683,,,1600,6,1344.55,,,20260720,경기도 화성시_양돈농가 현황_20260720.csv
경기도,화성시,입북농장,돼지,경기도 화성시 만세구 양감면 사창리 198-3,,,4100,15,5382,,,20260720,경기도 화성시_양돈농가 현황_20260720.csv
경기도,화성시,고잔축산,돼지,경기도 화성시 만세구 양감면 사창리 777-3,,,1970,8,2412.84,,,20260720,경기도 화성시_양돈농가 현황_20260720.csv
경기도,화성시,농업회사법인 인남축산 유한회사,돼지,경기도 화성시 만세구 양감면 사창리 777 2 사창리 777-5,,,,1,4813.08,,,20260720,경기도 화성시_양돈농가 현황_20260720.csv
경기도,화성시,믿음농장,돼지,경기도 화성시 만세구 향남읍 백토리 111,,,1200,7,1478.4,,,20260720,경기도 화성시_양돈농가 현황_20260720.csv
경기도,화성시,정일농장,돼지,경기도 화성시 만세구 장안면 석포리 86-2,,,3800,9,3799.88,,,20260720,경기도 화성시_양돈농가 현황_20260720.csv
경기도,화성시,동지골,돼지,경기도 화성시 만세구 양감면 사창리 646-4,,,2317,10,3008,,,20260720,경기도 화성시_양돈농가 현황_20260720.csv
경기도,화성시,농업회사법인 우정축산 유한회사,돼지,경기도 화성시 만세구 우정읍 운평리 990-4,,,1870,4,2451.98,,,20260720,경기도 화성시_양돈농가 현황_20260720.csv
경기도,화성시,농업회사법인우정축산유한회사2,돼지,경기도 화성시 만세구 우정읍 운평리 1044-2,,,1000,4,1372,,,20260720,경기도 화성시_양돈농가 현황_20260720.csv
경기도,화성시,청하농장,돼지,경기도 화성시 만세구 마도면 청원리 950,,,1000,5,1582,,,20260720,경기도 화성시_양돈농가 현황_20260720.csv
경기도,화성시,산골농장1,돼지,"경기도 화성시 효행구 비봉면 쌍학리 70 1 , 71",,,710,3,649.8,,,20260720,경기도 화성시_양돈농가 현황_20260720.csv
경기도,화성시,한라농장,돼지,경기도 화성시 만세구 우정읍 멱우리 440-3,,,3000,7,4021.92,,,20260720,경기도 화성시_양돈농가 현황_20260720.csv
경기도,화성시,재성농장,돼지,경기도 화성시 만세구 향남읍 증거리 176,,,2300,5,2279.67,,,20260720,경기도 화성시_양돈농가 현황_20260720.csv
경기도,화성시,매산농장,돼지,경기도 화성시 효행구 매송면 야목리 622-3,,,600,4,1092.5,,,20260720,경기도 화성시_양돈농가 현황_20260720.csv
경기도,화성시,삼진농장,돼지,경기도 화성시 만세구 양감면 대양리 1431,,,2500,6,3056.54,,,20260720,경기도 화성시_양돈농가 현황_20260720.csv
경기도,화성시,화홍농장,돼지,경기도 화성시 만세구 양감면 정문리 645-1,,,1500,4,1007,,,20260720,경기도 화성시_양돈농가 현황_20260720.csv
경기도,화성시,서울농장,돼지,경기도 화성시 만세구 남양읍 온석리 250-1,,,2200,9,3105.5,,,20260720,경기도 화성시_양돈농가 현황_20260720.csv
경기도,화성시,충북목장,돼지,경기도 화성시 효행구 정남면 용수리 29-1,,,500,2,342,,,20260720,경기도 화성시_양돈농가 현황_20260720.csv
경기도,화성시,청송축산,돼지,경기도 화성시 효행구 정남면 수면리 138-1,,,2000,6,2315,,,20260720,경기도 화성시_양돈농가 현황_20260720.csv
경기도,화성시,원농장,돼지,경기도 화성시 만세구 장안면 사랑리 572-1,,,800,3,960,,,20260720,경기도 화성시_양돈농가 현황_20260720.csv
경기도,화성시,운봉농장,돼지,경기도 화성시 만세구 장안면 사랑리 572-1,,,800,3,960,,,20260720,경기도 화성시_양돈농가 현황_20260720.csv
경기도,화성시,동환목장,돼지,경기도 화성시 만세구 송산면 지화리 28-14,,,808,5,1578,,,20260720,경기도 화성시_양돈농가 현황_20260720.csv
경기도,화성시,신양축산,돼지,경기도 화성시 만세구 양감면 사창리 653-1,,,3900,12,7567.6,,,20260720,경기도 화성시_양돈농가 현황_20260720.csv
경기도,화성시,원광농장,돼지,경기도 화성시 효행구 매송면 숙곡리 130,,,1300,2,1131.24,,,20260720,경기도 화성시_양돈농가 현황_20260720.csv
경기도,화성시,성지농장,돼지,경기도 화성시 만세구 마도면 쌍송리 607,,,400,4,539.25,,,20260720,경기도 화성시_양돈농가 현황_20260720.csv
경기도,화성시,성실농장,돼지,경기도 화성시 만세구 남양읍 온석리 250-2,,,1200,6,1771.07,,,20260720,경기도 화성시_양돈농가 현황_20260720.csv
경기도,화성시,정성농장,돼지,"경기도 화성시 만세구 남양읍 신남리 858 1 ,-2,-4,-6,-9",,,2500,8,2686,,,20260720,경기도 화성시_양돈농가 현황_20260720.csv
경기도,화성시,대명농장,돼지,경기도 화성시 만세구 우정읍 주곡리 100-3,,,2000,6,2233.7,,,20260720,경기도 화성시_양돈농가 현황_20260720.csv
경기도,화성시,산돌화성농장,돼지,경기도 화성시 만세구 우정읍 주곡리 829-1,,,6000,12,6103.32,,,20260720,경기도 화성시_양돈농가 현황_20260720.csv
경기도,화성시,신도농장,돼지,경기도 화성시 만세구 향남읍 동오리 330-7,,,1150,3,1220,,,20260720,경기도 화성시_양돈농가 현황_20260720.csv
경기도,화성시,민지농장,돼지,경기도 화성시 효행구 정남면 문학리 700,,,500,5,1053,,,20260720,경기도 화성시_양돈농가 현황_20260720.csv
경기도,화성시,영암농장,돼지,경기도 화성시 효행구 정남면 오일리 57,,,2000,6,1747.25,,,20260720,경기도 화성시_양돈농가 현황_20260720.csv
경기도,화성시,대원농장,돼지,경기도 화성시 만세구 우정읍 화수리 579-8,,,1800,5,2520.5,,,20260720,경기도 화성시_양돈농가 현황_20260720.csv
경기도,화성시,개미농장,돼지,경기도 화성시 만세구 우정읍 주곡리 125-28,,,250,7,2381.32,,,20260720,경기도 화성시_양돈농가 현황_20260720.csv
경기도,화성시,지양농장,돼지,경기도 화성시 만세구 장안면 독정리 763-5,,,5000,12,7740.46,,,20260720,경기도 화성시_양돈농가 현황_20260720.csv
경기도,화성시,청명축산,돼지,"경기도 화성시 만세구 우정읍 운평리 916 ,916-2,917-1,917-3",,,1258,5,1783.24,,,20260720,경기도 화성시_양돈농가 현황_20260720.csv
경기도,화성시,재형농장,돼지,경기도 화성시 만세구 남양읍 온석리 416,,,1800,8,1793.8,,,20260720,경기도 화성시_양돈농가 현황_20260720.csv
경기도,화성시,신양축산제2농장,돼지,경기도 화성시 만세구 양감면 사창리 651,,,50,1,281.4,,,20260720,경기도 화성시_양돈농가 현황_20260720.csv
경기도,화성시,제이비팜,돼지,경기도 화성시 만세구 향남읍 동오리 674-1,,,1000,3,1171,,,20260720,경기도 화성시_양돈농가 현황_20260720.csv
경기도,화성시,동화농장,돼지,경기도 화성시 만세구 향남읍 동오리 677-1,,,1300,3,1174.3,,,20260720,경기도 화성시_양돈농가 현황_20260720.csv
경기도,화성시,덕산농장,돼지,경기도 화성시 만세구 장안면 수촌리 975,,,3187,9,2758.26,,,20260720,경기도 화성시_양돈농가 현황_20260720.csv
경기도,화성시,GGF,돼지,경기도 화성시 만세구 장안면 독정리 782-1,,,900,1,978.88,,,20260720,경기도 화성시_양돈농가 현황_20260720.csv
경기도,화성시,예찬농장,돼지,경기도 화성시 효행구 매송면 야목리 677,,,300,3,658,,,20260720,경기도 화성시_양돈농가 현황_20260720.csv
경기도,화성시,대림농장,돼지,경기도 화성시 만세구 향남읍 백토리 662,,,700,5,872.9,,,20260720,경기도 화성시_양돈농가 현황_20260720.csv
경기도,화성시,송산농장,돼지,경기도 화성시 만세구 송산면 지화리 161-11,,,1800,10,2159.94,,,20260720,경기도 화성시_양돈농가 현황_20260720.csv
경기도,화성시,윈더미어농장,돼지,경기도 화성시 만세구 장안면 독정리 763-3,,,2300,4,1874.64,,,20260720,경기도 화성시_양돈농가 현황_20260720.csv
경기도,화성시,도연농장,돼지,경기도 화성시 만세구 남양읍 무송리 581,,,200,2,353.85,,,20260720,경기도 화성시_양돈농가 현황_20260720.csv
경기도,화성시,산돌농장,돼지,경기도 화성시 만세구 우정읍 주곡리 1010,,,400,1,1050,,,20260720,경기도 화성시_양돈농가 현황_20260720.csv
경기도,화성시,삼원농장,돼지,경기도 화성시 만세구 장안면 장안리 1892,,,2000,6,2217.6,,,20260720,경기도 화성시_양돈농가 현황_20260720.csv
경기도,화성시,예준농장,돼지,"경기도 화성시 만세구 장안면 장안리 1948 1 ,1951",,,4000,9,3364.2,,,20260720,경기도 화성시_양돈농가 현황_20260720.csv
경기도,화성시,지원농장,돼지,경기도 화성시 만세구 장안면 장안리 1937,,,2000,6,2243.4,,,20260720,경기도 화성시_양돈농가 현황_20260720.csv
경기도,화성시,예성1농장,돼지,"경기도 화성시 만세구 장안면 장안리 1940 ,1948",,,4000,9,3364.2,,,20260720,경기도 화성시_양돈농가 현황_20260720.csv
경기도,화성시,서영농장,돼지,"경기도 화성시 만세구 장안면 장안리 2261 ,2261-1",,,2000,8,2772,,,20260720,경기도 화성시_양돈농가 현황_20260720.csv
경기도,화성시,삼경농장,돼지,"경기도 화성시 만세구 장안면 장안리 2262 ,2263",,,2000,8,2772,,,20260720,경기도 화성시_양돈농가 현황_20260720.csv
경기도,화성시,유진농장,돼지,경기도 화성시 만세구 장안면 장안리 2348,,,,6,2217.6,,,20260720,경기도 화성시_양돈농가 현황_20260720.csv
경기도,화성시,희주농장,돼지,경기도 화성시 만세구 장안면 장안리 1955,,,,6,2217.6,,,20260720,경기도 화성시_양돈농가 현황_20260720.csv
경기도,화성시,현지농장,돼지,경기도 화성시 만세구 장안면 장안리 1669,,,,9,3326.4,,,20260720,경기도 화성시_양돈농가 현황_20260720.csv
경기도,화성시,농업회사법인 다리농산(주),돼지,"경기도 화성시 만세구 장안면 장안리 2299 , 2300",,,4000,9,3364.2,,,20260720,경기도 화성시_양돈농가 현황_20260720.csv
경기도,화성시,삼원1농장,돼지,경기도 화성시 만세구 장안면 장안리 1889,,,,6,2217.6,,,20260720,경기도 화성시_양돈농가 현황_20260720.csv
경기도,화성시,만만팜,돼지,경기도 화성시 만세구 장안면 장안리 1626,,,,7,2317.98,,,20260720,경기도 화성시_양돈농가 현황_20260720.csv
경기도,화성시,구구팜,돼지,경기도 화성시 만세구 장안면 장안리 1631,,,,7,2317.98,,,20260720,경기도 화성시_양돈농가 현황_20260720.csv
경기도,화성시,윤우농장,돼지,경기도 화성시 만세구 장안면 장안리 1646,,,,9,3326.4,,,20260720,경기도 화성시_양돈농가 현황_20260720.csv
경기도,화성시,한성농장,돼지,경기도 화성시 만세구 마도면 고모리 171-1,,,,3,1179.5,,,20260720,경기도 화성시_양돈농가 현황_20260720.csv
경기도,화성시,태돈영농조합법인,돼지,경기도 화성시 만세구 장안면 장안리 1963,,,8000,9,9044.95,,,20260720,경기도 화성시_양돈농가 현황_20260720.csv
경기도,화성시,태돈영농조합법인,돼지,경기도 화성시 만세구 장안면 장안리 1733,,,,1,1716.75,,,20260720,경기도 화성시_양돈농가 현황_20260720.csv
경기도,화성시,가나안농장,돼지,"경기도 화성시 효행구 매송면 송라리 754 , 754-1",,,,4,996,,,20260720,경기도 화성시_양돈농가 현황_20260720.csv
경기도,화성시,스타팜,돼지,경기도 화성시 만세구 장안면 장안리 1993,,,,7,2287.84,,,20260720,경기도 화성시_양돈농가 현황_20260720.csv
경기도,화성시,만만2농장,돼지,경기도 화성시 만세구 장안면 장안리 1980,,,,7,2281.19,,,20260720,경기도 화성시_양돈농가 현황_20260720.csv
경기도,화성시,구구2농장,돼지,경기도 화성시 만세구 장안면 장안리 1970,,,,7,2281.19,,,20260720,경기도 화성시_양돈농가 현황_20260720.csv
경기도,화성시,성진축산,돼지,경기도 화성시 만세구 양감면 정문리 535,,,,2,3029,,,20260720,경기도 화성시_양돈농가 현황_20260720.csv
경기도,화성시,금당농원,돼지,경기도 화성시 만세구 마도면 금당리 842,,,223,2,446.8,,,20260720,경기도 화성시_양돈농가 현황_20260720.csv
경기도,화성시,이솔농장,돼지,경기도 화성시 만세구 양감면 용소리 660,,,,2,3634.8,,,20260720,경기도 화성시_양돈농가 현황_20260720.csv
경기도,화성시,씨와이농장,돼지,경기도 화성시 만세구 장안면 장안리 2706,,,,3,5293.44,,,20260720,경기도 화성시_양돈농가 현황_20260720.csv
경기도,화성시,지니팜,돼지,경기도 화성시 만세구 장안면 장안리 1990,,,,7,2287.84,,,20260720,경기도 화성시_양돈농가 현황_20260720.csv
경기도,화성시,초록농장,돼지,경기도 화성시 만세구 양감면 사창리 777-18,,,600,7,2868,,,20260720,경기도 화성시_양돈농가 현황_20260720.csv
경기도,화성시,케이비제네틱스유한회사농업회사법인,돼지,"경기도 화성시 만세구 장안면 장안리 1738 1 ,2064,2065,2066,2067",,,,4,11213.58,,,20260720,경기도 화성시_양돈농가 현황_20260720.csv
경기도,화성시,농업회사법인 구성 주식회사,돼지,경기도 화성시 만세구 장안면 장안리 2019,,,,7,12337.5,,,20260720,경기도 화성시_양돈농가 현황_20260720.csv
경기도,화성시,태산농장 농업회사법인 유한회사,돼지,경기도 화성시 만세구 장안면 덕다리 718,,,,4,1953.08,,,20260720,경기도 화성시_양돈농가 현황_20260720.csv
경기도,화성시,농업회사법인 주식회사 오투,돼지,"경기도 화성시 만세구 장안면 장안리 1954 ,1959",,,,8,4419.36,,,20260720,경기도 화성시_양돈농가 현황_20260720.csv
경기도,화성시,농업회사법인 주식회사 한들팜 장안지점,돼지,"경기도 화성시 만세구 장안면 장안리 2344 ,2345,2346,2347",,,,4,6455.04,,,20260720,경기도 화성시_양돈농가 현황_20260720.csv
경기도,화성시,농업회사법인 천연농장 주식회사,돼지,"경기도 화성시 만세구 장안면 장안리 2697 ,2697-1,2698,2698-1,2699,2700,2701,2711",,,,2,6688,,,20260720,경기도 화성시_양돈농가 현황_20260720.csv
경기도,화성시,산골농장2,돼지,경기도 화성시 효행구 비봉면 쌍학리 81,,,234,1,221.24,,,20260720,경기도 화성시_양돈농가 현황_20260720.csv
경기도,화성시,화성 국사농장,돼지,경기도 화성시 만세구 장안면 장안리 2030,,,4782,2,3492,,,20260720,경기도 화성시_양돈농가 현황_20260720.csv
경기도,화성시,경기종축개량사업소,돼지,경기도 화성시 만세구 팔탄면 창곡리 965,,,980,7,1406.68,,,20260720,경기도 화성시_양돈농가 현황_20260720.csv
경기도,화성시,대지농장,돼지,경기도 화성시 만세구 장안면 수촌리 985,,,1000,3,716,,,20260720,경기도 화성시_양돈농가 현황_20260720.csv
경기도,화성시,논곡축산,돼지,경기도 화성시 효행구 매송면 송라리 783,,,650,1,660,,,20260720,경기도 화성시_양돈농가 현황_20260720.csv
경기도,화성시,남산농장,돼지,"경기도 화성시 만세구 송산면 마산리 399 2 399-3, 399-7",,,2500,9,3465,,,20260720,경기도 화성시_양돈농가 현황_20260720.csv
경기도,화성시,흥석농장,돼지,경기도 화성시 효행구 비봉면 양노리 16-3,,,200,3,387,,,20260720,경기도 화성시_양돈농가 현황_20260720.csv
경기도,화성시,주석농장,돼지,경기도 화성시 만세구 향남읍 요리 382,,,900,2,825,,,20260720,경기도 화성시_양돈농가 현황_20260720.csv
경기도,화성시,사창농장,돼지,경기도 화성시 만세구 양감면 사창리 781-1,,,1000,5,1246.5,,,20260720,경기도 화성시_양돈농가 현황_20260720.csv
경기도,화성시,태인농장,돼지,경기도 화성시 효행구 정남면 망월리 28,,,3000,5,4154,,,20260720,경기도 화성시_양돈농가 현황_20260720.csv
경기도,화성시,혜영농장,돼지,경기도 화성시 만세구 마도면 금당리 581,,,336,3,1126.9,,,20260720,경기도 화성시_양돈농가 현황_20260720.csv
경기도,화성시,춘원농장,돼지,경기도 화성시 만세구 마도면 석교리 109,,,1800,6,2059.71,,,20260720,경기도 화성시_양돈농가 현황_20260720.csv
경기도,화성시,태영농장,돼지,경기도 화성시 효행구 정남면 망월리 3-1,,,4000,5,3249,,,20260720,경기도 화성시_양돈농가 현황_20260720.csv
경기도,화성시,농업회사법인 엠씨케이 주식회사,돼지,경기도 화성시 만세구 송산면 독지리 277,,,,3,2685.8,,,20260720,경기도 화성시_양돈농가 현황_20260720.csv
경상남도,거제시,언양흑돼지농장,돼지,경상남도 거제시 사등면 사등리 2279-2,경상남도 거제시 사등면 언양로 365-18,,100,,,,,2025-10-30,경상남도 거제시_양돈농가_현황_20251030.csv
경상남도,남해군,남해한돈영농조합법인,돼지,경상남도 남해군 남해읍 평리 470번지,경상남도 남해군 남해읍 당넘로247번길 135,,1500,2,1178,,,2025-11-03,경상남도 남해군_양돈 농가 현황_20251103.csv
경상남도,남해군,돈해진미 남해축산1,돼지,경상남도 남해군 남해읍 평리 461번지,경상남도 남해군 남해읍 당넘로247번길 156-6,,500,1,392,,,2025-11-03,경상남도 남해군_양돈 농가 현황_20251103.csv
경상남도,남해군,돈해진미 영지축산1,돼지,경상남도 남해군 삼동면 영지리 2963번지,경상남도 남해군 삼동면 죽방로 651,,230,2,781,,,2025-11-03,경상남도 남해군_양돈 농가 현황_20251103.csv
경상남도,남해군,돈해진미 영지축산2,돼지,경상남도 남해군 이동면 무림리 738번지 1호,경상남도 남해군 이동면 난음로7번길 76,,3217,5,1835,,,2025-11-03,경상남도 남해군_양돈 농가 현황_20251103.csv
경상남도,남해군,돈해진미 영지축산3,돼지,경상남도 남해군 남해읍 평리 474번지,경상남도 남해군 남해읍 당넘로247번길 125-5,,500,1,525,,,2025-11-03,경상남도 남해군_양돈 농가 현황_20251103.csv
경상남도,밀양시,봉황농장,돼지,경상남도 밀양시 무안면 사명대사 ****************,경상남도 밀양시 무안면 무안리  ****************,,982,,,,,2025-11-05,경상남도 밀양시_양돈농가 현황_20251105.csv
경상남도,밀양시,대흥농장,돼지,경상남도 밀양시 하남읍 금포길  ****************,경상남도 밀양시 하남읍 귀명리  ****************,,992,,,,,2025-11-05,경상남도 밀양시_양돈농가 현황_20251105.csv
경상남도,밀양시,용인농장,돼지,경상남도 밀양시 초동면 금포안길 ****************,경상남도 밀양시 초동면 금포리  ****************,,1081,,,,,2025-11-05,경상남도 밀양시_양돈농가 현황_20251105.csv
경상남도,밀양시,명성농장,돼지,경상남도 밀양시 초동면 명성로  ****************,경상남도 밀양시 초동면 명성리  ****************,,1871,,,,,2025-11-05,경상남도 밀양시_양돈농가 현황_20251105.csv
경상남도,밀양시,,돼지,경상남도 밀양시 부북면 퇴로로  ****************,경상남도 밀양시 부북면 퇴로리  ****************,,500,,,,,2025-11-05,경상남도 밀양시_양돈농가 현황_20251105.csv
경상남도,밀양시,얼음골 양돈장,돼지,경상남도 밀양시 산내면 얼음골옛 ****************,경상남도 밀양시 산내면 남명리  ****************,,2736,,,,,2025-11-05,경상남도 밀양시_양돈농가 현황_20251105.csv
경상남도,밀양시,에코팜,돼지,경상남도 밀양시 단장면 도래재로 ****************,경상남도 밀양시 단장면 구천리  ****************,,2827,,,,,2025-11-05,경상남도 밀양시_양돈농가 현황_20251105.csv
경상남도,밀양시,남천축산,돼지,경상남도 밀양시 산외면 금곡4길 ****************,경상남도 밀양시 산외면 금곡리  ****************,,800,,,,,2025-11-05,경상남도 밀양시_양돈농가 현황_20251105.csv
경상남도,밀양시,감돈축산,돼지,경상남도 밀양시 단장면 감물1길 ****************,경상남도 밀양시 단장면 감물리  ****************,,4696,,,,,2025-11-05,경상남도 밀양시_양돈농가 현황_20251105.csv
경상남도,밀양시,쌍용축산,돼지,경상남도 밀양시 산내면 봉의3길 ****************,경상남도 밀양시 산내면 봉의리  ****************,,2944,,,,,2025-11-05,경상남도 밀양시_양돈농가 현황_20251105.csv
경상남도,밀양시,은돼지농장,돼지,경상남도 밀양시 상남면 상남로  ****************,경상남도 밀양시 상남면 동산리  ****************,,1966,,,,,2025-11-05,경상남도 밀양시_양돈농가 현황_20251105.csv
경상남도,밀양시,평산양돈,돼지,,경상남도 밀양시 무안면 중산리  ****************,,380,,,,,2025-11-05,경상남도 밀양시_양돈농가 현황_20251105.csv
경상남도,밀양시,그린농장,돼지,경상남도 밀양시 무안면 덕암길  ****************,경상남도 밀양시 무안면 모로리  ****************,,1844,,,,,2025-11-05,경상남도 밀양시_양돈농가 현황_20251105.csv
경상남도,밀양시,성주 농장,돼지,경상남도 밀양시 무안면 신생길  ****************,경상남도 밀양시 무안면 마흘리  ****************,,515,,,,,2025-11-05,경상남도 밀양시_양돈농가 현황_20251105.csv
경상남도,밀양시,성림농장,돼지,경상남도 밀양시 부북면 퇴로로  ****************,경상남도 밀양시 부북면 퇴로리  ****************,,661,,,,,2025-11-05,경상남도 밀양시_양돈농가 현황_20251105.csv
경상남도,밀양시,,돼지,경상남도 밀양시 초동면 명성로  ****************,경상남도 밀양시 초동면 명성리  ****************,,1000,,,,,2025-11-05,경상남도 밀양시_양돈농가 현황_20251105.csv
경상남도,밀양시,삼원농장,돼지,경상남도 밀양시 무안면 웅동2길 ****************,경상남도 밀양시 무안면 웅동리  ****************,,2350,,,,,2025-11-05,경상남도 밀양시_양돈농가 현황_20251105.csv
경상남도,밀양시,미래축산,돼지,경상남도 밀양시 무안면 무안로  ****************,경상남도 밀양시 무안면 마흘리  ****************,,2600,,,,,2025-11-05,경상남도 밀양시_양돈농가 현황_20251105.csv
경상남도,밀양시,대성FINE,돼지,경상남도 밀양시 단장면 무릉4길 ****************,경상남도 밀양시 단장면 무릉리  ****************,,2180,,,,,2025-11-05,경상남도 밀양시_양돈농가 현황_20251105.csv
경상남도,밀양시,부흥축산,돼지,경상남도 밀양시 단장면 무릉1길 ****************,경상남도 밀양시 단장면 무릉리  ****************,,1774,,,,,2025-11-05,경상남도 밀양시_양돈농가 현황_20251105.csv
경상남도,밀양시,조은축산,돼지,경상남도 밀양시 무안면 신숲길  ****************,경상남도 밀양시 무안면 덕암리  ****************,,1487,,,,,2025-11-05,경상남도 밀양시_양돈농가 현황_20251105.csv
경상남도,밀양시,쌍용축산 2농장,돼지,경상남도 밀양시 청도면 조천길  ****************,경상남도 밀양시 청도면 구기리  ****************,,3949,,,,,2025-11-05,경상남도 밀양시_양돈농가 현황_20251105.csv
경상남도,밀양시,,돼지,경상남도 밀양시 무안면 신생길  ****************,경상남도 밀양시 무안면 마흘리  ****************,,583,,,,,2025-11-05,경상남도 밀양시_양돈농가 현황_20251105.csv
경상남도,밀양시,신망농장,돼지,경상남도 밀양시 무안면 신숲길  ****************,경상남도 밀양시 무안면 무안리  ****************,,2793,,,,,2025-11-05,경상남도 밀양시_양돈농가 현황_20251105.csv
경상남도,밀양시,우정농장,돼지,경상남도 밀양시 무안면 신생길  ****************,경상남도 밀양시 무안면 마흘리  ****************,,700,,,,,2025-11-05,경상남도 밀양시_양돈농가 현황_20251105.csv
경상남도,밀양시,미리벌축산,돼지,경상남도 밀양시 무안면 운정길  ****************,경상남도 밀양시 무안면 정곡리  ****************,,1700,,,,,2025-11-05,경상남도 밀양시_양돈농가 현황_20251105.csv
경상남도,밀양시,송백 농장,돼지,경상남도 밀양시 산내면 임고7길 ****************,경상남도 밀양시 산내면 송백리  ****************,,550,,,,,2025-11-05,경상남도 밀양시_양돈농가 현황_20251105.csv
경상남도,밀양시,미르피그팜,돼지,경상남도 밀양시 상남면 상남로  ****************,경상남도 밀양시 상남면 동산리  ****************,,947,,,,,2025-11-05,경상남도 밀양시_양돈농가 현황_20251105.csv
경상남도,밀양시,보배농장,돼지,경상남도 밀양시 무안면 신생길  ****************,경상남도 밀양시 무안면 마흘리  ****************,,250,,,,,2025-11-05,경상남도 밀양시_양돈농가 현황_20251105.csv
경상남도,밀양시,백학농장,돼지,경상남도 밀양시 무안면 신생길  ****************,경상남도 밀양시 무안면 마흘리  ****************,,2442,,,,,2025-11-05,경상남도 밀양시_양돈농가 현황_20251105.csv
경상남도,밀양시,고성농장,돼지,경상남도 밀양시 초동면 금포길  ****************,경상남도 밀양시 초동면 금포리  ****************,,600,,,,,2025-11-05,경상남도 밀양시_양돈농가 현황_20251105.csv
경상남도,밀양시,믿음농장,돼지,경상남도 밀양시 상남면 마산2길 ****************,경상남도 밀양시 상남면 마산리  ****************,,,,,,,2025-11-05,경상남도 밀양시_양돈농가 현황_20251105.csv
경상남도,밀양시,소망농장,돼지,경상남도 밀양시 상남면 마산2길 ****************,경상남도 밀양시 상남면 마산리  ****************,,500,,,,,2025-11-05,경상남도 밀양시_양돈농가 현황_20251105.csv
경상남도,밀양시,농업회사법인유성축산주식회사,돼지,경상남도 밀양시 무안면 덕암길  ****************,경상남도 밀양시 무안면 모로리  ****************,,2100,,,,,2025-11-05,경상남도 밀양시_양돈농가 현황_20251105.csv
경상남도,밀양시,LH양돈,돼지,경상남도 밀양시 무안면 신생길  ****************,경상남도 밀양시 무안면 마흘리  ****************,,550,,,,,2025-11-05,경상남도 밀양시_양돈농가 현황_20251105.csv
경상남도,밀양시,쌍용축산 3농장,돼지,경상남도 밀양시 청도면 조천길  ****************,경상남도 밀양시 청도면 구기리  ****************,,1650,,,,,2025-11-05,경상남도 밀양시_양돈농가 현황_20251105.csv
경상남도,밀양시,AL농장,돼지,경상남도 밀양시 무안면 신생길  ****************,경상남도 밀양시 무안면 마흘리  ****************,,350,,,,,2025-11-05,경상남도 밀양시_양돈농가 현황_20251105.csv
경상남도,밀양시,구천농장,돼지,경상남도 밀양시 단장면 도래재로 ****************,경상남도 밀양시 단장면 구천리  ****************,,986,,,,,2025-11-05,경상남도 밀양시_양돈농가 현황_20251105.csv
경상남도,밀양시,화랑농장,돼지,경상남도 밀양시 무안면 신생길  ****************,경상남도 밀양시 무안면 마흘리  ****************,,600,,,,,2025-11-05,경상남도 밀양시_양돈농가 현황_20251105.csv
경상남도,밀양시,보배2 농장,돼지,경상남도 밀양시 무안면 무안로  ****************,경상남도 밀양시 무안면 마흘리  ****************,,327,,,,,2025-11-05,경상남도 밀양시_양돈농가 현황_20251105.csv
경상남도,밀양시,다돈 농장,돼지,,경상남도 밀양시 무안면 마흘리  ****************,,,,,,,2025-11-05,경상남도 밀양시_양돈농가 현황_20251105.csv
경상남도,밀양시,동대 양돈,돼지,경상남도 밀양시 상동면 상동로  ****************,경상남도 밀양시 상동면 고정리  ****************,,1337,,,,,2025-11-05,경상남도 밀양시_양돈농가 현황_20251105.csv
경상남도,밀양시,,돼지,,경상남도 밀양시 무안면 마흘리  ****************,,1400,,,,,2025-11-05,경상남도 밀양시_양돈농가 현황_20251105.csv
경상남도,밀양시,,돼지,경상남도 밀양시 하남읍 백산로  ****************,경상남도 밀양시 하남읍 백산리  ****************,,700,,,,,2025-11-05,경상남도 밀양시_양돈농가 현황_20251105.csv
경상남도,밀양시,성주농장2,돼지,,경상남도 밀양시 무안면 마흘리  ****************,,437,,,,,2025-11-05,경상남도 밀양시_양돈농가 현황_20251105.csv
경상남도,밀양시,농업회사법인 주식회사 영진,돼지,경상남도 밀양시 상남면 예평로  ****************,경상남도 밀양시 상남면 연금리  ****************,,4011,,,,,2025-11-05,경상남도 밀양시_양돈농가 현황_20251105.csv
경상남도,밀양시,백학2농장,돼지,,경상남도 밀양시 무안면 마흘리  ****************,,2100,,,,,2025-11-05,경상남도 밀양시_양돈농가 현황_20251105.csv
경상남도,밀양시,구구농장,돼지,,경상남도 밀양시 무안면 마흘리  ****************,,440,,,,,2025-11-05,경상남도 밀양시_양돈농가 현황_20251105.csv
경상남도,밀양시,CH양돈,돼지,,경상남도 밀양시 무안면 마흘리  ****************,,250,,,,,2025-11-05,경상남도 밀양시_양돈농가 현황_20251105.csv
경상남도,사천시,은0농장,돼지,경상남도 사천시 동서동,,,407,,,,,20260617,경상남도 사천시_양돈농가 현황_20260617.csv
경상남도,사천시,호0농장,돼지,경상남도 사천시 동서동,,,1564,,,,,20260617,경상남도 사천시_양돈농가 현황_20260617.csv
경상남도,사천시,수0농장,돼지,경상남도 사천시 동서동,,,510,,,,,20260617,경상남도 사천시_양돈농가 현황_20260617.csv
경상남도,사천시,하0섭농장,돼지,경상남도 사천시 동서동,,,647,,,,,20260617,경상남도 사천시_양돈농가 현황_20260617.csv
경상남도,사천시,정0출농장,돼지,경상남도 사천시 동서동,,,1167,,,,,20260617,경상남도 사천시_양돈농가 현황_20260617.csv
경상남도,사천시,에0농장,돼지,경상남도 사천시 서포면,,,1384,,,,,20260617,경상남도 사천시_양돈농가 현황_20260617.csv
경상남도,사천시,현0농장,돼지,경상남도 사천시 서포면,,,1916,,,,,20260617,경상남도 사천시_양돈농가 현황_20260617.csv
경상남도,사천시,대0농원,돼지,경상남도 사천시 사남면,,,3606,,,,,20260617,경상남도 사천시_양돈농가 현황_20260617.csv
경상남도,사천시,진0농장,돼지,경상남도 사천시 곤양면,,,2054,,,,,20260617,경상남도 사천시_양돈농가 현황_20260617.csv
경상남도,사천시,삼0농장,돼지,경상남도 사천시 곤양면,,,2540,,,,,20260617,경상남도 사천시_양돈농가 현황_20260617.csv
경상남도,사천시,최0림농장,돼지,경상남도 사천시 향촌동,,,994,,,,,20260617,경상남도 사천시_양돈농가 현황_20260617.csv
경상남도,사천시,농업회사법인㈜00축산,돼지,경상남도 사천시 곤양면,,,17489,,,,,20260617,경상남도 사천시_양돈농가 현황_20260617.csv
경상남도,사천시,농업회사법인 00축산㈜,돼지,경상남도 사천시 곤양면,,,23546,,,,,20260617,경상남도 사천시_양돈농가 현황_20260617.csv
경상남도,산청군,지리산하이포지피농장,양돈,경상남도 산청군 단성면 창촌리,,,12000,12,17367.01,,,20260326,경상남도 산청군_양돈농가 현황_20260326.csv
경상남도,산청군,임마뉴엘농장,양돈,경상남도 산청군 단성면 길리,,,4200,10,3813.21,,,20260326,경상남도 산청군_양돈농가 현황_20260326.csv
경상남도,산청군,성축팜,양돈,경상남도 산청군 오부면 중촌리,,,1600,7,1440,,,20260326,경상남도 산청군_양돈농가 현황_20260326.csv
경상남도,산청군,내평농장,양돈,경상남도 산청군 오부면 오전리,,,1500,5,1650.27,,,20260326,경상남도 산청군_양돈농가 현황_20260326.csv
경상남도,산청군,가마솥농장,양돈,경상남도 산청군 차황면 장박리,,,700,3,1152.35,,,20260326,경상남도 산청군_양돈농가 현황_20260326.csv
경상남도,산청군,태원3농장,양돈,경상남도 산청군 신안면 신차로,,,6500,18,6310.43,,,20260326,경상남도 산청군_양돈농가 현황_20260326.csv
경상남도,산청군,드림피그,양돈,경상남도 산청군 오부면 방곡리,,,150,2,604.8,,,20260326,경상남도 산청군_양돈농가 현황_20260326.csv
경상남도,산청군,산청흑돼지농장,양돈,경상남도 산청군 오부면 대현리,,,2800,3,2070.8,,,20260326,경상남도 산청군_양돈농가 현황_20260326.csv
경상남도,산청군,오부황토농장,양돈,경상남도 산청군 오부면 내곡리,,,2700,7,1726.35,,,20260326,경상남도 산청군_양돈농가 현황_20260326.csv
경상남도,산청군,쌍효농장,양돈,경상남도 산청군 금서면 신아리,,,850,4,1968,,,20260326,경상남도 산청군_양돈농가 현황_20260326.csv
경상남도,산청군,왕촌농장,양돈,경상남도 산청군 오부면 왕촌리,,,2900,3,3337.74,,,20260326,경상남도 산청군_양돈농가 현황_20260326.csv
경상남도,산청군,영춘농장,양돈,경상남도 산청군 생초면 월곡리,,,1000,6,981.06,,,20260326,경상남도 산청군_양돈농가 현황_20260326.csv
경상남도,산청군,소지골농장,양돈,경상남도 산청군 산청읍 병정리,,,2400,5,2310,,,20260326,경상남도 산청군_양돈농가 현황_20260326.csv
경상남도,산청군,농업회사법인 유한회사 신화축산,양돈,경상남도 산청군 차황면 부리,,,200,2,363.3,,,20260326,경상남도 산청군_양돈농가 현황_20260326.csv
경상남도,산청군,농업회사법인 유한회사 신화축산,양돈,경상남도 산청군 단성면 남사리,,,20350,11,20655.8,,,20260326,경상남도 산청군_양돈농가 현황_20260326.csv
경상남도,산청군,농업회사법인 유한회사 신화축산,양돈,경상남도 산청군 신등면 장천리,,,2000,8,2197.98,,,20260326,경상남도 산청군_양돈농가 현황_20260326.csv
경상남도,산청군,오부면흑돼지영농조합법인,양돈,경상남도 산청군 오부면 일물리,,,3000,4,5813.65,,,20260326,경상남도 산청군_양돈농가 현황_20260326.csv
경상남도,산청군,가야육종(주)산청종돈장,양돈,경상남도 산청군 산청읍 모고리,,,8000,2,8860.02,,,20260326,경상남도 산청군_양돈농가 현황_20260326.csv
경상남도,산청군,신화축산9농장,양돈,경상남도 산청군 단성면 사월리,,,400,1,429,,,20260326,경상남도 산청군_양돈농가 현황_20260326.csv
경상남도,산청군,신화축산2농장,양돈,경상남도 산청군 단성면 남사리,,,1000,5,2021.65,,,20260326,경상남도 산청군_양돈농가 현황_20260326.csv
경상남도,산청군,머루돌이농장,양돈,경상남도 산청군 오부면 오전리,,,500,1,495,,,20260326,경상남도 산청군_양돈농가 현황_20260326.csv
경상남도,산청군,머루돌이산청농장,양돈,경상남도 산청군 오부면 오전리,,,600,2,951.1,,,20260326,경상남도 산청군_양돈농가 현황_20260326.csv
경상남도,산청군,머루돌이농장,양돈,경상남도 산청군 오부면 내곡리,,,3600,7,4577.06,,,20260326,경상남도 산청군_양돈농가 현황_20260326.csv
경상남도,양산시,,돼지,경상남도 양산시 원동면,,,24864,92,36712,,,2025-10-31,경상남도 양산시_양산시 양돈농가 사육현황_20251031.csv
경상남도,양산시,,돼지,경상남도 양산시 상북면,,,30152,86,37692,,,2025-10-31,경상남도 양산시_양산시 양돈농가 사육현황_20251031.csv
경상남도,양산시,,돼지,경상냠도 양산시 하북면,,,2200,12,3164,,,2025-10-31,경상남도 양산시_양산시 양돈농가 사육현황_20251031.csv
경상남도,양산시,,돼지,경상남도 양산시 주남동,,,1800,7,2106,,,2025-10-31,경상남도 양산시_양산시 양돈농가 사육현황_20251031.csv
경상남도,양산시,,돼지,경상남도 양산시 소주동,,,5200,28,8735,,,2025-10-31,경상남도 양산시_양산시 양돈농가 사육현황_20251031.csv
경상남도,양산시,,돼지,경상남도 양산시 덕계동,,,1200,4,947,,,2025-10-31,경상남도 양산시_양산시 양돈농가 사육현황_20251031.csv
경상남도,의령군,운암축산,양돈,,,의령군 가례면,2600,,,,,2025-11-10,경상남도 의령군_관내 양돈농가 현황_20251110.csv
경상남도,의령군,흰돌농장,양돈,,,의령군 대의면,10000,,,,,2025-11-10,경상남도 의령군_관내 양돈농가 현황_20251110.csv
경상남도,의령군,신촌축산,양돈,,,의령군 용덕면,2400,,,,,2025-11-10,경상남도 의령군_관내 양돈농가 현황_20251110.csv
경상남도,의령군,초곡농장,양돈,,,의령군 용덕면,11200,,,,,2025-11-10,경상남도 의령군_관내 양돈농가 현황_20251110.csv
경상남도,의령군,신성농장,양돈,,,의령군 용덕면,3500,,,,,2025-11-10,경상남도 의령군_관내 양돈농가 현황_20251110.csv
경상남도,의령군,신성1농장,양돈,,,의령군 용덕면,600,,,,,2025-11-10,경상남도 의령군_관내 양돈농가 현황_20251110.csv
경상남도,의령군,신촌농장,양돈,,,의령군 용덕면,750,,,,,2025-11-10,경상남도 의령군_관내 양돈농가 현황_20251110.csv
경상남도,의령군,정문경축산,양돈,,,의령군 지정면,6000,,,,,2025-11-10,경상남도 의령군_관내 양돈농가 현황_20251110.csv
경상남도,의령군,삼전농장,양돈,,,의령군 지정면,2000,,,,,2025-11-10,경상남도 의령군_관내 양돈농가 현황_20251110.csv
경상남도,의령군,안인농장,양돈,,,의령군 지정면,1400,,,,,2025-11-10,경상남도 의령군_관내 양돈농가 현황_20251110.csv
경상남도,의령군,광웅농장,양돈,,,의령군 부림면,10000,,,,,2025-11-10,경상남도 의령군_관내 양돈농가 현황_20251110.csv
경상남도,의령군,선경농장,양돈,,,의령군 봉수면,1480,,,,,2025-11-10,경상남도 의령군_관내 양돈농가 현황_20251110.csv
경상남도,창원시,부O농장,돼지,경상남도 창원시 마산합포구 진북면,,,2340,,,,,20251110,경상남도 창원시_양돈농가 현황_20251110.csv
경상남도,창원시,학O농장,돼지,경상남도 창원시 마산합포구 진전면,,,1718,,,,,20251110,경상남도 창원시_양돈농가 현황_20251110.csv
경상남도,창원시,제O농장,돼지,경상남도 창원시 마산합포구 진전면,,,1610,,,,,20251110,경상남도 창원시_양돈농가 현황_20251110.csv
경상남도,창원시,마O농장,돼지,경상남도 창원시 의창구 동읍,,,1381,,,,,20251110,경상남도 창원시_양돈농가 현황_20251110.csv
경상남도,창원시,영O농장,돼지,경상남도 창원시 마산합포구 진전면,,,2500,,,,,20251110,경상남도 창원시_양돈농가 현황_20251110.csv
경상남도,창원시,진O농장,돼지,경상남도 창원시 의창구 동읍,,,783,,,,,20251110,경상남도 창원시_양돈농가 현황_20251110.csv
경상남도,창원시,다호 영농조합법인,돼지,경상남도 창원시 의창구 동읍,,,2300,,,,,20251110,경상남도 창원시_양돈농가 현황_20251110.csv
경상남도,창원시,재O농장,돼지,경상남도 창원시 의창구 동읍,,,1289,,,,,20251110,경상남도 창원시_양돈농가 현황_20251110.csv
경상남도,창원시,성O축산,돼지,경상남도 창원시 마산합포구 진북면,,,2269,,,,,20251110,경상남도 창원시_양돈농가 현황_20251110.csv
경상남도,창원시,정O농장,돼지,경상남도 창원시 마산합포구 진북면,,,3501,,,,,20251110,경상남도 창원시_양돈농가 현황_20251110.csv
경상남도,창원시,해O농장,돼지,경상남도 창원시 의창구 북면,,,2935,,,,,20251110,경상남도 창원시_양돈농가 현황_20251110.csv
경상남도,창원시,동O농장,돼지,경상남도 창원시 마산합포구 진북면,,,3643,,,,,20251110,경상남도 창원시_양돈농가 현황_20251110.csv
경상남도,창원시,진O축산,돼지,경상남도 창원시 진해구 가주동,,,950,,,,,20251110,경상남도 창원시_양돈농가 현황_20251110.csv
경상남도,창원시,우O농장,돼지,경상남도 창원시 마산합포구 진북면,,,2712,,,,,20251110,경상남도 창원시_양돈농가 현황_20251110.csv
경상남도,창원시,남O농장,돼지,경상남도 창원시 마산합포구 진북면,,,2282,,,,,20251110,경상남도 창원시_양돈농가 현황_20251110.csv
경상남도,창원시,유O팜,돼지,경상남도 창원시 마산합포구 예곡동,,,511,,,,,20251110,경상남도 창원시_양돈농가 현황_20251110.csv
경상남도,창원시,영O농장,돼지,경상남도 창원시 마산합포구 진북면,,,2350,,,,,20251110,경상남도 창원시_양돈농가 현황_20251110.csv
경상남도,창원시,천O농장,돼지,경상남도 창원시 의창구 동읍,,,1356,,,,,20251110,경상남도 창원시_양돈농가 현황_20251110.csv
경상남도,창원시,청O축산,돼지,경상남도 창원시 마산합포구 진북면,,,1985,,,,,20251110,경상남도 창원시_양돈농가 현황_20251110.csv
경상남도,창원시,봉O농장,돼지,경상남도 창원시 의창구 동읍,,,1002,,,,,20251110,경상남도 창원시_양돈농가 현황_20251110.csv
경상남도,창원시,금O농장,돼지,경상남도 창원시 의창구 동읍,,,1856,,,,,20251110,경상남도 창원시_양돈농가 현황_20251110.csv
경상남도,창원시,호O농장,돼지,경상남도 창원시 마산합포구 진전면,,,1631,,,,,20251110,경상남도 창원시_양돈농가 현황_20251110.csv
경상남도,창원시,성O농장,돼지,경상남도 창원시 의창구 동읍,,,1234,,,,,20251110,경상남도 창원시_양돈농가 현황_20251110.csv
경상남도,창원시,학O농장,돼지,경상남도 창원시 마산합포구 진북면,,,3510,,,,,20251110,경상남도 창원시_양돈농가 현황_20251110.csv
경상남도,창원시,성O농장,돼지,경상남도 창원시 마산합포구 진북면,,,1415,,,,,20251110,경상남도 창원시_양돈농가 현황_20251110.csv
경상남도,창원시,잔O농장,돼지,경상남도 창원시 마산합포구 진북면,,,1105,,,,,20251110,경상남도 창원시_양돈농가 현황_20251110.csv
경상남도,창원시,삼O농장,돼지,경상남도 창원시 마산합포구 진북면,,,3390,,,,,20251110,경상남도 창원시_양돈농가 현황_20251110.csv
경상남도,하동군,진흥축산,돼지,경상남도 하동군 양보면,,,1364,,,,,20251107,경상남도 하동군_양돈농가정보_20251107.csv
경상남도,하동군,가득축산,돼지,경상남도 하동군 악양면,,,1618,,,,,20251107,경상남도 하동군_양돈농가정보_20251107.csv
경상남도,하동군,승환농장,돼지,경상남도 하동군 적량면,,,535,,,,,20251107,경상남도 하동군_양돈농가정보_20251107.csv
경상남도,하동군,비사벌농장,돼지,경상남도 하동군 적량면,,,1237,,,,,20251107,경상남도 하동군_양돈농가정보_20251107.csv
경상남도,하동군,비타팜,돼지,경상남도 하동군 적량면,,,2846,,,,,20251107,경상남도 하동군_양돈농가정보_20251107.csv
경상남도,하동군,농업회사법인 주식회사 한돈혁신센터,돼지,경상남도 하동군 진교면,,,3471,,,,,20251107,경상남도 하동군_양돈농가정보_20251107.csv
경상남도,하동군,정원농장,돼지,경상남도 하동군 악양면,,,2706,,,,,20251107,경상남도 하동군_양돈농가정보_20251107.csv
경상남도,하동군,바른양돈,돼지,경상남도 하동군 횡천면,,,2563,,,,,20251107,경상남도 하동군_양돈농가정보_20251107.csv
경상남도,하동군,진흥축산,돼지,경상남도 하동군 횡천면,,,3781,,,,,20251107,경상남도 하동군_양돈농가정보_20251107.csv
경상남도,하동군,돌고지양돈농장,돼지,경상남도 하동군 횡천면,,,2729,,,,,20251107,경상남도 하동군_양돈농가정보_20251107.csv
경상남도,하동군,바른양돈 제2농장,돼지,경상남도 하동군 횡천면,,,790,,,,,20251107,경상남도 하동군_양돈농가정보_20251107.csv
경상남도,하동군,농업회사법인 밀알양돈 주식회사,돼지,경상남도 하동군 양보면,,,,,,,,20251107,경상남도 하동군_양돈농가정보_20251107.csv
경상남도,하동군,청솔농장,돼지,경상남도 하동군 횡천면,,,955,,,,,20251107,경상남도 하동군_양돈농가정보_20251107.csv
경상남도,함양군,**농장,돼지,경상남도 함양군 수동면 수남로,,,670,,,,,2025-11-03,경상남도 함양군_양돈농가 현황_20251103.csv
경상남도,함양군,**농장,돼지,경상남도 함양군 안의면 신당길,,,3300,,,,,2025-11-03,경상남도 함양군_양돈농가 현황_20251103.csv
경상남도,함양군,**영농조합법인,돼지,경상남도 함양군 유림면 천왕봉로,,,5100,,,,,2025-11-03,경상남도 함양군_양돈농가 현황_20251103.csv
경상남도,함양군,**농장,돼지,경상남도 함양군 안의면 장자동길,,,650,,,,,2025-11-03,경상남도 함양군_양돈농가 현황_20251103.csv
경상남도,함양군,**농장,돼지,경상남도 함양군 마천면 지리산가는길,,,375,,,,,2025-11-03,경상남도 함양군_양돈농가 현황_20251103.csv
경상남도,함양군,무,돼지,경상남도 함양군 안의면 석반길,,,1250,,,,,2025-11-03,경상남도 함양군_양돈농가 현황_20251103.csv
경상남도,함양군,**농업회사법인,돼지,경상남도 함양군 유림면 성애길,,,1600,,,,,2025-11-03,경상남도 함양군_양돈농가 현황_20251103.csv
경상남도,함양군,**농장,돼지,경상남도 함양군 수동면 강변로,,,2300,,,,,2025-11-03,경상남도 함양군_양돈농가 현황_20251103.csv
경상남도,함양군,**농업회사법인,돼지,경상남도 함양군 함양읍 거면들길,,,1000,,,,,2025-11-03,경상남도 함양군_양돈농가 현황_20251103.csv
경상남도,함양군,**,돼지,경상남도 함양군 함양읍 원구길,,,2500,,,,,2025-11-03,경상남도 함양군_양돈농가 현황_20251103.csv
경상남도,함양군,농업회사법인**,돼지,경상남도 함양군 휴천면 목현옥매로,,,5500,,,,,2025-11-03,경상남도 함양군_양돈농가 현황_20251103.csv
경상남도,함양군,농업회사법인**,돼지,경상남도 함양군 함양읍 거면들길,,,2000,,,,,2025-11-03,경상남도 함양군_양돈농가 현황_20251103.csv
경상남도,함양군,**농업회사법인,돼지,경상남도 함양군 함양읍 중촌길,,,2500,,,,,2025-11-03,경상남도 함양군_양돈농가 현황_20251103.csv
경상남도,함양군,**농장,돼지,경상남도 함양군 휴천면 목현옥매로,,,2500,,,,,2025-11-03,경상남도 함양군_양돈농가 현황_20251103.csv
경상남도,함양군,**농업회사법인 나주지점,돼지,경상남도 함양군 함양읍 거면들길,,,2500,,,,,2025-11-03,경상남도 함양군_양돈농가 현황_20251103.csv
경상남도,함양군,**농장,돼지,경상남도 함양군 안의면 신당길,,,350,,,,,2025-11-03,경상남도 함양군_양돈농가 현황_20251103.csv
경상남도,함양군,**축산,돼지,경상남도 함양군 수동면 하교내백로,,,4200,,,,,2025-11-03,경상남도 함양군_양돈농가 현황_20251103.csv
경상남도,함양군,**농장,돼지,경상남도 함양군 수동면 강변로,,,750,,,,,2025-11-03,경상남도 함양군_양돈농가 현황_20251103.csv
경상남도,함양군,농업회사법인**,돼지,경상남도 함양군 휴천면 호산리,,,1800,,,,,2025-11-03,경상남도 함양군_양돈농가 현황_20251103.csv
경상남도,함양군,**농장,돼지,경상남도 함양군 수동면 하교내백로,,,2500,,,,,2025-11-03,경상남도 함양군_양돈농가 현황_20251103.csv
경상남도,함양군,**농장,돼지,경상남도 함양군 안의면 안의도장골길,,,900,,,,,2025-11-03,경상남도 함양군_양돈농가 현황_20251103.csv
경상남도,함양군,농업회사법인**,돼지,경상남도 함양군 안의면 장자동길,,,2500,,,,,2025-11-03,경상남도 함양군_양돈농가 현황_20251103.csv
경상남도,함양군,**농장,돼지,경상남도 함양군 수동면 하교내백로,,,480,,,,,2025-11-03,경상남도 함양군_양돈농가 현황_20251103.csv
경상남도,함양군,주식회사**,돼지,경상남도 함양군 서하면 호성신길,,,2500,,,,,2025-11-03,경상남도 함양군_양돈농가 현황_20251103.csv
경상남도,함양군,**농장,돼지,경상남도 함양군 휴천면 목현옥매로,,,3300,,,,,2025-11-03,경상남도 함양군_양돈농가 현황_20251103.csv
경상남도,함양군,**농장,돼지,경상남도 함양군 휴천면 천왕봉로,,,1300,,,,,2025-11-03,경상남도 함양군_양돈농가 현황_20251103.csv
경상남도,함양군,무,돼지,경상남도 함양군 수동면 수안길,,,1300,,,,,2025-11-03,경상남도 함양군_양돈농가 현황_20251103.csv
경상남도,함양군,**농장,돼지,경상남도 함양군 안의면 안의도장골길,,,1596,,,,,2025-11-03,경상남도 함양군_양돈농가 현황_20251103.csv
경상남도,함양군,**농장,돼지,경상남도 함양군 안의면 신당길,,,3000,,,,,2025-11-03,경상남도 함양군_양돈농가 현황_20251103.csv
경상남도,함양군,**농장,돼지,경상남도 함양군 안의면 당산길,,,7500,,,,,2025-11-03,경상남도 함양군_양돈농가 현황_20251103.csv
경상남도,함양군,**농장,돼지,경상남도 함양군 휴천면 세동길,,,520,,,,,2025-11-03,경상남도 함양군_양돈농가 현황_20251103.csv
경상남도,함양군,**축산,돼지,경상남도 함양군 휴천면 목현옥매로,,,700,,,,,2025-11-03,경상남도 함양군_양돈농가 현황_20251103.csv
경상남도,함양군,**,돼지,경상남도 함양군 서상면 덕유월성로,,,50,,,,,2025-11-03,경상남도 함양군_양돈농가 현황_20251103.csv
경상남도,함양군,농업회사법인**,돼지,경상남도 함양군 안의면 당산길,,,3800,,,,,2025-11-03,경상남도 함양군_양돈농가 현황_20251103.csv
경상남도,함양군,**축산,돼지,경상남도 함양군 함양읍 거면들길,,,2000,,,,,2025-11-03,경상남도 함양군_양돈농가 현황_20251103.csv
경상남도,합천군,김○○(임차인 김○○),돼지,합천군 초계면 택리,,,2610,,,,,2025-11-10,경상남도 합천군_양돈농가현황_20251110.csv
경상남도,합천군,희복양돈장,돼지,합천군 초계면 택리,,,6400,,,,,2025-11-10,경상남도 합천군_양돈농가현황_20251110.csv
경상남도,합천군,해밀농장,돼지,합천군 청덕면 초곡리,,,1624,,,,,2025-11-10,경상남도 합천군_양돈농가현황_20251110.csv
경상남도,합천군,해밀농장,돼지,합천군 청덕면 초곡리,,,1389,,,,,2025-11-10,경상남도 합천군_양돈농가현황_20251110.csv
경상남도,합천군,진보농장,돼지,합천군 청덕면 초곡리,,,3286,,,,,2025-11-10,경상남도 합천군_양돈농가현황_20251110.csv
경상남도,합천군,청계농장,돼지,합천군 야로면 청계리,,,3037,,,,,2025-11-10,경상남도 합천군_양돈농가현황_20251110.csv
경상남도,합천군,에이에스팜,돼지,합천군 청덕면 초곡리,,,6390,,,,,2025-11-10,경상남도 합천군_양돈농가현황_20251110.csv
경상남도,합천군,관기농장,돼지,합천군 묘산면 관기리,,,2620,,,,,2025-11-10,경상남도 합천군_양돈농가현황_20251110.csv
경상남도,합천군,창일농장,돼지,합천군 율곡면 문림리,,,1442,,,,,2025-11-10,경상남도 합천군_양돈농가현황_20251110.csv
경상남도,합천군,벧엘농장,돼지,합천군 야로면 정대리,,,3123,,,,,2025-11-10,경상남도 합천군_양돈농가현황_20251110.csv
경상남도,합천군,오뚜기,돼지,합천군 율곡면 제내리,,,1251,,,,,2025-11-10,경상남도 합천군_양돈농가현황_20251110.csv
경상남도,합천군,농업회사법인 가호팜주식회사,돼지,합천군 쌍백면 육리,,,2427,,,,,2025-11-10,경상남도 합천군_양돈농가현황_20251110.csv
경상남도,합천군,월계농장,돼지,합천군 쌍백면 안계리,,,2658,,,,,2025-11-10,경상남도 합천군_양돈농가현황_20251110.csv
경상남도,합천군,송곡농장,돼지,합천군 묘산면 팔심리,,,2721,,,,,2025-11-10,경상남도 합천군_양돈농가현황_20251110.csv
경상남도,합천군,농업회사법인 송림주식회사,돼지,합천군 묘산면 화양리,,,3622,,,,,2025-11-10,경상남도 합천군_양돈농가현황_20251110.csv
경상남도,합천군,다우농장,돼지,합천군 묘산면 가산리,,,1673,,,,,2025-11-10,경상남도 합천군_양돈농가현황_20251110.csv
경상남도,합천군,사슴농장,돼지,합천군 가야면 대전리,,,1680,,,,,2025-11-10,경상남도 합천군_양돈농가현황_20251110.csv
경상남도,합천군,영광축산,돼지,합천군 쌍책면 건태리,,,2481,,,,,2025-11-10,경상남도 합천군_양돈농가현황_20251110.csv
경상남도,합천군,삼성양돈,돼지,합천군 가야면 사촌리,,,1351,,,,,2025-11-10,경상남도 합천군_양돈농가현황_20251110.csv
경상남도,합천군,이○○,돼지,합천군 야로면 정대리,,,800,,,,,2025-11-10,경상남도 합천군_양돈농가현황_20251110.csv
경상남도,합천군,행복축산,돼지,합천군 묘산면 도옥리,,,1528,,,,,2025-11-10,경상남도 합천군_양돈농가현황_20251110.csv
경상남도,합천군,최○○,돼지,합천군 봉산면 계산리,,,1033,,,,,2025-11-10,경상남도 합천군_양돈농가현황_20251110.csv
경상남도,합천군,이○○,돼지,합천군 가야면 청현리,,,10825,,,,,2025-11-10,경상남도 합천군_양돈농가현황_20251110.csv
경상남도,합천군,산개울 영농조합법인,돼지,합천군 가야면 청현리,,,5886,,,,,2025-11-10,경상남도 합천군_양돈농가현황_20251110.csv
경상남도,합천군,형제축산,돼지,합천군 적중면 누하리,,,1126,,,,,2025-11-10,경상남도 합천군_양돈농가현황_20251110.csv
경상남도,합천군,농업회사법인 가야육종㈜,돼지,합천군 묘산면 반포리,,,2807,,,,,2025-11-10,경상남도 합천군_양돈농가현황_20251110.csv
경상남도,합천군,성림농장,돼지,합천군 묘산면 화양리,,,1432,,,,,2025-11-10,경상남도 합천군_양돈농가현황_20251110.csv
경상남도,합천군,윤○○,돼지,합천군 적중면 누하리,,,1428,,,,,2025-11-10,경상남도 합천군_양돈농가현황_20251110.csv
경상남도,합천군,농업회사법인 옥천주식회사,돼지,합천군 야로면 하빈리,,,2338,,,,,2025-11-10,경상남도 합천군_양돈농가현황_20251110.csv
경상남도,합천군,상진축산,돼지,합천군 야로면 금평리,,,1602,,,,,2025-11-10,경상남도 합천군_양돈농가현황_20251110.csv
경상남도,합천군,김○○,돼지,합천군 적중면 누하리,,,1303,,,,,2025-11-10,경상남도 합천군_양돈농가현황_20251110.csv
경상남도,합천군,황매영농 조합법인,돼지,합천군 가회면 외사리,,,3183,,,,,2025-11-10,경상남도 합천군_양돈농가현황_20251110.csv
경상남도,합천군,영성축산,돼지,합천군 가회면 오도리,,,1030,,,,,2025-11-10,경상남도 합천군_양돈농가현황_20251110.csv
경상남도,합천군,최○○,돼지,합천군 봉산면 권빈리,,,1206,,,,,2025-11-10,경상남도 합천군_양돈농가현황_20251110.csv
경상남도,합천군,최○○,돼지,합천군 봉산면 계산리,,,759,,,,,2025-11-10,경상남도 합천군_양돈농가현황_20251110.csv
경상남도,합천군,김○○,돼지,합천군 가회면 장대리,,,872,,,,,2025-11-10,경상남도 합천군_양돈농가현황_20251110.csv
경상남도,합천군,영성축산,돼지,합천군 대병면 장단리,,,1242,,,,,2025-11-10,경상남도 합천군_양돈농가현황_20251110.csv
경상남도,합천군,한일농장,돼지,합천군 야로면 야로리,,,990,,,,,2025-11-10,경상남도 합천군_양돈농가현황_20251110.csv
경상남도,합천군,오봉양돈,돼지,합천군 가회면 외사리,,,825,,,,,2025-11-10,경상남도 합천군_양돈농가현황_20251110.csv
경상남도,합천군,해인양돈,돼지,합천군 가야면 대전리,,,9420,,,,,2025-11-10,경상남도 합천군_양돈농가현황_20251110.csv
경상남도,합천군,이○○,돼지,합천군 야로면 나대리,,,1389,,,,,2025-11-10,경상남도 합천군_양돈농가현황_20251110.csv
경상남도,합천군,동화농장,돼지,합천군 묘산면 반포리,,,1404,,,,,2025-11-10,경상남도 합천군_양돈농가현황_20251110.csv
경상남도,합천군,일호농장,돼지,합천군 청덕면 초곡리,,,2005,,,,,2025-11-10,경상남도 합천군_양돈농가현황_20251110.csv
경상남도,합천군,삼득2농장,돼지,합천군 용주면 봉기리,,,2304,,,,,2025-11-10,경상남도 합천군_양돈농가현황_20251110.csv
경상남도,합천군,화동축산,돼지,합천군 묘산면 화양리,,,1500,,,,,2025-11-10,경상남도 합천군_양돈농가현황_20251110.csv
경상남도,합천군,사슴농장,돼지,합천군 가야면 대전리,,,822,,,,,2025-11-10,경상남도 합천군_양돈농가현황_20251110.csv
경상남도,합천군,유○○,돼지,합천군 묘산면 안성리,,,911,,,,,2025-11-10,경상남도 합천군_양돈농가현황_20251110.csv
경상남도,합천군,피아이씨 제네틱스,돼지,합천군 합천읍 내곡리,,,5107,,,,,2025-11-10,경상남도 합천군_양돈농가현황_20251110.csv
경상남도,합천군,농업회사법인은혜㈜,돼지,합천군 청덕면 초곡리,,,1070,,,,,2025-11-10,경상남도 합천군_양돈농가현황_20251110.csv
경상남도,합천군,삼득농장,돼지,합천군 용주면 봉기리,,,4082,,,,,2025-11-10,경상남도 합천군_양돈농가현황_20251110.csv
경상남도,합천군,승민영농조합법인,돼지,합천군 야로면 나대리,,,3097,,,,,2025-11-10,경상남도 합천군_양돈농가현황_20251110.csv
경상남도,합천군,초계양돈작목반 영농조합법인,돼지,합천군 율곡면 갑산리,,,6056,,,,,2025-11-10,경상남도 합천군_양돈농가현황_20251110.csv
경상남도,합천군,백운축산,돼지,합천군 쌍백면 죽전리,,,819,,,,,2025-11-10,경상남도 합천군_양돈농가현황_20251110.csv
경상남도,합천군,박○○,돼지,합천군 율곡면 낙민리,,,1483,,,,,2025-11-10,경상남도 합천군_양돈농가현황_20251110.csv
경상남도,합천군,쌍용축산,돼지,합천군 야로면 하빈리,,,1376,,,,,2025-11-10,경상남도 합천군_양돈농가현황_20251110.csv
경상남도,합천군,꿀꿀이농장,돼지,합천군 대양면 백암리,,,425,,,,,2025-11-10,경상남도 합천군_양돈농가현황_20251110.csv
경상남도,합천군,박○○,돼지,합천군 가야면 성기리,,,381,,,,,2025-11-10,경상남도 합천군_양돈농가현황_20251110.csv
경상남도,합천군,골드피그,돼지,합천군 율곡면 임북리,,,423,,,,,2025-11-10,경상남도 합천군_양돈농가현황_20251110.csv
경상남도,합천군,정○○,돼지,합천군 율곡면 제내리,,,524,,,,,2025-11-10,경상남도 합천군_양돈농가현황_20251110.csv
경상남도,합천군,킴스클럽,돼지,합천군 야로면 구정리,,,1145,,,,,2025-11-10,경상남도 합천군_양돈농가현황_20251110.csv
경상남도,합천군,안○○,돼지,합천군 초계면 택리,,,727,,,,,2025-11-10,경상남도 합천군_양돈농가현황_20251110.csv
경상남도,합천군,박○○,돼지,합천군 초계면 원당리,,,1321,,,,,2025-11-10,경상남도 합천군_양돈농가현황_20251110.csv
경상남도,합천군,영성농장,돼지,합천군 용주면 황계리,,,3320,,,,,2025-11-10,경상남도 합천군_양돈농가현황_20251110.csv
경상남도,합천군,이○○,돼지,합천군 가야면 청현리,,,561,,,,,2025-11-10,경상남도 합천군_양돈농가현황_20251110.csv
경상남도,합천군,박○○,돼지,합천군 묘산면 화양리,,,959,,,,,2025-11-10,경상남도 합천군_양돈농가현황_20251110.csv
경상남도,합천군,민○○,돼지,합천군 묘산면 화양리,,,2286,,,,,2025-11-10,경상남도 합천군_양돈농가현황_20251110.csv
경상남도,합천군,신가야,돼지,합천군 가야면 성기리,,,640,,,,,2025-11-10,경상남도 합천군_양돈농가현황_20251110.csv
경상남도,합천군,이레축산,돼지,합천군 청덕면 초곡리,,,2074,,,,,2025-11-10,경상남도 합천군_양돈농가현황_20251110.csv
경상남도,합천군,박○○,돼지,합천군 야로면 정대리,,,830,,,,,2025-11-10,경상남도 합천군_양돈농가현황_20251110.csv
경상남도,합천군,원정농장,돼지,합천군 야로면 나대리,,,1509,,,,,2025-11-10,경상남도 합천군_양돈농가현황_20251110.csv
경상남도,합천군,송○○,돼지,합천군 야로면 나대리,,,1302,,,,,2025-11-10,경상남도 합천군_양돈농가현황_20251110.csv
경상남도,합천군,조○○,돼지,합천군 야로면 나대리,,,1595,,,,,2025-11-10,경상남도 합천군_양돈농가현황_20251110.csv
경상남도,합천군,백○○,돼지,합천군 야로면 나대리,,,1000,,,,,2025-11-10,경상남도 합천군_양돈농가현황_20251110.csv
경상남도,합천군,옥돌2농장,돼지,합천군 야로면 나대리,,,1051,,,,,2025-11-10,경상남도 합천군_양돈농가현황_20251110.csv
경상남도,합천군,옥돌1농장,돼지,합천군 야로면 나대리,,,1147,,,,,2025-11-10,경상남도 합천군_양돈농가현황_20251110.csv
경상남도,합천군,금아농장,돼지,합천군 야로면 나대리,,,1123,,,,,2025-11-10,경상남도 합천군_양돈농가현황_20251110.csv
경상남도,합천군,박○○,돼지,합천군 야로면 나대리,,,1175,,,,,2025-11-10,경상남도 합천군_양돈농가현황_20251110.csv
경상남도,합천군,진주농장1,돼지,합천군 야로면 나대리,,,1938,,,,,2025-11-10,경상남도 합천군_양돈농가현황_20251110.csv
경상남도,합천군,김○○,돼지,합천군 야로면 나대리,,,990,,,,,2025-11-10,경상남도 합천군_양돈농가현황_20251110.csv
경상남도,합천군,문○○,돼지,합천군 야로면 나대리,,,2000,,,,,2025-11-10,경상남도 합천군_양돈농가현황_20251110.csv
경상남도,합천군,문○○,돼지,합천군 야로면 나대리,,,1227,,,,,2025-11-10,경상남도 합천군_양돈농가현황_20251110.csv
경상남도,합천군,장○○,돼지,합천군 야로면 나대리,,,1198,,,,,2025-11-10,경상남도 합천군_양돈농가현황_20251110.csv
경상남도,합천군,최○○,돼지,합천군 야로면 나대리,,,2262,,,,,2025-11-10,경상남도 합천군_양돈농가현황_20251110.csv
경상남도,합천군,고원축산,돼지,합천군 야로면 나대리,,,1694,,,,,2025-11-10,경상남도 합천군_양돈농가현황_20251110.csv
경상남도,합천군,윤○○,돼지,합천군 야로면 나대리,,,1638,,,,,2025-11-10,경상남도 합천군_양돈농가현황_20251110.csv
경상남도,합천군,장○○(임차인 황○○),돼지,합천군 야로면 나대리,,,1377,,,,,2025-11-10,경상남도 합천군_양돈농가현황_20251110.csv
경상남도,합천군,김○○,돼지,합천군 야로면 나대리,,,1000,,,,,2025-11-10,경상남도 합천군_양돈농가현황_20251110.csv
경상남도,합천군,행복팜,돼지,합천군 야로면 나대리,,,1595,,,,,2025-11-10,경상남도 합천군_양돈농가현황_20251110.csv
경상남도,합천군,덕암농장,돼지,합천군 야로면 덕암리,,,558,,,,,2025-11-10,경상남도 합천군_양돈농가현황_20251110.csv
경상남도,합천군,정○○,돼지,합천군 야로면 하빈리,,,350,,,,,2025-11-10,경상남도 합천군_양돈농가현황_20251110.csv
경상남도,합천군,영성축산,돼지,합천군 묘산면 반포리,,,499,,,,,2025-11-10,경상남도 합천군_양돈농가현황_20251110.csv
경상남도,합천군,합천유전자연구소,돼지,합천군 합천읍 서산리,,,44,,,,,2025-11-10,경상남도 합천군_양돈농가현황_20251110.csv
경상남도,합천군,정대농장,돼지,합천군 야로면 정대리,,,377,,,,,2025-11-10,경상남도 합천군_양돈농가현황_20251110.csv
경상남도,합천군,유○○,돼지,합천군 묘산면 관기리,,,338,,,,,2025-11-10,경상남도 합천군_양돈농가현황_20251110.csv
경상북도,경산시,조*농장,돼지,경상북도 경산시 자인면 남신리,,,3443,,,,,20251103,경상북도 경산시_양돈농가 현황_20251103.csv
경상북도,경산시,덕*농장,돼지,경상북도 경산시 남천면 대명리,,,891,,,,,20251103,경상북도 경산시_양돈농가 현황_20251103.csv
경상북도,경산시,덕*농장,돼지,경상북도 경산시 압량읍 가일리,,,143,,,,,20251103,경상북도 경산시_양돈농가 현황_20251103.csv
경상북도,경산시,신*랑농장,돼지,경상북도 경산시 압량읍 가일리,,,3827,,,,,20251103,경상북도 경산시_양돈농가 현황_20251103.csv
경상북도,경산시,봉*농장,돼지,경상북도 경산시 압량읍 신월리,,,1820,,,,,20251103,경상북도 경산시_양돈농가 현황_20251103.csv
경상북도,경산시,원*장,돼지,경상북도 경산시 하양읍 사기리,,,1980,,,,,20251103,경상북도 경산시_양돈농가 현황_20251103.csv
경상북도,경산시,청*농장,돼지,경상북도 경산시 와촌면 계전리,,,1961,,,,,20251103,경상북도 경산시_양돈농가 현황_20251103.csv
경상북도,경산시,서*농장,돼지,경상북도 경산시 압량읍 당음리,,,3903,,,,,20251103,경상북도 경산시_양돈농가 현황_20251103.csv
경상북도,경산시,김*자,돼지,경상북도 경산시 자인면 남신리,,,1843,,,,,20251103,경상북도 경산시_양돈농가 현황_20251103.csv
경상북도,경산시,조*민,돼지,경상북도 경산시 남산면 평기리,,,1736,,,,,20251103,경상북도 경산시_양돈농가 현황_20251103.csv
경상북도,경산시,유*목장,돼지,경상북도 경산시 자인면 남신리,,,731,,,,,20251103,경상북도 경산시_양돈농가 현황_20251103.csv
경상북도,경산시,그*팜,돼지,경상북도 경산시 용성면 용전리,,,611,,,,,20251103,경상북도 경산시_양돈농가 현황_20251103.csv
경상북도,경산시,피*포크영농조합법인,돼지,경상북도 경산시 용성면 곡신리,,,175,,,,,20251103,경상북도 경산시_양돈농가 현황_20251103.csv
경상북도,경산시,나*농장,돼지,경상북도 경산시 남천면 대명리,,,700,,,,,20251103,경상북도 경산시_양돈농가 현황_20251103.csv
경상북도,경산시,그*농장,돼지,경상북도 경산시 압량읍 신월리,,,1256,,,,,20251103,경상북도 경산시_양돈농가 현황_20251103.csv
경상북도,경산시,형*농장,돼지,경상북도 경산시 압량읍 금구리,,,952,,,,,20251103,경상북도 경산시_양돈농가 현황_20251103.csv
경상북도,경산시,김*농장,돼지,경상북도 경산시 압량읍 신월리,,,1062,,,,,20251103,경상북도 경산시_양돈농가 현황_20251103.csv
경상북도,경산시,신*농장,돼지,경상북도 경산시 와촌면 계전리,,,655,,,,,20251103,경상북도 경산시_양돈농가 현황_20251103.csv
경상북도,경산시,경*농장,돼지,경상북도 경산시 진량읍 북리,,,1280,,,,,20251103,경상북도 경산시_양돈농가 현황_20251103.csv
경상북도,경산시,경*농장,돼지,경상북도 경산시 남산면 경리,,,2238,,,,,20251103,경상북도 경산시_양돈농가 현황_20251103.csv
경상북도,경산시,청*농장,돼지,경상북도 경산시 하양읍 청천리,,,795,,,,,20251103,경상북도 경산시_양돈농가 현황_20251103.csv
경상북도,경산시,덕*농장,돼지,경상북도 경산시 압량읍 가일리,,,2478,,,,,20251103,경상북도 경산시_양돈농가 현황_20251103.csv
경상북도,경산시,여*농장,돼지,경상북도 경산시 여천동,,,996,,,,,20251103,경상북도 경산시_양돈농가 현황_20251103.csv
경상북도,경산시,계*농장,돼지,경상북도 경산시 와촌면 계당리,,,1260,,,,,20251103,경상북도 경산시_양돈농가 현황_20251103.csv
경상북도,경산시,해*름 농업회사법인(주),돼지,경상북도 경산시 압량읍 신월리,,,27061,,,,,20251103,경상북도 경산시_양돈농가 현황_20251103.csv
경상북도,경산시,프*임 팜,돼지,경상북도 경산시 압량읍 신월리,,,1001,,,,,20251103,경상북도 경산시_양돈농가 현황_20251103.csv
경상북도,경주시,석○농장,돼지,경상북도 경주시 외동읍,,,,,,,,20251110,경상북도 경주시_양돈농가 현황_20251110.csv
경상북도,경주시,돈○○농장,돼지,경상북도 경주시 천북면,,,,,,,,20251110,경상북도 경주시_양돈농가 현황_20251110.csv
경상북도,경주시,돈○○ ○○농장,돼지,경상북도 경주시 외동읍,,,,,,,,20251110,경상북도 경주시_양돈농가 현황_20251110.csv
경상북도,경주시,북○농장,돼지,경상북도 경주시 외동읍,,,,,,,,20251110,경상북도 경주시_양돈농가 현황_20251110.csv
경상북도,경주시,길○농장,돼지,경상북도 경주시 서면,,,,,,,,20251110,경상북도 경주시_양돈농가 현황_20251110.csv
경상북도,경주시,한○농장,돼지,경상북도 경주시 서면,,,,,,,,20251110,경상북도 경주시_양돈농가 현황_20251110.csv
경상북도,경주시,청○농장,돼지,경상북도 경주시 서면,,,,,,,,20251110,경상북도 경주시_양돈농가 현황_20251110.csv
경상북도,경주시,청○농장,돼지,경상북도 경주시 서면,,,,,,,,20251110,경상북도 경주시_양돈농가 현황_20251110.csv
경상북도,경주시,왕○농장,돼지,경상북도 경주시 강동면,,,,,,,,20251110,경상북도 경주시_양돈농가 현황_20251110.csv
경상북도,경주시,한○○농장,돼지,경상북도 경주시 서면,,,,,,,,20251110,경상북도 경주시_양돈농가 현황_20251110.csv
경상북도,경주시,야○농장,돼지,경상북도 경주시 서면,,,,,,,,20251110,경상북도 경주시_양돈농가 현황_20251110.csv
경상북도,경주시,송○농장,돼지,경상북도 경주시 서면,,,,,,,,20251110,경상북도 경주시_양돈농가 현황_20251110.csv
경상북도,경주시,신○농장,돼지,경상북도 경주시 서면,,,,,,,,20251110,경상북도 경주시_양돈농가 현황_20251110.csv
경상북도,경주시,단○농장,돼지,경상북도 경주시 건천읍,,,,,,,,20251110,경상북도 경주시_양돈농가 현황_20251110.csv
경상북도,경주시,양○농장,돼지,경상북도 경주시 건천읍,,,,,,,,20251110,경상북도 경주시_양돈농가 현황_20251110.csv
경상북도,경주시,복○○농장,돼지,경상북도 경주시 산내면,,,,,,,,20251110,경상북도 경주시_양돈농가 현황_20251110.csv
경상북도,경주시,육○농장,돼지,경상북도 경주시 안강읍,,,,,,,,20251110,경상북도 경주시_양돈농가 현황_20251110.csv
경상북도,경주시,파○농장,돼지,경상북도 경주시 건천읍,,,,,,,,20251110,경상북도 경주시_양돈농가 현황_20251110.csv
경상북도,경주시,보○농장,돼지,경상북도 경주시 내남면,,,,,,,,20251110,경상북도 경주시_양돈농가 현황_20251110.csv
경상북도,경주시,만○축산,돼지,경상북도 경주시 외동읍,,,,,,,,20251110,경상북도 경주시_양돈농가 현황_20251110.csv
경상북도,경주시,보○축산,돼지,경상북도 경주시 외동읍,,,,,,,,20251110,경상북도 경주시_양돈농가 현황_20251110.csv
경상북도,경주시,대○농장,돼지,경상북도 경주시 양남면,,,,,,,,20251110,경상북도 경주시_양돈농가 현황_20251110.csv
경상북도,경주시,아○농장,돼지,경상북도 경주시 서면,,,,,,,,20251110,경상북도 경주시_양돈농가 현황_20251110.csv
경상북도,경주시,서○농장,돼지,경상북도 경주시 서면,,,,,,,,20251110,경상북도 경주시_양돈농가 현황_20251110.csv
경상북도,경주시,선○농장,돼지,경상북도 경주시 서면,,,,,,,,20251110,경상북도 경주시_양돈농가 현황_20251110.csv
경상북도,경주시,청○농장,돼지,경상북도 경주시 안강읍,,,,,,,,20251110,경상북도 경주시_양돈농가 현황_20251110.csv
경상북도,경주시,다○○○장,돼지,경상북도 경주시 강동면,,,,,,,,20251110,경상북도 경주시_양돈농가 현황_20251110.csv
경상북도,경주시,동○농장,돼지,경상북도 경주시 천북면,,,,,,,,20251110,경상북도 경주시_양돈농가 현황_20251110.csv
경상북도,경주시,양○농원,돼지,경상북도 경주시 현곡면,,,,,,,,20251110,경상북도 경주시_양돈농가 현황_20251110.csv
경상북도,경주시,달○농장,돼지,경상북도 경주시 강동면,,,,,,,,20251110,경상북도 경주시_양돈농가 현황_20251110.csv
경상북도,경주시,대○농장,돼지,경상북도 경주시 내남면,,,,,,,,20251110,경상북도 경주시_양돈농가 현황_20251110.csv
경상북도,경주시,대○양돈,돼지,경상북도 경주시 외동읍,,,,,,,,20251110,경상북도 경주시_양돈농가 현황_20251110.csv
경상북도,경주시,비○농장,돼지,경상북도 경주시 외동읍,,,,,,,,20251110,경상북도 경주시_양돈농가 현황_20251110.csv
경상북도,경주시,마○○축,돼지,경상북도 경주시 외동읍,,,,,,,,20251110,경상북도 경주시_양돈농가 현황_20251110.csv
경상북도,경주시,만○농장,돼지,경상북도 경주시 외동읍,,,,,,,,20251110,경상북도 경주시_양돈농가 현황_20251110.csv
경상북도,경주시,경○농장,돼지,경상북도 경주시 외동읍,,,,,,,,20251110,경상북도 경주시_양돈농가 현황_20251110.csv
경상북도,경주시,형○농장,돼지,경상북도 경주시 강동면,,,,,,,,20251110,경상북도 경주시_양돈농가 현황_20251110.csv
경상북도,경주시,태○○농장,돼지,경상북도 경주시,,,,,,,,20251110,경상북도 경주시_양돈농가 현황_20251110.csv
경상북도,경주시,태○농장,돼지,경상북도 경주시,,,,,,,,20251110,경상북도 경주시_양돈농가 현황_20251110.csv
경상북도,경주시,필○농장,돼지,경상북도 경주시 안강읍,,,,,,,,20251110,경상북도 경주시_양돈농가 현황_20251110.csv
경상북도,경주시,에○○○○팜,돼지,경상북도 경주시 서면,,,,,,,,20251110,경상북도 경주시_양돈농가 현황_20251110.csv
경상북도,경주시,보○농장,돼지,경상북도 경주시 외동읍,,,,,,,,20251110,경상북도 경주시_양돈농가 현황_20251110.csv
경상북도,경주시,웰○농장,돼지,경상북도 경주시 강동면,,,,,,,,20251110,경상북도 경주시_양돈농가 현황_20251110.csv
경상북도,경주시,비○○농장,돼지,경상북도 경주시 서면,,,,,,,,20251110,경상북도 경주시_양돈농가 현황_20251110.csv
경상북도,경주시,세○○○○농장,돼지,경상북도 경주시 서면,,,,,,,,20251110,경상북도 경주시_양돈농가 현황_20251110.csv
경상북도,경주시,협○농장,돼지,경상북도 경주시 서면,,,,,,,,20251110,경상북도 경주시_양돈농가 현황_20251110.csv
경상북도,경주시,부○농장,돼지,경상북도 경주시 서면,,,,,,,,20251110,경상북도 경주시_양돈농가 현황_20251110.csv
경상북도,경주시,일○농장,돼지,경상북도 경주시 외동읍,,,,,,,,20251110,경상북도 경주시_양돈농가 현황_20251110.csv
경상북도,경주시,농업회사법인(주)산○○,돼지,경상북도 경주시 안강읍,,,,,,,,20251110,경상북도 경주시_양돈농가 현황_20251110.csv
경상북도,경주시,농업회사법인(주) 산○○ ○○,돼지,경상북도 경주시 안강읍,,,,,,,,20251110,경상북도 경주시_양돈농가 현황_20251110.csv
경상북도,경주시,명○농장,돼지,경상북도 경주시 서면,,,,,,,,20251110,경상북도 경주시_양돈농가 현황_20251110.csv
경상북도,경주시,G○농장,돼지,경상북도 경주시 내남면,,,,,,,,20251110,경상북도 경주시_양돈농가 현황_20251110.csv
경상북도,경주시,아○농장,돼지,경상북도 경주시 서면,,,,,,,,20251110,경상북도 경주시_양돈농가 현황_20251110.csv
경상북도,경주시,백○농장,돼지,경상북도 경주시 내남면,,,,,,,,20251110,경상북도 경주시_양돈농가 현황_20251110.csv
경상북도,경주시,청○농장,돼지,경상북도 경주시 내남면,,,,,,,,20251110,경상북도 경주시_양돈농가 현황_20251110.csv
경상북도,경주시,상○농장,돼지,경상북도 경주시 서면,,,,,,,,20251110,경상북도 경주시_양돈농가 현황_20251110.csv
경상북도,경주시,Y○○○오,돼지,경상북도 경주시 서면,,,,,,,,20251110,경상북도 경주시_양돈농가 현황_20251110.csv
경상북도,경주시,아○○스,돼지,경상북도 경주시 서면,,,,,,,,20251110,경상북도 경주시_양돈농가 현황_20251110.csv
경상북도,문경시,축산물품질평가원,,경상북도 문경시 동로면 석항명봉로 567-6,,,0,,,,,2025-11-12,경상북도 문경시_관내 양돈농가 현황_20251112.csv
경상북도,문경시,대한한돈협회(문경지부),,경상북도 문경시 가은읍,,,3126,,,,,2025-11-12,경상북도 문경시_관내 양돈농가 현황_20251112.csv
경상북도,문경시,축산물품질평가원,,경상북도 문경시 영순면 김용리,,,1090,,,,,2025-11-12,경상북도 문경시_관내 양돈농가 현황_20251112.csv
경상북도,문경시,대한한돈협회(문경지부),,경상북도 문경시 산북면 운달로 222-28,,,1668,,,,,2025-11-12,경상북도 문경시_관내 양돈농가 현황_20251112.csv
경상북도,문경시,대한한돈협회(문경지부),,경상북도 문경시 마성면 안늘목2길 45-6,,,3905,,,,,2025-11-12,경상북도 문경시_관내 양돈농가 현황_20251112.csv
경상북도,문경시,대한한돈협회(문경지부),,경상북도 문경시 호계면 가열1길 10-7,,,919,,,,,2025-11-12,경상북도 문경시_관내 양돈농가 현황_20251112.csv
경상북도,문경시,대한한돈협회(문경지부),,경상북도 문경시 마성면,,,2479,,,,,2025-11-12,경상북도 문경시_관내 양돈농가 현황_20251112.csv
경상북도,문경시,대한한돈협회(문경지부),,경상북도 문경시 산북면 운달로 1126-31,,,1800,,,,,2025-11-12,경상북도 문경시_관내 양돈농가 현황_20251112.csv
경상북도,문경시,대한한돈협회(문경지부),,경상북도 문경시 농암면 상신농장길  83,,,930,,,,,2025-11-12,경상북도 문경시_관내 양돈농가 현황_20251112.csv
경상북도,문경시,대한한돈협회(문경지부),,경상북도 문경시 마성면 안늘목1길 20,,,3733,,,,,2025-11-12,경상북도 문경시_관내 양돈농가 현황_20251112.csv
경상북도,문경시,대한한돈협회(문경지부),,경상북도 문경시 산북면 소정길 52-17,,,1075,,,,,2025-11-12,경상북도 문경시_관내 양돈농가 현황_20251112.csv
경상북도,문경시,대한한돈협회(문경지부),,경상북도 문경시 호계면 가섭길 401,,,1205,,,,,2025-11-12,경상북도 문경시_관내 양돈농가 현황_20251112.csv
경상북도,문경시,축산물품질평가원,,경상북도 문경시 농암면,,,264,,,,,2025-11-12,경상북도 문경시_관내 양돈농가 현황_20251112.csv
경상북도,문경시,축산물품질평가원,,경상북도 문경시 산양면 산동로 263-7,,,2124,,,,,2025-11-12,경상북도 문경시_관내 양돈농가 현황_20251112.csv
경상북도,문경시,대한한돈협회(문경지부),,경상북도 문경시 가은읍 공단강변길 295-8,,,3600,,,,,2025-11-12,경상북도 문경시_관내 양돈농가 현황_20251112.csv
경상북도,문경시,대한한돈협회(문경지부),,경상북도 문경시 농암면 갈동길 179,,,3137,,,,,2025-11-12,경상북도 문경시_관내 양돈농가 현황_20251112.csv
경상북도,문경시,대한한돈협회(문경지부),,경상북도 문경시 호계면 태봉1길 70-36,,,1000,,,,,2025-11-12,경상북도 문경시_관내 양돈농가 현황_20251112.csv
경상북도,문경시,대한한돈협회(문경지부),,경상북도 문경시 문경읍 하푸실길 60-103,,,1422,,,,,2025-11-12,경상북도 문경시_관내 양돈농가 현황_20251112.csv
경상북도,문경시,축산물품질평가원,,경상북도 문경시 산북면 강동로 312-24,,,9897,,,,,2025-11-12,경상북도 문경시_관내 양돈농가 현황_20251112.csv
경상북도,문경시,대한한돈협회(문경지부),,경상북도 문경시 호계면 선암길 38-1,,,1792,,,,,2025-11-12,경상북도 문경시_관내 양돈농가 현황_20251112.csv
경상북도,문경시,대한한돈협회(문경지부),,경상북도 문경시 호계면 연역길 25,,,2861,,,,,2025-11-12,경상북도 문경시_관내 양돈농가 현황_20251112.csv
경상북도,봉화군,**농장,양돈,경상북도 봉화군 봉화읍 적덕리,,,1973,6,2243,,,2025-11-11,경상북도 봉화군_양돈농가현황_20251111.csv
경상북도,봉화군,**농장,양돈,경상북도 봉화군 봉화읍 도촌리,,,4608,17,3047.35,,,2025-11-11,경상북도 봉화군_양돈농가현황_20251111.csv
경상북도,봉화군,**농장,양돈,경상북도 봉화군 봉화읍 화천리,,,2429,8,2904.65,,,2025-11-11,경상북도 봉화군_양돈농가현황_20251111.csv
경상북도,봉화군,**농장,양돈,경상북도 봉화군 상운면 운계리,,,679,3,913.1,,,2025-11-11,경상북도 봉화군_양돈농가현황_20251111.csv
경상북도,봉화군,**농장,양돈,경상북도 봉화군 봉화읍 적덕리,,,4556,8,4766.45,,,2025-11-11,경상북도 봉화군_양돈농가현황_20251111.csv
경상북도,봉화군,**팜,양돈,경상북도 봉화군 봉화읍 석평리,,,1481,4,2170.36,,,2025-11-11,경상북도 봉화군_양돈농가현황_20251111.csv
경상북도,봉화군,**농장,양돈,경상북도 봉화군 봉화읍 문단리,,,2953,8,2828.06,,,2025-11-11,경상북도 봉화군_양돈농가현황_20251111.csv
경상북도,봉화군,**농장,양돈,경상북도 봉화군 봉화읍 도촌리,,,1211,3,1332,,,2025-11-11,경상북도 봉화군_양돈농가현황_20251111.csv
경상북도,봉화군,*농장,양돈,경상북도 봉화군 봉화읍 거촌리,,,0,6,3488.7,,,2025-11-11,경상북도 봉화군_양돈농가현황_20251111.csv
경상북도,봉화군,**농장,양돈,경상북도 봉화군 봉화읍 도촌리,,,1485,9,1275.78,,,2025-11-11,경상북도 봉화군_양돈농가현황_20251111.csv
경상북도,봉화군,**축산,양돈,경상북도 봉화군 봉화읍 문단리,,,1814,,2466.13,,,2025-11-11,경상북도 봉화군_양돈농가현황_20251111.csv
경상북도,봉화군,**양돈,양돈,경상북도 봉화군 봉성면 금봉리,,,1637,6,2452.17,,,2025-11-11,경상북도 봉화군_양돈농가현황_20251111.csv
경상북도,봉화군,*****농장,양돈,경상북도 봉화군 소천면 분천리,,,0,2,308.07,,,2025-11-11,경상북도 봉화군_양돈농가현황_20251111.csv
경상북도,봉화군,**장,양돈,경상북도 봉화군 명호면 양곡리,,,24,2,784,,,2025-11-11,경상북도 봉화군_양돈농가현황_20251111.csv
경상북도,봉화군,**농장,양돈,경상북도 봉화군 봉화읍 석평리,,,0,4,2143.2,,,2025-11-11,경상북도 봉화군_양돈농가현황_20251111.csv
경상북도,봉화군,**농장,양돈,경상북도 봉화군 명호면 양곡리,,,0,3,810.74,,,2025-11-11,경상북도 봉화군_양돈농가현황_20251111.csv
경상북도,봉화군,**축산,양돈,경상북도 봉화군 봉화읍 도촌리,,,1821,5,2185.6,,,2025-11-11,경상북도 봉화군_양돈농가현황_20251111.csv
경상북도,봉화군,****축사,양돈,경상북도 봉화군 봉성면 봉양리,,,113,3,716.04,,,2025-11-11,경상북도 봉화군_양돈농가현황_20251111.csv
경상북도,봉화군,***농장,양돈,경상북도 봉화군 봉화읍 문단리,,,7187,12,6498,,,2025-11-11,경상북도 봉화군_양돈농가현황_20251111.csv
경상북도,봉화군,**림,양돈,경상북도 봉화군 봉화읍 도촌리,,,3674,5,2249.79,,,2025-11-11,경상북도 봉화군_양돈농가현황_20251111.csv
경상북도,봉화군,**농장(주),양돈,경상북도 봉화군 봉화읍 도촌리,,,1570,2,2879.92,,,2025-11-11,경상북도 봉화군_양돈농가현황_20251111.csv
경상북도,봉화군,***농장(주),양돈,경상북도 봉화군 봉화읍 도촌리,,,800,3,2819.7,,,2025-11-11,경상북도 봉화군_양돈농가현황_20251111.csv
경상북도,봉화군,**농장,양돈,경상북도 봉화군 봉화읍 도촌리,,,3180,4,3503.15,,,2025-11-11,경상북도 봉화군_양돈농가현황_20251111.csv
경상북도,봉화군,**종돈장,양돈,경상북도 봉화군 봉화읍 석평리,,,3316,6,2155.7,,,2025-11-11,경상북도 봉화군_양돈농가현황_20251111.csv
경상북도,봉화군,****농장,양돈,경상북도 봉화군 상운면 운계리,,,2474,8,2113.4,,,2025-11-11,경상북도 봉화군_양돈농가현황_20251111.csv
경상북도,봉화군,**농장 봉화지점,양돈,경상북도 봉화군 상운면 설매리,,,1955,3,2682.52,,,2025-11-11,경상북도 봉화군_양돈농가현황_20251111.csv
경상북도,성주군,대립농장,,성주읍 금산리,,성주읍,2000,,,,,20251110,경상북도 성주군_양돈농가 현황_20251110.csv
경상북도,성주군,성주한돈,,성주읍 용산리,,성주읍,3150,,,,,20251110,경상북도 성주군_양돈농가 현황_20251110.csv
경상북도,성주군,연구농장,,선남면 성원리,,선남면,1640,,,,,20251110,경상북도 성주군_양돈농가 현황_20251110.csv
경상북도,성주군,원농장,,선남면 오도리,,선남면,1068,,,,,20251110,경상북도 성주군_양돈농가 현황_20251110.csv
경상북도,성주군,선남농장,,선남면 문방리,,선남면,1617,,,,,20251110,경상북도 성주군_양돈농가 현황_20251110.csv
경상북도,성주군,용신2농장,,선남면 오도리,,선남면,3173,,,,,20251110,경상북도 성주군_양돈농가 현황_20251110.csv
경상북도,성주군,용신영농조합법인,,선남면 용신리,,선남면,17785,,,,,20251110,경상북도 성주군_양돈농가 현황_20251110.csv
경상북도,성주군,농업회사법인㈜포크랜드,,선남면 문방리,,선남면,7279,,,,,20251110,경상북도 성주군_양돈농가 현황_20251110.csv
경상북도,성주군,능인축산,,용암면 덕평리,,용암면,1400,,,,,20251110,경상북도 성주군_양돈농가 현황_20251110.csv
경상북도,성주군,슬기농장,,용암면 운산리,,용암면,1401,,,,,20251110,경상북도 성주군_양돈농가 현황_20251110.csv
경상북도,성주군,문명농장,,용암면 문명리,,용암면,1125,,,,,20251110,경상북도 성주군_양돈농가 현황_20251110.csv
경상북도,성주군,일번지농장,,용암면 문명리,,용암면,4492,,,,,20251110,경상북도 성주군_양돈농가 현황_20251110.csv
경상북도,성주군,금수농장,,금수면 광산리,,금수면,1292,,,,,20251110,경상북도 성주군_양돈농가 현황_20251110.csv
경상북도,성주군,무학농장,,금수면 무학리,,금수면,1793,,,,,20251110,경상북도 성주군_양돈농가 현황_20251110.csv
경상북도,성주군,옥화농장,,대가면 옥화리,,대가면,1400,,,,,20251110,경상북도 성주군_양돈농가 현황_20251110.csv
경상북도,성주군,대하농장,,대가면 용흥리,,대가면,1591,,,,,20251110,경상북도 성주군_양돈농가 현황_20251110.csv
경상북도,성주군,동강3농장,,가천면 창천리,,가천면,1296,,,,,20251110,경상북도 성주군_양돈농가 현황_20251110.csv
경상북도,성주군,동강2농장,,벽진면 외기리,,벽진면,3112,,,,,20251110,경상북도 성주군_양돈농가 현황_20251110.csv
경상북도,성주군,동강농장,,벽진면 외기리,,벽진면,1910,,,,,20251110,경상북도 성주군_양돈농가 현황_20251110.csv
경상북도,성주군,㈜일 농업회사법인,,초전면 용성리,,초전면,10784,,,,,20251110,경상북도 성주군_양돈농가 현황_20251110.csv
경상북도,성주군,한솔농장,,초전면 용성리,,초전면,,,,,,20251110,경상북도 성주군_양돈농가 현황_20251110.csv
경상북도,성주군,우영농장,,초전면 용봉리,,초전면,2132,,,,,20251110,경상북도 성주군_양돈농가 현황_20251110.csv
경상북도,성주군,,,초전면 용봉리,,초전면,1393,,,,,20251110,경상북도 성주군_양돈농가 현황_20251110.csv
경상북도,성주군,삼형제농장,,초전면 용봉리,,초전면,2520,,,,,20251110,경상북도 성주군_양돈농가 현황_20251110.csv
경상북도,성주군,성신농장,,초전면 용봉리,,초전면,650,,,,,20251110,경상북도 성주군_양돈농가 현황_20251110.csv
경상북도,성주군,성신농장,,초전면 용봉리,,초전면,765,,,,,20251110,경상북도 성주군_양돈농가 현황_20251110.csv
경상북도,성주군,성신농장,,초전면 용봉리,,초전면,1880,,,,,20251110,경상북도 성주군_양돈농가 현황_20251110.csv
경상북도,성주군,성신농장,,초전면 용봉리,,초전면,1270,,,,,20251110,경상북도 성주군_양돈농가 현황_20251110.csv
경상북도,성주군,성신농장,,초전면 용봉리,,초전면,1019,,,,,20251110,경상북도 성주군_양돈농가 현황_20251110.csv
경상북도,성주군,성신농장,,초전면 용봉리,,초전면,1350,,,,,20251110,경상북도 성주군_양돈농가 현황_20251110.csv
경상북도,성주군,성신농장,,초전면 용봉리,,초전면,600,,,,,20251110,경상북도 성주군_양돈농가 현황_20251110.csv
경상북도,성주군,성신농장,,초전면 용봉리,,초전면,1420,,,,,20251110,경상북도 성주군_양돈농가 현황_20251110.csv
경상북도,성주군,학윤농장,,초전면 용봉리,,초전면,1000,,,,,20251110,경상북도 성주군_양돈농가 현황_20251110.csv
경상북도,성주군,,,초전면 용봉리,,초전면,500,,,,,20251110,경상북도 성주군_양돈농가 현황_20251110.csv
경상북도,성주군,화랑농장,,월항면 대산리,,월항면,2907,,,,,20251110,경상북도 성주군_양돈농가 현황_20251110.csv
경상북도,성주군,창성농장,,월항면 대산리,,월항면,2873,,,,,20251110,경상북도 성주군_양돈농가 현황_20251110.csv
경상북도,성주군,은혜농장,,월항면 수죽리,,월항면,1986,,,,,20251110,경상북도 성주군_양돈농가 현황_20251110.csv
경상북도,성주군,세리농장,,월항면 수죽리,,월항면,3208,,,,,20251110,경상북도 성주군_양돈농가 현황_20251110.csv
경상북도,성주군,솔꿈농장,,월항면 안포리,,월항면,923,,,,,20251110,경상북도 성주군_양돈농가 현황_20251110.csv
경상북도,성주군,농업회사법인㈜하이팜,,월항면 장산리,,월항면,9029,,,,,20251110,경상북도 성주군_양돈농가 현황_20251110.csv
경상북도,영덕군,개인,,경상북도 영덕군 영덕읍 남산리 548,,,30,,,,,20251029,경상북도 영덕군_양돈농가 현황_20251029.csv
경상북도,영덕군,개인,,경상북도 영덕군 강구면 하저리 237 외3필(237-1.238.234),,,576,,,,,20251029,경상북도 영덕군_양돈농가 현황_20251029.csv
경상북도,영덕군,개인,,경상북도 영덕군 영덕읍 남산리 534,,,150,,,,,20251029,경상북도 영덕군_양돈농가 현황_20251029.csv
경상북도,영덕군,개인,,경상북도 영덕군 강구면 금호리 131,,,100,,,,,20251029,경상북도 영덕군_양돈농가 현황_20251029.csv
경상북도,영덕군,개인,,경상북도 영덕군 강구면 금호리 215,,,236,,,,,20251029,경상북도 영덕군_양돈농가 현황_20251029.csv
경상북도,영덕군,개인,,경상북도 영덕군 강구면 하저리 238,,,300,,,,,20251029,경상북도 영덕군_양돈농가 현황_20251029.csv
경상북도,영덕군,설레임팜,,경상북도 영덕군 영해면 성내리 913 913-1,,,668,,,,,20251029,경상북도 영덕군_양돈농가 현황_20251029.csv
경상북도,영덕군,수정축산,,경상북도 영덕군 강구면 금호리 157. 159,,,480,,,,,20251029,경상북도 영덕군_양돈농가 현황_20251029.csv
경상북도,영덕군,개인,,경상북도 영덕군 강구면 소월리 231. 232,,,150,,,,,20251029,경상북도 영덕군_양돈농가 현황_20251029.csv
경상북도,영덕군,개인,,경상북도 영덕군 병곡면 영리 1096-1,,,180,,,,,20251029,경상북도 영덕군_양돈농가 현황_20251029.csv
경상북도,영덕군,개인,,경상북도 영덕군 영덕읍 화수리 637-1,,,270,,,,,20251029,경상북도 영덕군_양돈농가 현황_20251029.csv
경상북도,영덕군,개인,,경상북도 영덕군 영덕읍 삼계리 166,,,282,,,,,20251029,경상북도 영덕군_양돈농가 현황_20251029.csv
경상북도,영덕군,(주)무영친환경복지농장농업회사법인,,경상북도 영덕군 지품면 황장리 74-1,,,293,,,,,20251029,경상북도 영덕군_양돈농가 현황_20251029.csv
경상북도,영덕군,개인,,경상북도 영덕군 지품면 황장리 82-3,,,280,,,,,20251029,경상북도 영덕군_양돈농가 현황_20251029.csv
경상북도,영덕군,차돌농장,,경상북도 영덕군 영해면 묘곡리 101-1,,,150,,,,,20251029,경상북도 영덕군_양돈농가 현황_20251029.csv
경상북도,영덕군,개인,,경상북도 영덕군 강구면 원직리 118,,,60,,,,,20251029,경상북도 영덕군_양돈농가 현황_20251029.csv
경상북도,영덕군,개인,,경상북도 영덕군 강구면 금호리 60,,,612,,,,,20251029,경상북도 영덕군_양돈농가 현황_20251029.csv
경상북도,영덕군,단비농장,,경상북도 영덕군 창수면 갈천리 294-6,,,300,,,,,20251029,경상북도 영덕군_양돈농가 현황_20251029.csv
경상북도,영덕군,에벤에셀농장,,경상북도 영덕군 병곡면 사천리 499 외 7필지(497-2. 491-2. 498. 491-5. 497-1. 491-1. 491-6),,,4000,,,,,20251029,경상북도 영덕군_양돈농가 현황_20251029.csv
경상북도,영덕군,진불축산,,경상북도 영덕군 강구면 금호리 41 외1필지(48),,,1013,,,,,20251029,경상북도 영덕군_양돈농가 현황_20251029.csv
경상북도,영덕군,개인,,경상북도 영덕군 영덕읍 화수리 744 . 743-1,,,350,,,,,20251029,경상북도 영덕군_양돈농가 현황_20251029.csv
경상북도,영덕군,개인,,경상북도 영덕군 영덕읍 화수리 598-3,,,0,,,,,20251029,경상북도 영덕군_양돈농가 현황_20251029.csv
경상북도,영덕군,개인,,경상북도 영덕군 영덕읍 화수리 604-7,,,0,,,,,20251029,경상북도 영덕군_양돈농가 현황_20251029.csv
경상북도,영덕군,화수농장,,경상북도 영덕군 영덕읍 화수리 652 외3필지(642.652-1.652-5),,,659,,,,,20251029,경상북도 영덕군_양돈농가 현황_20251029.csv
경상북도,영덕군,개인,,경상북도 영덕군 영덕읍 우곡리 53,,,0,,,,,20251029,경상북도 영덕군_양돈농가 현황_20251029.csv
경상북도,영덕군,개인,,경상북도 영덕군 영덕읍 매정리 1048,,,793,,,,,20251029,경상북도 영덕군_양돈농가 현황_20251029.csv
경상북도,영덕군,개인,,경상북도 영덕군 지품면 속곡리 58 외1필(59-1),,,51,,,,,20251029,경상북도 영덕군_양돈농가 현황_20251029.csv
경상북도,영덕군,월곡농장,,경상북도 영덕군 축산면 부곡리 367-2 외 1필(367-4),,,370,,,,,20251029,경상북도 영덕군_양돈농가 현황_20251029.csv
경상북도,영천시,강산농원,돼지,경상북도 영천시 청통면 용내길 18916,,,,,,,,20251111,경상북도 영천시_관내양돈농가현황_20251111.csv
경상북도,영천시,최신농장,돼지,경상북도 영천시 청통면 용내길 21520,,,,,,,,20251111,경상북도 영천시_관내양돈농가현황_20251111.csv
경상북도,영천시,활보농장,돼지,경상북도 영천시 고경면 가수길 4023,,,1950,,,,,20251111,경상북도 영천시_관내양돈농가현황_20251111.csv
경상북도,영천시,수호농장,돼지,경상북도 영천시 고경면 단포구보길 94,,,1080,,,,,20251111,경상북도 영천시_관내양돈농가현황_20251111.csv
경상북도,영천시,대천농장,돼지,경상북도 영천시 고경면 청정길 132,,,3892,,,,,20251111,경상북도 영천시_관내양돈농가현황_20251111.csv
경상북도,영천시,오성농장,돼지,경상북도 영천시 고경면 청정길 128,,,768,,,,,20251111,경상북도 영천시_관내양돈농가현황_20251111.csv
경상북도,영천시,황금농장,돼지,경상북도 영천시 고경면 청정길 11824,,,640,,,,,20251111,경상북도 영천시_관내양돈농가현황_20251111.csv
경상북도,영천시,삼원농장,돼지,경상북도 영천시 금호읍 금호제방길 18864,,,2641,,,,,20251111,경상북도 영천시_관내양돈농가현황_20251111.csv
경상북도,영천시,남영농장,돼지,경상북도 영천시 북안면 신평탑골길 93132,,,1427,,,,,20251111,경상북도 영천시_관내양돈농가현황_20251111.csv
경상북도,영천시,왕초축산,돼지,경상북도 영천시 임고면 운주로 242149,,,400,,,,,20251111,경상북도 영천시_관내양돈농가현황_20251111.csv
경상북도,영천시,우농장,돼지,경상북도 영천시 신녕면 원낙길 34,,,1718,,,,,20251111,경상북도 영천시_관내양돈농가현황_20251111.csv
경상북도,영천시,일출2농장,돼지,경상북도 영천시 청통면 용내길 21545,,,,,,,,20251111,경상북도 영천시_관내양돈농가현황_20251111.csv
경상북도,영천시,이상농장,돼지,경상북도 영천시 북안면 신평탑골길 7522,,,1550,,,,,20251111,경상북도 영천시_관내양돈농가현황_20251111.csv
경상북도,영천시,명성농장,돼지,경상북도 영천시 대창면  대창리 28,,,3407,,,,,20251111,경상북도 영천시_관내양돈농가현황_20251111.csv
경상북도,영천시,경북 AI,돼지,경상북도 영천시 대창면 성갈길 59,,,3662,,,,,20251111,경상북도 영천시_관내양돈농가현황_20251111.csv
경상북도,영천시,일출농장,돼지,경상북도 영천시 청통면 용내길 21538,,,3995,,,,,20251111,경상북도 영천시_관내양돈농가현황_20251111.csv
경상북도,영천시,성현1농장,돼지,경상북도 영천시 화산면 대안2길 104,,,3273,,,,,20251111,경상북도 영천시_관내양돈농가현황_20251111.csv
경상북도,영천시,미래농장,돼지,경상북도 영천시 청통면 용내길 157,,,3910,,,,,20251111,경상북도 영천시_관내양돈농가현황_20251111.csv
경상북도,영천시,대성농장,돼지,경상북도 영천시 청통면 용내길 18916,,,950,,,,,20251111,경상북도 영천시_관내양돈농가현황_20251111.csv
경상북도,영천시,말밭농장,돼지,경상북도 영천시 청통면 사일로 515,,,4121,,,,,20251111,경상북도 영천시_관내양돈농가현황_20251111.csv
경상북도,영천시,창바우농장,돼지,경상북도 영천시 고경면 호국로 575262,,,3128,,,,,20251111,경상북도 영천시_관내양돈농가현황_20251111.csv
경상북도,영천시,성현농장,돼지,경상북도 영천시 청통면 구정길 428,,,1636,,,,,20251111,경상북도 영천시_관내양돈농가현황_20251111.csv
경상북도,영천시,한결농장,돼지,경상북도 영천시 금호읍 거여로 2279,,,2526,,,,,20251111,경상북도 영천시_관내양돈농가현황_20251111.csv
경상북도,영천시,선진농장,돼지,경상북도 영천시 금호읍 거여로 34280,,,1843,,,,,20251111,경상북도 영천시_관내양돈농가현황_20251111.csv
경상북도,영천시,말밭2농장,돼지,경상북도 영천시 청통면 신덕1길 25,,,7017,,,,,20251111,경상북도 영천시_관내양돈농가현황_20251111.csv
경상북도,영천시,송림양돈제3농장,돼지,경상북도 영천시 북안면 신평탑골길 7522,,,1810,,,,,20251111,경상북도 영천시_관내양돈농가현황_20251111.csv
경상북도,영천시,송림양돈제1농장,돼지,경상북도 영천시 북안면 돌할매로 21013,,,4350,,,,,20251111,경상북도 영천시_관내양돈농가현황_20251111.csv
경상북도,영천시,대의농장,돼지,경상북도 영천시 고경면 거곡로 27424,,,989,,,,,20251111,경상북도 영천시_관내양돈농가현황_20251111.csv
경상북도,영천시,SF농장,돼지,경상북도 영천시 금호읍 거여로 36091,,,2546,,,,,20251111,경상북도 영천시_관내양돈농가현황_20251111.csv
경상북도,영천시,에덴농장,돼지,경상북도 영천시 금호읍  황정리 7036,,,3240,,,,,20251111,경상북도 영천시_관내양돈농가현황_20251111.csv
경상북도,영천시,청계농장,돼지,경상북도 영천시 청통면 망지1길 24,,,1513,,,,,20251111,경상북도 영천시_관내양돈농가현황_20251111.csv
경상북도,영천시,청산농장,돼지,경상북도 영천시 청통면  계지리 741,,,2121,,,,,20251111,경상북도 영천시_관내양돈농가현황_20251111.csv
경상북도,영천시,권영건,돼지,경상북도 영천시 금호읍 거여로 34273,,,1350,,,,,20251111,경상북도 영천시_관내양돈농가현황_20251111.csv
경상북도,영천시,비원농장,돼지,경상북도 영천시 북안면 팔암길 981,,,3006,,,,,20251111,경상북도 영천시_관내양돈농가현황_20251111.csv
경상북도,영천시,대광농장,돼지,경상북도 영천시 임고면 신방로 4083,,,4804,,,,,20251111,경상북도 영천시_관내양돈농가현황_20251111.csv
경상북도,영천시,약농농장,돼지,경상북도 영천시 대창면 장곡길 18412,,,,,,,,20251111,경상북도 영천시_관내양돈농가현황_20251111.csv
경상북도,영천시,제이농장,돼지,경상북도 영천시 고경면 차당실로 70927,,,760,,,,,20251111,경상북도 영천시_관내양돈농가현황_20251111.csv
경상북도,영천시,구일농장,돼지,경상북도 영천시 화남면 귀호1길 175,,,,,,,,20251111,경상북도 영천시_관내양돈농가현황_20251111.csv
경상북도,영천시,봉무농장,돼지,경상북도 영천시 청통면 솔밭길 8,,,900,,,,,20251111,경상북도 영천시_관내양돈농가현황_20251111.csv
경상북도,영천시,원화축산,돼지,경상북도 영천시 금호읍 남성길 10415,,,1650,,,,,20251111,경상북도 영천시_관내양돈농가현황_20251111.csv
경상북도,영천시,한얼농장,돼지,경상북도 영천시 청통면 한티길 160,,,4152,,,,,20251111,경상북도 영천시_관내양돈농가현황_20251111.csv
경상북도,영천시,룸비니농장,돼지,경상북도 영천시 청통면 애련길 82,,,3877,,,,,20251111,경상북도 영천시_관내양돈농가현황_20251111.csv
경상북도,영천시,현대농장,돼지,경상북도 영천시 화남면 천문로 177110,,,818,,,,,20251111,경상북도 영천시_관내양돈농가현황_20251111.csv
경상북도,영천시,도천축산,돼지,경상북도 영천시 북안면 신평탑골길 758,,,1612,,,,,20251111,경상북도 영천시_관내양돈농가현황_20251111.csv
경상북도,영천시,지덕농장,돼지,경상북도 영천시 신녕면 구디티길 6529,,,3221,,,,,20251111,경상북도 영천시_관내양돈농가현황_20251111.csv
경상북도,영천시,죽곡농장,돼지,경상북도 영천시 화남면 신선로 350,,,,,,,,20251111,경상북도 영천시_관내양돈농가현황_20251111.csv
경상북도,영천시,샛별농장,돼지,경상북도 영천시 신녕면 장수로 14469,,,813,,,,,20251111,경상북도 영천시_관내양돈농가현황_20251111.csv
경상북도,영천시,중원농장,돼지,경상북도 영천시 대창면 영지길 3016,,,,,,,,20251111,경상북도 영천시_관내양돈농가현황_20251111.csv
경상북도,영천시,금호농장,돼지,경상북도 영천시 금호읍 금창로 1447,,,2514,,,,,20251111,경상북도 영천시_관내양돈농가현황_20251111.csv
경상북도,영천시,으뜸축산,돼지,경상북도 영천시 청통면 용내길 5635,,,1800,,,,,20251111,경상북도 영천시_관내양돈농가현황_20251111.csv
경상북도,영천시,송림양돈제2농장,돼지,경상북도 영천시 북안면 신평탑골길 93111,,,7710,,,,,20251111,경상북도 영천시_관내양돈농가현황_20251111.csv
경상북도,영천시,성현농장,돼지,경상북도 영천시 청통면 망지2길 46,,,796,,,,,20251111,경상북도 영천시_관내양돈농가현황_20251111.csv
경상북도,영천시,농업회사법인 은혜 주식회사,돼지,경상북도 영천시 청통면 애련길 12042,,,2515,,,,,20251111,경상북도 영천시_관내양돈농가현황_20251111.csv
경상북도,영천시,대림농장,돼지,경상북도 영천시 고경면 호국로 1433127,,,4837,,,,,20251111,경상북도 영천시_관내양돈농가현황_20251111.csv
경상북도,영천시,석산영농조합법인,돼지,경상북도 영천시 고경면 모시밭길 1610,,,7216,,,,,20251111,경상북도 영천시_관내양돈농가현황_20251111.csv
경상북도,영천시,예찬농장,돼지,경상북도 영천시 화산면 신화로 77015,,,8428,,,,,20251111,경상북도 영천시_관내양돈농가현황_20251111.csv
경상북도,영천시,임마누엘농장,돼지,경상북도 영천시 고경면 모시밭길 104 (외 2필),,,992,,,,,20251111,경상북도 영천시_관내양돈농가현황_20251111.csv
경상북도,영천시,후니네농장,돼지,경상북도 영천시 금호읍  황정리 34292,,,2816,,,,,20251111,경상북도 영천시_관내양돈농가현황_20251111.csv
경상북도,영천시,전원농장,돼지,경상북도 영천시 청통면 금송로 85725,,,4018,,,,,20251111,경상북도 영천시_관내양돈농가현황_20251111.csv
경상북도,영천시,태하축산,돼지,경상북도 영천시 화북면  자천리 23007,,,819,,,,,20251111,경상북도 영천시_관내양돈농가현황_20251111.csv
경상북도,영천시,환희농장,돼지,경상북도 영천시 화북면 연지안길 1921,,,1495,,,,,20251111,경상북도 영천시_관내양돈농가현황_20251111.csv
경상북도,영천시,새우리농장,돼지,경상북도 영천시 임고면 운주로 242113,,,3158,,,,,20251111,경상북도 영천시_관내양돈농가현황_20251111.csv
경상북도,영천시,석산3농장,돼지,경상북도 영천시 고경면 호국로 575262,,,4711,,,,,20251111,경상북도 영천시_관내양돈농가현황_20251111.csv
경상북도,영천시,더불어농장,돼지,경상북도 영천시 고경면 모시밭길 118,,,2357,,,,,20251111,경상북도 영천시_관내양돈농가현황_20251111.csv
경상북도,영천시,청산농장,돼지,경상북도 영천시 고경면 청정길 1187,,,2263,,,,,20251111,경상북도 영천시_관내양돈농가현황_20251111.csv
경상북도,영천시,용천농장,돼지,경상북도 영천시 청통면 용내길 21525,,,947,,,,,20251111,경상북도 영천시_관내양돈농가현황_20251111.csv
경상북도,영천시,장원농장,돼지,경상북도 영천시 청통면 용천리 201,,,6229,,,,,20251111,경상북도 영천시_관내양돈농가현황_20251111.csv
경상북도,영천시,G farm CS,돼지,경상북도 영천시 청통면 금송로 71119,,,2581,,,,,20251111,경상북도 영천시_관내양돈농가현황_20251111.csv
경상북도,영천시,민지농장,돼지,경상북도 영천시 신녕면 가천리 50102,,,1040,,,,,20251111,경상북도 영천시_관내양돈농가현황_20251111.csv
경상북도,영천시,농업회사법인 주식회사 산수골 영천지점,돼지,경상북도 영천시 화남면 월곡길 280,,,,,,,,20251111,경상북도 영천시_관내양돈농가현황_20251111.csv
경상북도,영천시,성실농장,돼지,경상북도 영천시 금호읍 거여로 36085,,,9229,,,,,20251111,경상북도 영천시_관내양돈농가현황_20251111.csv
경상북도,영천시,육일농장,돼지,경상북도 영천시 대창면 성갈길 59,,,2826,,,,,20251111,경상북도 영천시_관내양돈농가현황_20251111.csv
경상북도,영천시,신대농장,돼지,경상북도 영천시 북안면 운북로 158834,,,845,,,,,20251111,경상북도 영천시_관내양돈농가현황_20251111.csv
경상북도,영천시,석산농장,돼지,경상북도 영천시 고경면 상계로 129,,,1290,,,,,20251111,경상북도 영천시_관내양돈농가현황_20251111.csv
경상북도,영천시,푸르담농장,돼지,경상북도 영천시 고경면 거곡로 287,,,1216,,,,,20251111,경상북도 영천시_관내양돈농가현황_20251111.csv
경상북도,영천시,계명농장,돼지,경상북도 영천시 청통면 신덕길 62,,,330,,,,,20251111,경상북도 영천시_관내양돈농가현황_20251111.csv
경상북도,영천시,(주)새빛농장,돼지,경상북도 영천시 대창면 영지길 12795,,,5513,,,,,20251111,경상북도 영천시_관내양돈농가현황_20251111.csv
경상북도,영천시,대성농장,돼지,경상북도 영천시 고경면 창상리 18417,,,900,,,,,20251111,경상북도 영천시_관내양돈농가현황_20251111.csv
경상북도,영천시,미래농장,돼지,경상북도 영천시 청통면 애련길 12034,,,200,,,,,20251111,경상북도 영천시_관내양돈농가현황_20251111.csv
경상북도,의성군,자유농장,돼지,경상북도 의성군 단촌면 병방리 888번지,경상북도 의성군 단촌면 마들길 38,,5300,,,,,2025-11-05,경상북도 의성군_양돈농가현황_20251105.csv
경상북도,의성군,일송농장,돼지,경상북도 의성군 점곡면 명고리 산 83번지,경상북도 의성군 점곡면 명고길 89-107,,5000,,,,,2025-11-05,경상북도 의성군_양돈농가현황_20251105.csv
경상북도,의성군,사곡오농장,돼지,경상북도 의성군 사곡면 토현리 301번지,경상북도 의성군 사곡면 토현2길 88,,4000,,,,,2025-11-05,경상북도 의성군_양돈농가현황_20251105.csv
경상북도,의성군,삼오농장,돼지,경상북도 의성군 비안면 이두리 618번지,경상북도 의성군 비안면 이두1길 25,,1300,,,,,2025-11-05,경상북도 의성군_양돈농가현황_20251105.csv
경상북도,의성군,영농조합법인 사곡양돈단지,돼지,경상북도 의성군 사곡면 토현리 301번지 외 7필지,,,8500,,,,,2025-11-05,경상북도 의성군_양돈농가현황_20251105.csv
경상북도,의성군,남부축산,돼지,경상북도 의성군 의성읍 오로리 1025번지,경상북도 의성군 의성읍 오로4길 56,,1100,,,,,2025-11-05,경상북도 의성군_양돈농가현황_20251105.csv
경상북도,의성군,금성농장,돼지,경상북도 의성군 금성면 도경리 18번지,경상북도 의성군 금성면 도경4길 180-6,,1200,,,,,2025-11-05,경상북도 의성군_양돈농가현황_20251105.csv
경상북도,의성군,농업회사법인구룡축산(주) 제1농장,돼지,경상북도 의성군 단북면 연제리 189번지,,,1700,,,,,2025-11-05,경상북도 의성군_양돈농가현황_20251105.csv
경상북도,의성군,현지농장,돼지,경상북도 의성군 점곡면 구암리 107번지,경상북도 의성군 점곡면 구암새터길 4-15,,800,,,,,2025-11-05,경상북도 의성군_양돈농가현황_20251105.csv
경상북도,의성군,도옥농장,돼지,경상북도 의성군 안평면 도옥리 49번지,경상북도 의성군 안평면 신안길 86-18,,1500,,,,,2025-11-05,경상북도 의성군_양돈농가현황_20251105.csv
경상북도,의성군,신한농장,돼지,경상북도 의성군 봉양면 신평리 300번지,,,1500,,,,,2025-11-05,경상북도 의성군_양돈농가현황_20251105.csv
경상북도,의성군,시안농장,돼지,경상북도 의성군 안계면 시안리 326번지,경상북도 의성군 안계면 시안2길 35,,1000,,,,,2025-11-05,경상북도 의성군_양돈농가현황_20251105.csv
경상북도,의성군,광림축산,돼지,경상북도 의성군 비안면 이두리 377번지,경상북도 의성군 비안면 이두1길 54,,1200,,,,,2025-11-05,경상북도 의성군_양돈농가현황_20251105.csv
경상북도,의성군,경완농장,돼지,경상북도 의성군 구천면 내산리 546번지 외 2필지,경상북도 의성군 구천면 소보안계로 1847-46,,1700,,,,,2025-11-05,경상북도 의성군_양돈농가현황_20251105.csv
경상북도,의성군,은광농장,돼지,경상북도 의성군 신평면 교안리 1216번지,경상북도 의성군 신평면 절골길 21-26,,3000,,,,,2025-11-05,경상북도 의성군_양돈농가현황_20251105.csv
경상북도,의성군,서산농장,돼지,경상북도 의성군 비안면 서부리 17번지,경상북도 의성군 비안면 만세길 373,,1200,,,,,2025-11-05,경상북도 의성군_양돈농가현황_20251105.csv
경상북도,의성군,농업회사법인 다인(주),돼지,경상북도 의성군 다인면 외정리 761번지,경상북도 의성군 다인면 서부로 2372-43,,1000,,,,,2025-11-05,경상북도 의성군_양돈농가현황_20251105.csv
경상북도,의성군,삼영농장,돼지,경상북도 의성군 다인면 삼분리,경상북도 의성군 다인면 서부로 2336-10,,2300,,,,,2025-11-05,경상북도 의성군_양돈농가현황_20251105.csv
경상북도,의성군,솔개농장,돼지,경상북도 의성군 단촌면 하화리 933번지,경상북도 의성군 단촌면 경북대로 6370-18,,800,,,,,2025-11-05,경상북도 의성군_양돈농가현황_20251105.csv
경상북도,의성군,수성농장,돼지,경상북도 의성군 금성면 도경리 1435번지,경상북도 의성군 금성면 도경4길 145,,500,,,,,2025-11-05,경상북도 의성군_양돈농가현황_20251105.csv
경상북도,의성군,원당농장,돼지,경상북도 의성군 의성읍 원당리 770번지,경상북도 의성군 의성읍 원당2길 260,,2000,,,,,2025-11-05,경상북도 의성군_양돈농가현황_20251105.csv
경상북도,의성군,동명2농장,돼지,경상북도 의성군 다인면 서릉리 557번지,경상북도 의성군 다인면 단북다인로 1153-29,,800,,,,,2025-11-05,경상북도 의성군_양돈농가현황_20251105.csv
경상북도,의성군,선지양돈장,돼지,경상북도 의성군 금성면 청로리 1099번지,경상북도 의성군 금성면 동부로 1963-16,,900,,,,,2025-11-05,경상북도 의성군_양돈농가현황_20251105.csv
경상북도,의성군,농업회사법인구룡축산(주) 제3농장,돼지,경상북도 의성군 다인면 가원리 114번지,,,1800,,,,,2025-11-05,경상북도 의성군_양돈농가현황_20251105.csv
경상북도,의성군,성안농장,돼지,경상북도 의성군 비안면 장춘리 784번지,경상북도 의성군 비안면 용재길 102-158,,900,,,,,2025-11-05,경상북도 의성군_양돈농가현황_20251105.csv
경상북도,의성군,복있는농장,돼지,경상북도 의성군 구천면 용사리 113번지,경상북도 의성군 구천면 애못마을길 184,,1100,,,,,2025-11-05,경상북도 의성군_양돈농가현황_20251105.csv
경상북도,의성군,K팜 축산,돼지,경상북도 의성군 단촌면 후평리 378번지,경상북도 의성군 단촌면 후평들길 25-6,,2000,,,,,2025-11-05,경상북도 의성군_양돈농가현황_20251105.csv
경상북도,의성군,조은농장,돼지,경상북도 의성군 다인면 삼분리 1724번지,경상북도 의성군 다인면 삼분4길 32-69,,2400,,,,,2025-11-05,경상북도 의성군_양돈농가현황_20251105.csv
경상북도,의성군,강변축산,돼지,경상북도 의성군 구천면 위성리 31번지,경상북도 의성군 구천면 위성1길 124,,600,,,,,2025-11-05,경상북도 의성군_양돈농가현황_20251105.csv
경상북도,의성군,화신농장,돼지,경상북도 의성군 비안면 화신리 553번지,경상북도 의성군 비안면 교화길 1058-46,,1000,,,,,2025-11-05,경상북도 의성군_양돈농가현황_20251105.csv
경상북도,의성군,동명축산,돼지,경상북도 의성군 금성면 대리리 988번지,경상북도 의성군 금성면 쌍계천길 224,,1000,,,,,2025-11-05,경상북도 의성군_양돈농가현황_20251105.csv
경상북도,의성군,황금농장,돼지,경상북도 의성군 단촌면 장림리 815번지,,,1200,,,,,2025-11-05,경상북도 의성군_양돈농가현황_20251105.csv
경상북도,의성군,골드팜,돼지,경상북도 의성군 금성면 개일리 492번지,경상북도 의성군 금성면 개일길 19,,2000,,,,,2025-11-05,경상북도 의성군_양돈농가현황_20251105.csv
경상북도,의성군,서산팜스,돼지,경상북도 의성군 구천면 위성리 199번지,경상북도 의성군 구천면 위성2길 110-9,,600,,,,,2025-11-05,경상북도 의성군_양돈농가현황_20251105.csv
경상북도,의성군,형제농장,돼지,경상북도 의성군 비안면 화신리 554번지,,,5000,,,,,2025-11-05,경상북도 의성군_양돈농가현황_20251105.csv
경상북도,의성군,은광2농장,돼지,경상북도 의성군 단촌면 장림리 770번지,,,2000,,,,,2025-11-05,경상북도 의성군_양돈농가현황_20251105.csv
경상북도,의성군,강촌스마트팜,돼지,경상북도 의성군 다인면 서릉리 536번지 외 5필지,,,7000,,,,,2025-11-05,경상북도 의성군_양돈농가현황_20251105.csv
경상북도,의성군,농업회사법인 삼승스마트팜(주),돼지,경상북도 의성군 다인면 서릉리 536번지,경상북도 의성군 다인면 상주다인로 1046-34,,9000,,,,,2025-11-05,경상북도 의성군_양돈농가현황_20251105.csv
경상북도,의성군,농업회사법인(주) 산수골군위 의성지점,돼지,경상북도 의성군 단밀면 낙정리 54번지,,,4000,,,,,2025-11-05,경상북도 의성군_양돈농가현황_20251105.csv
경상북도,의성군,농업회사법인 유한회사 한 피그,돼지,경상북도 의성군 단밀면 낙정리 10번지 외 1필지,,,700,,,,,2025-11-05,경상북도 의성군_양돈농가현황_20251105.csv
경상북도,의성군,우성 팜,돼지,경상북도 의성군 금성면 산운리 22-1,경상북도 의성군 금성면 금성산길 163-74,,9000,,,,,2025-11-05,경상북도 의성군_양돈농가현황_20251105.csv
경상북도,의성군,우성농업회사법인,돼지,경상북도 의성군 다인면 도암리 989-42,경상북도 의성군 다인면 서부로 2858-36,,5000,,,,,2025-11-05,경상북도 의성군_양돈농가현황_20251105.csv
경상북도,의성군,대성농장,돼지,경상북도 의성군 금성면 탑리리 256-5,경상북도 의성군 금성면 금학산길 40,,3500,,,,,2025-11-05,경상북도 의성군_양돈농가현황_20251105.csv
경상북도,의성군,농협경제지주(주) 농협종돈개량사업소GGP,돼지,경상북도 의성군 단북면 정안리 552-1,경상북도 의성군 단북면 서부로 2040-31,,4200,,,,,2025-11-05,경상북도 의성군_양돈농가현황_20251105.csv
경상북도,청도군,**농장,돼지,경상북도 청도군 매전면 덕산리,,,917,6,1174,,,20251103,경상북도 청도군_양돈농가현황_20251103.csv
경상북도,청도군,**조은농장,돼지,경상북도 청도군 이서면 가금리,,,665,2,1479,,,20251103,경상북도 청도군_양돈농가현황_20251103.csv
경상북도,청도군,**회사법인 강산농장(주),돼지,경상북도 청도군 풍각면 안산리,,,4573,2,3743,,,20251103,경상북도 청도군_양돈농가현황_20251103.csv
경상북도,청도군,**농장,돼지,경상북도 청도군 풍각면 성곡리,,,3325,2,4112,,,20251103,경상북도 청도군_양돈농가현황_20251103.csv
경상북도,청도군,**농장,돼지,경상북도 청도군 풍각면 흑석리,,,2204,8,2379,,,20251103,경상북도 청도군_양돈농가현황_20251103.csv
경상북도,청도군,**농장(주),돼지,경상북도 청도군 각남면 구곡리,,,743,2,969,,,20251103,경상북도 청도군_양돈농가현황_20251103.csv
경상북도,청도군,**농장,돼지,경상북도 청도군 매전면 덕산리,,,1778,6,1210,,,20251103,경상북도 청도군_양돈농가현황_20251103.csv
경상북도,청도군,**농장,돼지,경상북도 청도군 청도읍 평양리,,,315,4,942,,,20251103,경상북도 청도군_양돈농가현황_20251103.csv
경상북도,청도군,**농장,돼지,경상북도 청도군 청도읍 내호리,,,4727,15,6253,,,20251103,경상북도 청도군_양돈농가현황_20251103.csv
경상북도,청도군,**농장,돼지,경상북도 청도군 이서면 금촌리,,,1126,5,1386,,,20251103,경상북도 청도군_양돈농가현황_20251103.csv
경상북도,청도군,**농장,돼지,경상북도 청도군 이서면 가금리,,,2249,7,2393,,,20251103,경상북도 청도군_양돈농가현황_20251103.csv
경상북도,청도군,**학농장,돼지,경상북도 청도군 매전면 장연리,,,3105,5,2248,,,20251103,경상북도 청도군_양돈농가현황_20251103.csv
경상북도,청도군,**연 농원,돼지,경상북도 청도군 이서면 서원리,,,3201,17,4001,,,20251103,경상북도 청도군_양돈농가현황_20251103.csv
경상북도,청도군,**농장,돼지,경상북도 청도군 이서면 흥선리,,,2000,8,1919,,,20251103,경상북도 청도군_양돈농가현황_20251103.csv
경상북도,청도군,**농장,돼지,경상북도 청도군 금천면 소천리,,,1681,6,2192,,,20251103,경상북도 청도군_양돈농가현황_20251103.csv
경상북도,청도군,**이농장,돼지,경상북도 청도군 이서면 흥선리,,,4721,1,3898,,,20251103,경상북도 청도군_양돈농가현황_20251103.csv
경상북도,청도군,**농장,돼지,경상북도 청도군 풍각면 덕양리,,,2001,4,2414,,,20251103,경상북도 청도군_양돈농가현황_20251103.csv
경상북도,청도군,**농장,돼지,경상북도 청도군 이서면 대곡리,,,1499,7,2178,,,20251103,경상북도 청도군_양돈농가현황_20251103.csv
경상북도,청도군,**농장,돼지,경상북도 청도군 풍각면 월봉리,,,1325,4,1590,,,20251103,경상북도 청도군_양돈농가현황_20251103.csv
경상북도,청도군,**농장,돼지,경상북도 청도군 풍각면 현리리,,,190,2,660,,,20251103,경상북도 청도군_양돈농가현황_20251103.csv
경상북도,청도군,**조은농장,돼지,경상북도 청도군 이서면 가금리,,,2315,7,1502,,,20251103,경상북도 청도군_양돈농가현황_20251103.csv
경상북도,청도군,**축산,돼지,경상북도 청도군 매전면 하평리,,,2837,6,2058,,,20251103,경상북도 청도군_양돈농가현황_20251103.csv
경상북도,청송군,우*,돼지,경상북도 청송군 주왕산면 부일리,,,2672,,,,,2025-11-10,경상북도 청송군_양돈농가현황_20251110.csv
경상북도,청송군,와*,돼지,경상북도 청송군 안덕면 덕성리,,,2214,,,,,2025-11-10,경상북도 청송군_양돈농가현황_20251110.csv
경상북도,청송군,상*,돼지,경상북도 청송군 안덕면 지소리,,,2418,,,,,2025-11-10,경상북도 청송군_양돈농가현황_20251110.csv
경상북도,청송군,대*,돼지,경상북도 청송군 진보면 기곡리,,,351,,,,,2025-11-10,경상북도 청송군_양돈농가현황_20251110.csv
경상북도,청송군,동*,돼지,경상북도 청송군 진보면 기곡리,,,15741,,,,,2025-11-10,경상북도 청송군_양돈농가현황_20251110.csv
경상북도,청송군,청*,돼지,경상북도 청송군 파천면 황목리,,,3760,,,,,2025-11-10,경상북도 청송군_양돈농가현황_20251110.csv
대구광역시,군위군,대흥종돈장,돼지,대구광역시 군위군 군위읍 도군로 2257-35,,,,,,,,2025-10-29,대구광역시 군위군_양돈농가 현황_20251029.csv
대구광역시,군위군,범일농장,돼지,대구광역시 군위군 군위읍 대북길 62-10,,,,,,,,2025-10-29,대구광역시 군위군_양돈농가 현황_20251029.csv
대구광역시,군위군,외량농장,돼지,대구광역시 군위군 군위읍 내외량길 44,,,,,,,,2025-10-29,대구광역시 군위군_양돈농가 현황_20251029.csv
대구광역시,군위군,대성농장,돼지,대구광역시 군위군 효령면 장기길 339,,,,,,,,2025-10-29,대구광역시 군위군_양돈농가 현황_20251029.csv
대구광역시,군위군,원산농장,돼지,대구광역시 군위군 군위읍 수서사직길 138-55,,,,,,,,2025-10-29,대구광역시 군위군_양돈농가 현황_20251029.csv
대구광역시,군위군,한실축산,돼지,대구광역시 군위군 효령면 한실길 54,,,,,,,,2025-10-29,대구광역시 군위군_양돈농가 현황_20251029.csv
대구광역시,군위군,피그앤팜(본장),돼지,대구광역시 군위군 군위읍 무성2길 31-39,,,,,,,,2025-10-29,대구광역시 군위군_양돈농가 현황_20251029.csv
대구광역시,군위군,신한양농장,돼지,대구광역시 군위군 군위읍 내외량길 288-6,,,,,,,,2025-10-29,대구광역시 군위군_양돈농가 현황_20251029.csv
대구광역시,군위군,이화농장,돼지,대구광역시 군위군 우보면 수서1길 45-117,,,,,,,,2025-10-29,대구광역시 군위군_양돈농가 현황_20251029.csv
대구광역시,군위군,대하농장,돼지,대구광역시 군위군 효령면 장군로 1271-53,,,,,,,,2025-10-29,대구광역시 군위군_양돈농가 현황_20251029.csv
대구광역시,군위군,안심농장,돼지,대구광역시 군위군 효령면 새들길 52,,,,,,,,2025-10-29,대구광역시 군위군_양돈농가 현황_20251029.csv
대구광역시,군위군,율림농장,돼지,대구광역시 군위군 효령면 치산효령로 2061,,,,,,,,2025-10-29,대구광역시 군위군_양돈농가 현황_20251029.csv
대구광역시,군위군,흥진농장,돼지,대구광역시 군위군 효령면 장군로 1271-44,,,,,,,,2025-10-29,대구광역시 군위군_양돈농가 현황_20251029.csv
대구광역시,군위군,피그앤팜(3농장),돼지,대구광역시 군위군 군위읍 외량리 640,,,,,,,,2025-10-29,대구광역시 군위군_양돈농가 현황_20251029.csv
대구광역시,군위군,한양축산,돼지,대구광역시 군위군 군위읍 서금로 777-93,,,,,,,,2025-10-29,대구광역시 군위군_양돈농가 현황_20251029.csv
대구광역시,군위군,영일농장,돼지,대구광역시 군위군 의흥면 가지골길 34-34,,,,,,,,2025-10-29,대구광역시 군위군_양돈농가 현황_20251029.csv
대구광역시,군위군,경일농장,돼지,대구광역시 군위군 군위읍 서금로 745-52,,,,,,,,2025-10-29,대구광역시 군위군_양돈농가 현황_20251029.csv
대구광역시,군위군,신일농장,돼지,대구광역시 군위군 효령면 불로길 73,,,,,,,,2025-10-29,대구광역시 군위군_양돈농가 현황_20251029.csv
대구광역시,군위군,새들농장,돼지,대구광역시 군위군 효령면 새들길 32,,,,,,,,2025-10-29,대구광역시 군위군_양돈농가 현황_20251029.csv
대구광역시,군위군,부광농장,돼지,대구광역시 군위군 효령면 새들길 186,,,,,,,,2025-10-29,대구광역시 군위군_양돈농가 현황_20251029.csv
대구광역시,군위군,대신축산,돼지,대구광역시 군위군 의흥면 원산금양길 600-87,,,,,,,,2025-10-29,대구광역시 군위군_양돈농가 현황_20251029.csv
대구광역시,군위군,이레농장,돼지,대구광역시 군위군 군위읍 도군로 2609-20,,,,,,,,2025-10-29,대구광역시 군위군_양돈농가 현황_20251029.csv
대구광역시,군위군,원산농장,돼지,대구광역시 군위군 의흥면 배태길 236,,,,,,,,2025-10-29,대구광역시 군위군_양돈농가 현황_20251029.csv
대구광역시,군위군,오케이축산,돼지,대구광역시 군위군 군위읍 내외량길 288-31,,,,,,,,2025-10-29,대구광역시 군위군_양돈농가 현황_20251029.csv
대구광역시,군위군,서산농장,돼지,대구광역시 군위군 군위읍 사직1길 21-30,,,,,,,,2025-10-29,대구광역시 군위군_양돈농가 현황_20251029.csv
대구광역시,군위군,우보종돈,돼지,대구광역시 군위군 우보면 선동길 84-25,,,,,,,,2025-10-29,대구광역시 군위군_양돈농가 현황_20251029.csv
대구광역시,군위군,대성농장,돼지,대구광역시 군위군 군위읍 내외량길 288-13,,,,,,,,2025-10-29,대구광역시 군위군_양돈농가 현황_20251029.csv
대구광역시,군위군,봉천농장,돼지,대구광역시 군위군 우보면 수서1길 45-29,,,,,,,,2025-10-29,대구광역시 군위군_양돈농가 현황_20251029.csv
대구광역시,군위군,이화양돈영농조합법인,돼지,대구광역시 군위군 의흥면 배태길 202-27,,,,,,,,2025-10-29,대구광역시 군위군_양돈농가 현황_20251029.csv
대구광역시,군위군,부강농장,돼지,대구광역시 군위군 부계면 치산효령로 989-27,,,,,,,,2025-10-29,대구광역시 군위군_양돈농가 현황_20251029.csv
대구광역시,군위군,농업회사법인 주식회사 명성,돼지,대구광역시 군위군 군위읍 수서사직길 38-45,,,,,,,,2025-10-29,대구광역시 군위군_양돈농가 현황_20251029.csv
대구광역시,군위군,산너머숲속에,돼지,대구광역시 군위군 부계면 치산효령로 989-35,,,,,,,,2025-10-29,대구광역시 군위군_양돈농가 현황_20251029.csv
대구광역시,군위군,대한농장,돼지,대구광역시 군위군 소보면 내의길 201,,,,,,,,2025-10-29,대구광역시 군위군_양돈농가 현황_20251029.csv
대구광역시,군위군,백연농장,돼지,대구광역시 군위군 군위읍 도군로 2577-22,,,,,,,,2025-10-29,대구광역시 군위군_양돈농가 현황_20251029.csv
대구광역시,군위군,골드농장,돼지,대구광역시 군위군 효령면 경북대로 2540-9,,,,,,,,2025-10-29,대구광역시 군위군_양돈농가 현황_20251029.csv
대구광역시,군위군,농업회사법인 주식회사 산수골군위,돼지,대구광역시 군위군 효령면 불곡길 73-4,,,,,,,,2025-10-29,대구광역시 군위군_양돈농가 현황_20251029.csv
대구광역시,군위군,이서팜,돼지,대구광역시 군위군 의흥면 동부로 935-138,,,,,,,,2025-10-29,대구광역시 군위군_양돈농가 현황_20251029.csv
대구광역시,군위군,해금농장,돼지,대구광역시 군위군 소보면 봉내길 367,,,,,,,,2025-10-29,대구광역시 군위군_양돈농가 현황_20251029.csv
대구광역시,군위군,선감농장,돼지,대구광역시 군위군 의흥면 원산금양길 16-23,,,,,,,,2025-10-29,대구광역시 군위군_양돈농가 현황_20251029.csv
대구광역시,군위군,들판에 정원,돼지,대구광역시 군위군 의흥면 동부로 1220,,,,,,,,2025-10-29,대구광역시 군위군_양돈농가 현황_20251029.csv
대구광역시,군위군,피그앤팜(2농장),돼지,대구광역시 군위군 효령면 금매리 408-12,,,,,,,,2025-10-29,대구광역시 군위군_양돈농가 현황_20251029.csv
대구광역시,군위군,㈜한돈농업회사법인,돼지,대구광역시 군위군 삼국유사면 안용아길 135,,,,,,,,2025-10-29,대구광역시 군위군_양돈농가 현황_20251029.csv
대구광역시,군위군,지호누리팜,돼지,대구광역시 군위군 의흥면 연계지호길 124,,,,,,,,2025-10-29,대구광역시 군위군_양돈농가 현황_20251029.csv
부산광역시,사하구,명진축산,돼지,부산광역시 사하구 장림동 900-6,부산광역시 사하구 보덕포1길 149,,278,,,,,2025-10-31,부산광역시 사하구_양돈농가현황_20251031.csv
부산광역시,사하구,초원축산,돼지,부산광역시 사하구 장림동 959,부산광역시 사하구 하신중앙로3번길 79-3,,600,,,,,2025-10-31,부산광역시 사하구_양돈농가현황_20251031.csv
울산광역시,북구,이영분,돈사,울산광역시 북구 무룡동 810-1번지,,,970,,,,,2025-11-10,울산광역시 북구_양돈농가 현황_20251110.csv
울산광역시,울주군,재남농장,,울산광역시 울주군 삼남읍 상천로 154-36,,,2096,,,,,20251111,울산광역시 울주군_양돈농가 현황_20251111.csv
울산광역시,울주군,서○○,,울산광역시 울주군 상북면 재궁골길 △△△,,,15,,,,,20251111,울산광역시 울주군_양돈농가 현황_20251111.csv
울산광역시,울주군,성신농장,,울산광역시 울주군 삼남읍 신안2길 61-16,,,1250,,,,,20251111,울산광역시 울주군_양돈농가 현황_20251111.csv
울산광역시,울주군,임○○,,울산광역시 울주군 삼남읍 수정가천길 △△△,,,926,,,,,20251111,울산광역시 울주군_양돈농가 현황_20251111.csv
울산광역시,울주군,신○○,,울산광역시 울주군 삼남읍 상천로 △△△,,,995,,,,,20251111,울산광역시 울주군_양돈농가 현황_20251111.csv
울산광역시,울주군,김○○,,울산광역시 울주군 웅촌면 정주권로 △△△,,,700,,,,,20251111,울산광역시 울주군_양돈농가 현황_20251111.csv
울산광역시,울주군,김○○,,울산광역시 울주군 웅촌면 정주권로 △△△,,,900,,,,,20251111,울산광역시 울주군_양돈농가 현황_20251111.csv
울산광역시,울주군,협진농장,,울산광역시 울주군 두서면 구량차리로 116-63,,,7214,,,,,20251111,울산광역시 울주군_양돈농가 현황_20251111.csv
울산광역시,울주군,심○○,,울산광역시 울주군 웅촌면 암곡1길 △△△,,,27,,,,,20251111,울산광역시 울주군_양돈농가 현황_20251111.csv
울산광역시,울주군,남해축산,,울산광역시 울주군 상북면 사광길 32-32,,,761,,,,,20251111,울산광역시 울주군_양돈농가 현황_20251111.csv
울산광역시,울주군,덕원농장,,울산광역시 울주군 언양읍 보림길 25-46,,,16880,,,,,20251111,울산광역시 울주군_양돈농가 현황_20251111.csv
울산광역시,울주군,재남농장,,울산광역시 울주군 삼남읍,,,850,,,,,20251111,울산광역시 울주군_양돈농가 현황_20251111.csv
울산광역시,울주군,전○○,,울산광역시 울주군 두서면 전읍복안로 △△△,,,756,,,,,20251111,울산광역시 울주군_양돈농가 현황_20251111.csv
울산광역시,울주군,대승농장,,울산광역시 울주군 삼남읍 진장길 210-30,,,0,,,,,20251111,울산광역시 울주군_양돈농가 현황_20251111.csv
울산광역시,울주군,울주 아린팜스,,울산광역시 울주군 웅촌면 고연공단4길 10-26,,,883,,,,,20251111,울산광역시 울주군_양돈농가 현황_20251111.csv
인천광역시,강화군,삼우농장,돼지,인천광역시 강화군 불은면 고능리 194번지 7호,,,,,,,,20240315,인천광역시 강화군_양돈농가 현황_20240315.csv
인천광역시,강화군,대산농장,돼지,인천광역시 강화군 강화읍 월곳리 111번지,인천광역시 강화군 강화읍 연미정길36번길 89,,,,,,,20240315,인천광역시 강화군_양돈농가 현황_20240315.csv
인천광역시,강화군,성혜농장,돼지,인천광역시 강화군 불은면 두운리 17번지 2호,,,,,,,,20240315,인천광역시 강화군_양돈농가 현황_20240315.csv
인천광역시,강화군,부성농장,돼지,인천광역시 강화군 불은면 삼동암리 716번지 1호,인천광역시 강화군 불은면 삼동암길 224-116,,,,,,,20240315,인천광역시 강화군_양돈농가 현황_20240315.csv
인천광역시,강화군,성우농장,돼지,인천광역시 강화군 양사면 북성리 826번지 5호,인천광역시 강화군 양사면 전망대로 1157,,,,,,,20240315,인천광역시 강화군_양돈농가 현황_20240315.csv
인천광역시,강화군,피그플러스,돼지,인천광역시 강화군 화도면 내리 1366번지 3호 외 3필지,,,,,,,,20240315,인천광역시 강화군_양돈농가 현황_20240315.csv
인천광역시,강화군,계양농장,돼지,인천광역시 강화군 양도면 길정리 271번지 1호,인천광역시 강화군 양도면 고려왕릉로 335,,,,,,,20240315,인천광역시 강화군_양돈농가 현황_20240315.csv
인천광역시,강화군,양도농장,돼지,인천광역시 강화군 양도면 조산리 467번지,,,,,,,,20240315,인천광역시 강화군_양돈농가 현황_20240315.csv
인천광역시,강화군,소망농장,돼지,인천광역시 강화군 불은면 삼동암리 1074번지 5호,인천광역시 강화군 불은면 불은북로311번길 102,,,,,,,20240315,인천광역시 강화군_양돈농가 현황_20240315.csv
인천광역시,강화군,강화한돈영농조합법인,돼지,인천광역시 강화군 불은면 삼동암리 1072번지 3호,인천광역시 강화군 불은면 불은북로311번길 80,,,,,,,20240315,인천광역시 강화군_양돈농가 현황_20240315.csv
인천광역시,강화군,상록농장,돼지,인천광역시 강화군 내가면 오상리 700번지 2호,,,,,,,,20240315,인천광역시 강화군_양돈농가 현황_20240315.csv
인천광역시,강화군,유수농장,돼지,인천광역시 강화군 하점면 망월리 2533번지,,,,,,,,20240315,인천광역시 강화군_양돈농가 현황_20240315.csv
인천광역시,강화군,재진농장,돼지,인천광역시 강화군 불은면 고능리 912번지 34호,,,,,,,,20240315,인천광역시 강화군_양돈농가 현황_20240315.csv
인천광역시,강화군,에덴팜,돼지,인천광역시 강화군 양사면 인화리 527번지 1호 외 1필지,,,,,,,,20240315,인천광역시 강화군_양돈농가 현황_20240315.csv
제주특별자치도,서귀포시,윤창영농조합법인,,제주특별자치도 서귀포시 대포동,,,5894,5,5377.13,,,2024-05-10,제주특별자치도 서귀포시_양돈 농가 규모_20240510.csv
제주특별자치도,서귀포시,하원농장,,제주특별자치도 서귀포시 구산봉로,,,448,4,403.18,,,2024-05-10,제주특별자치도 서귀포시_양돈 농가 규모_20240510.csv
제주특별자치도,서귀포시,대우축산,,제주특별자치도 서귀포시 중산간서로,,,1594,5,1367.72,,,2024-05-10,제주특별자치도 서귀포시_양돈 농가 규모_20240510.csv
제주특별자치도,서귀포시,삼목농장,,제주특별자치도 서귀포시 소보리당로,,,232,7,1588.98,,,2024-05-10,제주특별자치도 서귀포시_양돈 농가 규모_20240510.csv
제주특별자치도,서귀포시,세길농장,,제주특별자치도 서귀포시 대포동,,,600,3,940.95,,,2024-05-10,제주특별자치도 서귀포시_양돈 농가 규모_20240510.csv
제주특별자치도,서귀포시,우담농장,,제주특별자치도 서귀포시 색달로,,,902,3,1014.3,,,2024-05-10,제주특별자치도 서귀포시_양돈 농가 규모_20240510.csv
제주특별자치도,서귀포시,서흥축산영농조합법인,,제주특별자치도 서귀포시 1100로,,,7179,2,6862,,,2024-05-10,제주특별자치도 서귀포시_양돈 농가 규모_20240510.csv
제주특별자치도,서귀포시,농업회사법인(주)피그랜드 일과지점,,제주특별자치도 서귀포시 대정읍 암반수마농로,,,1544,7,2694.33,,,2024-05-10,제주특별자치도 서귀포시_양돈 농가 규모_20240510.csv
제주특별자치도,서귀포시,성지농장,,제주특별자치도 서귀포시 대정읍 암반수마농로,,,1994,7,2490.64,,,2024-05-10,제주특별자치도 서귀포시_양돈 농가 규모_20240510.csv
제주특별자치도,서귀포시,천미농장,,제주특별자치도 서귀포시 대정읍 암반수마농로,,,2670,6,2886.79,,,2024-05-10,제주특별자치도 서귀포시_양돈 농가 규모_20240510.csv
제주특별자치도,서귀포시,가시악축산,,제주특별자치도 서귀포시 대정읍 대한로,,,1878,7,2132.14,,,2024-05-10,제주특별자치도 서귀포시_양돈 농가 규모_20240510.csv
제주특별자치도,서귀포시,태근농장,,제주특별자치도 서귀포시 대정읍 암반수마농로,,,1478,8,1777,,,2024-05-10,제주특별자치도 서귀포시_양돈 농가 규모_20240510.csv
제주특별자치도,서귀포시,홍우농장,,제주특별자치도 서귀포시 성산읍 신풍하동로,,,3538,10,5337.14,,,2024-05-10,제주특별자치도 서귀포시_양돈 농가 규모_20240510.csv
제주특별자치도,서귀포시,봉영농장,,제주특별자치도 서귀포시 남원읍 태수로,,,1140,10,2113.98,,,2024-05-10,제주특별자치도 서귀포시_양돈 농가 규모_20240510.csv
제주특별자치도,서귀포시,사랑농원,,제주특별자치도 서귀포시 표선면 원님로,,,2818,7,2545.9,,,2024-05-10,제주특별자치도 서귀포시_양돈 농가 규모_20240510.csv
제주특별자치도,서귀포시,자연농장,,제주특별자치도 서귀포시 동홍로,,,213,3,746.2,,,2024-05-10,제주특별자치도 서귀포시_양돈 농가 규모_20240510.csv
제주특별자치도,서귀포시,우남농장,,제주특별자치도 서귀포시 일주서로,,,350,3,656.8,,,2024-05-10,제주특별자치도 서귀포시_양돈 농가 규모_20240510.csv
제주특별자치도,서귀포시,성실농장,,제주특별자치도 서귀포시 소보리당로,,,740,5,1096.4,,,2024-05-10,제주특별자치도 서귀포시_양돈 농가 규모_20240510.csv
제주특별자치도,서귀포시,대포양돈,,제주특별자치도 서귀포시 대포복개로,,,810,5,872.27,,,2024-05-10,제주특별자치도 서귀포시_양돈 농가 규모_20240510.csv
제주특별자치도,서귀포시,흑돼지농장,,제주특별자치도 서귀포시 서홍로,,,370,3,1620,,,2024-05-10,제주특별자치도 서귀포시_양돈 농가 규모_20240510.csv
제주특별자치도,서귀포시,신풍농장,,제주특별자치도 서귀포시 성산읍 남산봉로,,,1590,9,2619.72,,,2024-05-10,제주특별자치도 서귀포시_양돈 농가 규모_20240510.csv
제주특별자치도,서귀포시,신나축산,,제주특별자치도 서귀포시 안덕면 사계북로,,,1842,8,1798.14,,,2024-05-10,제주특별자치도 서귀포시_양돈 농가 규모_20240510.csv
제주특별자치도,서귀포시,칠성양돈,,제주특별자치도 서귀포시 표선면 가시로,,,7085,17,6415.08,,,2024-05-10,제주특별자치도 서귀포시_양돈 농가 규모_20240510.csv
제주특별자치도,서귀포시,두리농장,,제주특별자치도 서귀포시 대정읍 암반수마농로,,,1253,5,1360.8,,,2024-05-10,제주특별자치도 서귀포시_양돈 농가 규모_20240510.csv
제주특별자치도,서귀포시,새미농장,,제주특별자치도 서귀포시 대정읍 대한로,,,891,6,1512.58,,,2024-05-10,제주특별자치도 서귀포시_양돈 농가 규모_20240510.csv
제주특별자치도,서귀포시,자모농장,,제주특별자치도 서귀포시 대정읍 일주서로,,,1573,5,1211.38,,,2024-05-10,제주특별자치도 서귀포시_양돈 농가 규모_20240510.csv
제주특별자치도,서귀포시,팜CI,,제주특별자치도 서귀포시 대정읍 대한로,,,2020,5,1935,,,2024-05-10,제주특별자치도 서귀포시_양돈 농가 규모_20240510.csv
제주특별자치도,서귀포시,서림농장,,제주특별자치도 서귀포시 대정읍 일과리,,,2400,10,4594.05,,,2024-05-10,제주특별자치도 서귀포시_양돈 농가 규모_20240510.csv
제주특별자치도,서귀포시,별빛농장,,제주특별자치도 서귀포시 대정읍 암반수마농로,,,1130,5,1373,,,2024-05-10,제주특별자치도 서귀포시_양돈 농가 규모_20240510.csv
제주특별자치도,서귀포시,장수농장,,제주특별자치도 서귀포시 대정읍 대한로,,,1510,8,1622.24,,,2024-05-10,제주특별자치도 서귀포시_양돈 농가 규모_20240510.csv
제주특별자치도,서귀포시,돈돈축산,,제주특별자치도 서귀포시 대정읍 암반수마농로,,,2258,8,2000.42,,,2024-05-10,제주특별자치도 서귀포시_양돈 농가 규모_20240510.csv
제주특별자치도,서귀포시,성광농장,,제주특별자치도 서귀포시 대정읍 암반수마농로,,,1351,8,1309.6,,,2024-05-10,제주특별자치도 서귀포시_양돈 농가 규모_20240510.csv
제주특별자치도,서귀포시,올레축산,,제주특별자치도 서귀포시 대정읍 대한로,,,2508,6,2620.7,,,2024-05-10,제주특별자치도 서귀포시_양돈 농가 규모_20240510.csv
제주특별자치도,서귀포시,농업회사법인(주)피그랜드 대지지점,,제주특별자치도 서귀포시 대정읍 암반수마농로,,,401,8,2745.68,,,2024-05-10,제주특별자치도 서귀포시_양돈 농가 규모_20240510.csv
제주특별자치도,서귀포시,홍관농장,,제주특별자치도 서귀포시 대정읍 중산간서로,,,800,6,1719.31,,,2024-05-10,제주특별자치도 서귀포시_양돈 농가 규모_20240510.csv
제주특별자치도,서귀포시,명신양돈,,제주특별자치도 서귀포시 표선면 가시로,,,2410,6,1681,,,2024-05-10,제주특별자치도 서귀포시_양돈 농가 규모_20240510.csv
제주특별자치도,서귀포시,제주한라축산,,제주특별자치도 서귀포시 대정읍 동일리,,,2664,7,2950.8,,,2024-05-10,제주특별자치도 서귀포시_양돈 농가 규모_20240510.csv
제주특별자치도,서귀포시,엠유농장,,제주특별자치도 서귀포시 남원읍 생기악로,,,2123,9,2513.04,,,2024-05-10,제주특별자치도 서귀포시_양돈 농가 규모_20240510.csv
제주특별자치도,서귀포시,수산양돈장,,제주특별자치도 서귀포시 성산읍 서성일로,,,1008,4,1389.6,,,2024-05-10,제주특별자치도 서귀포시_양돈 농가 규모_20240510.csv
제주특별자치도,서귀포시,문선농장,,제주특별자치도 서귀포시 대정읍 암반수마농로,,,3400,13,3928.18,,,2024-05-10,제주특별자치도 서귀포시_양돈 농가 규모_20240510.csv
제주특별자치도,서귀포시,천일농장,,제주특별자치도 서귀포시 대정읍 암반수마농로,,,835,3,819.4,,,2024-05-10,제주특별자치도 서귀포시_양돈 농가 규모_20240510.csv
제주특별자치도,서귀포시,제주그린농장,,제주특별자치도 서귀포시 남원읍 남조로,,,200,6,480.85,,,2024-05-10,제주특별자치도 서귀포시_양돈 농가 규모_20240510.csv
제주특별자치도,서귀포시,봉영팜,,제주특별자치도 서귀포시 남원읍 태수로,,,1140,7,1582.61,,,2024-05-10,제주특별자치도 서귀포시_양돈 농가 규모_20240510.csv
제주특별자치도,서귀포시,한솔농장,,제주특별자치도 서귀포시 대정읍 대한로,,,1598,1,1531.02,,,2024-05-10,제주특별자치도 서귀포시_양돈 농가 규모_20240510.csv
제주특별자치도,서귀포시,승하축산,,제주특별자치도 서귀포시 안덕면 중산간서로,,,1515,5,1457,,,2024-05-10,제주특별자치도 서귀포시_양돈 농가 규모_20240510.csv
제주특별자치도,서귀포시,먼농장,,제주특별자치도 서귀포시 안덕면 평화로,,,1123,5,2304,,,2024-05-10,제주특별자치도 서귀포시_양돈 농가 규모_20240510.csv
제주특별자치도,서귀포시,태양농장,,제주특별자치도 서귀포시 대정읍 암반수마농로,,,915,6,1021.04,,,2024-05-10,제주특별자치도 서귀포시_양돈 농가 규모_20240510.csv
제주특별자치도,서귀포시,보리농장,,제주특별자치도 서귀포시 대정읍 일주서로,,,1369,5,1439.6,,,2024-05-10,제주특별자치도 서귀포시_양돈 농가 규모_20240510.csv
제주특별자치도,서귀포시,정진농장,,제주특별자치도 서귀포시 대정읍 서림중앙로,,,1351,6,2052.81,,,2024-05-10,제주특별자치도 서귀포시_양돈 농가 규모_20240510.csv
제주특별자치도,서귀포시,세하축산,,제주특별자치도 서귀포시 남원읍 자배오름로,,,3193,13,2785.88,,,2024-05-10,제주특별자치도 서귀포시_양돈 농가 규모_20240510.csv
제주특별자치도,서귀포시,태웅농장,,제주특별자치도 서귀포시 남원읍 중산간동로,,,1356,10,1403.54,,,2024-05-10,제주특별자치도 서귀포시_양돈 농가 규모_20240510.csv
제주특별자치도,서귀포시,관흡농장,,제주특별자치도 서귀포시 표선면 한마음초등로,,,1448,5,1365.73,,,2024-05-10,제주특별자치도 서귀포시_양돈 농가 규모_20240510.csv
제주특별자치도,서귀포시,신흥농장,,제주특별자치도 서귀포시 남원읍 신흥앞동산로,,,935,6,1352.89,,,2024-05-10,제주특별자치도 서귀포시_양돈 농가 규모_20240510.csv
제주특별자치도,서귀포시,농업회사법인(주)피그랜드 삼본지점,,제주특별자치도 서귀포시 대정읍 암반수마농로,,,5024,10,5022.8,,,2024-05-10,제주특별자치도 서귀포시_양돈 농가 규모_20240510.csv
제주특별자치도,서귀포시,농업회사법인(주)피그랜드 한라지점,,제주특별자치도 서귀포시 대정읍 동일리,,,1050,4,1367.6,,,2024-05-10,제주특별자치도 서귀포시_양돈 농가 규모_20240510.csv
제주특별자치도,서귀포시,서부팜,,제주특별자치도 서귀포시 대정읍 암반수마농로,,,2142,4,1871.71,,,2024-05-10,제주특별자치도 서귀포시_양돈 농가 규모_20240510.csv
제주특별자치도,서귀포시,영농조합법인 거부양돈,,제주특별자치도 서귀포시 남원읍 자배오름로,,,4494,7,3999.93,,,2024-05-10,제주특별자치도 서귀포시_양돈 농가 규모_20240510.csv
제주특별자치도,서귀포시,대정양돈,,제주특별자치도 서귀포시 대정읍 암반수마농로,,,3320,10,3293.61,,,2024-05-10,제주특별자치도 서귀포시_양돈 농가 규모_20240510.csv
제주특별자치도,서귀포시,알드르농장,,제주특별자치도 서귀포시 서홍로,,,23,1,266.4,,,2024-05-10,제주특별자치도 서귀포시_양돈 농가 규모_20240510.csv
제주특별자치도,서귀포시,길갈영농조합법인,,제주특별자치도 서귀포시 남원읍,,,643,3,973,,,2024-05-10,제주특별자치도 서귀포시_양돈 농가 규모_20240510.csv
제주특별자치도,서귀포시,오름농장,,제주특별자치도 서귀포시 대정읍 평화로,,,2469,11,2872.21,,,2024-05-10,제주특별자치도 서귀포시_양돈 농가 규모_20240510.csv
제주특별자치도,서귀포시,가시농장,,제주특별자치도 서귀포시 표선면 중산간동로,,,3586,5,3088.08,,,2024-05-10,제주특별자치도 서귀포시_양돈 농가 규모_20240510.csv
제주특별자치도,서귀포시,피그피아,,제주특별자치도 서귀포시 대정읍 무릉도원로,,,1348,2,1781.44,,,2024-05-10,제주특별자치도 서귀포시_양돈 농가 규모_20240510.csv
제주특별자치도,서귀포시,동진팜,,제주특별자치도 서귀포시 대정읍 암반수마농로,,,1699,5,1295,,,2024-05-10,제주특별자치도 서귀포시_양돈 농가 규모_20240510.csv
제주특별자치도,서귀포시,장군팜,,제주특별자치도 서귀포시 대정읍 도원남로,,,641,4,1286.58,,,2024-05-10,제주특별자치도 서귀포시_양돈 농가 규모_20240510.csv
제주특별자치도,서귀포시,명신양돈2,,제주특별자치도 서귀포시 표선면 가시로,,,874,4,1003.8,,,2024-05-10,제주특별자치도 서귀포시_양돈 농가 규모_20240510.csv
제주특별자치도,서귀포시,휴애리축사,,제주특별자치도 서귀포시 남원읍 신례리,,,50,3,240,,,2024-05-10,제주특별자치도 서귀포시_양돈 농가 규모_20240510.csv
제주특별자치도,서귀포시,도래물축산영농조합법인,,제주특별자치도 서귀포시 중산간서로,,,1712,1,1722.2,,,2024-05-10,제주특별자치도 서귀포시_양돈 농가 규모_20240510.csv
제주특별자치도,서귀포시,청초밭영농조합법인,,제주특별자치도 서귀포시 표선면 성읍이리로,,,197,1,330,,,2024-05-10,제주특별자치도 서귀포시_양돈 농가 규모_20240510.csv
제주특별자치도,서귀포시,안성농장,,제주특별자치도 서귀포시 대정읍 평화로,,,1151,6,1911.03,,,2024-05-10,제주특별자치도 서귀포시_양돈 농가 규모_20240510.csv
제주특별자치도,서귀포시,정우영농조합법인,,제주특별자치도 서귀포시 표선면 중산간동로,,,6128,1,7729.68,,,2024-05-10,제주특별자치도 서귀포시_양돈 농가 규모_20240510.csv
제주특별자치도,서귀포시,창진길갈축산지점,,제주특별자치도 서귀포시 남원읍 원님로,,,5319,1,1408,,,2024-05-10,제주특별자치도 서귀포시_양돈 농가 규모_20240510.csv
제주특별자치도,제주시,제일농장,,제주특별자치도 제주시 해안동,,,1750,14,2497.8,,,20260624,제주특별자치도 제주시_양돈농가현황_20260624.csv
제주특별자치도,제주시,태흥축산,,제주특별자치도 제주시 해안동,,,1390,8,1895.6,,,20260624,제주특별자치도 제주시_양돈농가현황_20260624.csv
제주특별자치도,제주시,제주동부축산 영농조합법인,,제주특별자치도 제주시 구좌읍 세화리,,,21319,29,24481.31,,,20260624,제주특별자치도 제주시_양돈농가현황_20260624.csv
제주특별자치도,제주시,태연농장,,제주특별자치도 제주시 구좌읍 한동리,,,2457,8,2652.24,,,20260624,제주특별자치도 제주시_양돈농가현황_20260624.csv
제주특별자치도,제주시,진성축산,,제주특별자치도 제주시 한림읍 금악리,,,2800,7,3216.83,,,20260624,제주특별자치도 제주시_양돈농가현황_20260624.csv
제주특별자치도,제주시,향나무농장,,제주특별자치도 제주시 해안동,,,1986,9,2274,,,20260624,제주특별자치도 제주시_양돈농가현황_20260624.csv
제주특별자치도,제주시,국립축산과학원 축산자원개발부 난지축산연구센터,,제주특별자치도 제주시 오등동 산,,,754,3,4354.68,,,20260624,제주특별자치도 제주시_양돈농가현황_20260624.csv
제주특별자치도,제주시,우경농장,,제주특별자치도 제주시 한림읍 금능리,,,1780,6,1695.64,,,20260624,제주특별자치도 제주시_양돈농가현황_20260624.csv
제주특별자치도,제주시,서정농장,,제주특별자치도 제주시 한림읍 금악리,,,4000,14,4356.5,,,20260624,제주특별자치도 제주시_양돈농가현황_20260624.csv
제주특별자치도,제주시,우리돈,,제주특별자치도 제주시 한림읍 금악리,,,2648,7,2624.66,,,20260624,제주특별자치도 제주시_양돈농가현황_20260624.csv
제주특별자치도,제주시,동화축산,,제주특별자치도 제주시 한림읍 금악리,,,2559,10,2583.39,,,20260624,제주특별자치도 제주시_양돈농가현황_20260624.csv
제주특별자치도,제주시,여흥농장,,제주특별자치도 제주시 한림읍 금악리,,,2694,10,3307.84,,,20260624,제주특별자치도 제주시_양돈농가현황_20260624.csv
제주특별자치도,제주시,호농장,,제주특별자치도 제주시 한림읍 금악리,,,2820,11,2840.44,,,20260624,제주특별자치도 제주시_양돈농가현황_20260624.csv
제주특별자치도,제주시,한다농원,,제주특별자치도 제주시 한림읍 금악리,,,1702,8,2411.47,,,20260624,제주특별자치도 제주시_양돈농가현황_20260624.csv
제주특별자치도,제주시,"봄,가을농장",,제주특별자치도 제주시 한림읍 금악리,,,0,5,970.74,,,20260624,제주특별자치도 제주시_양돈농가현황_20260624.csv
제주특별자치도,제주시,현수농장,,제주특별자치도 제주시 한림읍 금악리,,,2072,4,2132.8,,,20260624,제주특별자치도 제주시_양돈농가현황_20260624.csv
제주특별자치도,제주시,조은농장,,제주특별자치도 제주시 한림읍 금악리,,,2700,10,3024.64,,,20260624,제주특별자치도 제주시_양돈농가현황_20260624.csv
제주특별자치도,제주시,배낭골농장,,제주특별자치도 제주시 한경면 조수리,,,970,6,1990.21,,,20260624,제주특별자치도 제주시_양돈농가현황_20260624.csv
제주특별자치도,제주시,영농조합법인 유경,,제주특별자치도 제주시 한림읍 금악리,,,2150,6,2347.12,,,20260624,제주특별자치도 제주시_양돈농가현황_20260624.csv
제주특별자치도,제주시,은성농장,,제주특별자치도 제주시 한림읍 상명리,,,2500,8,3209.4,,,20260624,제주특별자치도 제주시_양돈농가현황_20260624.csv
제주특별자치도,제주시,영농조합법인 신명,,제주특별자치도 제주시 한림읍 금악리,,,3573,6,3566.88,,,20260624,제주특별자치도 제주시_양돈농가현황_20260624.csv
제주특별자치도,제주시,신제주농장,,제주특별자치도 제주시 한림읍 금악리,,,330,11,3219.1,,,20260624,제주특별자치도 제주시_양돈농가현황_20260624.csv
제주특별자치도,제주시,푸른농장,,제주특별자치도 제주시 한림읍 명월리,,,2100,3,2304.08,,,20260624,제주특별자치도 제주시_양돈농가현황_20260624.csv
제주특별자치도,제주시,정일농장,,제주특별자치도 제주시 한경면 판포리,,,975,3,1167,,,20260624,제주특별자치도 제주시_양돈농가현황_20260624.csv
제주특별자치도,제주시,경배농장,,제주특별자치도 제주시 한경면 조수리,,,450,7,1155.62,,,20260624,제주특별자치도 제주시_양돈농가현황_20260624.csv
제주특별자치도,제주시,은진농장,,제주특별자치도 제주시 한경면 조수리,,,1007,5,1350.9,,,20260624,제주특별자치도 제주시_양돈농가현황_20260624.csv
제주특별자치도,제주시,나리농장,,제주특별자치도 제주시 한경면 조수리,,,785,4,976.04,,,20260624,제주특별자치도 제주시_양돈농가현황_20260624.csv
제주특별자치도,제주시,진욱농장,,제주특별자치도 제주시 한경면 용수리,,,2440,9,3078.42,,,20260624,제주특별자치도 제주시_양돈농가현황_20260624.csv
제주특별자치도,제주시,영농조합법인 광평 조수농장,,제주특별자치도 제주시 한경면 조수리,,,1084,5,1108.98,,,20260624,제주특별자치도 제주시_양돈농가현황_20260624.csv
제주특별자치도,제주시,현준농장,,제주특별자치도 제주시 한경면 청수리,,,889,7,1279.4,,,20260624,제주특별자치도 제주시_양돈농가현황_20260624.csv
제주특별자치도,제주시,동원농장,,제주특별자치도 제주시 한경면 저지리,,,980,5,1034.59,,,20260624,제주특별자치도 제주시_양돈농가현황_20260624.csv
제주특별자치도,제주시,요한농장,,제주특별자치도 제주시 한경면 조수리,,,1800,6,2058.1,,,20260624,제주특별자치도 제주시_양돈농가현황_20260624.csv
제주특별자치도,제주시,고산농장,,제주특별자치도 제주시 한경면 고산리,,,1339,3,1254,,,20260624,제주특별자치도 제주시_양돈농가현황_20260624.csv
제주특별자치도,제주시,기성농장,,제주특별자치도 제주시 한경면 저지리,,,1080,9,1960.3,,,20260624,제주특별자치도 제주시_양돈농가현황_20260624.csv
제주특별자치도,제주시,없음,,제주특별자치도 제주시 한경면 저지리,,,980,4,1294.4,,,20260624,제주특별자치도 제주시_양돈농가현황_20260624.csv
제주특별자치도,제주시,태화농장,,제주특별자치도 제주시 한경면 저지리,,,750,7,1131.23,,,20260624,제주특별자치도 제주시_양돈농가현황_20260624.csv
제주특별자치도,제주시,없음,,제주특별자치도 제주시 한경면 저지리,,,700,6,1079.11,,,20260624,제주특별자치도 제주시_양돈농가현황_20260624.csv
제주특별자치도,제주시,늘조은농장,,제주특별자치도 제주시 한림읍 금능리,,,2150,8,2421.6,,,20260624,제주특별자치도 제주시_양돈농가현황_20260624.csv
제주특별자치도,제주시,명자농장,,제주특별자치도 제주시 한경면 용수리,,,570,4,873.81,,,20260624,제주특별자치도 제주시_양돈농가현황_20260624.csv
제주특별자치도,제주시,한솔축산,,제주특별자치도 제주시 한림읍 상대리,,,2928,11,4249.93,,,20260624,제주특별자치도 제주시_양돈농가현황_20260624.csv
제주특별자치도,제주시,바다농장,,제주특별자치도 제주시 한림읍 명월리,,,3414,3,4616.44,,,20260624,제주특별자치도 제주시_양돈농가현황_20260624.csv
제주특별자치도,제주시,평화농장,,제주특별자치도 제주시 한림읍 금악리,,,1895,9,2093.8,,,20260624,제주특별자치도 제주시_양돈농가현황_20260624.csv
제주특별자치도,제주시,농업회사법인 (주)피그랜드(제주 성진천지점),,제주특별자치도 제주시 한림읍 상명리,,,774,6,2140.26,,,20260624,제주특별자치도 제주시_양돈농가현황_20260624.csv
제주특별자치도,제주시,늘푸른농원,,제주특별자치도 제주시 한경면 두모리,,,49,2,340,,,20260624,제주특별자치도 제주시_양돈농가현황_20260624.csv
제주특별자치도,제주시,상용농장,,제주특별자치도 제주시 한림읍 금악리,,,1686,13,4145.82,,,20260624,제주특별자치도 제주시_양돈농가현황_20260624.csv
제주특별자치도,제주시,일조농장,,제주특별자치도 제주시 한림읍 명월리,,,1600,5,1360.82,,,20260624,제주특별자치도 제주시_양돈농가현황_20260624.csv
제주특별자치도,제주시,대림축산,,제주특별자치도 제주시 한림읍 금악리,,,1730,6,1889.49,,,20260624,제주특별자치도 제주시_양돈농가현황_20260624.csv
제주특별자치도,제주시,청림,,제주특별자치도 제주시 한림읍 금악리,,,1598,8,1781.17,,,20260624,제주특별자치도 제주시_양돈농가현황_20260624.csv
제주특별자치도,제주시,성진농장,,제주특별자치도 제주시 한림읍 금능리,,,2100,6,1982.9,,,20260624,제주특별자치도 제주시_양돈농가현황_20260624.csv
제주특별자치도,제주시,스마일팜,,제주특별자치도 제주시 한림읍 상대리,,,2400,8,2640.78,,,20260624,제주특별자치도 제주시_양돈농가현황_20260624.csv
제주특별자치도,제주시,제주우성축산,,제주특별자치도 제주시 한림읍 금악리,,,2418,7,2180.75,,,20260624,제주특별자치도 제주시_양돈농가현황_20260624.csv
제주특별자치도,제주시,데베스양돈농장,,제주특별자치도 제주시 한림읍 금악리,,,2000,7,2368.5,,,20260624,제주특별자치도 제주시_양돈농가현황_20260624.csv
제주특별자치도,제주시,14호농장,,제주특별자치도 제주시 한림읍 금악리,,,986,6,1597.91,,,20260624,제주특별자치도 제주시_양돈농가현황_20260624.csv
제주특별자치도,제주시,월금농장,,제주특별자치도 제주시 한림읍 상명리,,,2600,13,3199.51,,,20260624,제주특별자치도 제주시_양돈농가현황_20260624.csv
제주특별자치도,제주시,유성농장,,제주특별자치도 제주시 한림읍 상명리,,,1397,6,1826.4,,,20260624,제주특별자치도 제주시_양돈농가현황_20260624.csv
제주특별자치도,제주시,농업회사법인 피그팜 주식회사,,제주특별자치도 제주시 한림읍 명월리,,,2282,10,1867.92,,,20260624,제주특별자치도 제주시_양돈농가현황_20260624.csv
제주특별자치도,제주시,삼영농장,,제주특별자치도 제주시 한림읍 명월리,,,678,7,1160.98,,,20260624,제주특별자치도 제주시_양돈농가현황_20260624.csv
제주특별자치도,제주시,송천농원,,제주특별자치도 제주시 한림읍 명월리,,,1973,9,2503.68,,,20260624,제주특별자치도 제주시_양돈농가현황_20260624.csv
제주특별자치도,제주시,봉진농장,,제주특별자치도 제주시 한림읍 상대리,,,1401,6,2087.18,,,20260624,제주특별자치도 제주시_양돈농가현황_20260624.csv
제주특별자치도,제주시,수농장,,제주특별자치도 제주시 한림읍 금악리,,,1485,5,1541.64,,,20260624,제주특별자치도 제주시_양돈농가현황_20260624.csv
제주특별자치도,제주시,운성농장,,제주특별자치도 제주시 한림읍 금악리,,,1890,6,1781.3,,,20260624,제주특별자치도 제주시_양돈농가현황_20260624.csv
제주특별자치도,제주시,승신농장,,제주특별자치도 제주시 한림읍 명월리,,,1650,8,1674.43,,,20260624,제주특별자치도 제주시_양돈농가현황_20260624.csv
제주특별자치도,제주시,태순농장,,제주특별자치도 제주시 한림읍 명월리,,,980,5,1092.54,,,20260624,제주특별자치도 제주시_양돈농가현황_20260624.csv
제주특별자치도,제주시,제주청정양돈제일농장,,제주특별자치도 제주시 한림읍 금악리,,,1500,5,1882.41,,,20260624,제주특별자치도 제주시_양돈농가현황_20260624.csv
제주특별자치도,제주시,비라비농장,,제주특별자치도 제주시 한림읍 금능리,,,1400,10,1663.03,,,20260624,제주특별자치도 제주시_양돈농가현황_20260624.csv
제주특별자치도,제주시,동산농장,,제주특별자치도 제주시 한림읍 상대리,,,1070,7,1412.4,,,20260624,제주특별자치도 제주시_양돈농가현황_20260624.csv
제주특별자치도,제주시,돈마축산,,제주특별자치도 제주시 애월읍 광령리,,,2145,4,3042.8,,,20260624,제주특별자치도 제주시_양돈농가현황_20260624.csv
제주특별자치도,제주시,한성농장,,제주특별자치도 제주시 한림읍 금악리,,,1500,6,1259.2,,,20260624,제주특별자치도 제주시_양돈농가현황_20260624.csv
제주특별자치도,제주시,농업회사법인 대종 주식회사,,제주특별자치도 제주시 한림읍 금능리,,,2597,18,3019.29,,,20260624,제주특별자치도 제주시_양돈농가현황_20260624.csv
제주특별자치도,제주시,창이농장,,제주특별자치도 제주시 한림읍 상명리,,,2397,8,2252.38,,,20260624,제주특별자치도 제주시_양돈농가현황_20260624.csv
제주특별자치도,제주시,동백팜,,제주특별자치도 제주시 한림읍 상명리,,,2840,10,3307.84,,,20260624,제주특별자치도 제주시_양돈농가현황_20260624.csv
제주특별자치도,제주시,다솜농원,,제주특별자치도 제주시 한림읍 상명리,,,2081,9,2441.81,,,20260624,제주특별자치도 제주시_양돈농가현황_20260624.csv
제주특별자치도,제주시,지율농장,,제주특별자치도 제주시 한림읍 상명리,,,1836,9,2375.29,,,20260624,제주특별자치도 제주시_양돈농가현황_20260624.csv
제주특별자치도,제주시,농업회사법인고려 주식회사 제주지점,,제주특별자치도 제주시 한림읍 상명리,,,3417,9,2801.44,,,20260624,제주특별자치도 제주시_양돈농가현황_20260624.csv
제주특별자치도,제주시,상일농장,,제주특별자치도 제주시 한림읍 상명리,,,1458,3,1458.86,,,20260624,제주특별자치도 제주시_양돈농가현황_20260624.csv
제주특별자치도,제주시,농업회사법인(주)피그랜드(산하지점),,제주특별자치도 제주시 한림읍 금악리,,,3305,5,3580.8,,,20260624,제주특별자치도 제주시_양돈농가현황_20260624.csv
제주특별자치도,제주시,요한농장,,제주특별자치도 제주시 한림읍 금악리,,,3658,10,4089.8,,,20260624,제주특별자치도 제주시_양돈농가현황_20260624.csv
제주특별자치도,제주시,HJ농원,,제주특별자치도 제주시 한림읍 상명리,,,590,3,963,,,20260624,제주특별자치도 제주시_양돈농가현황_20260624.csv
제주특별자치도,제주시,은창농장,,제주특별자치도 제주시 한림읍 상명리,,,2358,8,2259,,,20260624,제주특별자치도 제주시_양돈농가현황_20260624.csv
제주특별자치도,제주시,송백농원,,제주특별자치도 제주시 한림읍 명월리,,,1901,5,1960,,,20260624,제주특별자치도 제주시_양돈농가현황_20260624.csv
제주특별자치도,제주시,세원농장,,제주특별자치도 제주시 한림읍 금능리,,,2409,4,1930.24,,,20260624,제주특별자치도 제주시_양돈농가현황_20260624.csv
제주특별자치도,제주시,선호농장,,제주특별자치도 제주시 한림읍 금악리,,,2838,10,3348.15,,,20260624,제주특별자치도 제주시_양돈농가현황_20260624.csv
제주특별자치도,제주시,아솔팜,,제주특별자치도 제주시 한림읍 금능리,,,1993,6,1954,,,20260624,제주특별자치도 제주시_양돈농가현황_20260624.csv
제주특별자치도,제주시,농업회사법인 누림(주),,제주특별자치도 제주시 한림읍 월림리,,,3498,13,4355.54,,,20260624,제주특별자치도 제주시_양돈농가현황_20260624.csv
제주특별자치도,제주시,해성농장,,제주특별자치도 제주시 한림읍 상명리,,,1100,3,856.13,,,20260624,제주특별자치도 제주시_양돈농가현황_20260624.csv
제주특별자치도,제주시,성일농장,,제주특별자치도 제주시 한림읍 금악리,,,1700,8,1923.77,,,20260624,제주특별자치도 제주시_양돈농가현황_20260624.csv
제주특별자치도,제주시,장수축산,,제주특별자치도 제주시 한림읍 상명리,,,950,1,820.24,,,20260624,제주특별자치도 제주시_양돈농가현황_20260624.csv
제주특별자치도,제주시,대성농장,,제주특별자치도 제주시 한림읍 명월리,,,574,7,710.98,,,20260624,제주특별자치도 제주시_양돈농가현황_20260624.csv
제주특별자치도,제주시,튼튼농장,,제주특별자치도 제주시 한림읍 상대리,,,746,5,941.8,,,20260624,제주특별자치도 제주시_양돈농가현황_20260624.csv
제주특별자치도,제주시,해피팜,,제주특별자치도 제주시 한림읍 금악리,,,4000,5,2325,,,20260624,제주특별자치도 제주시_양돈농가현황_20260624.csv
제주특별자치도,제주시,스카이팜,,제주특별자치도 제주시 한림읍 상대리,,,2100,5,2037.92,,,20260624,제주특별자치도 제주시_양돈농가현황_20260624.csv
제주특별자치도,제주시,마리아농장,,제주특별자치도 제주시 한림읍 금악리,,,1886,6,2559.4,,,20260624,제주특별자치도 제주시_양돈농가현황_20260624.csv
제주특별자치도,제주시,승원농장,,제주특별자치도 제주시 한림읍 명월리,,,1710,10,2233.1,,,20260624,제주특별자치도 제주시_양돈농가현황_20260624.csv
제주특별자치도,제주시,성주농장,,제주특별자치도 제주시 한림읍 명월리,,,705,4,709.87,,,20260624,제주특별자치도 제주시_양돈농가현황_20260624.csv
제주특별자치도,제주시,제주흑돼지농장,,제주특별자치도 제주시 한림읍 상명리,,,681,5,659.17,,,20260624,제주특별자치도 제주시_양돈농가현황_20260624.csv
제주특별자치도,제주시,육호농장,,제주특별자치도 제주시 한림읍 금악리,,,3100,13,3479.57,,,20260624,제주특별자치도 제주시_양돈농가현황_20260624.csv
제주특별자치도,제주시,태현농장,,제주특별자치도 제주시 한림읍 상명리,,,830,7,1114.14,,,20260624,제주특별자치도 제주시_양돈농가현황_20260624.csv
제주특별자치도,제주시,금원농장,,제주특별자치도 제주시 한림읍 금악리,,,2642,9,3171.47,,,20260624,제주특별자치도 제주시_양돈농가현황_20260624.csv
제주특별자치도,제주시,주사랑농장,,제주특별자치도 제주시 한림읍 금악리,,,1420,4,2192.6,,,20260624,제주특별자치도 제주시_양돈농가현황_20260624.csv
제주특별자치도,제주시,우일축산,,제주특별자치도 제주시 한림읍 금악리,,,1800,9,1780.9,,,20260624,제주특별자치도 제주시_양돈농가현황_20260624.csv
제주특별자치도,제주시,동성농장,,제주특별자치도 제주시 구좌읍 김녕리,,,1887,7,1421.4,,,20260624,제주특별자치도 제주시_양돈농가현황_20260624.csv
제주특별자치도,제주시,동축산업,,제주특별자치도 제주시 조천읍 와흘리,,,254,10,3429.64,,,20260624,제주특별자치도 제주시_양돈농가현황_20260624.csv
제주특별자치도,제주시,유명농장,,제주특별자치도 제주시 조천읍 조천리,,,2550,9,2398.49,,,20260624,제주특별자치도 제주시_양돈농가현황_20260624.csv
제주특별자치도,제주시,진성농장,,제주특별자치도 제주시 한림읍 금악리,,,800,5,1307,,,20260624,제주특별자치도 제주시_양돈농가현황_20260624.csv
제주특별자치도,제주시,우리들농장,,제주특별자치도 제주시 한림읍 상대리,,,1360,2,1720.56,,,20260624,제주특별자치도 제주시_양돈농가현황_20260624.csv
제주특별자치도,제주시,망오름농장,,제주특별자치도 제주시 한림읍 상명리,,,2327,7,2464.95,,,20260624,제주특별자치도 제주시_양돈농가현황_20260624.csv
제주특별자치도,제주시,맹호농장,,제주특별자치도 제주시 한림읍 상명리,,,48,7,951.7,,,20260624,제주특별자치도 제주시_양돈농가현황_20260624.csv
제주특별자치도,제주시,선진농장,,제주특별자치도 제주시 애월읍 봉성리,,,1235,6,1259.8,,,20260624,제주특별자치도 제주시_양돈농가현황_20260624.csv
제주특별자치도,제주시,삼호농장,,제주특별자치도 제주시 한림읍 금악리,,,1202,6,2048.99,,,20260624,제주특별자치도 제주시_양돈농가현황_20260624.csv
제주특별자치도,제주시,믿음농장,,제주특별자치도 제주시 한림읍 금악리,,,1800,8,2028.4,,,20260624,제주특별자치도 제주시_양돈농가현황_20260624.csv
제주특별자치도,제주시,복돼지농장,,제주특별자치도 제주시 조천읍 조천리,,,2308,5,1567.4,,,20260624,제주특별자치도 제주시_양돈농가현황_20260624.csv
제주특별자치도,제주시,영축산업,,제주특별자치도 제주시 조천읍 대흘리,,,3311,9,3555.6,,,20260624,제주특별자치도 제주시_양돈농가현황_20260624.csv
제주특별자치도,제주시,승희농장,,제주특별자치도 제주시 한림읍 금악리,,,0,5,1740.39,,,20260624,제주특별자치도 제주시_양돈농가현황_20260624.csv
제주특별자치도,제주시,칠육농장,,제주특별자치도 제주시 한림읍 명월리,,,481,7,985.62,,,20260624,제주특별자치도 제주시_양돈농가현황_20260624.csv
제주특별자치도,제주시,금석농장,,제주특별자치도 제주시 한림읍 상명리,,,1600,8,1850.8,,,20260624,제주특별자치도 제주시_양돈농가현황_20260624.csv
제주특별자치도,제주시,부민농장,,제주특별자치도 제주시 한림읍 상명리,,,2600,9,2717.68,,,20260624,제주특별자치도 제주시_양돈농가현황_20260624.csv
제주특별자치도,제주시,에스엠축산,,제주특별자치도 제주시 한림읍 상명리,,,3000,9,3131.62,,,20260624,제주특별자치도 제주시_양돈농가현황_20260624.csv
제주특별자치도,제주시,농업회사법인고려 주식회사,,제주특별자치도 제주시 한림읍 금악리,,,2578,10,2219.87,,,20260624,제주특별자치도 제주시_양돈농가현황_20260624.csv
제주특별자치도,제주시,E.F축산,,제주특별자치도 제주시 애월읍 고성리,,,2764,9,2583.24,,,20260624,제주특별자치도 제주시_양돈농가현황_20260624.csv
제주특별자치도,제주시,남광농장,,제주특별자치도 제주시 애월읍 고성리,,,2120,10,2012.5,,,20260624,제주특별자치도 제주시_양돈농가현황_20260624.csv
제주특별자치도,제주시,농업회사법인 (주)피그랜드(제주 백록지점),,제주특별자치도 제주시 애월읍 광령리,,,4988,10,10078.1,,,20260624,제주특별자치도 제주시_양돈농가현황_20260624.csv
제주특별자치도,제주시,승영농장,,제주특별자치도 제주시 애월읍 유수암리,,,1652,5,1659,,,20260624,제주특별자치도 제주시_양돈농가현황_20260624.csv
제주특별자치도,제주시,대현농장,,제주특별자치도 제주시 한림읍 금능리,,,1406,5,1345,,,20260624,제주특별자치도 제주시_양돈농가현황_20260624.csv
제주특별자치도,제주시,탐라축산,,제주특별자치도 제주시 애월읍 광령리,,,5383,8,6291.56,,,20260624,제주특별자치도 제주시_양돈농가현황_20260624.csv
제주특별자치도,제주시,가현농장,,제주특별자치도 제주시 한림읍 금악리,,,1291,4,1930,,,20260624,제주특별자치도 제주시_양돈농가현황_20260624.csv
제주특별자치도,제주시,태명축산,,제주특별자치도 제주시 한림읍 금악리,,,1831,4,2192.6,,,20260624,제주특별자치도 제주시_양돈농가현황_20260624.csv
제주특별자치도,제주시,농업회사법인(주)홍도야지 6농장,,제주특별자치도 제주시 한림읍 금악리,,,847,5,787.26,,,20260624,제주특별자치도 제주시_양돈농가현황_20260624.csv
제주특별자치도,제주시,우진축산,,제주특별자치도 제주시 한림읍 금능리,,,1240,3,967.2,,,20260624,제주특별자치도 제주시_양돈농가현황_20260624.csv
제주특별자치도,제주시,없음,,제주특별자치도 제주시 한림읍 월림리,,,0,2,392,,,20260624,제주특별자치도 제주시_양돈농가현황_20260624.csv
제주특별자치도,제주시,지혁농장,,제주특별자치도 제주시 한림읍 상대리,,,1060,5,1478.22,,,20260624,제주특별자치도 제주시_양돈농가현황_20260624.csv
제주특별자치도,제주시,농업회사법인 주식회사 서현,,제주특별자치도 제주시 한경면 조수리,,,270,1,369.6,,,20260624,제주특별자치도 제주시_양돈농가현황_20260624.csv
제주특별자치도,제주시,동방골농장,,제주특별자치도 제주시 한림읍 상대리,,,2230,1,2407.6,,,20260624,제주특별자치도 제주시_양돈농가현황_20260624.csv
제주특별자치도,제주시,새천년축산,,제주특별자치도 제주시 한림읍 명월리,,,2067,11,2758.8,,,20260624,제주특별자치도 제주시_양돈농가현황_20260624.csv
제주특별자치도,제주시,명성농장,,제주특별자치도 제주시 한림읍 금악리,,,2400,3,2636.32,,,20260624,제주특별자치도 제주시_양돈농가현황_20260624.csv
제주특별자치도,제주시,탐라농장,,제주특별자치도 제주시 한림읍 금악리,,,1350,3,1233.57,,,20260624,제주특별자치도 제주시_양돈농가현황_20260624.csv
제주특별자치도,제주시,덕림농장,,제주특별자치도 제주시 한림읍 명월리,,,3456,3,3454.94,,,20260624,제주특별자치도 제주시_양돈농가현황_20260624.csv
제주특별자치도,제주시,평대농장,,제주특별자치도 제주시 구좌읍 한동리,,,2193,9,2533,,,20260624,제주특별자치도 제주시_양돈농가현황_20260624.csv
제주특별자치도,제주시,케이원영농조합법인,,제주특별자치도 제주시 한림읍 금능리,,,1100,1,741.46,,,20260624,제주특별자치도 제주시_양돈농가현황_20260624.csv
제주특별자치도,제주시,농업회사법인(주)홍도야지 7농장,,제주특별자치도 제주시 한림읍 금능리,,,1722,5,1410.88,,,20260624,제주특별자치도 제주시_양돈농가현황_20260624.csv
제주특별자치도,제주시,일수축산,,제주특별자치도 제주시 구좌읍 한동리,,,4410,3,4838.56,,,20260624,제주특별자치도 제주시_양돈농가현황_20260624.csv
제주특별자치도,제주시,농업회사법인 (주) 대한에코팜 제주지점,,제주특별자치도 제주시 구좌읍 한동리,,,3350,12,3655.4,,,20260624,제주특별자치도 제주시_양돈농가현황_20260624.csv
제주특별자치도,제주시,우리농장,,제주특별자치도 제주시 한림읍 상대리,,,15986,7,19467.2,,,20260624,제주특별자치도 제주시_양돈농가현황_20260624.csv
제주특별자치도,제주시,녹돈다원,,제주특별자치도 제주시 한림읍 금능리,,,3700,3,3546,,,20260624,제주특별자치도 제주시_양돈농가현황_20260624.csv
제주특별자치도,제주시,유환농장,,제주특별자치도 제주시 한림읍 금악리,,,970,6,1232.92,,,20260624,제주특별자치도 제주시_양돈농가현황_20260624.csv
제주특별자치도,제주시,홍석양돈,,제주특별자치도 제주시 한림읍 금악리,,,2210,4,2219.6,,,20260624,제주특별자치도 제주시_양돈농가현황_20260624.csv
제주특별자치도,제주시,현소농장,,제주특별자치도 제주시 한림읍 금악리,,,0,12,4556.56,,,20260624,제주특별자치도 제주시_양돈농가현황_20260624.csv
제주특별자치도,제주시,제일축산,,제주특별자치도 제주시 한림읍 금악리,,,3100,9,2562.08,,,20260624,제주특별자치도 제주시_양돈농가현황_20260624.csv
제주특별자치도,제주시,금능축산,,제주특별자치도 제주시 한림읍 금능리,,,1416,6,1591.34,,,20260624,제주특별자치도 제주시_양돈농가현황_20260624.csv
제주특별자치도,제주시,영축축산,,제주특별자치도 제주시 조천읍 조천리,,,2599,3,2191.18,,,20260624,제주특별자치도 제주시_양돈농가현황_20260624.csv
제주특별자치도,제주시,아름팜,,제주특별자치도 제주시 한림읍 상명리,,,990,1,921.34,,,20260624,제주특별자치도 제주시_양돈농가현황_20260624.csv
제주특별자치도,제주시,영훈농장,,제주특별자치도 제주시 조천읍 대흘리,,,1815,3,1975.2,,,20260624,제주특별자치도 제주시_양돈농가현황_20260624.csv
제주특별자치도,제주시,한길농장,,제주특별자치도 제주시 구좌읍 한동리,,,3187,10,2798.34,,,20260624,제주특별자치도 제주시_양돈농가현황_20260624.csv
제주특별자치도,제주시,삼축산업,,제주특별자치도 제주시 애월읍 장전리,,,2565,7,3400.86,,,20260624,제주특별자치도 제주시_양돈농가현황_20260624.csv
제주특별자치도,제주시,에덴농장,,제주특별자치도 제주시 한림읍 금악리,,,990,8,1011.45,,,20260624,제주특별자치도 제주시_양돈농가현황_20260624.csv
제주특별자치도,제주시,새남농장,,제주특별자치도 제주시 한림읍 금악리,,,383,5,2638.8,,,20260624,제주특별자치도 제주시_양돈농가현황_20260624.csv
제주특별자치도,제주시,청솔농장,,제주특별자치도 제주시 한림읍 상대리,,,5170,4,6148.92,,,20260624,제주특별자치도 제주시_양돈농가현황_20260624.csv
제주특별자치도,제주시,농업회사법인 유한회사 한솔,,제주특별자치도 제주시 한림읍 상명리,,,2500,1,2273.5,,,20260624,제주특별자치도 제주시_양돈농가현황_20260624.csv
제주특별자치도,제주시,케이제이팜,,제주특별자치도 제주시 한림읍 금악리,,,2141,5,1722,,,20260624,제주특별자치도 제주시_양돈농가현황_20260624.csv
제주특별자치도,제주시,장수팜,,제주특별자치도 제주시 한림읍 상명리,,,950,1,283.01,,,20260624,제주특별자치도 제주시_양돈농가현황_20260624.csv
제주특별자치도,제주시,영농조합법인제주광평축산,,제주특별자치도 제주시 한림읍 명월리,,,1084,2,2615.46,,,20260624,제주특별자치도 제주시_양돈농가현황_20260624.csv
제주특별자치도,제주시,신보람농장,,제주특별자치도 제주시 한림읍 금악리,,,2500,10,2550,,,20260624,제주특별자치도 제주시_양돈농가현황_20260624.csv
제주특별자치도,제주시,오름축산,,제주특별자치도 제주시 한림읍 금능리,,,8877,5,13870.37,,,20260624,제주특별자치도 제주시_양돈농가현황_20260624.csv
제주특별자치도,제주시,전희농장,,제주특별자치도 제주시 한림읍 상대리,,,1409,14,1591.43,,,20260624,제주특별자치도 제주시_양돈농가현황_20260624.csv
제주특별자치도,제주시,승광농장,,제주특별자치도 제주시 구좌읍 동복리,,,1932,2,1910.37,,,20260624,제주특별자치도 제주시_양돈농가현황_20260624.csv
제주특별자치도,제주시,오름농장,,제주특별자치도 제주시 한림읍 금능리,,,2576,1,3420.56,,,20260624,제주특별자치도 제주시_양돈농가현황_20260624.csv
제주특별자치도,제주시,호창농장,,제주특별자치도 제주시 한경면 조수리,,,900,7,1920.2,,,20260624,제주특별자치도 제주시_양돈농가현황_20260624.csv
제주특별자치도,제주시,송백농장,,제주특별자치도 제주시 한림읍 명월리,,,1904,8,1955,,,20260624,제주특별자치도 제주시_양돈농가현황_20260624.csv
제주특별자치도,제주시,제일양돈영농조합법인,,제주특별자치도 제주시 애월읍 광령리,,,5656,9,4967.63,,,20260624,제주특별자치도 제주시_양돈농가현황_20260624.csv
제주특별자치도,제주시,선진팜,,제주특별자치도 제주시 애월읍 어음리,,,1300,4,1349.56,,,20260624,제주특별자치도 제주시_양돈농가현황_20260624.csv
제주특별자치도,제주시,제주새벽농장,,제주특별자치도 제주시 한림읍 금악리,,,1300,6,1612.45,,,20260624,제주특별자치도 제주시_양돈농가현황_20260624.csv
제주특별자치도,제주시,SB팜,,제주특별자치도 제주시 구좌읍 김녕리,,,1290,4,1289.6,,,20260624,제주특별자치도 제주시_양돈농가현황_20260624.csv
제주특별자치도,제주시,먼동축산영농조합법인,,제주특별자치도 제주시 한림읍 금악리,,,4266,13,4164.84,,,20260624,제주특별자치도 제주시_양돈농가현황_20260624.csv
제주특별자치도,제주시,동찬양돈,,제주특별자치도 제주시 한림읍 금악리,,,1498,8,2381.5,,,20260624,제주특별자치도 제주시_양돈농가현황_20260624.csv
제주특별자치도,제주시,신천영농조합법인,,제주특별자치도 제주시 애월읍 고성리,,,455,7,1592.63,,,20260624,제주특별자치도 제주시_양돈농가현황_20260624.csv
제주특별자치도,제주시,농업회사법인(주)바오,,제주특별자치도 제주시 한림읍 상명리,,,2569,10,3323.81,,,20260624,제주특별자치도 제주시_양돈농가현황_20260624.csv
제주특별자치도,제주시,돼지사랑농장,,제주특별자치도 제주시 구좌읍 김녕리,,,715,8,722.99,,,20260624,제주특별자치도 제주시_양돈농가현황_20260624.csv
제주특별자치도,제주시,농업회사법인(주)성신,,제주특별자치도 제주시 애월읍 고성리,,,1106,3,1112,,,20260624,제주특별자치도 제주시_양돈농가현황_20260624.csv
제주특별자치도,제주시,농업회사법인 주식회사 서현,,제주특별자치도 제주시 애월읍 고성리,,,270,7,5161.36,,,20260624,제주특별자치도 제주시_양돈농가현황_20260624.csv
제주특별자치도,제주시,제주특별자치도 축산생명연구원,,제주특별자치도 제주시 노형동 315번지,,,2896,3,1669.7,,,20260624,제주특별자치도 제주시_양돈농가현황_20260624.csv
제주특별자치도,제주시,고은축산,,제주특별자치도 제주시 한경면 조수리,,,979,3,1216.4,,,20260624,제주특별자치도 제주시_양돈농가현황_20260624.csv
제주특별자치도,제주시,제주양돈,,제주특별자치도 제주시 애월읍 고성리,,,1624,6,1642.43,,,20260624,제주특별자치도 제주시_양돈농가현황_20260624.csv
제주특별자치도,제주시,제일축산(2),,제주특별자치도 제주시 한림읍 금악리,,,3100,1,486,,,20260624,제주특별자치도 제주시_양돈농가현황_20260624.csv
제주특별자치도,제주시,4호목장,,제주특별자치도 제주시 한림읍 금악리,,,0,1,198,,,20260624,제주특별자치도 제주시_양돈농가현황_20260624.csv
제주특별자치도,제주시,제주대학교 AI 스마트 인큐베이트 돈사,,제주특별자치도 제주시 아라일동,,,0,1,241.96,,,20260624,제주특별자치도 제주시_양돈농가현황_20260624.csv
경상남도,함안군,입곡농장,,경상남도 함안군 산인면 성산로 509-1,,,3518,,,,,20251111,경상남도 함안군_양돈농가 현황 및 처리방법_20251111.CSV
경상남도,함안군,옥천농장,,경상남도 함안군 함안면 강명4길 3-98,,,2348,,,,,20251111,경상남도 함안군_양돈농가 현황 및 처리방법_20251111.CSV
경상남도,함안군,동방농장,,경상남도 함안군 칠북면 덕남길 200-51,,,509,,,,,20251111,경상남도 함안군_양돈농가 현황 및 처리방법_20251111.CSV
경상남도,함안군,함안양돈단지영농조합법인,,경상남도 함안군 가야읍 이곡2길 29,,,18157,,,,,20251111,경상남도 함안군_양돈농가 현황 및 처리방법_20251111.CSV
경상남도,함안군,성표농장,,경상남도 함안군 함안면 괴산2길 144-57,,,2333,,,,,20251111,경상남도 함안군_양돈농가 현황 및 처리방법_20251111.CSV
경상남도,함안군,치근농장,,경상남도 함안군 함안면 강명4길 3-99,,,1938,,,,,20251111,경상남도 함안군_양돈농가 현황 및 처리방법_20251111.CSV
경상남도,함안군,금천농장,,경상남도 함안군 함안면 봉성3길 27-14,,,1207,,,,,20251111,경상남도 함안군_양돈농가 현황 및 처리방법_20251111.CSV
경상남도,함안군,영진축산,,경상남도 함안군 칠원읍 유원2길 28,,,448,,,,,20251111,경상남도 함안군_양돈농가 현황 및 처리방법_20251111.CSV
경상남도,함안군,벽진농장,,경상남도 함안군 칠원읍 유원3길 10,,,947,,,,,20251111,경상남도 함안군_양돈농가 현황 및 처리방법_20251111.CSV
경상남도,함안군,성동농장,,경상남도 함안군 군북면 명관로 89,,,3406,,,,,20251111,경상남도 함안군_양돈농가 현황 및 처리방법_20251111.CSV
경상남도,함안군,은비축산,,경상남도 함안군 산인면 부봉3길 169,,,2511,,,,,20251111,경상남도 함안군_양돈농가 현황 및 처리방법_20251111.CSV
경상남도,함안군,늘봄농장,,경상남도 함안군 군북면 의산삼일로 1621,,,2342,,,,,20251111,경상남도 함안군_양돈농가 현황 및 처리방법_20251111.CSV
경상남도,함안군,범수농장,,경상남도 함안군 법수면 어유길 508,,,1712,,,,,20251111,경상남도 함안군_양돈농가 현황 및 처리방법_20251111.CSV
경상남도,함안군,행복농장,,경상남도 함안군 함안면 괴산2길 105-3,,,2155,,,,,20251111,경상남도 함안군_양돈농가 현황 및 처리방법_20251111.CSV
경상남도,함안군,우림양돈2,,경상남도 함안군 함안면  괴산리 754-1,,,450,,,,,20251111,경상남도 함안군_양돈농가 현황 및 처리방법_20251111.CSV
경상남도,함안군,청정농장,,경상남도 함안군 산인면 송산로 149-7,,,3483,,,,,20251111,경상남도 함안군_양돈농가 현황 및 처리방법_20251111.CSV
경상남도,함안군,조은솔농장,,경상남도 함안군 법수면 대송로 143-1,,,6045,,,,,20251111,경상남도 함안군_양돈농가 현황 및 처리방법_20251111.CSV
경상남도,함안군,다반영농조합법인,,경상남도 함안군 함안면 성산로 164,,,5591,,,,,20251111,경상남도 함안군_양돈농가 현황 및 처리방법_20251111.CSV
경상남도,함안군,가야유전자연구소,,경상남도 함안군 법수면 법정로 83-73,,,136,,,,,20251111,경상남도 함안군_양돈농가 현황 및 처리방법_20251111.CSV
경상남도,함안군,더맑은농장,,경상남도 함안군 군북면 명관로 81,,,1300,,,,,20251111,경상남도 함안군_양돈농가 현황 및 처리방법_20251111.CSV
경상남도,함안군,다보축산,,경상남도 함안군 칠북면 화천1길 82,,,2074,,,,,20251111,경상남도 함안군_양돈농가 현황 및 처리방법_20251111.CSV
경상남도,함안군,진화농장,,경상남도 함안군 함안면  괴산리 740-1,,,600,,,,,20251111,경상남도 함안군_양돈농가 현황 및 처리방법_20251111.CSV
경상남도,함안군,정문영축산,,경상남도 함안군 칠북면 화천1길 80,,,1226,,,,,20251111,경상남도 함안군_양돈농가 현황 및 처리방법_20251111.CSV
경상남도,함안군,양지농장,,경상남도 함안군 대산면 옥렬2길 49-50,,,1509,,,,,20251111,경상남도 함안군_양돈농가 현황 및 처리방법_20251111.CSV
경상남도,함안군,현대팜,,경상남도 함안군 법수면 이묵골로 181,,,4396,,,,,20251111,경상남도 함안군_양돈농가 현황 및 처리방법_20251111.CSV
경상남도,함안군,화진2농장,,경상남도 함안군 대산면 구암2길 43,,,2100,,,,,20251111,경상남도 함안군_양돈농가 현황 및 처리방법_20251111.CSV
경상남도,함안군,하늘2농장,,경상남도 함안군 함안면 괴산2길 108-1,,,1288,,,,,20251111,경상남도 함안군_양돈농가 현황 및 처리방법_20251111.CSV
경상남도,함안군,화진3농장(대산비육장),,경상남도 함안군 대산면 장장골길 244-40,,,2300,,,,,20251111,경상남도 함안군_양돈농가 현황 및 처리방법_20251111.CSV
경상남도,함안군,화진농장,,경상남도 함안군 칠북면 덕남길 200-99,,,952,,,,,20251111,경상남도 함안군_양돈농가 현황 및 처리방법_20251111.CSV
경상남도,함안군,농업회사법인 프로팜 주식회사,,경상남도 함안군 칠북면 덕남길 200-97,,,3037,,,,,20251111,경상남도 함안군_양돈농가 현황 및 처리방법_20251111.CSV
경상남도,함안군,우림양돈2,,경상남도 함안군 함안면 괴산2길 164-6,,,400,,,,,20251111,경상남도 함안군_양돈농가 현황 및 처리방법_20251111.CSV
경상남도,함안군,하늘농장,,경상남도 함안군 함안면 괴산2길 207,,,2543,,,,,20251111,경상남도 함안군_양돈농가 현황 및 처리방법_20251111.CSV
경상남도,함안군,대성농장,,경상남도 함안군 산인면 송정2길 5-58,,,2021,,,,,20251111,경상남도 함안군_양돈농가 현황 및 처리방법_20251111.CSV
경상남도,함안군,천애2농장,,경상남도 함안군 산인면 부봉3길 186,,,3372,,,,,20251111,경상남도 함안군_양돈농가 현황 및 처리방법_20251111.CSV
